{"Hero Blaze: Three Kingdoms": {"localIpCount": 5, "localIpFrequency": {"10.0.0.160": 7, "10.0.0.43": 4, "10.0.0.125": 3, "10.0.0.24": 7, "10.0.0.9": 14}, "totalDuration": 31769.6859, "localIpDuration": {"10.0.0.160": 400.37440000000004, "10.0.0.43": 221.74509999999998, "10.0.0.125": 646.7474, "10.0.0.24": 14970.444599999999, "10.0.0.9": 15530.3744}}, "Clash of Clan": {"localIpCount": 19, "localIpFrequency": {"10.0.0.110": 17, "10.0.0.230": 8, "10.0.0.244": 21, "10.0.1.49": 3, "10.0.1.62": 27, "10.0.1.100": 1, "10.0.0.30": 17, "10.0.0.116": 2, "10.0.0.136": 1, "10.0.0.211": 15, "10.0.0.2": 6, "10.0.0.21": 6, "10.0.0.29": 4, "10.0.0.33": 33, "10.0.0.89": 1, "10.0.0.140": 34, "10.0.0.199": 4, "10.0.0.204": 10, "10.0.0.237": 8}, "totalDuration": 166206.0850000001, "localIpDuration": {"10.0.0.110": 2576.2416000000003, "10.0.0.230": 2461.9619, "10.0.0.244": 15435.941499999997, "10.0.1.49": 4152.305, "10.0.1.62": 29785.410300000003, "10.0.1.100": 56.0005, "10.0.0.30": 10303.753700000001, "10.0.0.116": 59.406400000000005, "10.0.0.136": 0.0001, "10.0.0.211": 5963.053500000001, "10.0.0.2": 10094.4574, "10.0.0.21": 8786.2379, "10.0.0.29": 4592.1035, "10.0.0.33": 51258.156199999976, "10.0.0.89": 813.1519, "10.0.0.140": 8053.4493, "10.0.0.199": 1216.1016, "10.0.0.204": 6610.3529, "10.0.0.237": 3987.999800000001}}, "Minecraft": {"localIpCount": 1, "localIpFrequency": {"10.0.0.149": 1}, "totalDuration": 44.0, "localIpDuration": {"10.0.0.149": 44.0}}, "Brawl Stars": {"localIpCount": 2, "localIpFrequency": {"10.0.0.144": 1, "10.0.0.246": 1}, "totalDuration": 493.1016, "localIpDuration": {"10.0.0.144": 242.0517, "10.0.0.246": 251.0499}}, "League of Legends: Wild Rift": {"localIpCount": 2, "localIpFrequency": {"10.0.0.65": 2, "10.0.0.103": 2}, "totalDuration": 3604.2038, "localIpDuration": {"10.0.0.65": 1688.1542, "10.0.0.103": 1916.0495999999998}}, "Genshin Impact": {"localIpCount": 11, "localIpFrequency": {"10.0.0.110": 125, "10.0.0.230": 38, "10.0.0.244": 87, "10.0.1.49": 21, "10.0.1.62": 74, "10.0.0.30": 159, "10.0.0.116": 3, "10.0.0.36": 1, "10.0.0.89": 3, "10.0.0.108": 1, "10.0.0.140": 307}, "totalDuration": 1340467.4264999991, "localIpDuration": {"10.0.0.110": 173488.59409999996, "10.0.0.230": 146028.40240000005, "10.0.0.244": 176495.603, "10.0.1.49": 47413.56499999999, "10.0.1.62": 200066.70310000004, "10.0.0.30": 402401.6612000002, "10.0.0.116": 2328.9496, "10.0.0.36": 309.1534, "10.0.0.89": 2828.2517000000003, "10.0.0.108": 930.0001, "10.0.0.140": 188176.54289999997}}, "Valor Legends: Dog Rescue": {"localIpCount": 1, "localIpFrequency": {"10.0.0.151": 7}, "totalDuration": 11614.710900000002, "localIpDuration": {"10.0.0.151": 11614.710900000002}}, "NBA NOW 23": {"localIpCount": 1, "localIpFrequency": {"10.0.0.222": 1}, "totalDuration": 0.0001, "localIpDuration": {"10.0.0.222": 0.0001}}, "The Lord of the Rings: War": {"localIpCount": 1, "localIpFrequency": {"10.0.0.111": 1}, "totalDuration": 305.1011, "localIpDuration": {"10.0.0.111": 305.1011}}, "Cover Fire": {"localIpCount": 1, "localIpFrequency": {"10.0.0.172": 2}, "totalDuration": 332.4376, "localIpDuration": {"10.0.0.172": 332.4376}}, "New State Mobile": {"localIpCount": 1, "localIpFrequency": {"10.0.0.161": 1}, "totalDuration": 136.9998, "localIpDuration": {"10.0.0.161": 136.9998}}, "Roblox": {"localIpCount": 14, "localIpFrequency": {"10.0.0.211": 3, "10.0.0.12": 1, "10.0.0.17": 1, "10.0.0.234": 2, "10.0.0.238": 1, "10.0.0.50": 1, "10.0.0.27": 1, "10.0.0.83": 1, "10.0.0.146": 2, "10.0.0.153": 2, "10.0.0.168": 1, "10.0.0.182": 2, "10.0.0.186": 2, "10.0.0.239": 1}, "totalDuration": 57679.656899999994, "localIpDuration": {"10.0.0.211": 3083.361, "10.0.0.12": 42908.0003, "10.0.0.17": 339.0872, "10.0.0.234": 664.0509999999999, "10.0.0.238": 427.999, "10.0.0.50": 589.9983, "10.0.0.27": 1486.0516, "10.0.0.83": 522.0002, "10.0.0.146": 2500.2928, "10.0.0.153": 2120.0670999999998, "10.0.0.168": 1347.9997, "10.0.0.182": 505.80039999999997, "10.0.0.186": 758.9502, "10.0.0.239": 425.9981}}, "KartRider Rush+": {"localIpCount": 1, "localIpFrequency": {"10.0.1.89": 4}, "totalDuration": 13689.3921, "localIpDuration": {"10.0.1.89": 13689.3921}}, "PUBG Mobile": {"localIpCount": 150, "localIpFrequency": {"10.0.0.125": 1, "10.0.0.114": 2, "10.0.0.115": 1, "10.0.0.151": 1, "10.0.0.157": 1, "10.0.0.218": 2, "10.0.0.220": 4, "10.0.0.223": 5, "10.0.0.224": 2, "10.0.0.236": 3, "10.0.0.243": 3, "10.0.0.248": 5, "10.0.0.7": 1, "10.0.0.217": 2, "10.0.0.225": 7, "10.0.0.226": 4, "10.0.0.230": 10, "10.0.0.208": 4, "10.0.0.237": 15, "10.0.0.252": 3, "10.0.0.253": 5, "10.0.0.254": 3, "10.0.0.255": 1, "10.0.1.0": 2, "10.0.1.4": 1, "10.0.1.5": 2, "10.0.1.10": 1, "10.0.1.11": 1, "10.0.1.12": 3, "10.0.1.17": 1, "10.0.1.16": 14, "10.0.1.19": 3, "10.0.1.21": 3, "10.0.1.22": 3, "10.0.1.23": 1, "10.0.0.244": 6, "10.0.1.30": 3, "10.0.1.35": 4, "10.0.1.39": 1, "10.0.1.40": 1, "10.0.1.43": 1, "10.0.1.44": 2, "10.0.1.45": 3, "10.0.1.46": 1, "10.0.1.50": 3, "10.0.1.51": 1, "10.0.1.52": 2, "10.0.1.53": 2, "10.0.1.54": 2, "10.0.1.55": 3, "10.0.1.56": 4, "10.0.1.58": 1, "10.0.1.59": 1, "10.0.1.61": 10, "10.0.1.63": 27, "10.0.1.74": 1, "10.0.1.62": 3, "10.0.1.81": 2, "10.0.1.93": 1, "10.0.1.94": 7, "10.0.1.96": 11, "10.0.1.99": 2, "10.0.1.116": 1, "10.0.1.140": 2, "10.0.1.141": 1, "10.0.1.151": 1, "10.0.0.8": 60, "10.0.0.11": 1, "10.0.0.18": 2, "10.0.0.20": 3, "10.0.0.28": 13, "10.0.0.32": 9, "10.0.0.35": 1, "10.0.0.46": 3, "10.0.0.54": 6, "10.0.0.64": 6, "10.0.0.68": 29, "10.0.0.85": 3, "10.0.0.87": 1, "10.0.0.92": 3, "10.0.0.50": 1, "10.0.0.90": 1, "10.0.0.97": 1, "10.0.0.99": 1, "10.0.0.100": 1, "10.0.0.106": 1, "10.0.0.108": 1, "10.0.0.122": 1, "10.0.0.117": 5, "10.0.0.126": 1, "10.0.0.134": 9, "10.0.0.137": 4, "10.0.0.153": 1, "10.0.0.158": 30, "10.0.0.163": 1, "10.0.0.166": 1, "10.0.0.168": 1, "10.0.0.172": 14, "10.0.0.180": 4, "10.0.0.183": 1, "10.0.0.185": 2, "10.0.0.189": 5, "10.0.0.196": 1, "10.0.0.198": 3, "10.0.0.211": 30, "10.0.0.212": 10, "10.0.0.221": 2, "10.0.0.222": 2, "10.0.0.227": 7, "10.0.0.228": 1, "10.0.0.229": 5, "10.0.0.235": 6, "10.0.0.239": 1, "10.0.0.242": 1, "10.0.0.249": 6, "10.0.0.251": 2, "10.0.0.2": 7, "10.0.0.13": 1, "10.0.0.15": 9, "10.0.0.22": 6, "10.0.0.21": 3, "10.0.0.29": 5, "10.0.0.33": 71, "10.0.0.37": 5, "10.0.0.41": 2, "10.0.0.43": 3, "10.0.0.45": 1, "10.0.0.49": 3, "10.0.0.53": 4, "10.0.0.57": 1, "10.0.0.58": 1, "10.0.0.59": 5, "10.0.0.65": 1, "10.0.0.66": 4, "10.0.0.69": 2, "10.0.0.72": 1, "10.0.0.74": 1, "10.0.0.77": 1, "10.0.0.79": 5, "10.0.0.44": 114, "10.0.0.119": 1, "10.0.0.135": 1, "10.0.0.160": 1, "10.0.0.164": 5, "10.0.0.181": 4, "10.0.0.190": 4, "10.0.0.199": 8, "10.0.0.204": 35, "10.0.0.200": 1, "10.0.0.238": 7}, "totalDuration": 3700778.2839999935, "localIpDuration": {"10.0.0.125": 280.9498, "10.0.0.114": 421.1022, "10.0.0.115": 1.7462, "10.0.0.151": 313.152, "10.0.0.157": 297.6968, "10.0.0.218": 64430.8979, "10.0.0.220": 7863.957, "10.0.0.223": 42001.8442, "10.0.0.224": 4178.8976, "10.0.0.236": 3840.1965999999998, "10.0.0.243": 62598.999200000006, "10.0.0.248": 58063.4542, "10.0.0.7": 124713.7955, "10.0.0.217": 4108.9999, "10.0.0.225": 56626.48219999999, "10.0.0.226": 4347.3593, "10.0.0.230": 9061.8055, "10.0.0.208": 7144.6967, "10.0.0.237": 16153.596800000003, "10.0.0.252": 21222.050000000003, "10.0.0.253": 17285.332000000002, "10.0.0.254": 7761.2824, "10.0.0.255": 9178.5545, "10.0.1.0": 3868.9489, "10.0.1.4": 8607.8977, "10.0.1.5": 65915.4641, "10.0.1.10": 1816.2456, "10.0.1.11": 1948.0001, "10.0.1.12": 3758.0488, "10.0.1.17": 5120.7543, "10.0.1.16": 37167.6691, "10.0.1.19": 3904.2834000000003, "10.0.1.21": 6633.0424, "10.0.1.22": 5799.3911, "10.0.1.23": 3525.0556, "10.0.0.244": 12430.8074, "10.0.1.30": 24459.5789, "10.0.1.35": 18442.052200000002, "10.0.1.39": 2070.0001, "10.0.1.40": 210.2021, "10.0.1.43": 643.0513, "10.0.1.44": 2355.999, "10.0.1.45": 12892.0003, "10.0.1.46": 351.5216, "10.0.1.50": 4321.0014, "10.0.1.51": 748.1017, "10.0.1.52": 3058.1009, "10.0.1.53": 5316.0,