{"Minecraft": {"localIpCount": 1, "localIpFrequency": {"10.0.0.50": 8}, "localIpTotalDuration": 13138.6374, "localIpDuration": {"10.0.0.50": 13138.6374}}, "Roblox (Game)": {"localIpCount": 4, "localIpFrequency": {"10.0.0.9": 24, "10.0.0.87": 3, "10.0.0.94": 2, "10.0.0.131": 1}, "localIpTotalDuration": 19005.4544, "localIpDuration": {"10.0.0.9": 14637.4406, "10.0.0.87": 2555.0063, "10.0.0.94": 1813.0075000000002, "10.0.0.131": 0.0}}, "Roblox": {"localIpCount": 8, "localIpFrequency": {"10.0.0.66": 1, "10.0.0.9": 30, "10.0.0.87": 4, "10.0.0.50": 1, "10.0.0.94": 2, "10.0.0.131": 2, "10.0.0.147": 1, "10.0.0.161": 1}, "localIpTotalDuration": 43977.949400000005, "localIpDuration": {"10.0.0.66": 0.0, "10.0.0.9": 36718.99689999999, "10.0.0.87": 3773.0048, "10.0.0.50": 210.0032, "10.0.0.94": 2561.2139, "10.0.0.131": 147.0042, "10.0.0.147": 560.7233, "10.0.0.161": 7.0031}}, "Hero Blaze: Three Kingdoms": {"localIpCount": 1, "localIpFrequency": {"10.0.0.121": 1}, "localIpTotalDuration": 406.0031, "localIpDuration": {"10.0.0.121": 406.0031}}, "PUBG Mobile": {"localIpCount": 45, "localIpFrequency": {"10.0.0.64": 4, "10.0.0.37": 5, "10.0.0.62": 31, "10.0.0.58": 14, "10.0.0.19": 7, "10.0.0.77": 2, "10.0.0.85": 1, "10.0.0.15": 9, "10.0.0.79": 1, "10.0.0.95": 1, "10.0.0.100": 15, "10.0.0.29": 2, "10.0.0.104": 1, "10.0.0.52": 6, "10.0.0.57": 2, "10.0.0.46": 9, "10.0.0.48": 14, "10.0.0.110": 1, "10.0.0.111": 9, "10.0.0.72": 1, "10.0.0.69": 2, "10.0.0.11": 2, "10.0.0.44": 7, "10.0.0.123": 3, "10.0.0.60": 2, "10.0.0.39": 4, "10.0.0.40": 1, "10.0.0.78": 2, "10.0.0.127": 5, "10.0.0.109": 1, "10.0.0.55": 1, "10.0.0.93": 2, "10.0.0.7": 4, "10.0.0.68": 3, "10.0.0.86": 1, "10.0.0.2": 2, "10.0.0.124": 1, "10.0.0.144": 3, "10.0.0.146": 5, "10.0.0.150": 4, "10.0.0.136": 1, "10.0.0.158": 1, "10.0.0.149": 1, "10.0.0.12": 1, "10.0.0.159": 1}, "localIpTotalDuration": 227299.8162000001, "localIpDuration": {"10.0.0.64": 4627.0046, "10.0.0.37": 6195.0069, "10.0.0.62": 39535.6399, "10.0.0.58": 18302.2843, "10.0.0.19": 7665.002399999999, "10.0.0.77": 7.0005, "10.0.0.85": 889.0027, "10.0.0.15": 6474.998299999999, "10.0.0.79": 1532.9994, "10.0.0.95": 1484.2076, "10.0.0.100": 18879.005699999998, "10.0.0.29": 3499.6075, "10.0.0.104": 546.0011, "10.0.0.52": 3633.0053, "10.0.0.57": 1694.0, "10.0.0.46": 12075.0072, "10.0.0.48": 17051.304799999998, "10.0.0.110": 686.0048, "10.0.0.111": 11725.0106, "10.0.0.72": 741.9994, "10.0.0.69": 1771.0049999999999, "10.0.0.11": 1372.0004000000001, "10.0.0.44": 8568.0088, "10.0.0.123": 4291.0041, "10.0.0.60": 2723.0026, "10.0.0.39": 6531.0183, "10.0.0.40": 1749.9967, "10.0.0.78": 1715.0007, "10.0.0.127": 5369.0075, "10.0.0.109": 259.001, "10.0.0.55": 798.0004, "10.0.0.93": 1701.0075000000002, "10.0.0.7": 5704.9998000000005, "10.0.0.68": 3528.0045, "10.0.0.86": 98.0026, "10.0.0.2": 2562.0037, "10.0.0.124": 1631.0066, "10.0.0.144": 1764.0108, "10.0.0.146": 6664.0076, "10.0.0.150": 4354.0093, "10.0.0.136": 1385.9996, "10.0.0.158": 1701.0014, "10.0.0.149": 1001.001, "10.0.0.12": 1029.0027, "10.0.0.159": 1784.6206}}, "Hay Day": {"localIpCount": 2, "localIpFrequency": {"10.0.0.14": 2, "10.0.0.7": 1}, "localIpTotalDuration": 455.0022, "localIpDuration": {"10.0.0.14": 182.002, "10.0.0.7": 273.0002}}, "League of Legends: Wild Rift": {"localIpCount": 2, "localIpFrequency": {"10.0.0.87": 1, "10.0.0.48": 3}, "localIpTotalDuration": 2114.0009, "localIpDuration": {"10.0.0.87": 175.0012, "10.0.0.48": 1938.9997}}, "Clash of Clan": {"localIpCount": 3, "localIpFrequency": {"10.0.0.15": 26, "10.0.0.102": 3, "10.0.0.78": 2}, "localIpTotalDuration": 19600.0858, "localIpDuration": {"10.0.0.15": 15085.030599999998, "10.0.0.102": 3185.0019, "10.0.0.78": 1330.0533}}, "Clash Royale": {"localIpCount": 1, "localIpFrequency": {"10.0.0.48": 1}, "localIpTotalDuration": 20.9999, "localIpDuration": {"10.0.0.48": 20.9999}}}