{"Clash of Clan": {"localIpCount": 1, "localIpFrequency": {"10.0.1.62": 1}, "localIpTotalDuration": 93.153, "localIpDuration": {"10.0.1.62": 93.153}}, "Roblox": {"localIpCount": 2, "localIpFrequency": {"10.0.0.12": 2, "10.0.0.17": 2}, "localIpTotalDuration": 86494.17499999999, "localIpDuration": {"10.0.0.12": 85816.0006, "10.0.0.17": 678.1744}}, "Genshin Impact": {"localIpCount": 1, "localIpFrequency": {"10.0.1.62": 5}, "localIpTotalDuration": 38885.9537, "localIpDuration": {"10.0.1.62": 38885.9537}}, "Hero Blaze: Three Kingdoms": {"localIpCount": 1, "localIpFrequency": {"10.0.0.160": 1}, "localIpTotalDuration": 40.6593, "localIpDuration": {"10.0.0.160": 40.6593}}, "PUBG Mobile": {"localIpCount": 9, "localIpFrequency": {"10.0.1.62": 1, "10.0.1.151": 1, "10.0.1.94": 1, "10.0.1.140": 1, "10.0.0.8": 8, "10.0.0.11": 2, "10.0.0.18": 4, "10.0.0.20": 2, "10.0.0.28": 6}, "localIpTotalDuration": 399477.51100000006, "localIpDuration": {"10.0.1.62": 77.4091, "10.0.1.151": 104721.9491, "10.0.1.94": 951.6266, "10.0.1.140": 1655.9984, "10.0.0.8": 107415.59539999998, "10.0.0.11": 5550.0004, "10.0.0.18": 33508.099799999996, "10.0.0.20": 102148.0014, "10.0.0.28": 43448.830799999996}}}