{"Cover Fire": {"localIpCount": 1, "localIpFrequency": {"10.0.0.172": 2}, "localIpTotalDuration": 332.4376, "localIpDuration": {"10.0.0.172": 332.4376}}, "Roblox": {"localIpCount": 4, "localIpFrequency": {"10.0.0.186": 2, "10.0.0.182": 1, "10.0.0.234": 1, "10.0.0.239": 1}, "localIpTotalDuration": 1991.7465, "localIpDuration": {"10.0.0.186": 758.9502, "10.0.0.182": 486.7483, "10.0.0.234": 320.0499, "10.0.0.239": 425.9981}}, "Genshin Impact": {"localIpCount": 1, "localIpFrequency": {"10.0.0.140": 167}, "localIpTotalDuration": 102891.16269999996, "localIpDuration": {"10.0.0.140": 102891.16269999996}}, "Clash of Clan": {"localIpCount": 5, "localIpFrequency": {"10.0.0.199": 4, "10.0.0.140": 16, "10.0.0.204": 10, "10.0.0.230": 3, "10.0.0.237": 3}, "localIpTotalDuration": 16087.9219, "localIpDuration": {"10.0.0.199": 1216.1016, "10.0.0.140": 4781.517999999999, "10.0.0.204": 6610.3529, "10.0.0.230": 1370.1007, "10.0.0.237": 2109.8487000000005}}, "Hero Blaze: Three Kingdoms": {"localIpCount": 1, "localIpFrequency": {"10.0.0.24": 1}, "localIpTotalDuration": 0.0001, "localIpDuration": {"10.0.0.24": 0.0001}}, "PUBG Mobile": {"localIpCount": 15, "localIpFrequency": {"10.0.0.44": 29, "10.0.0.33": 4, "10.0.0.181": 2, "10.0.0.189": 1, "10.0.0.190": 4, "10.0.0.199": 8, "10.0.0.172": 4, "10.0.0.204": 35, "10.0.0.200": 1, "10.0.0.221": 1, "10.0.0.230": 8, "10.0.0.225": 1, "10.0.0.235": 1, "10.0.0.237": 3, "10.0.0.238": 2}, "localIpTotalDuration": 88718.53070000005, "localIpDuration": {"10.0.0.44": 24931.074800000002, "10.0.0.33": 4223.8143, "10.0.0.181": 2.9498, "10.0.0.189": 1074.865, "10.0.0.190": 3720.0266, "10.0.0.199": 8585.696600000001, "10.0.0.172": 5615.7941, "10.0.0.204": 23713.301700000007, "10.0.0.200": 461.798, "10.0.0.221": 1544.0009, "10.0.0.230": 7590.752799999999, "10.0.0.225": 1797.748, "10.0.0.235": 24.9496, "10.0.0.237": 2077.6568, "10.0.0.238": 3354.1017}}, "DRAGON BALL LEGENDS": {"localIpCount": 1, "localIpFrequency": {"10.0.0.140": 1}, "localIpTotalDuration": 1028.1506, "localIpDuration": {"10.0.0.140": 1028.1506}}}