{"Pok\u00e9mon GO": {"localIpCount": 1, "localIpFrequency": {"10.0.143.59": 3}, "localIpTotalDuration": 902.9885999999999, "localIpDuration": {"10.0.143.59": 902.9885999999999}}, "Roblox": {"localIpCount": 22, "localIpFrequency": {"10.0.139.214": 30, "10.0.140.199": 3, "10.0.143.7": 3, "10.0.143.73": 6, "10.0.143.142": 3, "10.0.143.59": 3, "10.0.145.170": 3, "10.0.145.77": 6, "10.0.149.78": 3, "10.0.149.213": 3, "10.0.149.246": 6, "10.0.150.2": 3, "10.0.150.3": 6, "10.0.151.130": 6, "10.0.151.170": 18, "10.0.155.32": 3, "10.0.155.133": 15, "10.0.160.207": 12, "10.0.160.255": 3, "10.0.162.140": 9, "10.0.166.43": 3, "10.0.174.245": 6}, "localIpTotalDuration": 233475.0468000001, "localIpDuration": {"10.0.139.214": 48192.41519999998, "10.0.140.199": 4278.975, "10.0.143.7": 5395.7778, "10.0.143.73": 7180.8072, "10.0.143.142": 5040.1779, "10.0.143.59": 4766.9928, "10.0.145.170": 2541.3833999999997, "10.0.145.77": 6195.516299999999, "10.0.149.78": 5396.9136, "10.0.149.213": 3360.2508, "10.0.149.246": 6655.7973, "10.0.150.2": 5397.5493, "10.0.150.3": 10060.617900000001, "10.0.151.130": 10312.471200000002, "10.0.151.170": 30306.581699999995, "10.0.155.32": 5397.2865, "10.0.155.133": 26876.993700000003, "10.0.160.207": 17200.1988, "10.0.160.255": 2686.6053, "10.0.162.140": 15940.4385, "10.0.166.43": 2226.054, "10.0.174.245": 8065.2426}}, "Clash of Clan": {"localIpCount": 17, "localIpFrequency": {"10.0.140.81": 3, "10.0.140.10": 3, "10.0.146.68": 3, "10.0.146.80": 3, "10.0.148.196": 3, "10.0.149.136": 3, "10.0.148.154": 3, "10.0.148.254": 3, "10.0.154.198": 3, "10.0.153.24": 3, "10.0.152.80": 3, "10.0.155.58": 3, "10.0.155.7": 3, "10.0.160.89": 3, "10.0.160.149": 3, "10.0.163.34": 3, "10.0.163.155": 3}, "localIpTotalDuration": 33878.467799999984, "localIpDuration": {"10.0.140.81": 2124.2409, "10.0.140.10": 0.10949999999999999, "10.0.146.68": 5249.8191, "10.0.146.80": 4137.4269, "10.0.148.196": 0.0006000000000000001, "10.0.149.136": 4136.9781, "10.0.148.154": 21.1056, "10.0.148.254": 42.4695, "10.0.154.198": 0.0006000000000000001, "10.0.153.24": 1911.1812, "10.0.152.80": 21.018, "10.0.155.58": 4725.3105, "10.0.155.7": 4599.0849, "10.0.160.89": 4452.2589, "10.0.160.149": 1533.1581, "10.0.163.34": 924.0873000000001, "10.0.163.155": 0.21810000000000002}}, "FIFA ONLINE 4 M": {"localIpCount": 1, "localIpFrequency": {"10.0.154.147": 3}, "localIpTotalDuration": 714.0681, "localIpDuration": {"10.0.154.147": 714.0681}}, "Free Fire": {"localIpCount": 66, "localIpFrequency": {"10.0.139.233": 15, "10.0.140.132": 3, "10.0.142.4": 12, "10.0.140.208": 12, "10.0.143.60": 3, "10.0.143.72": 3, "10.0.143.95": 3, "10.0.143.96": 3, "10.0.143.186": 3, "10.0.144.25": 3, "10.0.145.130": 3, "10.0.145.186": 18, "10.0.146.42": 18, "10.0.149.3": 3, "10.0.149.74": 3, "10.0.149.129": 3, "10.0.146.4": 3, "10.0.146.25": 9, "10.0.150.198": 12, "10.0.151.186": 6, "10.0.151.94": 18, "10.0.151.248": 3, "10.0.152.64": 9, "10.0.154.108": 6, "10.0.154.204": 3, "10.0.152.173": 3, "10.0.155.65": 3, "10.0.155.94": 6, "10.0.154.74": 3, "10.0.155.16": 3, "10.0.156.15": 3, "10.0.156.224": 12, "10.0.160.14": 3, "10.0.160.23": 3, "10.0.160.56": 3, "10.0.160.10": 3, "10.0.160.85": 3, "10.0.159.205": 6, "10.0.157.50": 3, "10.0.160.37": 3, "10.0.157.199": 3, "10.0.159.245": 3, "10.0.160.170": 3, "10.0.161.111": 3, "10.0.161.191": 3, "10.0.162.185": 18, "10.0.162.19": 3, "10.0.164.16": 3, "10.0.165.20": 3, "10.0.162.205": 3, "10.0.162.222": 18, "10.0.165.195": 3, "10.0.165.247": 3, "10.0.163.64": 3, "10.0.163.99": 6, "10.0.170.42": 3, "10.0.173.85": 3, "10.0.173.180": 3, "10.0.173.150": 3, "10.0.174.215": 6, "10.0.175.139": 3, "10.0.176.239": 3, "10.0.177.68": 3, "10.0.177.130": 6, "10.0.177.169": 3, "10.0.177.185": 3}, "localIpTotalDuration": 563897.3492999997, "localIpDuration": {"10.0.139.233": 24916.550399999996, "10.0.140.132": 2704.236, "10.0.142.4": 20560.299000000003, "10.0.140.208": 16485.2868, "10.0.143.60": 5375.9823, "10.0.143.72": 5395.2789, "10.0.143.95": 5038.4394, "10.0.143.96": 2959.6524, "10.0.143.186": 5376.2388, "10.0.144.25": 3631.0644, "10.0.145.130": 5375.9313, "10.0.145.186": 27173.264099999993, "10.0.146.42": 31603.552200000002, "10.0.149.3": 5228.9997, "10.0.149.74": 5188.5195, "10.0.149.129": 5399.8215, "10.0.146.4": 0.21149999999999997, "10.0.146.25": 15835.430100000001, "10.0.150.198": 21384.341099999998, "10.0.151.186": 10541.9838, "10.0.151.94": 31709.875500000002, "10.0.151.248": 5355.2496, "10.0.152.64": 15938.708700000003, "10.0.154.108": 5984.890500000001, "10.0.154.204": 5353.6842, "10.0.152.173": 5312.9511, "10.0.155.65": 5397.2433, "10.0.155.94": 7286.261400000001, "10.0.154.74": 4557.0369, "10.0.155.16": 5361.1296, "10.0.156.15": 5397.4173, "10.0.156.224": 21105.1311, "10.0.160.14": 5397.0093, "10.0.160.23": 5334.0291, "10.0.160.56": 5376.1242, "10.0.160.10": 5395.6572, "10.0.160.85": 5395.4463, "10.0.159.205": 9910.6176, "10.0.157.50": 2037.1509, "10.0.160.37": 5396.846399999999, "10.0.157.199": 5334.3822, "10.0.159.245": 3378.8805, "10.0.160.170": 4683.1608, "10.0.161.111": 5393.9187, "10.0.161.191": 5271.4212, "10.0.162.185": 26605.4847, "10.0.162.19": 5395.4586, "10.0.164.16": 5207.6445, "10.0.165.20": 818.9973, "10.0.162.205": 5163.918, "10.0.162.222": 27425.910300000007, "10.0.165.195": 2688.0783, "10.0.165.247": 5313.024, "10.0.163.64": 5376.0333, "10.0.163.99": 10773.340199999999, "10.0.170.42": 2687.6718, "10.0.173.85": 5378.1351, "10.0.173.180": 5397.3816, "10.0.173.150": 5336.7531, "10.0.174.215": 10727.8023, "10.0.175.139": 5397.8655, "10.0.176.239": 1869.0045, "10.0.177.68": 3948.021, "10.0.177.130": 10437.9213, "10.0.177.169": 5375.7528, "10.0.177.185": 5333.844300000001}}, "Candy Crush Saga": {"localIpCount": 11, "localIpFrequency": {"10.0.139.165": 3, "10.0.148.106": 3, "10.0.145.89": 3, "10.0.152.52": 3, "10.0.151.67": 3, "10.0.150.198": 3, "10.0.156.147": 3, "10.0.156.132": 6, "10.0.160.111": 3, "10.0.162.219": 3, "10.0.163.84": 3}, "localIpTotalDuration": 25709.211900000002, "localIpDuration": {"10.0.139.165": 546.3864000000001, "10.0.148.106": 546.0825, "10.0.145.89": 1596.2793000000001, "10.0.152.52": 1512.1428, "10.0.151.67": 21.061500000000002, "10.0.150.198": 231.19050000000001, "10.0.156.147": 3573.7113, "10.0.156.132": 4704.2454, "10.0.160.111": 5292.0378, "10.0.162.219": 5376.022199999999, "10.0.163.84": 2310.0522}}, "UNO": {"localIpCount": 2, "localIpFrequency": {"10.0.155.19": 3, "10.0.165.31": 3}, "localIpTotalDuration": 3108.0129000000006, "localIpDuration": {"10.0.155.19": 2897.9904, "10.0.165.31": 210.02249999999998}}, "PUBG Mobile": {"localIpCount": 152, "localIpFrequency": {"10.0.140.13": 3, "10.0.140.159": 3, "10.0.140.27": 3, "10.0.140.156": 3, "10.0.140.130": 3, "10.0.141.78": 3, "10.0.142.35": 3, "10.0.142.88": 3, "10.0.141.79": 3, "10.0.142.73": 3, "10.0.141.196": 3, "10.0.141.127": 3, "10.0.140.255": 3, "10.0.142.219": 3, "10.0.142.228": 3, "10.0.139.159": 3, "10.0.142.169": 3, "10.0.143.6": 3, "10.0.139.163": 3, "10.0.142.196": 3, "10.0.142.231": 3, "10.0.143.52": 3, "10.0.143.91": 3, "10.0.143.125": 3, "10.0.140.57": 3, "10.0.143.169": 3, "10.0.143.106": 3, "10.0.143.213": 3, "10.0.140.71": 3, "10.0.139.249": 3, "10.0.145.57": 3, "10.0.145.29": 3, "10.0.146.62": 3, "10.0.146.162": 3, "10.0.146.156": 3, "10.0.145.225": 3, "10.0.146.238": 3, "10.0.146.43": 3, "10.0.149.24": 3, "10.0.149.40": 3, "10.0.147.196": 3, "10.0.145.218": 3, "10.0.149.0": 3, "10.0.145.124": 3, "10.0.145.32": 3, "10.0.149.182": 3, "10.0.149.210": 3, "10.0.146.95": 3, "10.0.150.9": 3, "10.0.146.136": 3, "10.0.146.206": 3, "10.0.149.126": 3, "10.0.150.141": 3, "10.0.151.66": 3, "10.0.151.168": 3, "10.0.151.191": 3, "10.0.151.148": 3, "10.0.152.224": 3, "10.0.151.21": 3, "10.0.154.105": 3, "10.0.153.210": 3, "10.0.154.136": 3, "10.0.154.114": 3, "10.0.154.171": 3, "10.0.154.184": 3, "10.0.153.250": 3, "10.0.151.147": 3, "10.0.154.246": 3, "10.0.151.251": 3, "10.0.151.110": 3, "10.0.153.99": 3, "10.0.151.138": 3, "10.0.152.50": 3, "10.0.155.124": 3,