{"Candy Crush Saga": {"localIpCount": 1, "localIpFrequency": {"10.1.187.176": 1}, "localIpTotalDuration": 995.281, "localIpDuration": {"10.1.187.176": 995.281}}, "Roblox": {"localIpCount": 2, "localIpFrequency": {"10.1.187.123": 1, "10.1.194.66": 1}, "localIpTotalDuration": 3561.8714, "localIpDuration": {"10.1.187.123": 1791.1382, "10.1.194.66": 1770.7332}}, "Minecraft": {"localIpCount": 6, "localIpFrequency": {"10.1.188.4": 4, "10.1.193.57": 1, "10.1.186.150": 1, "10.1.190.199": 1, "10.1.193.29": 1, "10.1.199.217": 2}, "localIpTotalDuration": 11595.9047, "localIpDuration": {"10.1.188.4": 5715.7504, "10.1.193.57": 153.9995, "10.1.186.150": 1000.8851, "10.1.190.199": 1428.0572, "10.1.193.29": 1421.0667, "10.1.199.217": 1876.1458000000002}}, "Free Fire": {"localIpCount": 12, "localIpFrequency": {"10.1.187.82": 1, "10.1.187.98": 1, "10.1.190.74": 1, "10.1.192.114": 1, "10.1.192.248": 1, "10.1.193.235": 1, "10.1.194.1": 1, "10.1.194.18": 1, "10.1.196.15": 1, "10.1.198.189": 1, "10.1.196.238": 1, "10.1.196.199": 1}, "localIpTotalDuration": 20142.7828, "localIpDuration": {"10.1.187.82": 1792.697, "10.1.187.98": 1393.165, "10.1.190.74": 903.0489, "10.1.192.114": 1792.0451, "10.1.192.248": 1778.0021, "10.1.193.235": 1794.3453, "10.1.194.1": 1792.2597, "10.1.194.18": 1778.4916, "10.1.196.15": 1791.6873, "10.1.198.189": 1736.0591, "10.1.196.238": 1792.0808, "10.1.196.199": 1798.9009}}, "Clash of Clan": {"localIpCount": 4, "localIpFrequency": {"10.1.188.235": 1, "10.1.193.162": 1, "10.1.187.187": 1, "10.1.203.175": 1}, "localIpTotalDuration": 22.988999999999997, "localIpDuration": {"10.1.188.235": 0.0007, "10.1.193.162": 15.0741, "10.1.187.187": 0.97, "10.1.203.175": 6.9442}}, "PUBG Mobile": {"localIpCount": 13, "localIpFrequency": {"10.1.186.212": 1, "10.1.188.194": 1, "10.1.189.151": 2, "10.1.193.103": 1, "10.1.191.17": 1, "10.1.188.1": 2, "10.1.186.208": 1, "10.1.186.155": 1, "10.1.186.182": 1, "10.1.203.24": 1, "10.1.198.214": 1, "10.1.203.218": 1, "10.1.197.72": 1}, "localIpTotalDuration": 26987.908700000004, "localIpDuration": {"10.1.186.212": 1799.986, "10.1.188.194": 1799.0657, "10.1.189.151": 3598.2106000000003, "10.1.193.103": 1798.8285, "10.1.191.17": 1799.145, "10.1.188.1": 3597.6056, "10.1.186.208": 1799.8963, "10.1.186.155": 1799.5823, "10.1.186.182": 1799.4745, "10.1.203.24": 1799.0809, "10.1.198.214": 1799.8439, "10.1.203.218": 1799.6546, "10.1.197.72": 1797.5348}}}