{"Free Fire": {"localIpCount": 10, "localIpFrequency": {"10.2.1.182": 1, "10.2.2.67": 3, "10.2.1.124": 1, "10.2.4.83": 1, "10.2.3.73": 1, "10.2.13.11": 1, "10.2.13.231": 1, "10.2.14.72": 1, "10.2.15.157": 1, "10.2.13.40": 3}, "localIpTotalDuration": 24790.396099999994, "localIpDuration": {"10.2.1.182": 1785.1367, "10.2.2.67": 5389.232099999999, "10.2.1.124": 1798.8758, "10.2.4.83": 1792.0982, "10.2.3.73": 1792.8392, "10.2.13.11": 1708.1147, "10.2.13.231": 1790.425, "10.2.14.72": 1792.2366, "10.2.15.157": 1796.5261, "10.2.13.40": 5144.911700000001}}, "Among us": {"localIpCount": 2, "localIpFrequency": {"10.2.1.89": 4, "10.2.12.252": 3}, "localIpTotalDuration": 6257.3434, "localIpDuration": {"10.2.1.89": 4220.1008, "10.2.12.252": 2037.2426}}, "Train Station 2: Railroad Game": {"localIpCount": 1, "localIpFrequency": {"10.2.1.124": 1}, "localIpTotalDuration": 196.5362, "localIpDuration": {"10.2.1.124": 196.5362}}, "Clash of Clan": {"localIpCount": 3, "localIpFrequency": {"10.2.2.118": 1, "10.2.8.224": 1, "10.2.15.47": 1}, "localIpTotalDuration": 15.099, "localIpDuration": {"10.2.2.118": 0.0582, "10.2.8.224": 0.0017, "10.2.15.47": 15.0391}}, "PUBG Mobile": {"localIpCount": 14, "localIpFrequency": {"10.2.1.224": 1, "10.2.2.214": 1, "10.2.2.244": 1, "10.2.4.51": 1, "10.2.2.150": 1, "10.2.5.18": 1, "10.2.11.2": 1, "10.2.12.236": 1, "10.2.13.141": 1, "10.2.14.223": 1, "10.2.15.149": 1, "10.2.18.199": 1, "10.2.19.23": 1, "10.2.12.124": 1}, "localIpTotalDuration": 25188.8271, "localIpDuration": {"10.2.1.224": 1799.9965, "10.2.2.214": 1798.0934, "10.2.2.244": 1799.9401, "10.2.4.51": 1798.6229, "10.2.2.150": 1799.9396, "10.2.5.18": 1799.355, "10.2.11.2": 1799.952, "10.2.12.236": 1799.5386, "10.2.13.141": 1799.9809, "10.2.14.223": 1799.9813, "10.2.15.149": 1797.188, "10.2.18.199": 1799.8886, "10.2.19.23": 1797.654, "10.2.12.124": 1798.6962}}, "Minecraft": {"localIpCount": 3, "localIpFrequency": {"10.2.3.54": 1, "10.2.15.26": 1, "10.2.19.64": 1}, "localIpTotalDuration": 1408.1174, "localIpDuration": {"10.2.3.54": 1260.9417, "10.2.15.26": 0.0003, "10.2.19.64": 147.1754}}, "Genshin Impact": {"localIpCount": 1, "localIpFrequency": {"10.2.2.159": 2}, "localIpTotalDuration": 1428.6066999999998, "localIpDuration": {"10.2.2.159": 1428.6066999999998}}, "Candy Crush Saga": {"localIpCount": 4, "localIpFrequency": {"10.2.3.49": 1, "10.2.12.170": 1, "10.2.12.244": 1, "10.2.13.32": 1}, "localIpTotalDuration": 5908.2909, "localIpDuration": {"10.2.3.49": 1749.3178, "10.2.12.170": 1777.9672, "10.2.12.244": 1709.067, "10.2.13.32": 671.9389}}, "League of Legends: Wild Rift": {"localIpCount": 1, "localIpFrequency": {"10.2.2.152": 1}, "localIpTotalDuration": 13.6549, "localIpDuration": {"10.2.2.152": 13.6549}}, "Roblox": {"localIpCount": 6, "localIpFrequency": {"10.2.2.152": 3, "10.2.8.210": 1, "10.2.9.124": 1, "10.2.12.34": 2, "10.2.18.245": 2, "10.2.16.84": 1}, "localIpTotalDuration": 11528.2787, "localIpDuration": {"10.2.2.152": 4141.0796, "10.2.8.210": 546.0596, "10.2.9.124": 154.3092, "10.2.12.34": 1800.9682, "10.2.18.245": 3086.7268000000004, "10.2.16.84": 1799.1353}}, "New State Mobile": {"localIpCount": 1, "localIpFrequency": {"10.2.2.227": 1}, "localIpTotalDuration": 776.7812, "localIpDuration": {"10.2.2.227": 776.7812}}, "Asphalt 9: Legends": {"localIpCount": 1, "localIpFrequency": {"10.2.3.135": 1}, "localIpTotalDuration": 505.2519, "localIpDuration": {"10.2.3.135": 505.2519}}}