{"Cookie Run: Kingdom": {"localIpCount": 1, "localIpFrequency": {"10.1.130.129": 1}, "localIpTotalDuration": 1295.0687, "localIpDuration": {"10.1.130.129": 1295.0687}}, "Minecraft": {"localIpCount": 5, "localIpFrequency": {"10.1.125.4": 5, "10.1.127.73": 1, "10.1.134.213": 1, "10.1.148.96": 2, "10.1.142.206": 2}, "localIpTotalDuration": 10199.9388, "localIpDuration": {"10.1.125.4": 5207.4586, "10.1.127.73": 413.1101, "10.1.134.213": 1547.0916, "10.1.148.96": 616.0500000000001, "10.1.142.206": 2416.2285}}, "Genshin Impact": {"localIpCount": 1, "localIpFrequency": {"10.1.126.173": 1}, "localIpTotalDuration": 189.8673, "localIpDuration": {"10.1.126.173": 189.8673}}, "Free Fire": {"localIpCount": 14, "localIpFrequency": {"10.1.124.208": 2, "10.1.125.5": 1, "10.1.126.78": 2, "10.1.125.164": 1, "10.1.130.175": 2, "10.1.130.163": 1, "10.1.127.113": 1, "10.1.132.169": 1, "10.1.142.168": 2, "10.1.143.118": 1, "10.1.148.47": 1, "10.1.148.113": 1, "10.1.145.196": 1, "10.1.142.206": 1}, "localIpTotalDuration": 29162.736600000004, "localIpDuration": {"10.1.124.208": 3577.864, "10.1.125.5": 1799.239, "10.1.126.78": 3537.6873, "10.1.125.164": 1794.1205, "10.1.130.175": 3486.7787, "10.1.130.163": 1792.0316, "10.1.127.113": 1624.0598, "10.1.132.169": 1791.8212, "10.1.142.168": 3577.7686000000003, "10.1.143.118": 1799.1785, "10.1.148.47": 1686.998, "10.1.148.113": 434.0515, "10.1.145.196": 469.0616, "10.1.142.206": 1792.0763}}, "Clash of Clan": {"localIpCount": 7, "localIpFrequency": {"10.1.127.37": 1, "10.1.125.3": 1, "10.1.130.206": 1, "10.1.143.62": 1, "10.1.145.5": 1, "10.1.145.174": 2, "10.1.143.41": 1}, "localIpTotalDuration": 6526.4804, "localIpDuration": {"10.1.127.37": 1645.3887, "10.1.125.3": 1498.0825, "10.1.130.206": 1518.8943, "10.1.143.62": 92.4028, "10.1.145.5": 798.5657, "10.1.145.174": 7.1448, "10.1.143.41": 966.0016}}, "PUBG Mobile": {"localIpCount": 22, "localIpFrequency": {"10.1.124.201": 1, "10.1.125.236": 1, "10.1.125.211": 1, "10.1.127.27": 1, "10.1.125.35": 1, "10.1.128.52": 1, "10.1.130.205": 1, "10.1.131.22": 1, "10.1.127.214": 1, "10.1.131.50": 1, "10.1.131.104": 1, "10.1.128.143": 1, "10.1.135.54": 1, "10.1.142.109": 1, "10.1.144.214": 1, "10.1.144.5": 1, "10.1.146.161": 1, "10.1.145.72": 1, "10.1.148.100": 1, "10.1.147.179": 1, "10.1.147.152": 1, "10.1.145.37": 1}, "localIpTotalDuration": 39578.6796, "localIpDuration": {"10.1.124.201": 1799.5836, "10.1.125.236": 1799.0106, "10.1.125.211": 1799.8554, "10.1.127.27": 1798.1844, "10.1.125.35": 1798.448, "10.1.128.52": 1799.0129, "10.1.130.205": 1799.1345, "10.1.131.22": 1799.208, "10.1.127.214": 1798.7609, "10.1.131.50": 1799.8782, "10.1.131.104": 1796.1219, "10.1.128.143": 1799.7902, "10.1.135.54": 1799.3778, "10.1.142.109": 1799.9599, "10.1.144.214": 1799.568, "10.1.144.5": 1799.407, "10.1.146.161": 1799.7717, "10.1.145.72": 1798.5677, "10.1.148.100": 1798.6038, "10.1.147.179": 1798.5501, "10.1.147.152": 1798.722, "10.1.145.37": 1799.163}}, "HATSUNE MIKU: COLORFUL STAGE!": {"localIpCount": 1, "localIpFrequency": {"10.1.126.251": 1}, "localIpTotalDuration": 735.3205, "localIpDuration": {"10.1.126.251": 735.3205}}, "Pok\u00e9mon Unite": {"localIpCount": 3, "localIpFrequency": {"10.1.127.51": 1, "10.1.127.142": 1, "10.1.131.68": 1}, "localIpTotalDuration": 2954.884, "localIpDuration": {"10.1.127.51": 1330.3737, "10.1.127.142": 931.3044, "10.1.131.68": 693.2059}}, "Among us": {"localIpCount": 1, "localIpFrequency": {"10.1.126.160": 1}, "localIpTotalDuration": 84.3813, "localIpDuration": {"10.1.126.160": 84.3813}}, "Roblox": {"localIpCount": 8, "localIpFrequency": {"10.1.125.96": 1, "10.1.127.162": 1, "10.1.130.177": 1, "10.1.130.129": 1, "10.1.131.95": 2, "10.1.134.125": 1, "10.1.145.42": 1, "10.1.148.81": 2}, "localIpTotalDuration": 9149.6371, "localIpDuration": {"10.1.125.96": 714.1427, "10.1.127.162": 1106.0351, "10.1.130.177": 1799.0913, "10.1.130.129": 405.9708, "10.1.131.95": 3590.7586, "10.1.134.125": 147.1058, "10.1.145.42": 0.2587, "10.1.148.81": 1386.2741}}}