{"Hero Blaze: Three Kingdoms": {"localIpCount": 2, "localIpFrequency": {"10.0.0.24": 1, "10.0.0.9": 1}, "localIpTotalDuration": 133.0021, "localIpDuration": {"10.0.0.24": 105.0032, "10.0.0.9": 27.9989}}, "Roblox (Game)": {"localIpCount": 2, "localIpFrequency": {"10.0.1.97": 1, "10.0.1.129": 1}, "localIpTotalDuration": 1178.0017, "localIpDuration": {"10.0.1.97": 714.001, "10.0.1.129": 464.0007}}, "Clash of Clan": {"localIpCount": 5, "localIpFrequency": {"10.0.1.59": 17, "10.0.1.18": 1, "10.0.0.140": 1, "10.0.1.134": 2, "10.0.1.13": 1}, "localIpTotalDuration": 16205.002999999999, "localIpDuration": {"10.0.1.59": 12433.001699999999, "10.0.1.18": 742.002, "10.0.0.140": 1446.9982, "10.0.1.134": 1583.0011, "10.0.1.13": 0.0}}, "Roblox": {"localIpCount": 4, "localIpFrequency": {"10.0.1.97": 1, "10.0.1.119": 2, "10.0.1.129": 1, "10.0.1.132": 1}, "localIpTotalDuration": 2481.0002999999997, "localIpDuration": {"10.0.1.97": 1132.0, "10.0.1.119": 608.0024000000001, "10.0.1.129": 469.9984, "10.0.1.132": 270.9995}}, "Genshin Impact": {"localIpCount": 1, "localIpFrequency": {"10.0.1.130": 1}, "localIpTotalDuration": 317.0014, "localIpDuration": {"10.0.1.130": 317.0014}}, "PUBG Mobile": {"localIpCount": 16, "localIpFrequency": {"10.0.1.59": 23, "10.0.1.98": 2, "10.0.0.235": 4, "10.0.1.63": 7, "10.0.1.37": 4, "10.0.1.105": 1, "10.0.1.34": 5, "10.0.0.254": 1, "10.0.1.92": 3, "10.0.1.70": 2, "10.0.1.112": 3, "10.0.1.114": 3, "10.0.1.116": 6, "10.0.1.122": 14, "10.0.0.172": 1, "10.0.1.134": 2}, "localIpTotalDuration": 62514.01469999999, "localIpDuration": {"10.0.1.59": 17817.9986, "10.0.1.98": 1559.0025, "10.0.0.235": 4708.0066, "10.0.1.63": 6051.0008, "10.0.1.37": 5137.0089, "10.0.1.105": 1499.0009, "10.0.1.34": 3742.9987999999994, "10.0.0.254": 23.9997, "10.0.1.92": 1734.9980999999998, "10.0.1.70": 1229.9998, "10.0.1.112": 1162.0070999999998, "10.0.1.114": 3548.0006000000003, "10.0.1.116": 3118.9977, "10.0.1.122": 9474.000999999998, "10.0.0.172": 1293.9966, "10.0.1.134": 412.997}}, "League of Legends: Wild Rift": {"localIpCount": 1, "localIpFrequency": {"10.0.1.102": 1}, "localIpTotalDuration": 378.0036, "localIpDuration": {"10.0.1.102": 378.0036}}}