{"Hay Day": {"localIpCount": 3, "localIpFrequency": {"10.0.45.152": 2, "10.0.51.158": 1, "10.0.60.10": 1}, "localIpTotalDuration": 3731.3849, "localIpDuration": {"10.0.45.152": 2702.355, "10.0.51.158": 0.0003, "10.0.60.10": 1029.0296}}, "Among us": {"localIpCount": 4, "localIpFrequency": {"10.0.42.112": 9, "10.0.46.101": 1, "10.0.47.86": 1, "10.0.62.83": 2}, "localIpTotalDuration": 14783.277199999999, "localIpDuration": {"10.0.42.112": 10303.114599999999, "10.0.46.101": 1792.0682, "10.0.47.86": 0.044, "10.0.62.83": 2688.0504}}, "League of Legends: Wild Rift": {"localIpCount": 1, "localIpFrequency": {"10.0.50.37": 1}, "localIpTotalDuration": 190.109, "localIpDuration": {"10.0.50.37": 190.109}}, "Roblox": {"localIpCount": 27, "localIpFrequency": {"10.0.45.79": 11, "10.0.45.161": 4, "10.0.47.252": 5, "10.0.49.210": 1, "10.0.49.219": 1, "10.0.50.27": 1, "10.0.50.22": 2, "10.0.53.216": 2, "10.0.54.203": 1, "10.0.57.217": 2, "10.0.58.18": 2, "10.0.57.254": 8, "10.0.58.112": 1, "10.0.58.132": 1, "10.0.59.96": 2, "10.0.62.176": 2, "10.0.61.189": 1, "10.0.64.173": 1, "10.0.67.67": 1, "10.0.67.99": 1, "10.0.69.91": 1, "10.0.70.31": 8, "10.0.70.181": 2, "10.0.71.62": 2, "10.0.71.65": 1, "10.0.71.164": 7, "10.0.67.247": 1}, "localIpTotalDuration": 115745.42350000003, "localIpDuration": {"10.0.45.79": 19784.123099999997, "10.0.45.161": 6345.0289, "10.0.47.252": 8987.3918, "10.0.49.210": 1798.5881, "10.0.49.219": 1680.0363, "10.0.50.27": 959.0224, "10.0.50.22": 3597.995, "10.0.53.216": 3588.3675000000003, "10.0.54.203": 973.0424, "10.0.57.217": 3597.5367, "10.0.58.18": 3584.0919, "10.0.57.254": 13460.859999999999, "10.0.58.112": 1799.0585, "10.0.58.132": 168.0343, "10.0.59.96": 2310.1406, "10.0.62.176": 3157.0953, "10.0.61.189": 1798.5825, "10.0.64.173": 1386.1269, "10.0.67.67": 1785.0384, "10.0.67.99": 1679.9712, "10.0.69.91": 259.1989, "10.0.70.31": 12516.8833, "10.0.70.181": 2281.121, "10.0.71.62": 3591.0091, "10.0.71.65": 299.2434, "10.0.71.164": 12565.228799999997, "10.0.67.247": 1792.6072}}, "Brawl Stars": {"localIpCount": 4, "localIpFrequency": {"10.0.45.247": 1, "10.0.46.91": 1, "10.0.50.22": 1, "10.0.70.175": 4}, "localIpTotalDuration": 5616.075699999999, "localIpDuration": {"10.0.45.247": 588.0037, "10.0.46.91": 14.3166, "10.0.50.22": 218.0226, "10.0.70.175": 4795.7328}}, "Modern Combat": {"localIpCount": 2, "localIpFrequency": {"10.0.50.253": 1, "10.0.71.30": 1}, "localIpTotalDuration": 13.961500000000001, "localIpDuration": {"10.0.50.253": 0.0006, "10.0.71.30": 13.9609}}, "Pok\u00e9mon Unite": {"localIpCount": 2, "localIpFrequency": {"10.0.66.131": 1, "10.0.68.127": 3}, "localIpTotalDuration": 1694.1938999999998, "localIpDuration": {"10.0.66.131": 931.0052, "10.0.68.127": 763.1886999999999}}, "Pok\u00e9mon GO": {"localIpCount": 4, "localIpFrequency": {"10.0.49.210": 1, "10.0.50.22": 1, "10.0.62.176": 2, "10.0.70.181": 2}, "localIpTotalDuration": 3179.1726000000003, "localIpDuration": {"10.0.49.210": 623.0113, "10.0.50.22": 504.0022, "10.0.62.176": 245.09660000000002, "10.0.70.181": 1807.0625}}, "Genshin Impact": {"localIpCount": 1, "localIpFrequency": {"10.0.69.154": 1}, "localIpTotalDuration": 161.0006, "localIpDuration": {"10.0.69.154": 161.0006}}, "Goddess of Victory: Nikke": {"localIpCount": 1, "localIpFrequency": {"10.0.53.59": 1}, "localIpTotalDuration": 433.9795, "localIpDuration": {"10.0.53.59": 433.9795}}, "Minecraft": {"localIpCount": 6, "localIpFrequency": {"10.0.50.22": 2, "10.0.62.176": 2, "10.0.69.148": 1, "10.0.70.181": 1, "10.0.71.158": 1, "10.0.71.137": 3}, "localIpTotalDuration": 9640.289100000002, "localIpDuration": {"10.0.50.22": 2647.0428, "10.0.62.176": 2828.0359, "10.0.69.148": 21.1636, "10.0.70.181": 182.0108, "10.0.71.158": 1624.0226, "10.0.71.137": 2338.0134}}, "\ud0d5\ud0d5\ud2b9\uacf5\ub300": {"localIpCount": 2, "localIpFrequency": {"10.0.46.148": 1, "10.0.68.103": 1}, "localIpTotalDuration": 2933.9437, "localIpDuration": {"10.0.46.148": 1470.9509, "10.0.68.103": 1462.9928}}, "PUBG Mobile": {"localIpCount": 155, "localIpFrequency": {"10.0.42.144": 1, "10.0.45.85": 1, "10.0.45.129": 1, "10.0.45.141": 1, "10.0.45.154": 1, "10.0.42.173": 1, "10.0.44.160": 1, "10.0.44.149": 1, "10.0.43.16": 1, "10.0.43.82": 1, "10.0.45.200": 1, "10.0.42.209": 1, "10.0.45.249": 1, "10.0.42.87": 1, "10.0.45.253": 1, "10.0.46.121": 1, "10.0.47.125": 1, "10.0.49.119": 1, "10.0.48.145": 1, "10.0.47.173": 1, "10.0.48.105": 1, "10.0.49.179": 1, "10.0.49.200": 1, "10.0.49.212": 1, "10.0.47.16": 1, "10.0.47.37": 1, "10.0.48.123": 1, "10.0.49.214": 1, "10.0.49.111": 1, "10.0.49.58": 1, "10.0.46.181": 1, "10.0.50.74": 1, "10.0.50.171": 1, "10.0.50.136": 1, "10.0.51.161": 1, "10.0.51.228": 1, "10.0.51.195": 1, "10.0.51.156": 1, "10.0.52.200": 1, "10.0.51.75": 1, "10.0.53.56": 1, "10.0.53.162": 1, "10.0.53.175": 1, "10.0.53.189": 1, "10.0.50.180": 1, "10.0.50.237": 1, "10.0.50.240": 1, "10.0.54.241": 1, "10.0.54.157": 1, "10.0.57.187": 1, "10.0.57.195": 1, "10.0.57.169": 1, "10.0.56.213": 1, "10.0.57.250": 1, "10.0.57.242": 1, "10.0.55.42": 1, "10.0.58.30": 1, "10.0.56.88": 1, "10.0.56.209": 1, "10.0.58.91": 2, "10.0.55.69": 1, "10.0.56.147": 1, "10.0.54.221": 1, "10.0.58.107": 1, "10.0.58.169": 1, "10.0.58.173": 1, "10.0.56.96": 1, "10.0.58.230": 1, "10.0.60.78": 1, "10.0.60.162": 1, "10.0.59.43": 1, "10.0.61.143": 1, "10.0.61.159": 1, "10.0.60.101": 1, "10.0.61.202": 1, "10.0.60.210": 1, "10.0.61.88": 1, "10.0.61.249": 1, "10.0.62.1": 1, "10.0.62.13": 1, "10.0.60.86": 1, "10.0.62.26": 1, "10.0.62.43": 1, "10.0.59.17": 1, "10.0.61.120": 1, "10.0.61.8": 1, "10.0.61.94": 1, "10.0.59.29": 1, "10.0.60.25": 1, "10.0.60.104": 1, "10.0.62.161": 1, "10.0.62.181": 1, "10.0.61.128": 1, "10.0.58.253": 1, "10.0.62.147": 1, "10.0.62.222": 1, "10.0.63.108": 1, "10.0.63.161": 1, "10.0.64.102": 1, "10.0.65.139": 3, "10.0.65.161": 1, "10.0.65.164": 1, "10.0.64.31": 2, "10.0.66.4": 1, "10.0.65.200": 1, "10.0.64.3": 1, "10.0.66.58": 1, "10.0.63.70": 1, "10.0.66.72": 1, "10.0.63.243": 1, "10.0.63.97": 1, "10.0.66.112": 1, "10.0.66.125": 1, "10.0.66.83": 1, "10.0.63.233": 1, "10.0.66.239": 1, "10.0.66.253": 1, "10.0.66.3": 1, "10.0.63.219": 1, "10.0.63.160": 1, "10.0.67.184": 1, "10.0.68.125": 1, "10.0.68.17": 1, "10.0.68.68": 1, "10.0.69.44": 1, "10.0.69.15": 1, "10.0.69.249": 2, "10.0.69.80": 1, "10.0.70.80": 1, "10.0.69.196": 2, "10.0.70.116": 1, "10.0.70.0": 1, "10.0.70.148": 1, "10.0.70.10": 1, "10.0.70.85": 1, "10.0.69.9": 1, "10.0.68.241": 1, "10.0.68.179": 1, "10.0.68.1": 1, "10.0.70.255": 1, "10.0.70.179": 1, "10.0.71.17": 1, "10.0.68.37": 1, "10.0.68.197": 1, "10.0.69.246": 1, "10.0.67.232": 1, "10.0.68.133": 1, "10.0.68.121": 1, "10.0.69.70": 1, "10.0.71.190": 1, "10.0.68.119": 1, "10.0.71.95": 1, "10.0.70.109": 1, "10.0.69.217": 1, "10.0.68.165": 1}, "localIpTotalDuration": 286764.11030000006, "localIpDuration": {"10.0.42.144": 1792.0485, "10.0.45.85": 1792.0191, "10.0.45.129": 1785.0149, "10.0.45.141": 1750.0354, "10.0.45.154": 1798.5572, "10.0.42.173": 1799.0035, "10.0.44.160": 1757.1469, "10.0.44.149": 1765.2865, "10.0.43.16": 1756.975, "10.0.43.82": 1798.9776, "10.0.45.200": 1778.0383, "10.0.42.209": 1784.8644, "10.0.45.249": 1792.026, "10.0.42.87": 1786.7506, "10.0.45.253": 1797.6919, "10.0.46.121": 1791.8942, "10.0.47.125": 1771.0871, "10.0.49.119": 1757.0015, "10.0.48.145": 1799.0068, "10.0.47.173": 1746.0111, "10.0.48.105": 1799.5161, "10.0.49.179": 1777.5572, "10.0.49.200": 1784.6391, "10.0.49.212": 1777.5356, "10.0.47.16": 1791.6167, "10.0.47.37": 1792.0254, "10.0.48.123": 1785.0399, "10.0.49.214": 1799.0469, "10.0.49.111": 1798.1872, "10.0.49.58": 1791.5805, "10.0.46.181": 1779.0212, "10.0.50.74": 1799.4608, "10.0.50.171": 1779.6128, "10.0.50.136": 1785.058, "10.0.51.161": 1799.0167, "10.0.51.228": 1798.4978, "10.0.51.195": 1798.3699, "10.0.51.156": 1792.09, "10.0.52.200": 1700.9989, "10.0.51.75": 1784.5296, "10.0.53.56": 1792.0174, "10.0.53.162": 1791.5617, "10.0.53.175": 1778.436, "10.0.53.189": 1799.0375, "10.0.50.180": 1784.5978,