{"FIFA ONLINE 4 M": {"localIpCount": 1, "localIpFrequency": {"10.0.1.35": 1}, "localIpTotalDuration": 459.0064, "localIpDuration": {"10.0.1.35": 459.0064}}, "Roblox": {"localIpCount": 2, "localIpFrequency": {"10.0.1.20": 1, "10.0.0.221": 1}, "localIpTotalDuration": 828.0059, "localIpDuration": {"10.0.1.20": 134.9999, "10.0.0.221": 693.006}}, "Hay Day": {"localIpCount": 2, "localIpFrequency": {"10.0.0.138": 1, "10.0.0.33": 2}, "localIpTotalDuration": 290.9556, "localIpDuration": {"10.0.0.138": 105.0021, "10.0.0.33": 185.95350000000002}}, "Free Fire": {"localIpCount": 1, "localIpFrequency": {"10.0.0.173": 4}, "localIpTotalDuration": 6105.7762, "localIpDuration": {"10.0.0.173": 6105.7762}}, "League of Legends: Wild Rift": {"localIpCount": 1, "localIpFrequency": {"10.0.0.64": 2}, "localIpTotalDuration": 2146.0008000000003, "localIpDuration": {"10.0.0.64": 2146.0008000000003}}, "Hero Blaze: Three Kingdoms": {"localIpCount": 1, "localIpFrequency": {"10.0.0.46": 1}, "localIpTotalDuration": 11.9973, "localIpDuration": {"10.0.0.46": 11.9973}}, "Clash of Clan": {"localIpCount": 3, "localIpFrequency": {"10.0.0.76": 24, "10.0.0.48": 4, "10.0.1.42": 7}, "localIpTotalDuration": 20723.1292, "localIpDuration": {"10.0.0.76": 14996.004099999996, "10.0.0.48": 2247.1584, "10.0.1.42": 3479.9667}}, "PUBG Mobile": {"localIpCount": 34, "localIpFrequency": {"10.0.0.243": 5, "10.0.0.19": 2, "10.0.0.35": 1, "10.0.0.207": 6, "10.0.0.234": 1, "10.0.0.64": 16, "10.0.0.216": 1, "10.0.0.235": 11, "10.0.0.149": 5, "10.0.0.172": 5, "10.0.0.36": 1, "10.0.0.230": 8, "10.0.0.202": 3, "10.0.1.8": 3, "10.0.0.76": 3, "10.0.0.138": 6, "10.0.0.197": 7, "10.0.0.79": 3, "10.0.0.194": 7, "10.0.1.11": 1, "10.0.1.15": 13, "10.0.0.246": 1, "10.0.1.25": 3, "10.0.0.168": 1, "10.0.1.22": 1, "10.0.1.36": 1, "10.0.0.90": 1, "10.0.1.32": 3, "10.0.1.42": 5, "10.0.1.45": 6, "10.0.1.43": 2, "10.0.1.48": 3, "10.0.1.41": 1, "10.0.0.196": 1}, "localIpTotalDuration": 110988.60090000006, "localIpDuration": {"10.0.0.243": 2554.0337, "10.0.0.19": 1971.9759999999999, "10.0.0.35": 240.0014, "10.0.0.207": 8237.036, "10.0.0.234": 14.0003, "10.0.0.64": 15475.001799999998, "10.0.0.216": 1784.0006, "10.0.0.235": 7685.150100000001, "10.0.0.149": 2497.0094, "10.0.0.172": 5998.016299999999, "10.0.0.36": 230.0003, "10.0.0.230": 4877.0238, "10.0.0.202": 751.0315, "10.0.1.8": 2946.0075, "10.0.0.76": 522.0241000000001, "10.0.0.138": 6321.099999999999, "10.0.0.197": 3305.9910000000004, "10.0.0.79": 5217.0082, "10.0.0.194": 2565.0513, "10.0.1.11": 59.9997, "10.0.1.15": 12089.899399999998, "10.0.0.246": 1796.9989, "10.0.1.25": 3156.0119000000004, "10.0.0.168": 155.999, "10.0.1.22": 891.0055, "10.0.1.36": 1281.0076, "10.0.0.90": 1283.9917, "10.0.1.32": 2240.9629999999997, "10.0.1.42": 2967.1878, "10.0.1.45": 2816.9732000000004, "10.0.1.43": 3483.0303000000004, "10.0.1.48": 4106.9956999999995, "10.0.1.41": 1467.0738, "10.0.0.196": 0.0001}}, "New State Mobile": {"localIpCount": 1, "localIpFrequency": {"10.0.1.49": 1}, "localIpTotalDuration": 255.0193, "localIpDuration": {"10.0.1.49": 255.0193}}}