{"Roblox": {"localIpCount": 18, "localIpFrequency": {"10.0.7.21": 1, "10.0.7.95": 1, "10.0.7.105": 1, "10.0.7.112": 1, "10.0.7.167": 1, "10.0.7.174": 2, "10.0.5.64": 2, "10.0.7.203": 1, "10.0.8.103": 1, "10.0.1.220": 3, "10.0.8.228": 1, "10.0.8.55": 7, "10.0.6.103": 1, "10.0.10.133": 1, "10.0.9.217": 1, "10.0.13.243": 1, "10.0.14.66": 1, "10.0.14.230": 1}, "localIpTotalDuration": 21980.62589999999, "localIpDuration": {"10.0.7.21": 279.9987, "10.0.7.95": 210.0161, "10.0.7.105": 168.0054, "10.0.7.112": 1673.0008, "10.0.7.167": 1799.0011, "10.0.7.174": 3289.9754000000003, "10.0.5.64": 2051.0222, "10.0.7.203": 161.0023, "10.0.8.103": 1078.0358, "10.0.1.220": 966.0725, "10.0.8.228": 545.9824, "10.0.8.55": 8554.2998, "10.0.6.103": 147.0635, "10.0.10.133": 259.067, "10.0.9.217": 147.0182, "10.0.13.243": 168.0141, "10.0.14.66": 182.0121, "10.0.14.230": 301.0385}}, "Tennis Clash": {"localIpCount": 1, "localIpFrequency": {"10.0.12.146": 2}, "localIpTotalDuration": 496.98949999999996, "localIpDuration": {"10.0.12.146": 496.98949999999996}}, "Among us": {"localIpCount": 2, "localIpFrequency": {"10.0.8.4": 4, "10.0.10.159": 1}, "localIpTotalDuration": 6194.262, "localIpDuration": {"10.0.8.4": 4906.2081, "10.0.10.159": 1288.0539}}, "F1 Mobile Racing": {"localIpCount": 1, "localIpFrequency": {"10.0.3.28": 1}, "localIpTotalDuration": 272.9752, "localIpDuration": {"10.0.3.28": 272.9752}}, "PUBG Mobile": {"localIpCount": 177, "localIpFrequency": {"10.0.1.247": 1, "10.0.5.86": 1, "10.0.2.36": 1, "10.0.0.59": 1, "10.0.1.239": 1, "10.0.4.213": 1, "10.0.7.78": 1, "10.0.1.53": 1, "10.0.0.113": 1, "10.0.3.75": 1, "10.0.5.20": 1, "10.0.5.69": 1, "10.0.3.176": 1, "10.0.7.93": 3, "10.0.0.156": 2, "10.0.1.2": 3, "10.0.3.100": 1, "10.0.4.234": 1, "10.0.7.108": 1, "10.0.7.111": 1, "10.0.6.29": 1, "10.0.7.117": 1, "10.0.6.140": 2, "10.0.6.158": 1, "10.0.2.159": 1, "10.0.7.138": 1, "10.0.7.149": 1, "10.0.3.118": 1, "10.0.0.207": 1, "10.0.1.191": 1, "10.0.6.151": 1, "10.0.4.205": 2, "10.0.2.29": 1, "10.0.3.104": 1, "10.0.7.25": 1, "10.0.7.79": 1, "10.0.1.32": 1, "10.0.1.50": 1, "10.0.6.87": 2, "10.0.7.238": 2, "10.0.1.149": 1, "10.0.8.2": 1, "10.0.3.138": 1, "10.0.0.7": 1, "10.0.5.156": 1, "10.0.0.195": 1, "10.0.1.167": 1, "10.0.5.11": 1, "10.0.6.36": 1, "10.0.7.76": 1, "10.0.7.225": 1, "10.0.1.233": 1, "10.0.1.186": 3, "10.0.2.7": 1, "10.0.1.206": 1, "10.0.0.10": 1, "10.0.4.240": 1, "10.0.1.168": 1, "10.0.0.40": 2, "10.0.6.150": 1, "10.0.3.29": 1, "10.0.0.116": 1, "10.0.0.196": 1, "10.0.8.11": 1, "10.0.0.16": 1, "10.0.8.155": 9, "10.0.3.71": 1, "10.0.6.55": 1, "10.0.1.102": 1, "10.0.8.18": 2, "10.0.1.160": 1, "10.0.3.7": 1, "10.0.7.188": 1, "10.0.5.160": 1, "10.0.7.202": 1, "10.0.8.213": 1, "10.0.8.45": 1, "10.0.3.178": 3, "10.0.8.1": 1, "10.0.8.134": 1, "10.0.0.56": 1, "10.0.8.230": 1, "10.0.0.52": 1, "10.0.9.9": 1, "10.0.7.178": 1, "10.0.3.69": 1, "10.0.5.93": 1, "10.0.2.66": 2, "10.0.8.89": 1, "10.0.7.58": 1, "10.0.0.55": 1, "10.0.5.22": 1, "10.0.4.142": 1, "10.0.6.30": 2, "10.0.3.16": 2, "10.0.1.60": 1, "10.0.7.197": 1, "10.0.6.186": 1, "10.0.0.28": 1, "10.0.8.238": 1, "10.0.6.201": 1, "10.0.1.189": 2, "10.0.2.89": 1, "10.0.0.135": 1, "10.0.3.120": 1, "10.0.7.250": 1, "10.0.2.145": 1, "10.0.0.191": 1, "10.0.3.74": 1, "10.0.9.124": 1, "10.0.3.245": 1, "10.0.10.40": 1, "10.0.8.3": 1, "10.0.9.132": 1, "10.0.1.84": 1, "10.0.0.204": 1, "10.0.8.182": 1, "10.0.1.106": 1, "10.0.6.69": 1, "10.0.5.191": 1, "10.0.10.73": 1, "10.0.3.114": 1, "10.0.7.224": 1, "10.0.1.169": 1, "10.0.10.109": 1, "10.0.10.107": 1, "10.0.6.108": 1, "10.0.0.44": 1, "10.0.0.96": 1, "10.0.10.118": 1, "10.0.3.188": 1, "10.0.1.162": 1, "10.0.3.150": 1, "10.0.10.2": 1, "10.0.8.66": 1, "10.0.9.200": 1, "10.0.2.61": 1, "10.0.5.79": 1, "10.0.7.126": 1, "10.0.11.4": 1, "10.0.5.10": 1, "10.0.0.32": 1, "10.0.11.40": 1, "10.0.2.167": 1, "10.0.11.59": 1, "10.0.11.218": 1, "10.0.12.28": 1, "10.0.12.137": 1, "10.0.12.222": 1, "10.0.13.7": 1, "10.0.13.38": 1, "10.0.13.78": 1, "10.0.13.76": 1, "10.0.12.221": 1, "10.0.13.140": 1, "10.0.13.127": 2, "10.0.13.185": 1, "10.0.12.174": 1, "10.0.11.163": 1, "10.0.12.36": 1, "10.0.13.219": 1, "10.0.12.157": 1, "10.0.13.251": 1, "10.0.14.21": 1, "10.0.11.103": 1, "10.0.14.59": 1, "10.0.11.241": 1, "10.0.11.91": 1, "10.0.14.147": 1, "10.0.14.156": 1, "10.0.11.133": 1, "10.0.14.146": 1, "10.0.11.94": 1, "10.0.12.17": 1, "10.0.12.26": 1, "10.0.14.212": 1, "10.0.13.241": 1}, "localIpTotalDuration": 362684.29480000003, "localIpDuration": {"10.0.1.247": 1799.026, "10.0.5.86": 1776.4882, "10.0.2.36": 1771.0403, "10.0.0.59": 1764.1046, "10.0.1.239": 1778.0426, "10.0.4.213": 1771.2001, "10.0.7.78": 1778.0355, "10.0.1.53": 1799.0214, "10.0.0.113": 1770.542, "10.0.3.75": 1792.0345, "10.0.5.20": 1799.0087, "10.0.5.69": 1770.9963, "10.0.3.176": 1785.0119, "10.0.7.93": 5208.0354, "10.0.0.156": 3499.4246, "10.0.1.2": 5306.686900000001, "10.0.3.100": 1792.6538, "10.0.4.234": 1778.0042, "10.0.7.108": 1729.0035, "10.0.7.111": 1722.0003, "10.0.6.29": 1498.0013, "10.0.7.117": 1785.0115, "10.0.6.140": 3562.5588, "10.0.6.158": 1729.0024, "10.0.2.159": 1791.9987, "10.0.7.138": 1799.0189, "10.0.7.149": 1784.9972, "10.0.3.118": 1780.1938, "10.0.0.207": 1792.0387, "10.0.1.191": 1798.8717, "10.0.6.151": 1791.9465, "10.0.4.205": 3535.0764, "10.0.2.29": 1798.9892, "10.0.3.104": 1799.0313, "10.0.7.25": 1791.5879, "10.0.7.79": 1792.0352, "10.0.1.32": 1799.0231, "10.0.1.50": 1791.5005, "10.0.6.87": 3521.08, "10.0.7.238": 3598.0014, "10.0.1.149": 1799.0526, "10.0.8.2": 1785.0306, "10.0.3.138": 1771.0067, "10.0.0.7": 1742.9983, "10.0.5.156": 1714.9997, "10.0.0.195": 1799.0124, "10.0.1.167": 1798.5793, "10.0.5.11": 1799.0027, "10.0.6.36": 1567.5911, "10.0.7.76": 1771.008, "10.0.7.225": 1799.001, "10.0.1.233": 1798.9967, "10.0.1.186": 5361.972299999999, "10.0.2.7": 1799.0092, "10.0.1.206": 1778.1914, "10.0.0.10": 1784.9878, "10.0.4.240": 1799.1068, "10.0.1.168": 1792.1324, "10.0.0.40": 3597.566, "10.0.6.150": 1799.0558, "10.0.3.29": 1799.1019, "10.0.0.116": 1791.0636, "10.0.0.196": 1798.9948, "10.0.8.11": 1777.9963, "10.0.0.16": 1764.0225, "10.0.8.155": 15768.549099999998, "10.0.3.71": 1728.9869, "10.0.6.55": 1721.2858, "10.0.1.102": 1729.0026, "10.0.8.18": 3598.0166, "10.0.1.160": 1799.0058, "10.0.3.7": 1792.0015, "10.0.7.188": 1700.9998, "10.0.5.160": 1666.0011, "10.0.7.202": 1770.9983, "10.0.8.213": 1785.007, "10.0.8.45": 1764.0031, "10.0.3.178": 5376.1918, "10.0.8.1": 1791.986, "10.0.8.134": 1799.0413, "10.0.0.56": 1791.9796, "10.0.8.230": 1799.0118, "10.0.0.52": 1792.0522, "10.0.9.9": 1701.0205, "10.0.7.178": 1799.0541, "10.0.3.69": 1799.0481, "10.0.5.93": 1778.096, "10.0.2.66": 3514.036, "10.0.8.89": 1798.9956, "10.0.7.58": 1799.0117, "10.0.0.55": 1799.5727, "10.0.5.22": 1798.9467, "10.0.4.142": 1778.0244, "10.0.6.30": 3486.0221, "10.0.3.16": 3564.0359, "10.0.1.60": 1714.9962, "10.0.7.197": 1700.5917, "10.0.6.186": 1428.0112, "10.0.0.28": 1680.0084, "10.0.8.238": 1777.999, "10.0.6.201": 1568.0162, "10.0.1.189": 3556.0392, "10.0.2.89": 1680.0692, "10.0.0.135": 1750.0241, "10.0.3.120": 1799.0783, "10.0.7.250": 1792.0267, "10.0.2.145": 1756.9827, "10.0.0.191": 1799.1069, "10.0.3.74": 1791.9427, "10.0.9.124": 1798.9944, "10.0.3.245": 1792.0861, "10.0.10.40": 1735.5115, "10.0.8.3": 1799.0551, "10.0.9.132": 1764.0223, "10.0.1.84": 1756.9987, "10.0.0.204": 1778.0161, "10.0.8.182": 1792.0241, "10.0.1.106": 1729.0017, "10.0.6.69": 1729.0077, "10.0.5.191": 1799.0104, "10.0.10.73": 1624.016, "10.0.3.114": 1799.0049, "10.0.7.224": 1799.0257, "10.0.1.169": 1799.034, "10.0.10.109": 1799.4693, "10.0.10.107": 1741.5259, "10.0.6.108": 1792.04, "10.0.0.44": 1798.4334, "10.0.0.96": 1799.7993, "10.0.10.118": 1790.9871, "10.0.3.188": 1778.0432, "10.0.1.162": 1778.069, "10.0.3.150": 1784.5661, "10.0.10.2": 1798.9983, "10.0.8.66": 1799.0207, "10.0.9.200": 1771.0212, "10.0.2.61": 1743.0323, "10.0.5.79": 1764.0243, "10.0.7.126": 1798.9801, "10.0.11.4": 1799.6403, "10.0.5.10": 1798.9653, "10.0.0.32": 1799.0297, "10.0.11.40": 1757.0406,