{"Clash of Clan": {"localIpCount": 1, "localIpFrequency": {"10.0.0.140": 4}, "localIpTotalDuration": 1811.0033, "localIpDuration": {"10.0.0.140": 1811.0033}}, "Genshin Impact": {"localIpCount": 1, "localIpFrequency": {"10.0.0.140": 22}, "localIpTotalDuration": 9050.074800000002, "localIpDuration": {"10.0.0.140": 9050.074800000002}}, "FIFA Mobile": {"localIpCount": 1, "localIpFrequency": {"10.0.0.151": 3}, "localIpTotalDuration": 3836.0, "localIpDuration": {"10.0.0.151": 3836.0}}, "Free Fire": {"localIpCount": 2, "localIpFrequency": {"10.0.1.38": 2, "10.0.1.48": 4}, "localIpTotalDuration": 7963.999, "localIpDuration": {"10.0.1.38": 3042.9993, "10.0.1.48": 4920.9997}}, "Roblox (Game)": {"localIpCount": 1, "localIpFrequency": {"10.0.1.46": 1}, "localIpTotalDuration": 58.0002, "localIpDuration": {"10.0.1.46": 58.0002}}, "Roblox": {"localIpCount": 4, "localIpFrequency": {"10.0.1.36": 1, "10.0.1.40": 1, "10.0.1.46": 1, "10.0.0.151": 2}, "localIpTotalDuration": 3571.9982, "localIpDuration": {"10.0.1.36": 0.0, "10.0.1.40": 411.0, "10.0.1.46": 1298.9977, "10.0.0.151": 1862.0005}}, "PUBG Mobile": {"localIpCount": 3, "localIpFrequency": {"10.0.1.34": 1, "10.0.0.44": 1, "10.0.1.37": 1}, "localIpTotalDuration": 27.0012, "localIpDuration": {"10.0.1.34": 8.9982, "10.0.0.44": 0.0, "10.0.1.37": 18.003}}, "Valor Legends: Dog Rescue": {"localIpCount": 1, "localIpFrequency": {"10.0.0.151": 1}, "localIpTotalDuration": 341.0013, "localIpDuration": {"10.0.0.151": 341.0013}}}