{"Free Fire": {"localIpCount": 3, "localIpFrequency": {"10.0.2.240": 1, "10.0.3.159": 1, "10.0.3.227": 2}, "localIpTotalDuration": 2610.6046, "localIpDuration": {"10.0.2.240": 392.0009, "10.0.3.159": 265.9975, "10.0.3.227": 1952.6062000000002}}, "Clash Royale": {"localIpCount": 1, "localIpFrequency": {"10.0.2.91": 4}, "localIpTotalDuration": 21.006999999999998, "localIpDuration": {"10.0.2.91": 21.006999999999998}}, "Pok\u00e9mon Unite": {"localIpCount": 1, "localIpFrequency": {"10.0.3.186": 1}, "localIpTotalDuration": 0.0017, "localIpDuration": {"10.0.3.186": 0.0017}}, "Clash of Clan": {"localIpCount": 5, "localIpFrequency": {"10.0.3.183": 4, "10.0.2.158": 2, "10.0.2.252": 7, "10.0.4.165": 1, "10.0.0.20": 1}, "localIpTotalDuration": 3080.0054, "localIpDuration": {"10.0.3.183": 195.9961, "10.0.2.158": 0.0038, "10.0.2.252": 1854.9943, "10.0.4.165": 819.0113, "10.0.0.20": 209.9999}}, "League of Legends: Wild Rift": {"localIpCount": 1, "localIpFrequency": {"10.0.1.65": 1}, "localIpTotalDuration": 0.0, "localIpDuration": {"10.0.1.65": 0.0}}, "FIFA ONLINE 4 M": {"localIpCount": 1, "localIpFrequency": {"10.0.4.98": 1}, "localIpTotalDuration": 413.0028, "localIpDuration": {"10.0.4.98": 413.0028}}, "Brawl Stars": {"localIpCount": 1, "localIpFrequency": {"10.0.0.187": 1}, "localIpTotalDuration": 616.0007, "localIpDuration": {"10.0.0.187": 616.0007}}, "Candy Crush Saga": {"localIpCount": 4, "localIpFrequency": {"10.0.0.3": 1, "10.0.3.179": 2, "10.0.4.129": 1, "10.0.3.184": 1}, "localIpTotalDuration": 4256.020100000001, "localIpDuration": {"10.0.0.3": 748.9942, "10.0.3.179": 1750.0004, "10.0.4.129": 259.0211, "10.0.3.184": 1498.0044}}, "PUBG Mobile": {"localIpCount": 79, "localIpFrequency": {"10.0.2.92": 2, "10.0.2.154": 5, "10.0.3.107": 1, "10.0.2.252": 3, "10.0.3.80": 1, "10.0.3.251": 1, "10.0.3.204": 2, "10.0.3.231": 1, "10.0.2.173": 1, "10.0.3.242": 4, "10.0.3.113": 2, "10.0.3.233": 2, "10.0.0.52": 3, "10.0.3.9": 1, "10.0.3.254": 2, "10.0.3.163": 1, "10.0.4.38": 1, "10.0.4.14": 1, "10.0.0.228": 1, "10.0.3.207": 1, "10.0.2.155": 1, "10.0.4.43": 1, "10.0.0.39": 2, "10.0.3.53": 1, "10.0.3.205": 2, "10.0.4.45": 1, "10.0.4.54": 1, "10.0.4.41": 1, "10.0.0.159": 1, "10.0.2.215": 1, "10.0.4.58": 1, "10.0.3.133": 3, "10.0.4.60": 1, "10.0.4.31": 1, "10.0.2.157": 3, "10.0.2.255": 2, "10.0.4.3": 2, "10.0.3.224": 1, "10.0.4.57": 3, "10.0.3.222": 5, "10.0.1.69": 1, "10.0.0.58": 2, "10.0.4.1": 1, "10.0.3.97": 3, "10.0.1.112": 1, "10.0.4.63": 2, "10.0.3.170": 4, "10.0.4.77": 1, "10.0.0.69": 1, "10.0.0.68": 2, "10.0.4.50": 3, "10.0.4.90": 1, "10.0.3.197": 1, "10.0.1.77": 1, "10.0.4.95": 2, "10.0.3.201": 1, "10.0.1.36": 2, "10.0.4.42": 3, "10.0.4.105": 1, "10.0.0.51": 1, "10.0.4.96": 2, "10.0.4.73": 1, "10.0.4.0": 1, "10.0.4.2": 1, "10.0.4.15": 1, "10.0.3.235": 1, "10.0.4.137": 1, "10.0.4.88": 2, "10.0.4.144": 1, "10.0.3.226": 2, "10.0.4.110": 1, "10.0.3.192": 1, "10.0.4.149": 1, "10.0.4.102": 1, "10.0.4.151": 1, "10.0.4.46": 1, "10.0.3.240": 1, "10.0.4.164": 1, "10.0.4.118": 1}, "localIpTotalDuration": 197904.8983, "localIpDuration": {"10.0.2.92": 2785.5752, "10.0.2.154": 8757.0285, "10.0.3.107": 1792.0092, "10.0.2.252": 4557.0011, "10.0.3.80": 777.0011, "10.0.3.251": 699.9985, "10.0.3.204": 3443.9957, "10.0.3.231": 1791.9979, "10.0.2.173": 1603.001, "10.0.3.242": 6839.0791, "10.0.3.113": 3352.9996, "10.0.3.233": 3514.0026, "10.0.0.52": 3926.9965, "10.0.3.9": 1742.9971, "10.0.3.254": 3472.0007, "10.0.3.163": 1330.0005, "10.0.4.38": 1707.9961, "10.0.4.14": 1448.6167, "10.0.0.228": 1568.0028, "10.0.3.207": 1638.003, "10.0.2.155": 1763.9977, "10.0.4.43": 1546.9751, "10.0.0.39": 3542.0028, "10.0.3.53": 1763.9992, "10.0.3.205": 2128.0047, "10.0.4.45": 1134.0003, "10.0.4.54": 525.0008, "10.0.4.41": 462.0015, "10.0.0.159": 1778.0006, "10.0.2.215": 1533.0001, "10.0.4.58": 1770.9991, "10.0.3.133": 5096.0134, "10.0.4.60": 1610.0024, "10.0.4.31": 1770.9974, "10.0.2.157": 5368.5465, "10.0.2.255": 3114.9836, "10.0.4.3": 2800.0014, "10.0.3.224": 1672.9994, "10.0.4.57": 4179.0135, "10.0.3.222": 8070.9454000000005, "10.0.1.69": 1799.0119, "10.0.0.58": 2904.1675, "10.0.4.1": 1407.0042, "10.0.3.97": 4655.022, "10.0.1.112": 1757.0008, "10.0.4.63": 1939.0051999999998, "10.0.3.170": 5348.0288, "10.0.4.77": 1589.0036, "10.0.0.69": 1757.0038, "10.0.0.68": 3598.0082, "10.0.4.50": 5264.0176, "10.0.4.90": 1518.9988, "10.0.3.197": 1798.9992, "10.0.1.77": 1747.9643, "10.0.4.95": 3423.0039, "10.0.3.201": 706.8871, "10.0.1.36": 3276.0065, "10.0.4.42": 5110.0091, "10.0.4.105": 1421.0008, "10.0.0.51": 1736.0074, "10.0.4.96": 3577.0108, "10.0.4.73": 1771.0088, "10.0.4.0": 1651.5713, "10.0.4.2": 1799.013, "10.0.4.15": 1791.5623, "10.0.3.235": 1540.0017, "10.0.4.137": 1756.5905, "10.0.4.88": 2645.9925000000003, "10.0.4.144": 1722.0019, "10.0.3.226": 3289.5973000000004, "10.0.4.110": 1673.0034, "10.0.3.192": 1672.9993, "10.0.4.149": 1722.0038, "10.0.4.102": 1638.0017, "10.0.4.151": 1694.0069, "10.0.4.46": 1763.5722, "10.0.3.240": 1701.0094, "10.0.4.164": 1603.0071, "10.0.4.118": 1757.0059}}, "Roblox": {"localIpCount": 5, "localIpFrequency": {"10.0.3.94": 6, "10.0.3.188": 8, "10.0.2.50": 1, "10.0.0.187": 1, "10.0.4.120": 2}, "localIpTotalDuration": 21670.4405, "localIpDuration": {"10.0.3.94": 8083.3706, "10.0.3.188": 9219.0507, "10.0.2.50": 1511.9954, "10.0.0.187": 1197.0122, "10.0.4.120": 1659.0116}}}