{"Roblox": {"localIpCount": 1, "localIpFrequency": {"10.1.65.170": 3}, "localIpTotalDuration": 4129.6363, "localIpDuration": {"10.1.65.170": 4129.6363}}, "Free Fire": {"localIpCount": 7, "localIpFrequency": {"10.1.64.216": 1, "10.1.65.161": 1, "10.1.66.44": 2, "10.1.67.207": 1, "10.1.73.69": 1, "10.1.72.244": 1, "10.1.78.201": 1}, "localIpTotalDuration": 14096.324799999999, "localIpDuration": {"10.1.64.216": 1736.0928, "10.1.65.161": 1714.253, "10.1.66.44": 3575.563, "10.1.67.207": 1701.0394, "10.1.73.69": 1785.3706, "10.1.72.244": 1799.0327, "10.1.78.201": 1784.9733}}, "Clash of Clan": {"localIpCount": 1, "localIpFrequency": {"10.1.66.176": 1}, "localIpTotalDuration": 0.3774, "localIpDuration": {"10.1.66.176": 0.3774}}, "PUBG Mobile": {"localIpCount": 10, "localIpFrequency": {"10.1.64.132": 1, "10.1.65.216": 1, "10.1.66.102": 1, "10.1.66.108": 1, "10.1.70.103": 1, "10.1.65.119": 1, "10.1.72.247": 1, "10.1.73.20": 1, "10.1.78.165": 1, "10.1.78.189": 1}, "localIpTotalDuration": 17993.465300000003, "localIpDuration": {"10.1.64.132": 1799.4198, "10.1.65.216": 1799.9823, "10.1.66.102": 1798.909, "10.1.66.108": 1799.9934, "10.1.70.103": 1799.1007, "10.1.65.119": 1799.1982, "10.1.72.247": 1799.5507, "10.1.73.20": 1798.3085, "10.1.78.165": 1799.076, "10.1.78.189": 1799.9267}}, "Candy Crush Saga": {"localIpCount": 1, "localIpFrequency": {"10.1.64.241": 1}, "localIpTotalDuration": 853.0759, "localIpDuration": {"10.1.64.241": 853.0759}}}