{"Free Fire": {"localIpCount": 70, "localIpFrequency": {"10.0.15.25": 1, "10.0.16.103": 2, "10.0.17.169": 1, "10.0.17.192": 3, "10.0.17.215": 1, "10.0.17.216": 3, "10.0.18.4": 1, "10.0.18.0": 1, "10.0.17.229": 1, "10.0.18.240": 5, "10.0.19.173": 2, "10.0.20.234": 4, "10.0.21.117": 5, "10.0.21.133": 1, "10.0.20.60": 1, "10.0.21.230": 2, "10.0.22.69": 4, "10.0.22.122": 1, "10.0.22.197": 1, "10.0.23.150": 1, "10.0.24.32": 1, "10.0.25.82": 1, "10.0.22.222": 2, "10.0.25.111": 1, "10.0.25.114": 1, "10.0.25.132": 1, "10.0.26.157": 4, "10.0.26.222": 1, "10.0.28.102": 2, "10.0.28.208": 1, "10.0.27.186": 1, "10.0.29.87": 1, "10.0.29.101": 1, "10.0.29.141": 1, "10.0.29.157": 1, "10.0.29.197": 1, "10.0.27.47": 1, "10.0.30.5": 1, "10.0.31.224": 1, "10.0.30.212": 3, "10.0.32.53": 1, "10.0.32.43": 1, "10.0.33.13": 1, "10.0.33.21": 2, "10.0.33.29": 1, "10.0.31.50": 1, "10.0.33.159": 1, "10.0.33.163": 2, "10.0.34.4": 2, "10.0.34.135": 1, "10.0.35.117": 1, "10.0.35.214": 1, "10.0.36.64": 1, "10.0.37.24": 5, "10.0.35.13": 2, "10.0.37.92": 2, "10.0.35.142": 1, "10.0.35.240": 1, "10.0.34.158": 1, "10.0.37.220": 1, "10.0.37.37": 1, "10.0.41.50": 1, "10.0.41.111": 1, "10.0.41.148": 1, "10.0.41.162": 1, "10.0.39.187": 1, "10.0.41.187": 2, "10.0.41.197": 1, "10.0.42.31": 2, "10.0.42.61": 1}, "localIpTotalDuration": 147864.58979999993, "localIpDuration": {"10.0.15.25": 511.0232, "10.0.16.103": 3416.0813, "10.0.17.169": 475.9985, "10.0.17.192": 3843.3927000000003, "10.0.17.215": 1728.9993, "10.0.17.216": 5256.5386, "10.0.18.4": 1777.9886, "10.0.18.0": 370.5162, "10.0.17.229": 1799.0117, "10.0.18.240": 7230.5069, "10.0.19.173": 3472.084, "10.0.20.234": 5481.0823, "10.0.21.117": 8588.4717, "10.0.21.133": 1735.9979, "10.0.20.60": 476.0008, "10.0.21.230": 2296.1746000000003, "10.0.22.69": 5319.5777, "10.0.22.122": 1798.5813, "10.0.22.197": 1701.0175, "10.0.23.150": 1792.6296, "10.0.24.32": 951.386, "10.0.25.82": 342.9998, "10.0.22.222": 2582.9825, "10.0.25.111": 1728.9905, "10.0.25.114": 1707.9951, "10.0.25.132": 524.5275, "10.0.26.157": 6972.7647, "10.0.26.222": 1792.0071, "10.0.28.102": 1070.5885, "10.0.28.208": 1225.0038, "10.0.27.186": 1540.0535, "10.0.29.87": 1715.0031, "10.0.29.101": 1763.981, "10.0.29.141": 1798.9876, "10.0.29.157": 1792.021, "10.0.29.197": 1694.0421, "10.0.27.47": 281.9996, "10.0.30.5": 0.0, "10.0.31.224": 1757.0794, "10.0.30.212": 5200.4232999999995, "10.0.32.53": 1777.5804, "10.0.32.43": 293.9881, "10.0.33.13": 1764.0098, "10.0.33.21": 2876.5633, "10.0.33.29": 1728.5092, "10.0.31.50": 1505.0441, "10.0.33.159": 560.0211, "10.0.33.163": 1925.0315, "10.0.34.4": 3192.1459999999997, "10.0.34.135": 1771.0032, "10.0.35.117": 1771.0781, "10.0.35.214": 1749.8751, "10.0.36.64": 90.9867, "10.0.37.24": 7196.4223999999995, "10.0.35.13": 2527.0086, "10.0.37.92": 3395.0518, "10.0.35.142": 1399.4358, "10.0.35.240": 0.0, "10.0.34.158": 1561.0345, "10.0.37.220": 0.0095, "10.0.37.37": 1722.2026, "10.0.41.50": 0.0, "10.0.41.111": 0.0126, "10.0.41.148": 1799.019, "10.0.41.162": 1792.0226, "10.0.39.187": 1106.0077, "10.0.41.187": 2009.0055000000002, "10.0.41.197": 1782.7935, "10.0.42.31": 3353.1167, "10.0.42.61": 1701.0999}}, "Pok\u00e9mon Unite": {"localIpCount": 5, "localIpFrequency": {"10.0.18.5": 2, "10.0.23.173": 2, "10.0.29.235": 1, "10.0.30.17": 1, "10.0.35.38": 2}, "localIpTotalDuration": 8009.4654, "localIpDuration": {"10.0.18.5": 1527.0502, "10.0.23.173": 2590.1459999999997, "10.0.29.235": 7.0213, "10.0.30.17": 1337.0276, "10.0.35.38": 2548.2203}}, "Candy Crush Saga": {"localIpCount": 17, "localIpFrequency": {"10.0.15.40": 2, "10.0.18.10": 1, "10.0.15.204": 2, "10.0.17.4": 1, "10.0.15.165": 1, "10.0.19.189": 2, "10.0.21.42": 1, "10.0.21.125": 3, "10.0.19.43": 1, "10.0.19.36": 1, "10.0.22.190": 1, "10.0.26.138": 1, "10.0.31.176": 1, "10.0.31.233": 1, "10.0.34.137": 1, "10.0.41.95": 1, "10.0.41.41": 1}, "localIpTotalDuration": 17381.1796, "localIpDuration": {"10.0.15.40": 2653.0411999999997, "10.0.18.10": 966.0492, "10.0.15.204": 644.0912, "10.0.17.4": 0.0002, "10.0.15.165": 385.1114, "10.0.19.189": 539.1088, "10.0.21.42": 539.0033, "10.0.21.125": 3674.6450000000004, "10.0.19.43": 1427.4702, "10.0.19.36": 1750.0018, "10.0.22.190": 1267.024, "10.0.26.138": 924.1616, "10.0.31.176": 98.5214, "10.0.31.233": 1225.0177, "10.0.34.137": 14.048, "10.0.41.95": 1260.0227, "10.0.41.41": 13.8619}}, "Cover Fire": {"localIpCount": 1, "localIpFrequency": {"10.0.38.215": 1}, "localIpTotalDuration": 833.0618, "localIpDuration": {"10.0.38.215": 833.0618}}, "Roblox": {"localIpCount": 21, "localIpFrequency": {"10.0.15.162": 1, "10.0.18.27": 1, "10.0.18.75": 2, "10.0.17.97": 1, "10.0.18.148": 1, "10.0.18.151": 2, "10.0.21.178": 1, "10.0.28.213": 11, "10.0.29.239": 1, "10.0.32.198": 4, "10.0.33.141": 1, "10.0.33.182": 3, "10.0.34.40": 1, "10.0.36.220": 1, "10.0.37.96": 9, "10.0.37.173": 4, "10.0.37.172": 1, "10.0.37.219": 1, "10.0.41.39": 5, "10.0.41.0": 13, "10.0.42.30": 1}, "localIpTotalDuration": 104194.91640000003, "localIpDuration": {"10.0.15.162": 455.0591, "10.0.18.27": 413.0094, "10.0.18.75": 2485.0478, "10.0.17.97": 1379.034, "10.0.18.148": 1799.063, "10.0.18.151": 3598.0713, "10.0.21.178": 1176.0164, "10.0.28.213": 18319.311999999998, "10.0.29.239": 1799.0342, "10.0.32.198": 5683.2196, "10.0.33.141": 168.0458, "10.0.33.182": 4206.7243, "10.0.34.40": 1652.9391, "10.0.36.220": 966.0179, "10.0.37.96": 16173.920300000002, "10.0.37.173": 7188.2656, "10.0.37.172": 1799.0728, "10.0.37.219": 1798.5592, "10.0.41.39": 7952.1798, "10.0.41.0": 23384.7604, "10.0.42.30": 1797.5644}}, "PUBG Mobile": {"localIpCount": 207, "localIpFrequency": {"10.0.15.43": 1, "10.0.15.149": 1, "10.0.16.26": 1, "10.0.16.127": 1, "10.0.15.178": 1, "10.0.16.74": 1, "10.0.17.15": 1, "10.0.16.178": 1, "10.0.17.57": 1, "10.0.17.0": 2, "10.0.16.119": 1, "10.0.17.110": 1, "10.0.17.118": 1, "10.0.17.125": 1, "10.0.15.194": 1, "10.0.16.65": 1, "10.0.15.122": 1, "10.0.17.37": 1, "10.0.17.182": 1, "10.0.16.198": 1, "10.0.15.131": 1, "10.0.15.111": 1, "10.0.15.199": 1, "10.0.18.46": 1, "10.0.16.91": 1, "10.0.15.144": 1, "10.0.18.79": 1, "10.0.18.104": 1, "10.0.16.220": 1, "10.0.15.165": 1, "10.0.17.80": 1, "10.0.18.163": 1, "10.0.15.33": 1, "10.0.19.26": 1, "10.0.18.224": 1, "10.0.19.213": 1, "10.0.19.160": 1, "10.0.19.77": 1, "10.0.19.204": 1, "10.0.19.147": 1, "10.0.19.4": 1, "10.0.18.238": 1, "10.0.21.34": 1, "10.0.20.191": 1, "10.0.20.190": 1, "10.0.21.65": 1, "10.0.21.88": 1, "10.0.21.79": 1, "10.0.21.84": 1, "10.0.19.47": 1, "10.0.20.237": 1, "10.0.19.75": 1, "10.0.20.36": 1, "10.0.21.149": 1, "10.0.21.154": 1, "10.0.21.166": 1, "10.0.20.11": 1, "10.0.21.192": 1, "10.0.20.222": 1, "10.0.21.218": 1, "10.0.20.68": 1, "10.0.21.48": 1, "10.0.18.230": 1, "10.0.22.42": 1, "10.0.21.98": 1, "10.0.22.4": 1, "10.0.19.253": 1, "10.0.21.26": 1, "10.0.18.227": 1, "10.0.22.100": 1, "10.0.20.94": 1, "10.0.20.169": 1, "10.0.22.201": 1, "10.0.23.140": 1, "10.0.23.71": 1, "10.0.23.158": 1, "10.0.23.113": 1, "10.0.25.88": 1, "10.0.25.97": 1, "10.0.25.115": 1, "10.0.24.51": 1, "10.0.23.185": 1, "10.0.25.144": 1, "10.0.26.165": 1, "10.0.26.242": 1, "10.0.27.29": 1, "10.0.26.100": 1, "10.0.27.181": 1, "10.0.26.209": 1, "10.0.27.231": 1, "10.0.28.170": 1, "10.0.28.0": 1, "10.0.27.16": 1, "10.0.28.201": 1, "10.0.26.141": 1, "10.0.28.230": 1, "10.0.28.247": 1, "10.0.26.122": 1, "10.0.28.86": 1, "10.0.29.35": 1, "10.0.28.214": 1, "10.0.26.158": 1, "10.0.27.190": 1, "10.0.29.18": 1, "10.0.28.40": 1, "10.0.27.123": 1, "10.0.27.88": 1, "10.0.29.68": 1, "10.0.26.105": 1, "10.0.28.59": 1, "10.0.27.47": 1, "10.0.26.182": 1, "10.0.26.107": 1, "10.0.30.141": 1, "10.0.31.158": 1, "10.0.31.209": 1, "10.0.32.23": 1, "10.0.32.52": 1, "10.0.32.120": 1, "10.0.32.147": 1, "10.0.32.106": 1, "10.0.31.240": 1, "10.0.32.203": 1, "10.0.32.226": 1, "10.0.30.170": 1, "10.0.32.245": 1, "10.0.32.254": 1, "10.0.33.4": 1, "10.0.32.251": 1, "10.0.33.11": 1, "10.0.33.31": 1, "10.0.30.152": 1, "10.0.33.52": 1, "10.0.33.63": 1, "10.0.31.95": 1, "10.0.33.79": 1,