{"Among us": {"localIpCount": 2, "localIpFrequency": {"10.0.1.64": 1, "10.0.2.201": 1}, "localIpTotalDuration": 714.0271, "localIpDuration": {"10.0.1.64": 406.0032, "10.0.2.201": 308.0239}}, "Clash of Clan": {"localIpCount": 7, "localIpFrequency": {"10.0.5.98": 1, "10.0.1.8": 4, "10.0.1.187": 1, "10.0.1.167": 1, "10.0.2.106": 1, "10.0.0.130": 2, "10.0.0.167": 1}, "localIpTotalDuration": 6384.0272, "localIpDuration": {"10.0.5.98": 608.9747, "10.0.1.8": 1722.0518, "10.0.1.187": 209.9928, "10.0.1.167": 1190.0023, "10.0.2.106": 1329.9958, "10.0.0.130": 1309.0137, "10.0.0.167": 13.9961}}, "Candy Crush Saga": {"localIpCount": 1, "localIpFrequency": {"10.0.1.133": 1}, "localIpTotalDuration": 1435.0092, "localIpDuration": {"10.0.1.133": 1435.0092}}, "Clash Royale": {"localIpCount": 1, "localIpFrequency": {"10.0.1.210": 1}, "localIpTotalDuration": 7.0064, "localIpDuration": {"10.0.1.210": 7.0064}}, "NBA NOW 23": {"localIpCount": 1, "localIpFrequency": {"10.0.2.224": 1}, "localIpTotalDuration": 56.0415, "localIpDuration": {"10.0.2.224": 56.0415}}, "Free Fire": {"localIpCount": 7, "localIpFrequency": {"10.0.5.167": 2, "10.0.6.39": 1, "10.0.0.124": 2, "10.0.1.215": 1, "10.0.1.11": 5, "10.0.2.211": 1, "10.0.2.215": 6}, "localIpTotalDuration": 24569.035799999998, "localIpDuration": {"10.0.5.167": 1938.51, "10.0.6.39": 1722.0424, "10.0.0.124": 2918.9984, "10.0.1.215": 476.0077, "10.0.1.11": 8008.061, "10.0.2.211": 1764.0487, "10.0.2.215": 7741.3676000000005}}, "Roblox": {"localIpCount": 5, "localIpFrequency": {"10.0.0.146": 2, "10.0.6.22": 2, "10.0.0.82": 1, "10.0.1.220": 1, "10.0.2.43": 6}, "localIpTotalDuration": 16022.3724, "localIpDuration": {"10.0.0.146": 3591.3993, "10.0.6.22": 3596.5707, "10.0.0.82": 469.0316, "10.0.1.220": 294.0166, "10.0.2.43": 8071.3542}}, "PUBG Mobile": {"localIpCount": 56, "localIpFrequency": {"10.0.6.10": 1, "10.0.1.10": 1, "10.0.5.208": 1, "10.0.3.53": 1, "10.0.0.119": 1, "10.0.0.135": 1, "10.0.0.179": 1, "10.0.1.34": 1, "10.0.1.13": 2, "10.0.1.21": 1, "10.0.0.113": 3, "10.0.1.61": 1, "10.0.0.191": 1, "10.0.1.96": 1, "10.0.1.102": 3, "10.0.1.79": 1, "10.0.1.132": 1, "10.0.0.48": 1, "10.0.0.141": 1, "10.0.1.191": 1, "10.0.0.40": 1, "10.0.1.172": 3, "10.0.1.95": 1, "10.0.1.163": 1, "10.0.1.217": 1, "10.0.1.253": 1, "10.0.0.187": 1, "10.0.2.59": 1, "10.0.0.195": 1, "10.0.2.80": 1, "10.0.2.81": 1, "10.0.2.102": 1, "10.0.0.245": 1, "10.0.2.20": 1, "10.0.2.115": 1, "10.0.2.156": 1, "10.0.0.12": 1, "10.0.2.210": 1, "10.0.2.200": 1, "10.0.2.235": 1, "10.0.1.250": 1, "10.0.2.145": 1, "10.0.3.24": 1, "10.0.1.222": 1, "10.0.3.44": 1, "10.0.2.114": 1, "10.0.1.98": 1, "10.0.0.241": 1, "10.0.3.71": 1, "10.0.1.40": 1, "10.0.3.83": 1, "10.0.2.233": 1, "10.0.3.80": 1, "10.0.1.162": 1, "10.0.3.98": 1, "10.0.1.115": 1}, "localIpTotalDuration": 109236.962, "localIpDuration": {"10.0.6.10": 1757.0198, "10.0.1.10": 1799.022, "10.0.5.208": 1799.0311, "10.0.3.53": 1798.5954, "10.0.0.119": 1799.0356, "10.0.0.135": 1799.0046, "10.0.0.179": 1792.0008, "10.0.1.34": 1792.0166, "10.0.1.13": 3583.6135999999997, "10.0.1.21": 1757.0003, "10.0.0.113": 5354.4562, "10.0.1.61": 1770.9932, "10.0.0.191": 1574.991, "10.0.1.96": 1778.0043, "10.0.1.102": 4402.9989000000005, "10.0.1.79": 1351.002, "10.0.1.132": 1371.999, "10.0.0.48": 1777.9509, "10.0.0.141": 1721.9975, "10.0.1.191": 1792.0025, "10.0.0.40": 1798.5937, "10.0.1.172": 5298.5443000000005, "10.0.1.95": 1778.01, "10.0.1.163": 1784.9953, "10.0.1.217": 1776.9499, "10.0.1.253": 1757.0069, "10.0.0.187": 1749.5841, "10.0.2.59": 1784.572, "10.0.0.195": 1792.0286, "10.0.2.80": 1799.0044, "10.0.2.81": 1799.0321, "10.0.2.102": 1791.9994, "10.0.0.245": 1778.0359, "10.0.2.20": 1770.9999, "10.0.2.115": 1791.557, "10.0.2.156": 1799.0197, "10.0.0.12": 1743.0044, "10.0.2.210": 1799.029, "10.0.2.200": 1791.603, "10.0.2.235": 1792.0133, "10.0.1.250": 1777.4414, "10.0.2.145": 1785.0269, "10.0.3.24": 1777.9465, "10.0.1.222": 1778.011, "10.0.3.44": 1756.9877, "10.0.2.114": 1778.0371, "10.0.1.98": 1799.0154, "10.0.0.241": 1442.0032, "10.0.3.71": 1736.1615, "10.0.1.40": 1707.9996, "10.0.3.83": 1630.9979, "10.0.2.233": 1757.0017, "10.0.3.80": 1428.0037, "10.0.1.162": 1778.0061, "10.0.3.98": 1798.9981, "10.0.1.115": 1757.006}}}