{"Among us": {"localIpCount": 2, "localIpFrequency": {"10.1.127.34": 1, "10.1.137.24": 2}, "localIpTotalDuration": 4813.0675, "localIpDuration": {"10.1.127.34": 1676.7913, "10.1.137.24": 3136.2762000000002}}, "Free Fire": {"localIpCount": 80, "localIpFrequency": {"10.1.99.71": 1, "10.0.0.14": 4, "10.0.0.23": 12, "10.0.0.68": 13, "10.0.0.28": 3, "10.0.0.140": 1, "10.1.103.232": 1, "10.1.104.2": 3, "10.1.103.253": 1, "10.0.0.154": 7, "10.1.104.135": 3, "10.0.6.5": 1, "10.0.0.156": 1, "10.0.6.2": 1, "10.0.6.12": 14, "10.0.1.29": 1, "10.1.106.229": 1, "10.1.108.61": 1, "10.1.106.135": 1, "10.0.6.25": 4, "10.1.106.14": 2, "10.0.0.20": 5, "10.1.107.60": 1, "10.1.104.91": 1, "10.0.6.79": 3, "10.0.0.79": 2, "10.0.0.137": 2, "10.0.6.101": 2, "10.1.115.95": 1, "10.1.115.222": 1, "10.1.116.99": 1, "10.0.6.26": 3, "10.0.5.178": 4, "10.0.6.169": 2, "10.1.124.164": 1, "10.1.118.98": 1, "10.0.2.62": 1, "10.0.0.42": 4, "10.1.127.0": 1, "10.1.127.205": 1, "10.1.128.89": 1, "10.1.128.160": 1, "10.1.128.205": 3, "10.0.2.96": 1, "10.1.128.246": 1, "10.0.1.179": 2, "10.1.132.160": 1, "10.1.130.122": 2, "10.0.2.5": 2, "10.1.128.198": 3, "10.1.132.234": 1, "10.1.133.149": 1, "10.0.0.91": 1, "10.1.134.110": 1, "10.0.1.213": 1, "10.1.136.87": 1, "10.0.0.9": 2, "10.1.129.168": 1, "10.1.131.96": 1, "10.1.131.134": 1, "10.1.139.136": 2, "10.1.140.93": 1, "10.1.140.172": 1, "10.1.141.61": 2, "10.0.7.73": 1, "10.1.141.181": 1, "10.0.7.118": 2, "10.0.7.51": 1, "10.1.144.112": 1, "10.0.2.198": 1, "10.0.3.38": 1, "10.0.7.166": 1, "10.1.144.199": 1, "10.0.7.171": 1, "10.0.3.82": 1, "10.1.143.142": 2, "10.0.7.77": 3, "10.1.147.173": 1, "10.1.148.14": 1, "10.1.149.107": 1}, "localIpTotalDuration": 242333.84630000012, "localIpDuration": {"10.1.99.71": 1799.955, "10.0.0.14": 5795.9667, "10.0.0.23": 16849.0891, "10.0.0.68": 17331.222, "10.0.0.28": 5228.9974999999995, "10.0.0.140": 133.003, "10.1.103.232": 1743.004, "10.1.104.2": 5389.18, "10.1.103.253": 1790.8711, "10.0.0.154": 9443.0053, "10.1.104.135": 5293.886100000001, "10.0.6.5": 1756.9996, "10.0.0.156": 1771.0009, "10.0.6.2": 951.9816, "10.0.6.12": 17234.2792, "10.0.1.29": 1798.1655, "10.1.106.229": 1799.0651, "10.1.108.61": 1792.3038, "10.1.106.135": 1799.439, "10.0.6.25": 6404.7523, "10.1.106.14": 3480.4164, "10.0.0.20": 6670.5502, "10.1.107.60": 1797.3477, "10.1.104.91": 1798.687, "10.0.6.79": 3486.8068999999996, "10.0.0.79": 993.9833, "10.0.0.137": 1855.0300000000002, "10.0.6.101": 350.013, "10.1.115.95": 510.9764, "10.1.115.222": 1119.9609, "10.1.116.99": 1792.0041, "10.0.6.26": 5264.0049, "10.0.5.178": 7105.192300000001, "10.0.6.169": 1737.0291, "10.1.124.164": 1792.6015, "10.1.118.98": 1764.4332, "10.0.2.62": 1742.9896, "10.0.0.42": 5830.9716, "10.1.127.0": 1471.461, "10.1.127.205": 937.9769, "10.1.128.89": 1337.0162, "10.1.128.160": 1799.0154, "10.1.128.205": 5253.018, "10.0.2.96": 1777.9993, "10.1.128.246": 1799.041, "10.0.1.179": 3464.9926, "10.1.132.160": 1798.9108, "10.1.130.122": 3576.4083, "10.0.2.5": 3391.9426000000003, "10.1.128.198": 5356.0651, "10.1.132.234": 1791.8784, "10.1.133.149": 1789.8478, "10.0.0.91": 1714.9842, "10.1.134.110": 1785.3207, "10.0.1.213": 357.0535, "10.1.136.87": 1788.1923, "10.0.0.9": 1735.6423, "10.1.129.168": 1799.8464, "10.1.131.96": 1770.2839, "10.1.131.134": 1798.1174, "10.1.139.136": 3429.3812, "10.1.140.93": 1091.9157, "10.1.140.172": 867.9809, "10.1.141.61": 3570.1899000000003, "10.0.7.73": 153.9915, "10.1.141.181": 1799.1672, "10.0.7.118": 3479.007, "10.0.7.51": 167.9995, "10.1.144.112": 1737.1359, "10.0.2.198": 1763.9972, "10.0.3.38": 1693.6919, "10.0.7.166": 1785.017, "10.1.144.199": 1793.205, "10.0.7.171": 587.976, "10.0.3.82": 1792.0003, "10.1.143.142": 3585.3201, "10.0.7.77": 4180.0928, "10.1.147.173": 1779.3283, "10.1.148.14": 1789.6953, "10.1.149.107": 1792.5746}}, "Clash of Clan": {"localIpCount": 18, "localIpFrequency": {"10.0.0.207": 3, "10.0.0.44": 7, "10.1.107.184": 1, "10.1.104.70": 1, "10.0.0.172": 2, "10.0.0.9": 3, "10.1.110.2": 2, "10.0.5.153": 8, "10.1.123.19": 1, "10.0.5.98": 1, "10.1.128.106": 1, "10.1.128.232": 2, "10.1.130.202": 1, "10.0.5.21": 2, "10.1.141.161": 1, "10.0.2.93": 2, "10.1.146.70": 2, "10.1.147.130": 1}, "localIpTotalDuration": 22294.673399999996, "localIpDuration": {"10.0.0.207": 2051.0861, "10.0.0.44": 1827.8188, "10.1.107.184": 0.0, "10.1.104.70": 1344.7554, "10.0.0.172": 447.9938, "10.0.0.9": 574.0617, "10.1.110.2": 773.3058000000001, "10.0.5.153": 7028.0817, "10.1.123.19": 1370.635, "10.0.5.98": 1708.0008, "10.1.128.106": 188.99, "10.1.128.232": 1422.4083, "10.1.130.202": 1456.1524, "10.0.5.21": 0.0005, "10.1.141.161": 616.1517, "10.0.2.93": 63.0091, "10.1.146.70": 1390.5372, "10.1.147.130": 31.6851}}, "Clash Royale": {"localIpCount": 2, "localIpFrequency": {"10.0.0.9": 2, "10.0.4.123": 1}, "localIpTotalDuration": 3849.9483999999993, "localIpDuration": {"10.0.0.9": 2736.9772999999996, "10.0.4.123": 1112.9711}}, "Pok\u00e9mon GO": {"localIpCount": 1, "localIpFrequency": {"10.1.104.53": 1}, "localIpTotalDuration": 420.9565, "localIpDuration": {"10.1.104.53": 420.9565}}, "PUBG Mobile": {"localIpCount": 183, "localIpFrequency": {"10.0.5.181": 1, "10.0.0.65": 1, "10.0.5.223": 1, "10.0.0.75": 1, "10.0.0.115": 1, "10.0.5.220": 2, "10.0.0.127": 1, "10.0.4.214": 3, "10.0.5.107": 4, "10.0.3.138": 4, "10.0.5.252": 1, "10.0.4.211": 2, "10.0.0.141": 1, "10.0.1.83": 8, "10.1.103.75": 1, "10.0.6.0": 1, "10.1.103.92": 1, "10.0.5.135": 7, "10.1.103.199": 1, "10.1.103.127": 1, "10.1.103.72": 1, "10.0.1.219": 8, "10.1.104.124": 1, "10.0.4.148": 1, "10.0.0.162": 1, "10.0.5.109": 2, "10.0.3.41": 2, "10.0.2.45": 4, "10.0.2.44": 2, "10.0.0.196": 1, "10.1.107.159": 1, "10.0.6.14": 2, "10.1.108.19": 1, "10.0.0.40": 1, "10.1.104.254": 1, "10.0.5.230": 2, "10.1.107.173": 1, "10.0.0.215": 1, "10.0.3.24": 1, "10.1.106.193": 1, "10.0.0.227": 1, "10.1.110.54": 1, "10.0.3.25": 4, "10.0.3.189": 1, "10.0.0.238": 1, "10.0.6.52": 1, "10.0.1.216": 3, "10.0.0.231": 1, "10.1.105.255": 1, "10.0.3.180": 2, "10.1.106.63": 1, "10.0.2.5": 1, "10.0.1.20": 1, "10.1.104.179": 1, "10.0.1.137": 2, "10.1.105.59": 1, "10.0.1.19": 1, "10.1.110.197": 1, "10.0.3.1": 1, "10.0.0.182": 1, "10.0.1.54": 1, "10.0.3.75": 1, "10.0.4.212": 1, "10.0.1.92": 1, "10.0.5.165": 1, "10.1.115.73": 1, "10.0.4.14": 1, "10.1.115.187": 1, "10.0.6.100": 1, "10.1.115.246": 1, "10.0.1.106": 1, "10.0.6.106": 1, "10.1.116.113": 1, "10.0.1.63": 1, "10.1.116.152": 1, "10.0.1.116": 1, "10.0.6.96": 1, "10.0.1.121": 1, "10.0.5.21": 2, "10.0.5.40": 1, "10.0.6.18": 1, "10.0.1.67": 1, "10.0.1.26": 1, "10.0.6.130": 1, "10.0.6.69": 1, "10.0.6.144": 4, "10.0.6.57": 1, "10.0.6.147": 3, "10.0.0.224": 2, "10.0.5.255": 1, "10.0.1.209": 3, "10.0.6.138": 2, "10.0.4.154": 1, "10.1.124.80": 1, "10.0.1.249": 1, "10.0.4.68": 2, "10.0.6.195": 1, "10.0.6.196": 8, "10.0.1.65": 3, "10.0.3.241": 1, "10.1.126.147": 1, "10.1.125.100": 1, "10.0.6.214": 1, "10.0.3.26": 1, "10.0.2.81": 1, "10.0.2.82": 1, "10.0.6.103": 1, "10.1.127.175": 1, "10.1.127.188": 1, "10.0.6.245": 1, "10.0.2.86": 1, "10.1.128.73": 1, "10.0.6.248": 1, "10.0.2.90": 4, "10.1.128.35": 1, "10.1.128.214": 1, "10.1.127.227": 1, "10.0.6.240": 1, "10.1.129.122": 1, "10.0.2.3": 1, "10.0.3.126": 2, "10.1.131.6": 1, "10.0.2.31": 1, "10.1.130.105": 1, "10.1.132.207": 1, "10.0.6.127": 1, "10.1.132.74": 1, "10.0.2.244": 1, "10.0.2.139": 1, "10.1.131.103": 1, "10.0.6.89": 1, "10.1.133.240": 1, "10.0.6.178": 1, "10.1.134.226": 1, "10.0.0.8": 1, "10.0.2.79": 1, "10.0.4.93": 1, "10.1.136.162": 1, "10.1.137.190": 1, "10.1.133.117": 1, "10.1.136.255": 1, "10.0.2.250": 1, "10.1.137.205": 1, "10.1.139.149": 1, "10.0.2.88": 1, "10.1.138.251": 1, "10.1.137.218": 1, "10.0.3.45": 1, "10.0.3.23": 1, "10.1.127.187": 1, "10.0.1.73": 1, "10.1.140.39": 1, "10.0.7.114": 1, "10.0.7.68": 2, "10.1.140.144": 1, "10.1.141.21": 1, "10.1.141.5": 1, "10.0.3.39": 1, "10.1.141.50": 1, "10.0.7.121": 1, "10.1.141.196": 1, "10.0.2.150": 1, "10.0.5.22": 1, "10.0.1.238": 1, "10.0.7.142": 1, "10.1.144.28": 1,