{"Hay Day": {"localIpCount": 4, "localIpFrequency": {"10.0.0.33": 7, "10.0.0.64": 1, "10.0.0.138": 3, "10.0.0.171": 1}, "localIpTotalDuration": 5143.9515, "localIpDuration": {"10.0.0.33": 2863.9503999999997, "10.0.0.64": 0.0001, "10.0.0.138": 2280.001, "10.0.0.171": 0.0}}, "Brawl Stars": {"localIpCount": 1, "localIpFrequency": {"10.0.0.122": 1}, "localIpTotalDuration": 38.0014, "localIpDuration": {"10.0.0.122": 38.0014}}, "Hero Blaze: Three Kingdoms": {"localIpCount": 2, "localIpFrequency": {"10.0.0.46": 1, "10.0.0.160": 1}, "localIpTotalDuration": 742.0032, "localIpDuration": {"10.0.0.46": 0.0001, "10.0.0.160": 742.0031}}, "ZEPETO": {"localIpCount": 1, "localIpFrequency": {"10.0.0.129": 2}, "localIpTotalDuration": 1265.9993, "localIpDuration": {"10.0.0.129": 1265.9993}}, "Roblox (Game)": {"localIpCount": 4, "localIpFrequency": {"10.0.0.129": 2, "10.0.0.87": 1, "10.0.0.109": 1, "10.0.0.118": 1}, "localIpTotalDuration": 3364.0038999999997, "localIpDuration": {"10.0.0.129": 1688.0012, "10.0.0.87": 204.0008, "10.0.0.109": 1472.0001, "10.0.0.118": 0.0018}}, "Clash of Clan": {"localIpCount": 3, "localIpFrequency": {"10.0.0.76": 33, "10.0.0.48": 11, "10.0.0.67": 1}, "localIpTotalDuration": 22616.008599999997, "localIpDuration": {"10.0.0.76": 19898.009499999996, "10.0.0.48": 961.9989999999999, "10.0.0.67": 1756.0001}}, "Roblox": {"localIpCount": 7, "localIpFrequency": {"10.0.0.118": 2, "10.0.0.129": 2, "10.0.0.87": 1, "10.0.0.126": 2, "10.0.0.109": 1, "10.0.0.146": 1, "10.0.0.39": 1}, "localIpTotalDuration": 6278.008, "localIpDuration": {"10.0.0.118": 388.0016, "10.0.0.129": 2418.0003, "10.0.0.87": 574.0008, "10.0.0.126": 888.0001, "10.0.0.109": 1720.0029, "10.0.0.146": 140.0028, "10.0.0.39": 149.9995}}, "PUBG Mobile": {"localIpCount": 24, "localIpFrequency": {"10.0.0.19": 4, "10.0.0.115": 1, "10.0.0.82": 3, "10.0.0.120": 7, "10.0.0.108": 1, "10.0.0.25": 2, "10.0.0.79": 12, "10.0.0.64": 26, "10.0.0.90": 2, "10.0.0.128": 1, "10.0.0.111": 5, "10.0.0.76": 11, "10.0.0.125": 5, "10.0.0.140": 11, "10.0.0.143": 1, "10.0.0.149": 7, "10.0.0.138": 4, "10.0.0.164": 6, "10.0.0.172": 5, "10.0.0.182": 1, "10.0.0.38": 1, "10.0.0.186": 6, "10.0.0.178": 1, "10.0.0.130": 1}, "localIpTotalDuration": 99731.46420000002, "localIpDuration": {"10.0.0.19": 1781.9982, "10.0.0.115": 438.0015, "10.0.0.82": 4709.9996, "10.0.0.120": 6864.001, "10.0.0.108": 809.9993, "10.0.0.25": 514.002, "10.0.0.79": 6132.0031, "10.0.0.64": 24531.796000000002, "10.0.0.90": 1354.0026, "10.0.0.128": 230.0001, "10.0.0.111": 3685.9997, "10.0.0.76": 8687.584700000001, "10.0.0.125": 4082.0000999999997, "10.0.0.140": 5908.0701, "10.0.0.143": 164.0, "10.0.0.149": 4395.9996, "10.0.0.138": 4690.0028, "10.0.0.164": 4452.0036, "10.0.0.172": 4363.9991, "10.0.0.182": 674.0013, "10.0.0.38": 1778.0003, "10.0.0.186": 5985.9998000000005, "10.0.0.178": 1753.9999, "10.0.0.130": 1743.9998}}, "Free Fire": {"localIpCount": 2, "localIpFrequency": {"10.0.0.4": 2, "10.0.0.173": 4}, "localIpTotalDuration": 7582.0046999999995, "localIpDuration": {"10.0.0.4": 1056.002, "10.0.0.173": 6526.0027}}, "Random Dice: Defense": {"localIpCount": 1, "localIpFrequency": {"10.0.0.118": 1}, "localIpTotalDuration": 428.0038, "localIpDuration": {"10.0.0.118": 428.0038}}, "League of Legends: Wild Rift": {"localIpCount": 1, "localIpFrequency": {"10.0.0.124": 1}, "localIpTotalDuration": 175.9999, "localIpDuration": {"10.0.0.124": 175.9999}}}