{"Hay Day": {"localIpCount": 1, "localIpFrequency": {"10.0.0.3": 2}, "localIpTotalDuration": 49.0093, "localIpDuration": {"10.0.0.3": 49.0093}}, "Roblox": {"localIpCount": 5, "localIpFrequency": {"10.0.0.9": 2, "10.0.2.97": 2, "10.0.2.140": 1, "10.0.2.142": 1, "10.0.2.50": 1}, "localIpTotalDuration": 6845.2129, "localIpDuration": {"10.0.0.9": 3597.6035, "10.0.2.97": 2813.6128, "10.0.2.140": 140.0006, "10.0.2.142": 160.9992, "10.0.2.50": 132.9968}}, "Roblox (Game)": {"localIpCount": 2, "localIpFrequency": {"10.0.0.9": 2, "10.0.2.97": 1}, "localIpTotalDuration": 4087.9956, "localIpDuration": {"10.0.0.9": 2358.9957, "10.0.2.97": 1728.9999}}, "Ninja Must Die": {"localIpCount": 1, "localIpFrequency": {"10.0.2.137": 1}, "localIpTotalDuration": 168.0026, "localIpDuration": {"10.0.2.137": 168.0026}}, "PUBG Mobile": {"localIpCount": 17, "localIpFrequency": {"10.0.2.126": 1, "10.0.1.235": 2, "10.0.2.134": 2, "10.0.0.39": 1, "10.0.0.58": 1, "10.0.2.125": 1, "10.0.2.114": 1, "10.0.1.194": 3, "10.0.2.138": 1, "10.0.0.52": 1, "10.0.1.65": 2, "10.0.1.28": 6, "10.0.2.92": 2, "10.0.1.75": 1, "10.0.0.15": 1, "10.0.0.228": 1, "10.0.2.111": 1}, "localIpTotalDuration": 38128.6806, "localIpDuration": {"10.0.2.126": 1476.9996, "10.0.1.235": 1680.0006, "10.0.2.134": 2968.0098, "10.0.0.39": 1442.0027, "10.0.0.58": 1652.0018, "10.0.2.125": 1596.0008, "10.0.2.114": 1687.0027, "10.0.1.194": 4032.0085000000004, "10.0.2.138": 1232.0011, "10.0.0.52": 833.0007, "10.0.1.65": 3121.997, "10.0.1.28": 8602.6323, "10.0.2.92": 1932.0049999999999, "10.0.1.75": 1449.0018, "10.0.0.15": 1582.0038, "10.0.0.228": 1126.9971, "10.0.2.111": 1715.0153}}}