{"Roblox (Adopt Me!)": {"localIpCount": 1, "localIpFrequency": {"10.0.0.238": 1}, "localIpTotalDuration": 96.9997, "localIpDuration": {"10.0.0.238": 96.9997}}, "Hero Blaze: Three Kingdoms": {"localIpCount": 1, "localIpFrequency": {"10.0.0.125": 1}, "localIpTotalDuration": 28.0005, "localIpDuration": {"10.0.0.125": 28.0005}}, "PUBG Mobile": {"localIpCount": 15, "localIpFrequency": {"10.0.0.227": 2, "10.0.0.211": 15, "10.0.0.228": 1, "10.0.0.229": 5, "10.0.0.189": 1, "10.0.0.235": 5, "10.0.0.239": 1, "10.0.0.242": 1, "10.0.0.244": 1, "10.0.0.249": 4, "10.0.0.251": 2, "10.0.0.253": 2, "10.0.0.2": 2, "10.0.0.13": 1, "10.0.0.15": 8}, "localIpTotalDuration": 193276.2709, "localIpDuration": {"10.0.0.227": 5176.999900000001, "10.0.0.211": 70555.40620000001, "10.0.0.228": 8621.0005, "10.0.0.229": 9365.8689, "10.0.0.189": 15478.9992, "10.0.0.235": 11178.845099999999, "10.0.0.239": 7363.8974, "10.0.0.242": 3635.1528, "10.0.0.244": 4041.0008, "10.0.0.249": 7670.957, "10.0.0.251": 3876.9993999999997, "10.0.0.253": 8509.9992, "10.0.0.2": 10237.0018, "10.0.0.13": 12207.8471, "10.0.0.15": 15356.2956}}, "Clash of Clan": {"localIpCount": 2, "localIpFrequency": {"10.0.0.211": 10, "10.0.0.2": 3}, "localIpTotalDuration": 13193.4072, "localIpDuration": {"10.0.0.211": 5963.053000000001, "10.0.0.2": 7230.3542}}, "Roblox": {"localIpCount": 2, "localIpFrequency": {"10.0.0.234": 1, "10.0.0.238": 1}, "localIpTotalDuration": 772.0001, "localIpDuration": {"10.0.0.234": 344.0011, "10.0.0.238": 427.999}}}