{"Genshin Impact": {"localIpCount": 1, "localIpFrequency": {"10.0.0.12": 1}, "localIpTotalDuration": 0.003, "localIpDuration": {"10.0.0.12": 0.003}}, "Free Fire": {"localIpCount": 2, "localIpFrequency": {"10.0.0.218": 1, "10.0.0.223": 2}, "localIpTotalDuration": 2617.999, "localIpDuration": {"10.0.0.218": 230.0002, "10.0.0.223": 2387.9988000000003}}, "League of Legends: Wild Rift": {"localIpCount": 1, "localIpFrequency": {"10.0.0.64": 3}, "localIpTotalDuration": 2923.9996, "localIpDuration": {"10.0.0.64": 2923.9996}}, "Hero Blaze: Three Kingdoms": {"localIpCount": 1, "localIpFrequency": {"10.0.0.106": 2}, "localIpTotalDuration": 265.9988, "localIpDuration": {"10.0.0.106": 265.9988}}, "Clash of Clan": {"localIpCount": 2, "localIpFrequency": {"10.0.0.76": 34, "10.0.0.48": 12}, "localIpTotalDuration": 14332.001699999999, "localIpDuration": {"10.0.0.76": 11279.998399999999, "10.0.0.48": 3052.0033}}, "Roblox": {"localIpCount": 6, "localIpFrequency": {"10.0.0.198": 3, "10.0.0.206": 1, "10.0.0.126": 1, "10.0.0.221": 2, "10.0.0.118": 1, "10.0.0.233": 1}, "localIpTotalDuration": 3642.0042999999996, "localIpDuration": {"10.0.0.198": 316.0022, "10.0.0.206": 646.0016, "10.0.0.126": 1182.0004, "10.0.0.221": 126.0004, "10.0.0.118": 769.9995, "10.0.0.233": 602.0002}}, "Roblox (Game)": {"localIpCount": 3, "localIpFrequency": {"10.0.0.206": 1, "10.0.0.126": 1, "10.0.0.233": 1}, "localIpTotalDuration": 638.0037, "localIpDuration": {"10.0.0.206": 321.9994, "10.0.0.126": 40.0038, "10.0.0.233": 276.0005}}, "PUBG Mobile": {"localIpCount": 32, "localIpFrequency": {"10.0.0.172": 9, "10.0.0.149": 6, "10.0.0.178": 5, "10.0.0.182": 5, "10.0.0.64": 25, "10.0.0.197": 4, "10.0.0.196": 9, "10.0.0.79": 8, "10.0.0.186": 9, "10.0.0.201": 5, "10.0.0.140": 1, "10.0.0.204": 1, "10.0.0.207": 8, "10.0.0.76": 11, "10.0.0.19": 1, "10.0.0.194": 7, "10.0.0.125": 2, "10.0.0.214": 1, "10.0.0.202": 2, "10.0.0.220": 2, "10.0.0.90": 1, "10.0.0.198": 1, "10.0.0.138": 7, "10.0.0.227": 8, "10.0.0.230": 2, "10.0.0.235": 6, "10.0.0.234": 2, "10.0.0.38": 2, "10.0.0.241": 2, "10.0.0.248": 1, "10.0.0.243": 1, "10.0.0.246": 1}, "localIpTotalDuration": 151903.36460000003, "localIpDuration": {"10.0.0.172": 11476.002700000001, "10.0.0.149": 8192.0066, "10.0.0.178": 4619.6026, "10.0.0.182": 6344.0076, "10.0.0.64": 22146.012499999997, "10.0.0.197": 5278.132, "10.0.0.196": 4128.0075, "10.0.0.79": 9338.0079, "10.0.0.186": 10940.002799999998, "10.0.0.201": 3634.0002, "10.0.0.140": 1764.0009, "10.0.0.204": 1673.9987, "10.0.0.207": 7207.619000000001, "10.0.0.76": 8918.004399999998, "10.0.0.19": 210.0003, "10.0.0.194": 8927.949499999999, "10.0.0.125": 32.001599999999996, "10.0.0.214": 473.9996, "10.0.0.202": 215.9987, "10.0.0.220": 1284.0012000000002, "10.0.0.90": 238.0006, "10.0.0.198": 1629.9998, "10.0.0.138": 6222.0031, "10.0.0.227": 9685.9992, "10.0.0.230": 1926.0009, "10.0.0.235": 7892.000800000001, "10.0.0.234": 3248.0019, "10.0.0.38": 1878.001, "10.0.0.241": 97.9995, "10.0.0.248": 428.0013, "10.0.0.243": 440.0003, "10.0.0.246": 1413.9999}}, "Hay Day": {"localIpCount": 2, "localIpFrequency": {"10.0.0.138": 3, "10.0.0.33": 1}, "localIpTotalDuration": 226.0016, "localIpDuration": {"10.0.0.138": 204.0009, "10.0.0.33": 22.0007}}}