{"Genshin Impact": {"localIpCount": 1, "localIpFrequency": {"10.0.0.140": 180}, "localIpTotalDuration": 117937.93669999993, "localIpDuration": {"10.0.0.140": 117937.93669999993}}, "Roblox": {"localIpCount": 5, "localIpFrequency": {"10.0.0.234": 1, "10.0.0.229": 2, "10.0.1.35": 1, "10.0.1.36": 2, "10.0.0.231": 1}, "localIpTotalDuration": 4547.1011, "localIpDuration": {"10.0.0.234": 384.0504, "10.0.0.229": 1706.0511, "10.0.1.35": 0.0, "10.0.1.36": 1880.9996999999998, "10.0.0.231": 575.9999}}, "Hero Blaze: Three Kingdoms": {"localIpCount": 2, "localIpFrequency": {"10.0.0.9": 3, "10.0.0.24": 1}, "localIpTotalDuration": 115.0044, "localIpDuration": {"10.0.0.9": 55.001400000000004, "10.0.0.24": 60.003}}, "Free Fire": {"localIpCount": 1, "localIpFrequency": {"10.0.1.38": 9}, "localIpTotalDuration": 10450.001799999998, "localIpDuration": {"10.0.1.38": 10450.001799999998}}, "PUBG Mobile": {"localIpCount": 15, "localIpFrequency": {"10.0.0.237": 18, "10.0.0.172": 6, "10.0.0.238": 10, "10.0.0.249": 2, "10.0.0.235": 3, "10.0.1.2": 13, "10.0.0.189": 1, "10.0.1.3": 4, "10.0.1.19": 6, "10.0.1.23": 5, "10.0.1.25": 5, "10.0.1.26": 1, "10.0.0.233": 1, "10.0.1.37": 1, "10.0.0.137": 2}, "localIpTotalDuration": 78273.6798, "localIpDuration": {"10.0.0.237": 20265.310299999997, "10.0.0.172": 4283.8442000000005, "10.0.0.238": 11643.0754, "10.0.0.249": 2852.1008, "10.0.0.235": 3163.0489, "10.0.1.2": 15535.2504, "10.0.0.189": 25.0497, "10.0.1.3": 4302.0001, "10.0.1.19": 3550.9992, "10.0.1.23": 4604.001200000001, "10.0.1.25": 4417.9977, "10.0.1.26": 689.9999, "10.0.0.233": 302.0012, "10.0.1.37": 19.0005, "10.0.0.137": 2620.0002999999997}}, "Roblox (Game)": {"localIpCount": 1, "localIpFrequency": {"10.0.1.36": 2}, "localIpTotalDuration": 1065.0049999999999, "localIpDuration": {"10.0.1.36": 1065.0049999999999}}, "Clash of Clan": {"localIpCount": 5, "localIpFrequency": {"10.0.0.237": 6, "10.0.0.140": 21, "10.0.1.2": 6, "10.0.0.252": 4, "10.0.1.25": 1}, "localIpTotalDuration": 10786.8675, "localIpDuration": {"10.0.0.237": 2653.455, "10.0.0.140": 5792.766300000001, "10.0.1.2": 937.5942, "10.0.0.252": 1403.0520000000001, "10.0.1.25": 0.0}}, "Modern Combat": {"localIpCount": 1, "localIpFrequency": {"10.0.0.4": 1}, "localIpTotalDuration": 0.0001, "localIpDuration": {"10.0.0.4": 0.0001}}, "Asphalt 9: Legends": {"localIpCount": 1, "localIpFrequency": {"10.0.0.4": 1}, "localIpTotalDuration": 439.8993, "localIpDuration": {"10.0.0.4": 439.8993}}, "Brawl Stars": {"localIpCount": 2, "localIpFrequency": {"10.0.0.246": 1, "10.0.1.6": 1}, "localIpTotalDuration": 1428.1011, "localIpDuration": {"10.0.0.246": 251.0499, "10.0.1.6": 1177.0512}}}