{"Minecraft": {"localIpCount": 10, "localIpFrequency": {"10.1.125.4": 5, "10.1.127.73": 1, "10.1.134.213": 1, "10.1.148.96": 2, "10.1.142.206": 2, "10.1.161.101": 2, "10.1.166.150": 1, "10.1.171.17": 1, "10.1.183.159": 2, "10.1.184.91": 1}, "localIpTotalDuration": 17011.7976, "localIpDuration": {"10.1.125.4": 5207.4586, "10.1.127.73": 413.1101, "10.1.134.213": 1547.0916, "10.1.148.96": 616.0500000000001, "10.1.142.206": 2416.2285, "10.1.161.101": 2029.9056, "10.1.166.150": 763.9143, "10.1.171.17": 1477.0185, "10.1.183.159": 2113.9755999999998, "10.1.184.91": 427.0448}}, "Clash of Clan": {"localIpCount": 9, "localIpFrequency": {"10.1.127.37": 1, "10.1.125.3": 1, "10.1.130.206": 1, "10.1.143.62": 1, "10.1.145.5": 1, "10.1.145.174": 2, "10.1.143.41": 1, "10.1.153.171": 1, "10.1.175.30": 1}, "localIpTotalDuration": 8003.753, "localIpDuration": {"10.1.127.37": 1645.3887, "10.1.125.3": 1498.0825, "10.1.130.206": 1518.8943, "10.1.143.62": 92.4028, "10.1.145.5": 798.5657, "10.1.145.174": 7.1448, "10.1.143.41": 966.0016, "10.1.153.171": 0.0007, "10.1.175.30": 1477.2719}}, "Among us": {"localIpCount": 3, "localIpFrequency": {"10.1.126.160": 1, "10.1.171.120": 2, "10.1.174.204": 1}, "localIpTotalDuration": 4102.7652, "localIpDuration": {"10.1.126.160": 84.3813, "10.1.171.120": 2744.1848, "10.1.174.204": 1274.1991}}, "Roblox": {"localIpCount": 12, "localIpFrequency": {"10.1.125.96": 1, "10.1.127.162": 1, "10.1.130.177": 1, "10.1.130.129": 1, "10.1.131.95": 2, "10.1.134.125": 1, "10.1.145.42": 1, "10.1.148.81": 2, "10.1.160.37": 2, "10.1.166.33": 1, "10.1.166.156": 1, "10.1.183.168": 2}, "localIpTotalDuration": 15206.394900000001, "localIpDuration": {"10.1.125.96": 714.1427, "10.1.127.162": 1106.0351, "10.1.130.177": 1799.0913, "10.1.130.129": 405.9708, "10.1.131.95": 3590.7586, "10.1.134.125": 147.1058, "10.1.145.42": 0.2587, "10.1.148.81": 1386.2741, "10.1.160.37": 2842.1547, "10.1.166.33": 1106.0984, "10.1.166.156": 329.0719, "10.1.183.168": 1779.4328}}, "The Walking Dead: All-Stars": {"localIpCount": 1, "localIpFrequency": {"10.1.162.87": 1}, "localIpTotalDuration": 0.0016, "localIpDuration": {"10.1.162.87": 0.0016}}, "HATSUNE MIKU: COLORFUL STAGE!": {"localIpCount": 1, "localIpFrequency": {"10.1.126.251": 1}, "localIpTotalDuration": 735.3205, "localIpDuration": {"10.1.126.251": 735.3205}}, "Candy Crush Saga": {"localIpCount": 2, "localIpFrequency": {"10.1.169.8": 1, "10.1.170.65": 1}, "localIpTotalDuration": 2322.9205, "localIpDuration": {"10.1.169.8": 1588.9831, "10.1.170.65": 733.9374}}, "Cookie Run: Kingdom": {"localIpCount": 1, "localIpFrequency": {"10.1.130.129": 1}, "localIpTotalDuration": 1295.0687, "localIpDuration": {"10.1.130.129": 1295.0687}}, "Clash Royale": {"localIpCount": 1, "localIpFrequency": {"10.1.181.45": 1}, "localIpTotalDuration": 0.0115, "localIpDuration": {"10.1.181.45": 0.0115}}, "Free Fire": {"localIpCount": 32, "localIpFrequency": {"10.1.124.208": 2, "10.1.125.5": 1, "10.1.126.78": 2, "10.1.125.164": 1, "10.1.130.175": 2, "10.1.130.163": 1, "10.1.127.113": 1, "10.1.132.169": 1, "10.1.142.168": 2, "10.1.143.118": 1, "10.1.148.47": 1, "10.1.148.113": 1, "10.1.145.196": 1, "10.1.142.206": 1, "10.1.156.250": 1, "10.1.157.40": 1, "10.1.157.53": 1, "10.1.165.207": 1, "10.1.162.241": 1, "10.1.166.129": 2, "10.1.165.219": 1, "10.1.166.151": 1, "10.1.174.222": 1, "10.1.174.141": 1, "10.1.175.1": 2, "10.1.169.56": 1, "10.1.175.112": 1, "10.1.168.243": 1, "10.1.180.39": 2, "10.1.183.211": 1, "10.1.183.218": 1, "10.1.179.235": 1}, "localIpTotalDuration": 64756.504, "localIpDuration": {"10.1.124.208": 3577.864, "10.1.125.5": 1799.239, "10.1.126.78": 3537.6873, "10.1.125.164": 1794.1205, "10.1.130.175": 3486.7787, "10.1.130.163": 1792.0316, "10.1.127.113": 1624.0598, "10.1.132.169": 1791.8212, "10.1.142.168": 3577.7686000000003, "10.1.143.118": 1799.1785, "10.1.148.47": 1686.998, "10.1.148.113": 434.0515, "10.1.145.196": 469.0616, "10.1.142.206": 1792.0763, "10.1.156.250": 455.0137, "10.1.157.40": 1799.0835, "10.1.157.53": 1763.4515, "10.1.165.207": 1798.4048, "10.1.162.241": 1729.184, "10.1.166.129": 3577.0656, "10.1.165.219": 1799.1933, "10.1.166.151": 1771.3109, "10.1.174.222": 1799.8117, "10.1.174.141": 1379.04, "10.1.175.1": 3535.1818000000003, "10.1.169.56": 1792.527, "10.1.175.112": 1799.0869, "10.1.168.243": 1679.923, "10.1.180.39": 3596.1539000000002, "10.1.183.211": 1791.5687, "10.1.183.218": 1728.6064, "10.1.179.235": 1799.1607}}, "Genshin Impact": {"localIpCount": 3, "localIpFrequency": {"10.1.126.173": 1, "10.1.160.133": 1, "10.1.161.33": 1}, "localIpTotalDuration": 511.8322, "localIpDuration": {"10.1.126.173": 189.8673, "10.1.160.133": 161.1456, "10.1.161.33": 160.8193}}, "PUBG Mobile": {"localIpCount": 44, "localIpFrequency": {"10.1.124.201": 1, "10.1.125.236": 1, "10.1.125.211": 1, "10.1.127.27": 1, "10.1.125.35": 1, "10.1.128.52": 1, "10.1.130.205": 1, "10.1.131.22": 1, "10.1.127.214": 1, "10.1.131.50": 1, "10.1.131.104": 1, "10.1.128.143": 1, "10.1.135.54": 1, "10.1.142.109": 1, "10.1.144.214": 1, "10.1.144.5": 1, "10.1.146.161": 1, "10.1.145.72": 1, "10.1.148.100": 1, "10.1.147.179": 1, "10.1.147.152": 1, "10.1.145.37": 1, "10.1.154.83": 1, "10.1.157.20": 1, "10.1.155.195": 1, "10.1.157.82": 1, "10.1.165.229": 1, "10.1.166.20": 1, "10.1.166.109": 1, "10.1.166.57": 1, "10.1.160.216": 1, "10.1.163.107": 1, "10.1.169.34": 1, "10.1.170.79": 1, "10.1.173.11": 1, "10.1.174.145": 1, "10.1.175.75": 1, "10.1.175.129": 1, "10.1.175.161": 1, "10.1.183.187": 1, "10.1.183.217": 1, "10.1.183.209": 1, "10.1.184.0": 1, "10.1.178.250": 1}, "localIpTotalDuration": 79157.6666, "localIpDuration": {"10.1.124.201": 1799.5836, "10.1.125.236": 1799.0106, "10.1.125.211": 1799.8554, "10.1.127.27": 1798.1844, "10.1.125.35": 1798.448, "10.1.128.52": 1799.0129, "10.1.130.205": 1799.1345, "10.1.131.22": 1799.208, "10.1.127.214": 1798.7609, "10.1.131.50": 1799.8782, "10.1.131.104": 1796.1219, "10.1.128.143": 1799.7902, "10.1.135.54": 1799.3778, "10.1.142.109": 1799.9599, "10.1.144.214": 1799.568, "10.1.144.5": 1799.407, "10.1.146.161": 1799.7717, "10.1.145.72": 1798.5677, "10.1.148.100": 1798.6038, "10.1.147.179": 1798.5501, "10.1.147.152": 1798.722, "10.1.145.37": 1799.163, "10.1.154.83": 1799.076, "10.1.157.20": 1798.4515, "10.1.155.195": 1799.6077, "10.1.157.82": 1799.3289, "10.1.165.229": 1799.1041, "10.1.166.20": 1799.9564, "10.1.166.109": 1799.2677, "10.1.166.57": 1798.5349, "10.1.160.216": 1798.7873, "10.1.163.107": 1798.6615, "10.1.169.34": 1799.0289, "10.1.170.79": 1798.3003, "10.1.173.11": 1798.3529, "10.1.174.145": 1799.9427, "10.1.175.75": 1799.259, "10.1.175.129": 1799.2922, "10.1.175.161": 1798.6063, "10.1.183.187": 1799.0514, "10.1.183.217": 1798.6179, "10.1.183.209": 1798.6021, "10.1.184.0": 1799.9363, "10.1.178.250": 1799.221}}, "Pok\u00e9mon Unite": {"localIpCount": 3, "localIpFrequency": {"10.1.127.51": 1, "10.1.127.142": 1, "10.1.131.68": 1}, "localIpTotalDuration": 2954.884, "localIpDuration": {"10.1.127.51": 1330.3737, "10.1.127.142": 931.3044, "10.1.131.68": 693.2059}}}