{"Pok\u00e9mon GO": {"localIpCount": 1, "localIpFrequency": {"10.0.2.238": 3}, "localIpTotalDuration": 1876.0027, "localIpDuration": {"10.0.2.238": 1876.0027}}, "PUBG Mobile": {"localIpCount": 54, "localIpFrequency": {"10.0.2.63": 3, "10.0.1.235": 9, "10.0.2.134": 1, "10.0.2.154": 16, "10.0.1.65": 8, "10.0.2.197": 2, "10.0.0.58": 6, "10.0.2.111": 3, "10.0.1.77": 8, "10.0.1.218": 4, "10.0.2.92": 11, "10.0.2.222": 2, "10.0.1.221": 1, "10.0.0.159": 6, "10.0.2.173": 3, "10.0.0.39": 5, "10.0.1.75": 12, "10.0.2.25": 5, "10.0.2.229": 11, "10.0.2.220": 2, "10.0.1.36": 18, "10.0.1.69": 5, "10.0.2.168": 3, "10.0.2.155": 4, "10.0.2.72": 5, "10.0.2.102": 1, "10.0.1.13": 14, "10.0.2.124": 6, "10.0.1.232": 1, "10.0.2.157": 3, "10.0.2.215": 3, "10.0.2.149": 1, "10.0.2.43": 1, "10.0.1.166": 2, "10.0.0.15": 4, "10.0.2.252": 4, "10.0.0.228": 3, "10.0.0.68": 1, "10.0.3.16": 2, "10.0.2.250": 1, "10.0.2.201": 1, "10.0.3.29": 3, "10.0.3.36": 1, "10.0.3.9": 2, "10.0.3.45": 1, "10.0.0.52": 2, "10.0.0.19": 2, "10.0.2.114": 1, "10.0.3.53": 2, "10.0.3.55": 2, "10.0.2.228": 1, "10.0.0.163": 1, "10.0.1.206": 1, "10.0.0.102": 1}, "localIpTotalDuration": 271038.14200000005, "localIpDuration": {"10.0.2.63": 4990.998799999999, "10.0.1.235": 9330.971500000001, "10.0.2.134": 1701.0023, "10.0.2.154": 23982.014, "10.0.1.65": 10542.0138, "10.0.2.197": 3044.9970000000003, "10.0.0.58": 7391.613400000001, "10.0.2.111": 3758.9983, "10.0.1.77": 8428.0151, "10.0.1.218": 3605.0165, "10.0.2.92": 14672.017199999998, "10.0.2.222": 2800.002, "10.0.1.221": 42.0532, "10.0.0.159": 6909.0009, "10.0.2.173": 4648.0066, "10.0.0.39": 6985.9830999999995, "10.0.1.75": 14091.181600000002, "10.0.2.25": 5340.2258, "10.0.2.229": 15211.062400000003, "10.0.2.220": 2940.0089, "10.0.1.36": 25255.5454, "10.0.1.69": 6650.0010999999995, "10.0.2.168": 4179.0032, "10.0.2.155": 5452.9997, "10.0.2.72": 3485.995, "10.0.2.102": 7.0514, "10.0.1.13": 12536.3456, "10.0.2.124": 3941.3091999999997, "10.0.1.232": 1295.0014, "10.0.2.157": 3836.0036, "10.0.2.215": 2492.0039, "10.0.2.149": 1750.0023, "10.0.2.43": 112.0015, "10.0.1.166": 1743.004, "10.0.0.15": 4109.0012, "10.0.2.252": 4857.9999, "10.0.0.228": 4739.0058, "10.0.0.68": 1610.0019, "10.0.3.16": 2121.0021, "10.0.2.250": 77.0024, "10.0.2.201": 1491.0061, "10.0.3.29": 4648.0039, "10.0.3.36": 1728.9979, "10.0.3.9": 1764.0027, "10.0.3.45": 1288.002, "10.0.0.52": 3227.005, "10.0.0.19": 2428.6641, "10.0.2.114": 1785.0003, "10.0.3.53": 3318.0028, "10.0.3.55": 2751.0011, "10.0.2.228": 735.0003, "10.0.0.163": 1763.9992, "10.0.1.206": 1784.9943, "10.0.0.102": 1658.9993}}, "Hay Day": {"localIpCount": 1, "localIpFrequency": {"10.0.1.69": 5}, "localIpTotalDuration": 1939.3785, "localIpDuration": {"10.0.1.69": 1939.3785}}, "Clash of Clan": {"localIpCount": 3, "localIpFrequency": {"10.0.2.158": 5, "10.0.0.15": 23, "10.0.2.249": 8}, "localIpTotalDuration": 19403.9971, "localIpDuration": {"10.0.2.158": 14.0031, "10.0.0.15": 15357.980700000002, "10.0.2.249": 4032.0132999999996}}, "FIFA ONLINE 4 M": {"localIpCount": 1, "localIpFrequency": {"10.0.2.224": 1}, "localIpTotalDuration": 0.0, "localIpDuration": {"10.0.2.224": 0.0}}, "New State Mobile": {"localIpCount": 1, "localIpFrequency": {"10.0.3.2": 1}, "localIpTotalDuration": 55.9994, "localIpDuration": {"10.0.3.2": 55.9994}}, "Roblox (Game)": {"localIpCount": 3, "localIpFrequency": {"10.0.0.9": 10, "10.0.2.224": 2, "10.0.2.230": 1}, "localIpTotalDuration": 17198.643000000004, "localIpDuration": {"10.0.0.9": 15133.6349, "10.0.2.224": 2051.0068, "10.0.2.230": 14.0013}}, "FIFA Mobile": {"localIpCount": 2, "localIpFrequency": {"10.0.2.224": 3, "10.0.2.234": 1}, "localIpTotalDuration": 2702.0007, "localIpDuration": {"10.0.2.224": 2499.0007, "10.0.2.234": 203.0}}, "Candy Crush Saga": {"localIpCount": 3, "localIpFrequency": {"10.0.0.3": 2, "10.0.2.151": 2, "10.0.2.92": 2}, "localIpTotalDuration": 4543.0236, "localIpDuration": {"10.0.0.3": 1084.9985000000001, "10.0.2.151": 1596.0181, "10.0.2.92": 1862.007}}, "League of Legends: Wild Rift": {"localIpCount": 1, "localIpFrequency": {"10.0.1.65": 2}, "localIpTotalDuration": 13.6251, "localIpDuration": {"10.0.1.65": 13.6251}}, "HATSUNE MIKU: COLORFUL STAGE!": {"localIpCount": 1, "localIpFrequency": {"10.0.1.206": 1}, "localIpTotalDuration": 126.0011, "localIpDuration": {"10.0.1.206": 126.0011}}, "Roblox": {"localIpCount": 13, "localIpFrequency": {"10.0.0.9": 21, "10.0.2.224": 5, "10.0.2.230": 1, "10.0.2.234": 2, "10.0.2.238": 6, "10.0.2.253": 2, "10.0.3.1": 1, "10.0.3.7": 1, "10.0.0.187": 3, "10.0.3.26": 9, "10.0.3.28": 1, "10.0.3.57": 1, "10.0.3.67": 4}, "localIpTotalDuration": 75661.71790000002, "localIpDuration": {"10.0.0.9": 31132.889600000002, "10.0.2.224": 5858.2487, "10.0.2.230": 168.0028, "10.0.2.234": 560.0011, "10.0.2.238": 8804.3622, "10.0.2.253": 3590.2325, "10.0.3.1": 1099.0002, "10.0.3.7": 0.0041, "10.0.0.187": 910.0126, "10.0.3.26": 14396.9545, "10.0.3.28": 1729.0022, "10.0.3.57": 1798.998, "10.0.3.67": 5614.009400000001}}, "Zombie High School": {"localIpCount": 1, "localIpFrequency": {"10.0.0.187": 1}, "localIpTotalDuration": 413.037, "localIpDuration": {"10.0.0.187": 413.037}}, "Clash Royale": {"localIpCount": 1, "localIpFrequency": {"10.0.2.91": 4}, "localIpTotalDuration": 90.9996, "localIpDuration": {"10.0.2.91": 90.9996}}, "Free Fire": {"localIpCount": 3, "localIpFrequency": {"10.0.2.216": 1, "10.0.2.245": 2, "10.0.2.240": 15}, "localIpTotalDuration": 22407.0084, "localIpDuration": {"10.0.2.216": 280.0017, "10.0.2.245": 1897.0034999999998, "10.0.2.240": 20230.0032}}, "Modern Combat": {"localIpCount": 1, "localIpFrequency": {"10.0.2.127": 2}, "localIpTotalDuration": 2205.0031, "localIpDuration": {"10.0.2.127": 2205.0031}}, "Hero Blaze: Three Kingdoms": {"localIpCount": 2, "localIpFrequency": {"10.0.2.96": 1, "10.0.0.121": 1}, "localIpTotalDuration": 966.0013, "localIpDuration": {"10.0.2.96": 917.0028, "10.0.0.121": 48.9985}}}