{"Free Fire": {"localIpCount": 14, "localIpFrequency": {"10.1.14.7": 2, "10.1.13.109": 1, "10.1.12.198": 1, "10.1.11.230": 2, "10.1.18.242": 4, "10.1.20.2": 1, "10.1.20.103": 1, "10.1.19.56": 2, "10.1.24.131": 3, "10.1.24.82": 1, "10.1.20.63": 2, "10.1.20.115": 2, "10.1.20.178": 1, "10.1.26.121": 1}, "localIpTotalDuration": 40419.16260000001, "localIpDuration": {"10.1.14.7": 3591.0843999999997, "10.1.13.109": 1771.0668, "10.1.12.198": 1771.0523, "10.1.11.230": 3568.9723000000004, "10.1.18.242": 6979.146900000001, "10.1.20.2": 1798.4611, "10.1.20.103": 1799.2575, "10.1.19.56": 1946.1461, "10.1.24.131": 4745.9842, "10.1.24.82": 1799.0681, "10.1.20.63": 3594.9448, "10.1.20.115": 3484.5539, "10.1.20.178": 1791.2296, "10.1.26.121": 1778.1946}}, "Pok\u00e9mon Unite": {"localIpCount": 1, "localIpFrequency": {"10.1.16.190": 2}, "localIpTotalDuration": 2766.1137, "localIpDuration": {"10.1.16.190": 2766.1137}}, "TFT: Teamfight Tactics": {"localIpCount": 1, "localIpFrequency": {"10.1.23.141": 2}, "localIpTotalDuration": 1274.0953, "localIpDuration": {"10.1.23.141": 1274.0953}}, "Candy Crush Saga": {"localIpCount": 1, "localIpFrequency": {"10.1.22.156": 1}, "localIpTotalDuration": 0.34, "localIpDuration": {"10.1.22.156": 0.34}}, "PUBG Mobile": {"localIpCount": 25, "localIpFrequency": {"10.1.13.145": 1, "10.1.16.71": 1, "10.1.12.183": 1, "10.1.13.56": 1, "10.1.15.141": 1, "10.1.11.70": 1, "10.1.19.17": 1, "10.1.18.247": 1, "10.1.19.2": 1, "10.1.19.63": 1, "10.1.23.227": 1, "10.1.18.208": 1, "10.1.24.40": 1, "10.1.20.209": 1, "10.1.20.64": 1, "10.1.18.217": 1, "10.1.24.173": 1, "10.1.20.98": 1, "10.1.24.234": 1, "10.1.19.108": 1, "10.1.24.162": 1, "10.1.24.59": 1, "10.1.21.174": 1, "10.1.24.122": 1, "10.1.26.142": 1}, "localIpTotalDuration": 44974.226, "localIpDuration": {"10.1.13.145": 1799.8477, "10.1.16.71": 1797.4529, "10.1.12.183": 1799.1094, "10.1.13.56": 1798.166, "10.1.15.141": 1799.256, "10.1.11.70": 1798.5423, "10.1.19.17": 1799.9625, "10.1.18.247": 1798.7099, "10.1.19.2": 1799.9401, "10.1.19.63": 1799.0407, "10.1.23.227": 1798.6303, "10.1.18.208": 1799.1018, "10.1.24.40": 1798.6248, "10.1.20.209": 1799.5012, "10.1.20.64": 1798.4736, "10.1.18.217": 1798.668, "10.1.24.173": 1799.2747, "10.1.20.98": 1798.5571, "10.1.24.234": 1799.3318, "10.1.19.108": 1798.4425, "10.1.24.162": 1799.8339, "10.1.24.59": 1799.9913, "10.1.21.174": 1797.5568, "10.1.24.122": 1798.733, "10.1.26.142": 1799.4777}}, "Roblox": {"localIpCount": 1, "localIpFrequency": {"10.1.22.6": 2}, "localIpTotalDuration": 2519.7781, "localIpDuration": {"10.1.22.6": 2519.7781}}, "Pok\u00e9mon GO": {"localIpCount": 1, "localIpFrequency": {"10.1.24.63": 1}, "localIpTotalDuration": 203.0458, "localIpDuration": {"10.1.24.63": 203.0458}}, "Minecraft": {"localIpCount": 2, "localIpFrequency": {"10.1.16.34": 2, "10.1.25.100": 1}, "localIpTotalDuration": 1806.2764000000002, "localIpDuration": {"10.1.16.34": 1638.1138, "10.1.25.100": 168.1626}}, "Clash of Clan": {"localIpCount": 6, "localIpFrequency": {"10.1.11.131": 1, "10.1.19.219": 1, "10.1.24.44": 1, "10.1.24.115": 1, "10.1.19.103": 1, "10.1.20.110": 1}, "localIpTotalDuration": 1554.8458, "localIpDuration": {"10.1.11.131": 1267.7079, "10.1.19.219": 0.0001, "10.1.24.44": 0.003, "10.1.24.115": 0.001, "10.1.19.103": 7.098, "10.1.20.110": 280.0358}}, "Modern Combat": {"localIpCount": 1, "localIpFrequency": {"10.1.11.131": 1}, "localIpTotalDuration": 1392.9737, "localIpDuration": {"10.1.11.131": 1392.9737}}, "Asphalt 9: Legends": {"localIpCount": 1, "localIpFrequency": {"10.1.11.131": 1}, "localIpTotalDuration": 1399.768, "localIpDuration": {"10.1.11.131": 1399.768}}, "\ud0d5\ud0d5\ud2b9\uacf5\ub300": {"localIpCount": 1, "localIpFrequency": {"10.1.24.5": 1}, "localIpTotalDuration": 1050.114, "localIpDuration": {"10.1.24.5": 1050.114}}, "League of Legends: Wild Rift": {"localIpCount": 1, "localIpFrequency": {"10.1.23.141": 1}, "localIpTotalDuration": 0.0028, "localIpDuration": {"10.1.23.141": 0.0028}}, "Clash Royale": {"localIpCount": 1, "localIpFrequency": {"10.1.21.1": 1}, "localIpTotalDuration": 0.0008, "localIpDuration": {"10.1.21.1": 0.0008}}, "Hero Blaze: Three Kingdoms": {"localIpCount": 1, "localIpFrequency": {"10.1.24.5": 1}, "localIpTotalDuration": 42.0258, "localIpDuration": {"10.1.24.5": 42.0258}}, "New State Mobile": {"localIpCount": 2, "localIpFrequency": {"10.1.16.62": 2, "10.1.20.223": 1}, "localIpTotalDuration": 1240.0974999999999, "localIpDuration": {"10.1.16.62": 1140.9850999999999, "10.1.20.223": 99.1124}}}