{"Roblox (Adopt Me!)": {"localIpCount": 2, "localIpFrequency": {"10.0.0.50": 1, "10.0.0.27": 1}, "localIpTotalDuration": 261.2549, "localIpDuration": {"10.0.0.50": 121.0004, "10.0.0.27": 140.2545}}, "Roblox": {"localIpCount": 2, "localIpFrequency": {"10.0.0.50": 1, "10.0.0.27": 1}, "localIpTotalDuration": 2076.0499, "localIpDuration": {"10.0.0.50": 589.9983, "10.0.0.27": 1486.0516}}, "Genshin Impact": {"localIpCount": 1, "localIpFrequency": {"10.0.0.36": 1}, "localIpTotalDuration": 309.1534, "localIpDuration": {"10.0.0.36": 309.1534}}, "Clash of Clan": {"localIpCount": 4, "localIpFrequency": {"10.0.0.2": 3, "10.0.0.21": 6, "10.0.0.29": 4, "10.0.0.33": 20}, "localIpTotalDuration": 58419.1446, "localIpDuration": {"10.0.0.2": 2864.1032000000005, "10.0.0.21": 8786.2379, "10.0.0.29": 4592.1035, "10.0.0.33": 42176.69999999999}}, "PUBG Mobile": {"localIpCount": 14, "localIpFrequency": {"10.0.0.15": 1, "10.0.0.2": 5, "10.0.0.20": 2, "10.0.0.22": 6, "10.0.0.21": 3, "10.0.0.28": 5, "10.0.0.29": 5, "10.0.0.32": 2, "10.0.0.33": 13, "10.0.0.37": 5, "10.0.0.41": 2, "10.0.0.43": 3, "10.0.0.45": 1, "10.0.0.49": 3}, "localIpTotalDuration": 174679.71630000006, "localIpDuration": {"10.0.0.15": 1600.0002, "10.0.0.2": 28887.303999999996, "10.0.0.20": 3731.0987999999998, "10.0.0.22": 17166.3911, "10.0.0.21": 13953.849400000001, "10.0.0.28": 8589.1424, "10.0.0.29": 10206.457699999999, "10.0.0.32": 2569.0518, "10.0.0.33": 48631.8762, "10.0.0.37": 8275.2467, "10.0.0.41": 4549.4295, "10.0.0.43": 3981.0101, "10.0.0.45": 17458.0507, "10.0.0.49": 5080.807699999999}}, "Hero Blaze: Three Kingdoms": {"localIpCount": 2, "localIpFrequency": {"10.0.0.24": 2, "10.0.0.9": 7}, "localIpTotalDuration": 7967.5169, "localIpDuration": {"10.0.0.24": 153.7657, "10.0.0.9": 7813.7512}}}