{"Genshin Impact": {"localIpCount": 2, "localIpFrequency": {"10.0.0.230": 37, "10.0.0.244": 8}, "localIpTotalDuration": 158334.7062, "localIpDuration": {"10.0.0.230": 144211.50490000003, "10.0.0.244": 14123.201299999999}}, "Clash of Clan": {"localIpCount": 2, "localIpFrequency": {"10.0.0.230": 5, "10.0.0.244": 1}, "localIpTotalDuration": 1183.8104, "localIpDuration": {"10.0.0.230": 1091.8612, "10.0.0.244": 91.9492}}, "PUBG Mobile": {"localIpCount": 16, "localIpFrequency": {"10.0.0.236": 3, "10.0.0.243": 3, "10.0.0.248": 5, "10.0.0.226": 1, "10.0.0.230": 2, "10.0.0.237": 1, "10.0.0.252": 3, "10.0.0.253": 3, "10.0.0.254": 3, "10.0.0.255": 1, "10.0.1.0": 2, "10.0.1.4": 1, "10.0.1.5": 2, "10.0.1.10": 1, "10.0.1.11": 1, "10.0.1.12": 3}, "localIpTotalDuration": 260303.52890000003, "localIpDuration": {"10.0.0.236": 3840.1965999999998, "10.0.0.243": 62598.999200000006, "10.0.0.248": 58063.4542, "10.0.0.226": 371.0011, "10.0.0.230": 1471.0527, "10.0.0.237": 1107.0002, "10.0.0.252": 21222.050000000003, "10.0.0.253": 8775.3328, "10.0.0.254": 7761.2824, "10.0.0.255": 9178.5545, "10.0.1.0": 3868.9489, "10.0.1.4": 8607.8977, "10.0.1.5": 65915.4641, "10.0.1.10": 1816.2456, "10.0.1.11": 1948.0001, "10.0.1.12": 3758.0488}}, "Roblox": {"localIpCount": 1, "localIpFrequency": {"10.0.0.211": 2}, "localIpTotalDuration": 2388.2565, "localIpDuration": {"10.0.0.211": 2388.2565}}, "Hero Blaze: Three Kingdoms": {"localIpCount": 1, "localIpFrequency": {"10.0.0.160": 2}, "localIpTotalDuration": 78.65830000000001, "localIpDuration": {"10.0.0.160": 78.65830000000001}}, "Roblox (Adopt Me!)": {"localIpCount": 1, "localIpFrequency": {"10.0.0.211": 2}, "localIpTotalDuration": 1369.8156999999999, "localIpDuration": {"10.0.0.211": 1369.8156999999999}}}