{"Candy Crush Saga": {"localIpCount": 7, "localIpFrequency": {"10.2.3.49": 1, "10.2.12.170": 1, "10.2.12.244": 1, "10.2.13.32": 1, "10.2.23.241": 1, "10.2.24.1": 1, "10.2.64.83": 1}, "localIpTotalDuration": 10102.2666, "localIpDuration": {"10.2.3.49": 1749.3178, "10.2.12.170": 1777.9672, "10.2.12.244": 1709.067, "10.2.13.32": 671.9389, "10.2.23.241": 1448.9791, "10.2.24.1": 1414.8791, "10.2.64.83": 1330.1175}}, "Among us": {"localIpCount": 5, "localIpFrequency": {"10.2.1.89": 4, "10.2.12.252": 3, "10.2.23.158": 5, "10.2.42.140": 2, "10.2.65.53": 2}, "localIpTotalDuration": 11905.954800000001, "localIpDuration": {"10.2.1.89": 4220.1008, "10.2.12.252": 2037.2426, "10.2.23.158": 3387.47, "10.2.42.140": 0.0033, "10.2.65.53": 2261.1381}}, "Minecraft": {"localIpCount": 9, "localIpFrequency": {"10.2.3.54": 1, "10.2.15.26": 1, "10.2.19.64": 1, "10.2.29.86": 2, "10.2.49.126": 1, "10.2.56.229": 1, "10.2.60.95": 1, "10.2.56.33": 1, "10.2.70.137": 1}, "localIpTotalDuration": 9331.1562, "localIpDuration": {"10.2.3.54": 1260.9417, "10.2.15.26": 0.0003, "10.2.19.64": 147.1754, "10.2.29.86": 2197.9972, "10.2.49.126": 476.0385, "10.2.56.229": 7.0772, "10.2.60.95": 1764.1905, "10.2.56.33": 1790.7459, "10.2.70.137": 1686.9895}}, "Train Station 2: Railroad Game": {"localIpCount": 1, "localIpFrequency": {"10.2.1.124": 1}, "localIpTotalDuration": 196.5362, "localIpDuration": {"10.2.1.124": 196.5362}}, "Genshin Impact": {"localIpCount": 1, "localIpFrequency": {"10.2.2.159": 2}, "localIpTotalDuration": 1428.6066999999998, "localIpDuration": {"10.2.2.159": 1428.6066999999998}}, "League of Legends: Wild Rift": {"localIpCount": 3, "localIpFrequency": {"10.2.2.152": 1, "10.2.31.231": 1, "10.2.52.229": 1}, "localIpTotalDuration": 392.2962, "localIpDuration": {"10.2.2.152": 13.6549, "10.2.31.231": 294.6844, "10.2.52.229": 83.9569}}, "Asphalt 9: Legends": {"localIpCount": 1, "localIpFrequency": {"10.2.3.135": 1}, "localIpTotalDuration": 505.2519, "localIpDuration": {"10.2.3.135": 505.2519}}, "PUBG Mobile": {"localIpCount": 35, "localIpFrequency": {"10.2.1.224": 1, "10.2.2.214": 1, "10.2.2.244": 1, "10.2.4.51": 1, "10.2.2.150": 1, "10.2.5.18": 1, "10.2.11.2": 1, "10.2.12.236": 1, "10.2.13.141": 1, "10.2.14.223": 1, "10.2.15.149": 1, "10.2.18.199": 1, "10.2.19.23": 1, "10.2.12.124": 1, "10.2.29.62": 1, "10.2.29.71": 1, "10.2.26.187": 1, "10.2.29.142": 1, "10.2.31.105": 1, "10.2.29.37": 1, "10.2.49.168": 1, "10.2.45.10": 1, "10.2.49.243": 1, "10.2.49.145": 1, "10.2.53.128": 1, "10.2.55.90": 1, "10.2.58.93": 1, "10.2.59.253": 1, "10.2.60.40": 1, "10.2.55.164": 1, "10.2.54.123": 1, "10.2.70.75": 1, "10.2.70.112": 1, "10.2.70.96": 1, "10.2.66.133": 1}, "localIpTotalDuration": 62961.44709999998, "localIpDuration": {"10.2.1.224": 1799.9965, "10.2.2.214": 1798.0934, "10.2.2.244": 1799.9401, "10.2.4.51": 1798.6229, "10.2.2.150": 1799.9396, "10.2.5.18": 1799.355, "10.2.11.2": 1799.952, "10.2.12.236": 1799.5386, "10.2.13.141": 1799.9809, "10.2.14.223": 1799.9813, "10.2.15.149": 1797.188, "10.2.18.199": 1799.8886, "10.2.19.23": 1797.654, "10.2.12.124": 1798.6962, "10.2.29.62": 1799.467, "10.2.29.71": 1798.8719, "10.2.26.187": 1798.5333, "10.2.29.142": 1798.6557, "10.2.31.105": 1799.6713, "10.2.29.37": 1799.0154, "10.2.49.168": 1799.1018, "10.2.45.10": 1799.4045, "10.2.49.243": 1796.7184, "10.2.49.145": 1798.7407, "10.2.53.128": 1799.991, "10.2.55.90": 1799.1316, "10.2.58.93": 1799.2568, "10.2.59.253": 1799.536, "10.2.60.40": 1799.1473, "10.2.55.164": 1799.2193, "10.2.54.123": 1798.5275, "10.2.70.75": 1799.7523, "10.2.70.112": 1799.101, "10.2.70.96": 1798.5341, "10.2.66.133": 1792.2431}}, "Roblox": {"localIpCount": 11, "localIpFrequency": {"10.2.2.152": 3, "10.2.8.210": 1, "10.2.9.124": 1, "10.2.12.34": 2, "10.2.18.245": 2, "10.2.16.84": 1, "10.2.29.70": 3, "10.2.49.179": 2, "10.2.59.158": 3, "10.2.70.111": 2, "10.2.70.132": 1}, "localIpTotalDuration": 26786.706700000002, "localIpDuration": {"10.2.2.152": 4141.0796, "10.2.8.210": 546.0596, "10.2.9.124": 154.3092, "10.2.12.34": 1800.9682, "10.2.18.245": 3086.7268000000004, "10.2.16.84": 1799.1353, "10.2.29.70": 3778.1507, "10.2.49.179": 2331.5802000000003, "10.2.59.158": 3751.6441999999997, "10.2.70.111": 3598.4232, "10.2.70.132": 1798.6297}}, "Modern Combat": {"localIpCount": 2, "localIpFrequency": {"10.2.43.116": 2, "10.2.63.79": 1}, "localIpTotalDuration": 1539.9049, "localIpDuration": {"10.2.43.116": 1518.972, "10.2.63.79": 20.9329}}, "New State Mobile": {"localIpCount": 1, "localIpFrequency": {"10.2.2.227": 1}, "localIpTotalDuration": 776.7812, "localIpDuration": {"10.2.2.227": 776.7812}}, "Clash of Clan": {"localIpCount": 9, "localIpFrequency": {"10.2.2.118": 1, "10.2.8.224": 1, "10.2.15.47": 1, "10.2.31.88": 1, "10.2.45.114": 1, "10.2.48.77": 1, "10.2.57.86": 1, "10.2.60.92": 1, "10.2.67.153": 1}, "localIpTotalDuration": 1683.9358000000004, "localIpDuration": {"10.2.2.118": 0.0582, "10.2.8.224": 0.0017, "10.2.15.47": 15.0391, "10.2.31.88": 16.6798, "10.2.45.114": 1637.9969, "10.2.48.77": 0.0006, "10.2.57.86": 0.0014, "10.2.60.92": 14.0949, "10.2.67.153": 0.0632}}, "Free Fire": {"localIpCount": 26, "localIpFrequency": {"10.2.1.182": 1, "10.2.2.67": 3, "10.2.1.124": 1, "10.2.4.83": 1, "10.2.3.73": 1, "10.2.13.11": 1, "10.2.13.231": 1, "10.2.14.72": 1, "10.2.15.157": 1, "10.2.13.40": 3, "10.2.24.73": 1, "10.2.29.91": 1, "10.2.25.119": 2, "10.2.23.96": 1, "10.2.30.21": 1, "10.2.44.204": 2, "10.2.49.201": 1, "10.2.49.245": 1, "10.2.53.76": 1, "10.2.57.134": 1, "10.2.60.2": 1, "10.2.60.32": 1, "10.2.56.229": 1, "10.2.54.88": 1, "10.2.64.88": 2, "10.2.70.177": 1}, "localIpTotalDuration": 57661.047600000005, "localIpDuration": {"10.2.1.182": 1785.1367, "10.2.2.67": 5389.232099999999, "10.2.1.124": 1798.8758, "10.2.4.83": 1792.0982, "10.2.3.73": 1792.8392, "10.2.13.11": 1708.1147, "10.2.13.231": 1790.425, "10.2.14.72": 1792.2366, "10.2.15.157": 1796.5261, "10.2.13.40": 5144.911700000001, "10.2.24.73": 1799.0131, "10.2.29.91": 1735.9808, "10.2.25.119": 3597.9539000000004, "10.2.23.96": 1763.8006, "10.2.30.21": 1769.2323, "10.2.44.204": 3234.1158, "10.2.49.201": 1785.0639, "10.2.49.245": 1784.4493, "10.2.53.76": 1793.1159, "10.2.57.134": 1798.9975, "10.2.60.2": 1791.527, "10.2.60.32": 1799.1157, "10.2.56.229": 1771.0999, "10.2.54.88": 1798.9821, "10.2.64.88": 2989.1008, "10.2.70.177": 1659.1029}}}