{"Roblox": {"localIpCount": 2, "localIpFrequency": {"10.0.0.198": 1, "10.0.0.206": 1}, "localIpTotalDuration": 812.0032000000001, "localIpDuration": {"10.0.0.198": 166.0016, "10.0.0.206": 646.0016}}, "Clash of Clan": {"localIpCount": 2, "localIpFrequency": {"10.0.0.76": 6, "10.0.0.48": 2}, "localIpTotalDuration": 4084.0006, "localIpDuration": {"10.0.0.76": 4084.0004, "10.0.0.48": 0.0002}}, "Genshin Impact": {"localIpCount": 1, "localIpFrequency": {"10.0.0.12": 1}, "localIpTotalDuration": 0.003, "localIpDuration": {"10.0.0.12": 0.003}}, "Roblox (Game)": {"localIpCount": 1, "localIpFrequency": {"10.0.0.206": 1}, "localIpTotalDuration": 321.9994, "localIpDuration": {"10.0.0.206": 321.9994}}, "PUBG Mobile": {"localIpCount": 16, "localIpFrequency": {"10.0.0.172": 2, "10.0.0.149": 2, "10.0.0.178": 2, "10.0.0.182": 1, "10.0.0.64": 2, "10.0.0.197": 1, "10.0.0.196": 5, "10.0.0.79": 1, "10.0.0.186": 3, "10.0.0.201": 4, "10.0.0.140": 1, "10.0.0.204": 1, "10.0.0.207": 2, "10.0.0.76": 1, "10.0.0.19": 1, "10.0.0.194": 1}, "localIpTotalDuration": 28978.022999999994, "localIpDuration": {"10.0.0.172": 2962.0024999999996, "10.0.0.149": 3208.0033000000003, "10.0.0.178": 3294.0032, "10.0.0.182": 0.0015, "10.0.0.64": 1864.0012000000002, "10.0.0.197": 650.0001, "10.0.0.196": 2402.0036, "10.0.0.79": 1584.0004, "10.0.0.186": 3992.0039, "10.0.0.201": 2936.0011, "10.0.0.140": 1764.0009, "10.0.0.204": 1673.9987, "10.0.0.207": 822.0006999999999, "10.0.0.76": 1172.0011, "10.0.0.19": 210.0003, "10.0.0.194": 444.0005}}}