{"PUBG Mobile": {"localIpCount": 31, "localIpFrequency": {"10.0.0.239": 13, "10.0.0.38": 2, "10.0.0.196": 3, "10.0.1.41": 7, "10.0.0.197": 6, "10.0.0.202": 7, "10.0.1.15": 10, "10.0.1.86": 4, "10.0.1.105": 5, "10.0.1.33": 4, "10.0.1.66": 9, "10.0.1.67": 14, "10.0.1.110": 22, "10.0.0.194": 10, "10.0.0.138": 6, "10.0.1.62": 6, "10.0.1.45": 2, "10.0.1.121": 8, "10.0.1.43": 5, "10.0.0.9": 1, "10.0.0.178": 2, "10.0.0.241": 4, "10.0.1.11": 1, "10.0.1.77": 2, "10.0.1.124": 1, "10.0.0.64": 2, "10.0.1.126": 1, "10.0.1.140": 3, "10.0.1.147": 3, "10.0.1.145": 1, "10.0.0.169": 1}, "localIpTotalDuration": 160055.50999999992, "localIpDuration": {"10.0.0.239": 15583.299799999999, "10.0.0.38": 2888.9779, "10.0.0.196": 4352.6268, "10.0.1.41": 7083.1138, "10.0.0.197": 8540.486700000001, "10.0.0.202": 7574.956099999999, "10.0.1.15": 12559.386900000001, "10.0.1.86": 2541.4058999999997, "10.0.1.105": 3624.3593, "10.0.1.33": 5457.6080999999995, "10.0.1.66": 8905.314400000001, "10.0.1.67": 11648.487899999998, "10.0.1.110": 22584.122099999997, "10.0.0.194": 8140.373099999999, "10.0.0.138": 5906.666499999999, "10.0.1.62": 5250.1096, "10.0.1.45": 1427.9216999999999, "10.0.1.121": 6150.8224, "10.0.1.43": 6441.2639, "10.0.0.9": 1671.1692, "10.0.0.178": 1692.7158, "10.0.0.241": 1176.7642, "10.0.1.11": 6.1816, "10.0.1.77": 2112.5318, "10.0.1.124": 0.0001, "10.0.0.64": 512.9668, "10.0.1.126": 152.9637, "10.0.1.140": 3668.7212, "10.0.1.147": 1680.007, "10.0.1.145": 720.1856, "10.0.0.169": 0.0001}}, "Clash of Clan": {"localIpCount": 3, "localIpFrequency": {"10.0.1.67": 22, "10.0.0.48": 3, "10.0.1.147": 4}, "localIpTotalDuration": 12214.5599, "localIpDuration": {"10.0.1.67": 12142.1542, "10.0.0.48": 48.1858, "10.0.1.147": 24.2199}}, "Hay Day": {"localIpCount": 1, "localIpFrequency": {"10.0.0.33": 14}, "localIpTotalDuration": 4249.130999999999, "localIpDuration": {"10.0.0.33": 4249.130999999999}}, "Roblox (Game)": {"localIpCount": 5, "localIpFrequency": {"10.0.0.233": 4, "10.0.1.114": 2, "10.0.1.119": 1, "10.0.1.133": 1, "10.0.1.146": 1}, "localIpTotalDuration": 9313.665500000001, "localIpDuration": {"10.0.0.233": 4878.3624, "10.0.1.114": 3345.4042, "10.0.1.119": 39.5011, "10.0.1.133": 1050.3978, "10.0.1.146": 0.0}}, "League of Legends: Wild Rift": {"localIpCount": 1, "localIpFrequency": {"10.0.1.127": 1}, "localIpTotalDuration": 186.0968, "localIpDuration": {"10.0.1.127": 186.0968}}, "Roblox": {"localIpCount": 7, "localIpFrequency": {"10.0.0.233": 6, "10.0.1.114": 3, "10.0.1.119": 2, "10.0.0.118": 1, "10.0.1.133": 1, "10.0.1.146": 1, "10.0.0.39": 2}, "localIpTotalDuration": 17029.551199999998, "localIpDuration": {"10.0.0.233": 8050.8025, "10.0.1.114": 3868.7966, "10.0.1.119": 3303.2779, "10.0.0.118": 197.8653, "10.0.1.133": 1287.0554, "10.0.1.146": 123.3263, "10.0.0.39": 198.4272}}, "Genshin Impact": {"localIpCount": 2, "localIpFrequency": {"10.0.0.62": 1, "10.0.0.67": 1}, "localIpTotalDuration": 465.5361, "localIpDuration": {"10.0.0.62": 291.0925, "10.0.0.67": 174.4436}}, "Free Fire": {"localIpCount": 2, "localIpFrequency": {"10.0.0.185": 1, "10.0.1.15": 1}, "localIpTotalDuration": 1310.7518, "localIpDuration": {"10.0.0.185": 47.6151, "10.0.1.15": 1263.1367}}, "Hero Blaze: Three Kingdoms": {"localIpCount": 1, "localIpFrequency": {"10.0.0.106": 2}, "localIpTotalDuration": 222.68880000000001, "localIpDuration": {"10.0.0.106": 222.68880000000001}}}