{"Free Fire": {"localIpCount": 1, "localIpFrequency": {"10.0.1.155": 55}, "localIpTotalDuration": 66754.61079999998, "localIpDuration": {"10.0.1.155": 66754.61079999998}}, "Clash of Clan": {"localIpCount": 6, "localIpFrequency": {"10.0.1.134": 20, "10.0.1.13": 17, "10.0.1.209": 6, "10.0.1.218": 4, "10.0.0.140": 2, "10.0.1.222": 13}, "localIpTotalDuration": 39225.016400000015, "localIpDuration": {"10.0.1.134": 17261.0032, "10.0.1.13": 6435.003300000001, "10.0.1.209": 2784.0037, "10.0.1.218": 2090.0022, "10.0.0.140": 758.0027, "10.0.1.222": 9897.0013}}, "Pok\u00e9mon Unite": {"localIpCount": 2, "localIpFrequency": {"10.0.1.225": 1, "10.0.1.226": 1}, "localIpTotalDuration": 2838.0038, "localIpDuration": {"10.0.1.225": 1790.003, "10.0.1.226": 1048.0008}}, "PUBG Mobile": {"localIpCount": 18, "localIpFrequency": {"10.0.1.134": 22, "10.0.1.63": 10, "10.0.1.194": 1, "10.0.1.98": 3, "10.0.1.136": 4, "10.0.1.116": 12, "10.0.1.205": 1, "10.0.1.209": 15, "10.0.1.158": 3, "10.0.1.215": 3, "10.0.1.218": 15, "10.0.0.235": 1, "10.0.1.220": 1, "10.0.1.222": 27, "10.0.0.44": 2, "10.0.1.227": 3, "10.0.1.229": 1, "10.0.1.236": 1}, "localIpTotalDuration": 93931.00749999999, "localIpDuration": {"10.0.1.134": 13577.998800000001, "10.0.1.63": 5293.003000000001, "10.0.1.194": 346.9975, "10.0.1.98": 3757.0017, "10.0.1.136": 2873.9999999999995, "10.0.1.116": 7572.999800000001, "10.0.1.205": 1701.0, "10.0.1.209": 13730.0115, "10.0.1.158": 1660.9987, "10.0.1.215": 1808.0012000000002, "10.0.1.218": 10529.9947, "10.0.0.235": 1759.9993, "10.0.1.220": 1673.0, "10.0.1.222": 21135.9976, "10.0.0.44": 1403.0008, "10.0.1.227": 3117.0039, "10.0.1.229": 303.9993, "10.0.1.236": 1685.9997}}, "Genshin Impact": {"localIpCount": 1, "localIpFrequency": {"10.0.0.140": 1}, "localIpTotalDuration": 56.9986, "localIpDuration": {"10.0.0.140": 56.9986}}, "WePlay - Party Game & Chat": {"localIpCount": 1, "localIpFrequency": {"10.0.1.174": 1}, "localIpTotalDuration": 799.0052, "localIpDuration": {"10.0.1.174": 799.0052}}, "HATSUNE MIKU: COLORFUL STAGE!": {"localIpCount": 1, "localIpFrequency": {"10.0.1.98": 1}, "localIpTotalDuration": 503.0021, "localIpDuration": {"10.0.1.98": 503.0021}}, "Roblox (Game)": {"localIpCount": 3, "localIpFrequency": {"10.0.1.204": 5, "10.0.1.212": 1, "10.0.1.173": 2}, "localIpTotalDuration": 4695.024, "localIpDuration": {"10.0.1.204": 3029.014, "10.0.1.212": 1294.0042, "10.0.1.173": 372.0058}}, "FIFA Mobile": {"localIpCount": 1, "localIpFrequency": {"10.0.1.173": 3}, "localIpTotalDuration": 3417.9983, "localIpDuration": {"10.0.1.173": 3417.9983}}, "League of Legends: Wild Rift": {"localIpCount": 1, "localIpFrequency": {"10.0.1.244": 1}, "localIpTotalDuration": 732.0044, "localIpDuration": {"10.0.1.244": 732.0044}}, "Roblox": {"localIpCount": 5, "localIpFrequency": {"10.0.1.204": 9, "10.0.1.168": 1, "10.0.1.212": 1, "10.0.0.236": 2, "10.0.1.173": 2}, "localIpTotalDuration": 17443.3881, "localIpDuration": {"10.0.1.204": 10686.3855, "10.0.1.168": 288.9997, "10.0.1.212": 1609.0007, "10.0.0.236": 2092.999, "10.0.1.173": 2766.0032}}, "Brawl Stars": {"localIpCount": 1, "localIpFrequency": {"10.0.1.239": 2}, "localIpTotalDuration": 1248.0018, "localIpDuration": {"10.0.1.239": 1248.0018}}}