{"Hero Blaze: Three Kingdoms": {"localIpCount": 1, "localIpFrequency": {"10.0.0.160": 1}, "localIpTotalDuration": 40.6593, "localIpDuration": {"10.0.0.160": 40.6593}}, "Clash of Clan": {"localIpCount": 1, "localIpFrequency": {"10.0.1.62": 1}, "localIpTotalDuration": 93.153, "localIpDuration": {"10.0.1.62": 93.153}}, "Genshin Impact": {"localIpCount": 1, "localIpFrequency": {"10.0.1.62": 5}, "localIpTotalDuration": 38885.9537, "localIpDuration": {"10.0.1.62": 38885.9537}}, "Roblox": {"localIpCount": 2, "localIpFrequency": {"10.0.0.12": 1, "10.0.0.17": 1}, "localIpTotalDuration": 43247.0875, "localIpDuration": {"10.0.0.12": 42908.0003, "10.0.0.17": 339.0872}}, "PUBG Mobile": {"localIpCount": 9, "localIpFrequency": {"10.0.1.62": 1, "10.0.1.151": 1, "10.0.1.94": 1, "10.0.1.140": 1, "10.0.0.8": 4, "10.0.0.11": 1, "10.0.0.18": 2, "10.0.0.20": 1, "10.0.0.28": 3}, "localIpTotalDuration": 253442.2471, "localIpDuration": {"10.0.1.62": 77.4091, "10.0.1.151": 104721.9491, "10.0.1.94": 951.6266, "10.0.1.140": 1655.9984, "10.0.0.8": 53707.797699999996, "10.0.0.11": 2775.0002, "10.0.0.18": 16754.049899999998, "10.0.0.20": 51074.0007, "10.0.0.28": 21724.415399999998}}}