{"Genshin Impact": {"localIpCount": 1, "localIpFrequency": {"10.0.0.140": 22}, "localIpTotalDuration": 11778.7207, "localIpDuration": {"10.0.0.140": 11778.7207}}, "Hero Blaze: Three Kingdoms": {"localIpCount": 2, "localIpFrequency": {"10.0.0.24": 2, "10.0.0.9": 1}, "localIpTotalDuration": 1737.4072999999999, "localIpDuration": {"10.0.0.24": 1710.4580999999998, "10.0.0.9": 26.9492}}, "Clash of Clan": {"localIpCount": 1, "localIpFrequency": {"10.0.0.140": 4}, "localIpTotalDuration": 1315.661, "localIpDuration": {"10.0.0.140": 1315.661}}, "PUBG Mobile": {"localIpCount": 4, "localIpFrequency": {"10.0.0.44": 38, "10.0.0.119": 1, "10.0.0.137": 2, "10.0.0.135": 1}, "localIpTotalDuration": 24247.8681, "localIpDuration": {"10.0.0.44": 21669.4331, "10.0.0.119": 305.4927, "10.0.0.137": 1946.6879, "10.0.0.135": 326.2544}}}