{"Minecraft": {"localIpCount": 7, "localIpFrequency": {"10.2.226.27": 1, "10.2.228.203": 2, "10.2.254.87": 1, "10.2.249.63": 1, "10.3.2.221": 1, "10.3.3.230": 1, "10.3.3.243": 1}, "localIpTotalDuration": 9105.6186, "localIpDuration": {"10.2.226.27": 1385.9995, "10.2.228.203": 3010.3669, "10.2.254.87": 1442.0504, "10.2.249.63": 0.0016, "10.3.2.221": 1001.1578, "10.3.3.230": 1542.8869, "10.3.3.243": 723.1555}}, "Brawl Stars": {"localIpCount": 1, "localIpFrequency": {"10.2.254.92": 1}, "localIpTotalDuration": 441.0711, "localIpDuration": {"10.2.254.92": 441.0711}}, "The Walking Dead: All-Stars": {"localIpCount": 1, "localIpFrequency": {"10.3.8.241": 1}, "localIpTotalDuration": 427.0418, "localIpDuration": {"10.3.8.241": 427.0418}}, "Free Fire": {"localIpCount": 40, "localIpFrequency": {"10.2.232.44": 1, "10.2.232.87": 1, "10.2.226.183": 1, "10.2.228.8": 1, "10.2.232.219": 1, "10.2.224.112": 1, "10.2.226.170": 1, "10.2.229.88": 1, "10.2.236.178": 1, "10.2.236.111": 1, "10.2.240.7": 1, "10.2.239.44": 1, "10.2.244.60": 1, "10.2.247.165": 1, "10.2.247.205": 1, "10.2.254.95": 2, "10.2.254.140": 1, "10.2.254.174": 1, "10.2.248.213": 1, "10.2.250.254": 1, "10.2.255.19": 1, "10.2.254.104": 2, "10.3.1.216": 1, "10.3.1.129": 1, "10.3.1.189": 1, "10.3.3.227": 1, "10.3.2.132": 1, "10.3.5.225": 1, "10.3.4.148": 1, "10.3.8.210": 1, "10.3.2.9": 1, "10.3.3.207": 1, "10.3.3.231": 1, "10.3.16.131": 1, "10.3.20.142": 1, "10.3.17.162": 1, "10.3.24.30": 3, "10.3.24.78": 2, "10.3.31.172": 1, "10.3.36.83": 1}, "localIpTotalDuration": 80152.70619999999, "localIpDuration": {"10.2.232.44": 1721.9418, "10.2.232.87": 1799.0073, "10.2.226.183": 1798.9816, "10.2.228.8": 1795.8732, "10.2.232.219": 1797.0447, "10.2.224.112": 1764.2464, "10.2.226.170": 1771.3944, "10.2.229.88": 1799.3261, "10.2.236.178": 1785.998, "10.2.236.111": 1798.9579, "10.2.240.7": 1799.077, "10.2.239.44": 1771.131, "10.2.244.60": 1785.0314, "10.2.247.165": 1799.2116, "10.2.247.205": 1798.5976, "10.2.254.95": 3549.1683999999996, "10.2.254.140": 1791.8091, "10.2.254.174": 1798.8332, "10.2.248.213": 1792.0802, "10.2.250.254": 1791.9177, "10.2.255.19": 1590.3658, "10.2.254.104": 3514.1616000000004, "10.3.1.216": 1771.5977, "10.3.1.129": 1799.4596, "10.3.1.189": 1785.4596, "10.3.3.227": 1778.0215, "10.3.2.132": 1794.0628, "10.3.5.225": 1790.8607, "10.3.4.148": 1743.862, "10.3.8.210": 1799.0739, "10.3.2.9": 1783.9765, "10.3.3.207": 1798.9989, "10.3.3.231": 1776.3637, "10.3.16.131": 1798.3673, "10.3.20.142": 1793.0965, "10.3.17.162": 1793.7351, "10.3.24.30": 5397.4, "10.3.24.78": 3592.2746, "10.3.31.172": 1777.9518, "10.3.36.83": 1763.988}}, "Honkai: Star Rail": {"localIpCount": 2, "localIpFrequency": {"10.2.255.16": 1, "10.3.6.57": 1}, "localIpTotalDuration": 988.6774, "localIpDuration": {"10.2.255.16": 378.0714, "10.3.6.57": 610.606}}, "Clash Royale": {"localIpCount": 2, "localIpFrequency": {"10.2.226.150": 1, "10.2.248.20": 1}, "localIpTotalDuration": 334.2962, "localIpDuration": {"10.2.226.150": 159.3193, "10.2.248.20": 174.9769}}, "Roblox": {"localIpCount": 10, "localIpFrequency": {"10.2.232.125": 1, "10.2.232.235": 2, "10.2.237.13": 1, "10.2.254.46": 4, "10.2.254.92": 1, "10.3.4.115": 2, "10.3.6.71": 1, "10.3.9.23": 1, "10.3.8.231": 1, "10.3.31.149": 1}, "localIpTotalDuration": 14770.649000000001, "localIpDuration": {"10.2.232.125": 1462.9751, "10.2.232.235": 1925.3619, "10.2.237.13": 0.3942, "10.2.254.46": 6370.8915, "10.2.254.92": 300.5831, "10.3.4.115": 2128.1917, "10.3.6.71": 201.9608, "10.3.9.23": 1799.0858, "10.3.8.231": 238.0834, "10.3.31.149": 343.1215}}, "League of Legends: Wild Rift": {"localIpCount": 1, "localIpFrequency": {"10.2.243.240": 1}, "localIpTotalDuration": 0.002, "localIpDuration": {"10.2.243.240": 0.002}}, "Asphalt 9: Legends": {"localIpCount": 1, "localIpFrequency": {"10.2.248.1": 1}, "localIpTotalDuration": 1680.1384, "localIpDuration": {"10.2.248.1": 1680.1384}}, "Modern Combat": {"localIpCount": 2, "localIpFrequency": {"10.2.226.52": 1, "10.2.248.1": 1}, "localIpTotalDuration": 1912.9096, "localIpDuration": {"10.2.226.52": 371.1627, "10.2.248.1": 1541.7469}}, "Clash of Clan": {"localIpCount": 11, "localIpFrequency": {"10.2.247.248": 1, "10.2.249.222": 1, "10.2.248.20": 1, "10.2.248.140": 2, "10.3.2.178": 1, "10.3.5.235": 1, "10.3.5.27": 1, "10.3.8.188": 1, "10.3.5.38": 1, "10.3.17.184": 1, "10.3.27.174": 2}, "localIpTotalDuration": 11470.4205, "localIpDuration": {"10.2.247.248": 1337.8975, "10.2.249.222": 0.0105, "10.2.248.20": 770.0793, "10.2.248.140": 1638.3539, "10.3.2.178": 0.0071, "10.3.5.235": 457.1459, "10.3.5.27": 1680.9178, "10.3.8.188": 1790.9192, "10.3.5.38": 1259.9402, "10.3.17.184": 1.0703, "10.3.27.174": 2534.0788}}, "Pok\u00e9mon Unite": {"localIpCount": 4, "localIpFrequency": {"10.2.233.101": 1, "10.2.248.173": 1, "10.3.3.160": 2, "10.3.31.150": 1}, "localIpTotalDuration": 6610.548199999999, "localIpDuration": {"10.2.233.101": 1763.8746, "10.2.248.173": 1618.6015, "10.3.3.160": 3144.0159999999996, "10.3.31.150": 84.0561}}, "Among us": {"localIpCount": 6, "localIpFrequency": {"10.2.225.222": 1, "10.2.248.101": 4, "10.2.255.79": 1, "10.3.2.127": 3, "10.3.12.97": 2, "10.3.23.114": 2}, "localIpTotalDuration": 12172.4166, "localIpDuration": {"10.2.225.222": 1029.0477, "10.2.248.101": 4550.491, "10.2.255.79": 1547.1454, "10.3.2.127": 1049.7707, "10.3.12.97": 1693.1305, "10.3.23.114": 2302.8313}}, "PUBG Mobile": {"localIpCount": 47, "localIpFrequency": {"10.2.231.82": 1, "10.2.232.1": 1, "10.2.227.54": 1, "10.2.232.33": 1, "10.2.231.229": 1, "10.2.232.182": 1, "10.2.227.74": 1, "10.2.231.145": 1, "10.2.232.233": 1, "10.2.228.42": 1, "10.2.236.237": 1, "10.2.237.155": 1, "10.2.236.247": 1, "10.2.239.169": 2, "10.2.247.171": 1, "10.2.248.189": 1, "10.2.253.150": 1, "10.2.248.116": 1, "10.2.254.113": 1, "10.2.254.173": 1, "10.2.249.5": 1, "10.2.247.139": 1, "10.2.254.136": 1, "10.2.251.211": 1, "10.2.249.35": 1, "10.2.255.124": 1, "10.3.1.144": 1, "10.3.1.209": 1, "10.3.4.13": 1, "10.3.3.117": 1, "10.3.1.236": 1, "10.3.6.58": 1, "10.3.5.150": 1, "10.3.8.247": 1, "10.3.1.170": 1, "10.3.3.114": 1, "10.3.9.90": 1, "10.3.20.57": 1, "10.3.20.149": 1, "10.3.22.157": 1, "10.3.26.238": 1, "10.3.25.117": 1, "10.3.31.92": 1, "10.3.28.205": 1, "10.3.31.141": 1, "10.3.30.185": 1, "10.3.42.27": 1}, "localIpTotalDuration": 86355.01290000002, "localIpDuration": {"10.2.231.82": 1799.2147, "10.2.232.1": 1799.9543, "10.2.227.54": 1799.0371, "10.2.232.33": 1799.2438, "10.2.231.229": 1798.5915, "10.2.232.182": 1799.1778, "10.2.227.74": 1798.6564, "10.2.231.145": 1798.9872, "10.2.232.233": 1799.9617, "10.2.228.42": 1797.7162, "10.2.236.237": 1799.9273, "10.2.237.155": 1797.9881, "10.2.236.247": 1799.1625, "10.2.239.169": 3597.7888000000003, "10.2.247.171": 1799.8981, "10.2.248.189": 1798.6078, "10.2.253.150": 1799.0747, "10.2.248.116": 1799.0845, "10.2.254.113": 1798.7119, "10.2.254.173": 1798.6689, "10.2.249.5": 1799.6514, "10.2.247.139": 1799.3906, "10.2.254.136": 1799.2619, "10.2.251.211": 1799.4655, "10.2.249.35": 1799.5251, "10.2.255.124": 1799.0339, "10.3.1.144": 1799.6504, "10.3.1.209": 1799.1462, "10.3.4.13": 1799.9821, "10.3.3.117": 1798.4971, "10.3.1.236": 1799.9404, "10.3.6.58": 1798.2409, "10.3.5.150": 1798.8915, "10.3.8.247": 1799.1066, "10.3.1.170": 1798.6094, "10.3.3.114": 1799.1097, "10.3.9.90": 1797.6749, "10.3.20.57": 1799.1582, "10.3.20.149": 1799.2199, "10.3.22.157": 1799.6959, "10.3.26.238": 1799.0831, "10.3.25.117": 1798.7206, "10.3.31.92": 1799.017, "10.3.28.205": 1798.8343, "10.3.31.141": 1799.1962, "10.3.30.185": 1798.2988, "10.3.42.27": 1799.158}}}