{"Pok\u00e9mon GO": {"localIpCount": 1, "localIpFrequency": {"10.0.0.232": 1}, "localIpTotalDuration": 482.9984, "localIpDuration": {"10.0.0.232": 482.9984}}, "FIFA ONLINE 4 M": {"localIpCount": 1, "localIpFrequency": {"10.0.0.229": 2}, "localIpTotalDuration": 553.0008, "localIpDuration": {"10.0.0.229": 553.0008}}, "Clash of Clan": {"localIpCount": 5, "localIpFrequency": {"10.0.0.15": 38, "10.0.0.48": 1, "10.0.0.102": 12, "10.0.0.78": 2, "10.0.0.112": 2}, "localIpTotalDuration": 24457.210499999997, "localIpDuration": {"10.0.0.15": 19214.687500000004, "10.0.0.48": 13.9973, "10.0.0.102": 3730.9224999999997, "10.0.0.78": 0.0, "10.0.0.112": 1497.6032}}, "Hero Blaze: Three Kingdoms": {"localIpCount": 1, "localIpFrequency": {"10.0.0.33": 1}, "localIpTotalDuration": 1630.9993, "localIpDuration": {"10.0.0.33": 1630.9993}}, "Roblox": {"localIpCount": 3, "localIpFrequency": {"10.0.0.9": 31, "10.0.0.187": 1, "10.0.0.203": 1}, "localIpTotalDuration": 41171.7425, "localIpDuration": {"10.0.0.9": 39477.532300000006, "10.0.0.187": 7.2067, "10.0.0.203": 1687.0035}}, "Random Dice: Defense": {"localIpCount": 1, "localIpFrequency": {"10.0.0.88": 1}, "localIpTotalDuration": 63.0015, "localIpDuration": {"10.0.0.88": 63.0015}}, "League of Legends: Wild Rift": {"localIpCount": 3, "localIpFrequency": {"10.0.0.48": 1, "10.0.0.87": 3, "10.0.0.217": 2}, "localIpTotalDuration": 5851.6256, "localIpDuration": {"10.0.0.48": 0.0029, "10.0.0.87": 3570.0087000000003, "10.0.0.217": 2281.614}}, "Brawl Stars": {"localIpCount": 2, "localIpFrequency": {"10.0.0.87": 1, "10.0.0.84": 1}, "localIpTotalDuration": 336.0055, "localIpDuration": {"10.0.0.87": 182.0037, "10.0.0.84": 154.0018}}, "Roblox (Game)": {"localIpCount": 1, "localIpFrequency": {"10.0.0.9": 25}, "localIpTotalDuration": 15644.890099999999, "localIpDuration": {"10.0.0.9": 15644.890099999999}}, "Odin: Valhalla Rising": {"localIpCount": 1, "localIpFrequency": {"10.0.0.206": 1}, "localIpTotalDuration": 0.0, "localIpDuration": {"10.0.0.206": 0.0}}, "Clash Royale": {"localIpCount": 1, "localIpFrequency": {"10.0.0.102": 1}, "localIpTotalDuration": 21.0037, "localIpDuration": {"10.0.0.102": 21.0037}}, "DRAGON BALL LEGENDS": {"localIpCount": 1, "localIpFrequency": {"10.0.0.9": 1}, "localIpTotalDuration": 266.0022, "localIpDuration": {"10.0.0.9": 266.0022}}, "PUBG Mobile": {"localIpCount": 51, "localIpFrequency": {"10.0.0.62": 24, "10.0.0.69": 3, "10.0.0.58": 14, "10.0.0.79": 4, "10.0.0.127": 6, "10.0.0.37": 5, "10.0.0.72": 1, "10.0.0.111": 14, "10.0.0.19": 8, "10.0.0.44": 9, "10.0.0.101": 2, "10.0.0.57": 1, "10.0.0.26": 1, "10.0.0.183": 3, "10.0.0.46": 5, "10.0.0.7": 7, "10.0.0.149": 1, "10.0.0.144": 6, "10.0.0.15": 9, "10.0.0.150": 1, "10.0.0.141": 1, "10.0.0.159": 4, "10.0.0.68": 6, "10.0.0.178": 1, "10.0.0.52": 4, "10.0.0.162": 2, "10.0.0.78": 1, "10.0.0.198": 1, "10.0.0.205": 11, "10.0.0.200": 3, "10.0.0.8": 1, "10.0.0.195": 2, "10.0.0.6": 1, "10.0.0.211": 3, "10.0.0.48": 2, "10.0.0.93": 1, "10.0.0.212": 1, "10.0.0.71": 4, "10.0.0.216": 1, "10.0.0.220": 1, "10.0.0.222": 1, "10.0.0.76": 1, "10.0.0.12": 2, "10.0.0.10": 1, "10.0.0.238": 2, "10.0.0.60": 1, "10.0.0.39": 2, "10.0.0.241": 1, "10.0.0.73": 1, "10.0.0.29": 1, "10.0.0.16": 1}, "localIpTotalDuration": 212641.47629999992, "localIpDuration": {"10.0.0.62": 32878.28609999999, "10.0.0.69": 4382.0068, "10.0.0.58": 19752.9122, "10.0.0.79": 4332.9999, "10.0.0.127": 7713.317, "10.0.0.37": 3303.9944, "10.0.0.72": 161.0007, "10.0.0.111": 11605.966999999999, "10.0.0.19": 11452.011099999998, "10.0.0.44": 11983.6167, "10.0.0.101": 2191.0023, "10.0.0.57": 1211.0027, "10.0.0.26": 1539.9942, "10.0.0.183": 4913.8405, "10.0.0.46": 7013.6743, "10.0.0.7": 4473.0224, "10.0.0.149": 28.0018, "10.0.0.144": 1372.1562, "10.0.0.15": 6692.0088, "10.0.0.150": 1680.0039, "10.0.0.141": 1798.999, "10.0.0.159": 3289.6147, "10.0.0.68": 8434.583300000002, "10.0.0.178": 349.6212, "10.0.0.52": 2996.0041, "10.0.0.162": 1988.0099, "10.0.0.78": 0.0, "10.0.0.198": 993.9972, "10.0.0.205": 16449.6698, "10.0.0.200": 4143.9995, "10.0.0.8": 1476.995, "10.0.0.195": 2457.0025, "10.0.0.6": 1533.003, "10.0.0.211": 3829.1086999999998, "10.0.0.48": 686.001, "10.0.0.93": 1638.0027, "10.0.0.212": 742.0064, "10.0.0.71": 3731.0262000000002, "10.0.0.216": 1427.9992, "10.0.0.220": 679.0004, "10.0.0.222": 630.0025, "10.0.0.76": 1799.0027, "10.0.0.12": 2891.0006000000003, "10.0.0.10": 1442.0012, "10.0.0.238": 1820.0026, "10.0.0.60": 1406.9997, "10.0.0.39": 1722.0009, "10.0.0.241": 0.0, "10.0.0.73": 1512.0, "10.0.0.29": 1582.0033, "10.0.0.16": 511.0}}}