{"Clash of Clan": {"localIpCount": 1, "localIpFrequency": {"10.0.1.62": 6}, "localIpTotalDuration": 9084.521400000001, "localIpDuration": {"10.0.1.62": 9084.521400000001}}, "Genshin Impact": {"localIpCount": 1, "localIpFrequency": {"10.0.1.62": 12}, "localIpTotalDuration": 45280.9353, "localIpDuration": {"10.0.1.62": 45280.9353}}, "PUBG Mobile": {"localIpCount": 6, "localIpFrequency": {"10.0.1.116": 1, "10.0.1.63": 1, "10.0.1.94": 1, "10.0.1.62": 1, "10.0.1.140": 1, "10.0.1.141": 1}, "localIpTotalDuration": 146973.10120000003, "localIpDuration": {"10.0.1.116": 28188.7971, "10.0.1.63": 115831.331, "10.0.1.94": 24.5197, "10.0.1.62": 87.5057, "10.0.1.140": 2426.9989, "10.0.1.141": 413.9488}}}