{"Roblox": {"localIpCount": 5, "localIpFrequency": {"10.0.0.66": 1, "10.0.0.9": 7, "10.0.0.87": 4, "10.0.0.50": 1, "10.0.0.94": 2}, "localIpTotalDuration": 14691.4695, "localIpDuration": {"10.0.0.66": 0.0, "10.0.0.9": 8147.247600000001, "10.0.0.87": 3773.0048, "10.0.0.50": 210.0032, "10.0.0.94": 2561.2139}}, "PUBG Mobile": {"localIpCount": 13, "localIpFrequency": {"10.0.0.64": 3, "10.0.0.37": 2, "10.0.0.62": 8, "10.0.0.58": 6, "10.0.0.19": 1, "10.0.0.77": 2, "10.0.0.85": 1, "10.0.0.15": 1, "10.0.0.79": 1, "10.0.0.95": 1, "10.0.0.100": 1, "10.0.0.29": 2, "10.0.0.104": 1}, "localIpTotalDuration": 35685.47110000001, "localIpDuration": {"10.0.0.64": 2905.0044, "10.0.0.37": 1175.9981, "10.0.0.62": 12152.016600000003, "10.0.0.58": 8490.6326, "10.0.0.19": 1057.0004, "10.0.0.77": 7.0005, "10.0.0.85": 889.0027, "10.0.0.15": 147.0009, "10.0.0.79": 1532.9994, "10.0.0.95": 1484.2076, "10.0.0.100": 1798.9993, "10.0.0.29": 3499.6075, "10.0.0.104": 546.0011}}, "League of Legends: Wild Rift": {"localIpCount": 1, "localIpFrequency": {"10.0.0.87": 1}, "localIpTotalDuration": 175.0012, "localIpDuration": {"10.0.0.87": 175.0012}}, "Clash Royale": {"localIpCount": 1, "localIpFrequency": {"10.0.0.48": 1}, "localIpTotalDuration": 20.9999, "localIpDuration": {"10.0.0.48": 20.9999}}, "Roblox (Game)": {"localIpCount": 3, "localIpFrequency": {"10.0.0.9": 6, "10.0.0.87": 3, "10.0.0.94": 2}, "localIpTotalDuration": 8113.0129, "localIpDuration": {"10.0.0.9": 3744.9991000000005, "10.0.0.87": 2555.0063, "10.0.0.94": 1813.0075000000002}}, "Minecraft": {"localIpCount": 1, "localIpFrequency": {"10.0.0.50": 8}, "localIpTotalDuration": 13138.6374, "localIpDuration": {"10.0.0.50": 13138.6374}}, "Clash of Clan": {"localIpCount": 1, "localIpFrequency": {"10.0.0.15": 1}, "localIpTotalDuration": 658.0018, "localIpDuration": {"10.0.0.15": 658.0018}}}