{"Roblox": {"localIpCount": 4, "localIpFrequency": {"10.0.0.206": 16, "10.0.1.159": 1, "10.0.0.9": 4, "10.0.1.161": 7}, "localIpTotalDuration": 42814.19539999999, "localIpDuration": {"10.0.0.206": 27114.678599999996, "10.0.1.159": 209.9995, "10.0.0.9": 4647.639, "10.0.1.161": 10841.8783}}, "PUBG Mobile": {"localIpCount": 20, "localIpFrequency": {"10.0.1.28": 3, "10.0.1.118": 1, "10.0.0.19": 3, "10.0.0.46": 2, "10.0.0.79": 1, "10.0.0.76": 1, "10.0.0.12": 1, "10.0.0.211": 1, "10.0.1.13": 2, "10.0.1.32": 1, "10.0.0.52": 2, "10.0.0.15": 2, "10.0.1.75": 2, "10.0.0.93": 2, "10.0.0.102": 4, "10.0.1.65": 1, "10.0.1.87": 1, "10.0.0.7": 1, "10.0.0.57": 1, "10.0.1.166": 1}, "localIpTotalDuration": 39164.655699999996, "localIpDuration": {"10.0.1.28": 3856.6181, "10.0.1.118": 1295.0, "10.0.0.19": 2785.9982, "10.0.0.46": 3331.9989, "10.0.0.79": 1743.0012, "10.0.0.76": 273.0026, "10.0.0.12": 1092.0043, "10.0.0.211": 1799.0005, "10.0.1.13": 1883.0052, "10.0.1.32": 1225.0008, "10.0.0.52": 1435.0089, "10.0.0.15": 1469.9992, "10.0.1.75": 35.0013, "10.0.0.93": 1932.0003, "10.0.0.102": 7042.009099999999, "10.0.1.65": 1232.0001, "10.0.1.87": 1736.0028, "10.0.0.7": 1617.0015, "10.0.0.57": 1799.0032, "10.0.1.166": 1581.9995}}, "Roblox (Game)": {"localIpCount": 3, "localIpFrequency": {"10.0.1.159": 1, "10.0.0.9": 4, "10.0.1.161": 3}, "localIpTotalDuration": 5985.0043000000005, "localIpDuration": {"10.0.1.159": 0.0, "10.0.0.9": 1994.9987999999998, "10.0.1.161": 3990.0055}}, "Clash of Clan": {"localIpCount": 2, "localIpFrequency": {"10.0.0.15": 2, "10.0.0.78": 1}, "localIpTotalDuration": 14.0002, "localIpDuration": {"10.0.0.15": 14.0002, "10.0.0.78": 0.0}}}