{"Free Fire": {"localIpCount": 15, "localIpFrequency": {"10.0.15.25": 1, "10.0.16.103": 2, "10.0.17.169": 1, "10.0.17.192": 3, "10.0.17.215": 1, "10.0.17.216": 3, "10.0.18.4": 1, "10.0.18.0": 1, "10.0.17.229": 1, "10.0.18.240": 5, "10.0.19.173": 2, "10.0.20.234": 4, "10.0.21.117": 3, "10.0.21.133": 1, "10.0.20.60": 1}, "localIpTotalDuration": 42614.64639999999, "localIpDuration": {"10.0.15.25": 511.0232, "10.0.16.103": 3416.0813, "10.0.17.169": 475.9985, "10.0.17.192": 3843.3927000000003, "10.0.17.215": 1728.9993, "10.0.17.216": 5256.5386, "10.0.18.4": 1777.9886, "10.0.18.0": 370.5162, "10.0.17.229": 1799.0117, "10.0.18.240": 7230.5069, "10.0.19.173": 3472.084, "10.0.20.234": 5481.0823, "10.0.21.117": 5039.4244, "10.0.21.133": 1735.9979, "10.0.20.60": 476.0008}}, "Minecraft": {"localIpCount": 1, "localIpFrequency": {"10.0.17.203": 1}, "localIpTotalDuration": 1162.0017, "localIpDuration": {"10.0.17.203": 1162.0017}}, "PUBG Mobile": {"localIpCount": 58, "localIpFrequency": {"10.0.15.43": 1, "10.0.15.149": 1, "10.0.16.26": 1, "10.0.16.127": 1, "10.0.15.178": 1, "10.0.16.74": 1, "10.0.17.15": 1, "10.0.16.178": 1, "10.0.17.57": 1, "10.0.17.0": 2, "10.0.16.119": 1, "10.0.17.110": 1, "10.0.17.118": 1, "10.0.17.125": 1, "10.0.15.194": 1, "10.0.16.65": 1, "10.0.15.122": 1, "10.0.17.37": 1, "10.0.17.182": 1, "10.0.16.198": 1, "10.0.15.131": 1, "10.0.15.111": 1, "10.0.15.199": 1, "10.0.18.46": 1, "10.0.16.91": 1, "10.0.15.144": 1, "10.0.18.79": 1, "10.0.18.104": 1, "10.0.16.220": 1, "10.0.15.165": 1, "10.0.17.80": 1, "10.0.18.163": 1, "10.0.15.33": 1, "10.0.19.26": 1, "10.0.18.224": 1, "10.0.19.213": 1, "10.0.19.160": 1, "10.0.19.77": 1, "10.0.19.204": 1, "10.0.19.147": 1, "10.0.19.4": 1, "10.0.18.238": 1, "10.0.21.34": 1, "10.0.20.191": 1, "10.0.20.190": 1, "10.0.21.65": 1, "10.0.21.88": 1, "10.0.21.79": 1, "10.0.21.84": 1, "10.0.19.47": 1, "10.0.20.237": 1, "10.0.19.75": 1, "10.0.20.36": 1, "10.0.21.149": 1, "10.0.21.154": 1, "10.0.21.166": 1, "10.0.20.11": 1, "10.0.21.192": 1}, "localIpTotalDuration": 104824.41459999997, "localIpDuration": {"10.0.15.43": 1798.9995, "10.0.15.149": 1792.1419, "10.0.16.26": 1799.1553, "10.0.16.127": 1792.0139, "10.0.15.178": 1799.8588, "10.0.16.74": 1799.0295, "10.0.17.15": 1799.0608, "10.0.16.178": 1799.0345, "10.0.17.57": 1784.9922, "10.0.17.0": 3562.4669999999996, "10.0.16.119": 1791.9976, "10.0.17.110": 1777.5863, "10.0.17.118": 1798.9946, "10.0.17.125": 1742.9972, "10.0.15.194": 1771.0137, "10.0.16.65": 1777.9943, "10.0.15.122": 1799.0131, "10.0.17.37": 1792.0164, "10.0.17.182": 1652.2763, "10.0.16.198": 1729.0101, "10.0.15.131": 1785.0223, "10.0.15.111": 1778.047, "10.0.15.199": 1791.0413, "10.0.18.46": 1799.0357, "10.0.16.91": 1784.4774, "10.0.15.144": 1750.0364, "10.0.18.79": 1771.1105, "10.0.18.104": 1799.022, "10.0.16.220": 1798.5049, "10.0.15.165": 1798.4601, "10.0.17.80": 1742.9968, "10.0.18.163": 1792.1095, "10.0.15.33": 1792.0575, "10.0.19.26": 1778.0114, "10.0.18.224": 1799.5729, "10.0.19.213": 1785.0781, "10.0.19.160": 1798.5494, "10.0.19.77": 1799.0978, "10.0.19.204": 1778.5494, "10.0.19.147": 1799.0307, "10.0.19.4": 1721.9828, "10.0.18.238": 1799.0012, "10.0.21.34": 1798.9864, "10.0.20.191": 1666.0033, "10.0.20.190": 1736.0172, "10.0.21.65": 1798.9908, "10.0.21.88": 1792.0072, "10.0.21.79": 1798.9882, "10.0.21.84": 1666.0015, "10.0.19.47": 1750.0051, "10.0.20.237": 1791.9582, "10.0.19.75": 1714.9947, "10.0.20.36": 1792.0223, "10.0.21.149": 1798.9416, "10.0.21.154": 1792.0007, "10.0.21.166": 1771.01, "10.0.20.11": 1792.0264, "10.0.21.192": 1764.0129}}, "Clash Royale": {"localIpCount": 1, "localIpFrequency": {"10.0.16.27": 1}, "localIpTotalDuration": 35.0121, "localIpDuration": {"10.0.16.27": 35.0121}}, "Clash of Clan": {"localIpCount": 4, "localIpFrequency": {"10.0.16.220": 1, "10.0.18.100": 1, "10.0.21.81": 1, "10.0.21.119": 1}, "localIpTotalDuration": 14.4115, "localIpDuration": {"10.0.16.220": 0.0002, "10.0.18.100": 0.4014, "10.0.21.81": 0.0076, "10.0.21.119": 14.0023}}, "Roblox": {"localIpCount": 7, "localIpFrequency": {"10.0.15.162": 1, "10.0.18.27": 1, "10.0.18.75": 2, "10.0.17.97": 1, "10.0.18.148": 1, "10.0.18.151": 2, "10.0.21.178": 1}, "localIpTotalDuration": 11305.301000000001, "localIpDuration": {"10.0.15.162": 455.0591, "10.0.18.27": 413.0094, "10.0.18.75": 2485.0478, "10.0.17.97": 1379.034, "10.0.18.148": 1799.063, "10.0.18.151": 3598.0713, "10.0.21.178": 1176.0164}}, "Call of Duty: Mobile": {"localIpCount": 1, "localIpFrequency": {"10.0.19.68": 1}, "localIpTotalDuration": 0.0002, "localIpDuration": {"10.0.19.68": 0.0002}}, "Brawl Stars": {"localIpCount": 1, "localIpFrequency": {"10.0.18.123": 1}, "localIpTotalDuration": 19.9693, "localIpDuration": {"10.0.18.123": 19.9693}}, "Tennis Clash": {"localIpCount": 1, "localIpFrequency": {"10.0.16.20": 1}, "localIpTotalDuration": 490.0159, "localIpDuration": {"10.0.16.20": 490.0159}}, "Candy Crush Saga": {"localIpCount": 8, "localIpFrequency": {"10.0.15.40": 2, "10.0.18.10": 1, "10.0.15.204": 2, "10.0.17.4": 1, "10.0.15.165": 1, "10.0.19.189": 1, "10.0.21.42": 1, "10.0.21.125": 2}, "localIpTotalDuration": 7405.8613, "localIpDuration": {"10.0.15.40": 2653.0411999999997, "10.0.18.10": 966.0492, "10.0.15.204": 644.0912, "10.0.17.4": 0.0002, "10.0.15.165": 385.1114, "10.0.19.189": 343.0654, "10.0.21.42": 539.0033, "10.0.21.125": 1875.4994000000002}}, "Pok\u00e9mon Unite": {"localIpCount": 1, "localIpFrequency": {"10.0.18.5": 2}, "localIpTotalDuration": 1527.0502, "localIpDuration": {"10.0.18.5": 1527.0502}}}