{"Modern Combat": {"localIpCount": 5, "localIpFrequency": {"10.0.242.91": 1, "10.0.246.220": 1, "10.0.246.234": 1, "10.0.248.177": 1, "10.1.5.110": 1}, "localIpTotalDuration": 3730.5251, "localIpDuration": {"10.0.242.91": 76.5745, "10.0.246.220": 1792.0286, "10.0.246.234": 1617.0964, "10.0.248.177": 230.7862, "10.1.5.110": 14.0394}}, "HATSUNE MIKU: COLORFUL STAGE!": {"localIpCount": 2, "localIpFrequency": {"10.0.227.211": 3, "10.0.246.145": 1}, "localIpTotalDuration": 511.06179999999995, "localIpDuration": {"10.0.227.211": 377.9901, "10.0.246.145": 133.0717}}, "Roblox": {"localIpCount": 17, "localIpFrequency": {"10.0.227.165": 3, "10.0.228.40": 3, "10.0.223.161": 3, "10.0.229.168": 3, "10.0.234.104": 3, "10.0.234.114": 3, "10.0.234.217": 3, "10.0.242.97": 3, "10.0.242.237": 2, "10.0.245.102": 1, "10.0.245.197": 1, "10.0.248.173": 1, "10.0.252.198": 1, "10.0.253.28": 2, "10.1.1.32": 1, "10.1.6.41": 3, "10.1.9.106": 1}, "localIpTotalDuration": 33171.2226, "localIpDuration": {"10.0.227.165": 0.0039, "10.0.228.40": 546.0296999999999, "10.0.223.161": 2520.2343, "10.0.229.168": 0.11309999999999999, "10.0.234.104": 5397.349200000001, "10.0.234.114": 4743.0096, "10.0.234.217": 5123.9751, "10.0.242.97": 1407.6774, "10.0.242.237": 1442.0998, "10.0.245.102": 63.0341, "10.0.245.197": 280.0107, "10.0.248.173": 189.1178, "10.0.252.198": 1568.0826, "10.0.253.28": 2106.6718, "10.1.1.32": 1708.0391, "10.1.6.41": 5389.602199999999, "10.1.9.106": 686.1722}}, "New State Mobile": {"localIpCount": 3, "localIpFrequency": {"10.0.223.64": 3, "10.0.244.2": 1, "10.0.249.95": 1}, "localIpTotalDuration": 1512.7547, "localIpDuration": {"10.0.223.64": 1260.6867, "10.0.244.2": 0.0379, "10.0.249.95": 252.0301}}, "UNO": {"localIpCount": 2, "localIpFrequency": {"10.0.226.186": 3, "10.0.243.6": 1}, "localIpTotalDuration": 252.34969999999998, "localIpDuration": {"10.0.226.186": 189.1728, "10.0.243.6": 63.1769}}, "Free Fire": {"localIpCount": 40, "localIpFrequency": {"10.0.223.30": 6, "10.0.223.247": 18, "10.0.223.252": 3, "10.0.227.35": 3, "10.0.222.171": 3, "10.0.229.166": 3, "10.0.229.184": 3, "10.0.233.138": 3, "10.0.229.144": 9, "10.0.233.195": 3, "10.0.234.67": 3, "10.0.229.206": 3, "10.0.234.77": 3, "10.0.234.152": 3, "10.0.232.170": 6, "10.0.239.229": 6, "10.0.236.174": 3, "10.0.242.40": 10, "10.0.242.170": 1, "10.0.243.221": 1, "10.0.244.65": 6, "10.0.243.96": 4, "10.0.241.210": 2, "10.0.246.153": 1, "10.0.248.116": 1, "10.0.248.226": 5, "10.0.248.227": 3, "10.0.249.69": 1, "10.0.250.72": 1, "10.0.250.160": 1, "10.0.248.65": 4, "10.0.251.199": 1, "10.0.254.111": 1, "10.0.255.91": 2, "10.1.1.126": 1, "10.1.5.102": 5, "10.1.5.5": 1, "10.1.9.96": 1, "10.1.5.168": 2, "10.1.9.217": 1}, "localIpTotalDuration": 228923.56969999985, "localIpDuration": {"10.0.223.30": 10667.7696, "10.0.223.247": 31736.703899999993, "10.0.223.252": 5228.9814, "10.0.227.35": 5397.1572, "10.0.222.171": 5357.7171, "10.0.229.166": 5355.5595, "10.0.229.184": 5356.1271, "10.0.233.138": 5103.1713, "10.0.229.144": 15853.6722, "10.0.233.195": 5354.9958, "10.0.234.67": 5271.0387, "10.0.229.206": 4580.8947, "10.0.234.77": 5292.0761999999995, "10.0.234.152": 5375.7714, "10.0.232.170": 7369.698000000001, "10.0.239.229": 10584.0453, "10.0.236.174": 4851.1485, "10.0.242.40": 17487.1765, "10.0.242.170": 1791.9422, "10.0.243.221": 1769.814, "10.0.244.65": 7209.8835, "10.0.243.96": 7077.139, "10.0.241.210": 3129.51, "10.0.246.153": 1498.0167, "10.0.248.116": 1799.0905, "10.0.248.226": 7340.0905, "10.0.248.227": 4017.6883, "10.0.249.69": 1799.1898, "10.0.250.72": 1750.0079, "10.0.250.160": 1764.6651, "10.0.248.65": 7167.932599999999, "10.0.251.199": 1763.634, "10.0.254.111": 1791.9765, "10.0.255.91": 3501.1841999999997, "10.1.1.126": 1757.0317, "10.1.5.102": 8729.3608, "10.1.5.5": 1749.5378, "10.1.9.96": 1652.0698, "10.1.5.168": 1876.1285, "10.1.9.217": 1763.9719}}, "Clash of Clan": {"localIpCount": 16, "localIpFrequency": {"10.0.229.79": 3, "10.0.232.155": 3, "10.0.231.203": 3, "10.0.242.75": 1, "10.0.242.68": 1, "10.0.245.132": 2, "10.0.245.202": 1, "10.0.248.74": 1, "10.0.247.234": 1, "10.0.252.101": 1, "10.0.247.218": 2, "10.0.252.100": 1, "10.0.252.14": 1, "10.1.1.172": 1, "10.1.8.93": 1, "10.1.9.57": 1}, "localIpTotalDuration": 11696.966700000003, "localIpDuration": {"10.0.229.79": 0.0015, "10.0.232.155": 41.917500000000004, "10.0.231.203": 5376.5556, "10.0.242.75": 153.8871, "10.0.242.68": 1554.0476, "10.0.245.132": 791.0336, "10.0.245.202": 35.0194, "10.0.248.74": 152.9226, "10.0.247.234": 0.2738, "10.0.252.101": 1435.0254, "10.0.247.218": 1526.0484, "10.0.252.100": 189.1713, "10.0.252.14": 49.1501, "10.1.1.172": 0.0025, "10.1.8.93": 314.9842, "10.1.9.57": 76.9261}}, "Among us": {"localIpCount": 1, "localIpFrequency": {"10.1.5.225": 3}, "localIpTotalDuration": 4954.5483, "localIpDuration": {"10.1.5.225": 4954.5483}}, "Brawl Stars": {"localIpCount": 3, "localIpFrequency": {"10.0.226.243": 9, "10.0.230.19": 3, "10.0.246.199": 1}, "localIpTotalDuration": 16279.323499999999, "localIpDuration": {"10.0.226.243": 13496.9448, "10.0.230.19": 990.2973000000001, "10.0.246.199": 1792.0814}}, "PUBG Mobile": {"localIpCount": 88, "localIpFrequency": {"10.0.223.35": 3, "10.0.227.63": 3, "10.0.227.50": 6, "10.0.227.91": 3, "10.0.227.152": 3, "10.0.227.159": 3, "10.0.224.78": 3, "10.0.226.158": 3, "10.0.225.3": 3, "10.0.224.252": 3, "10.0.229.168": 3, "10.0.230.63": 3, "10.0.233.31": 3, "10.0.233.137": 3, "10.0.229.42": 3, "10.0.233.174": 3, "10.0.230.153": 3, "10.0.232.195": 6, "10.0.229.249": 3, "10.0.229.113": 3, "10.0.233.158": 3, "10.0.234.46": 3, "10.0.233.14": 3, "10.0.234.202": 3, "10.0.239.227": 3, "10.0.236.138": 3, "10.0.237.232": 3, "10.0.241.209": 3, "10.0.242.118": 3, "10.0.242.204": 1, "10.0.243.85": 1, "10.0.243.223": 1, "10.0.244.33": 1, "10.0.243.156": 1, "10.0.241.151": 1, "10.0.244.229": 1, "10.0.242.33": 1, "10.0.245.89": 1, "10.0.245.105": 1, "10.0.245.61": 1, "10.0.245.98": 1, "10.0.241.183": 1, "10.0.245.10": 1, "10.0.245.166": 1, "10.0.245.163": 1, "10.0.243.17": 1, "10.0.244.205": 1, "10.0.246.49": 1, "10.0.241.144": 1, "10.0.244.165": 1, "10.0.242.95": 1, "10.0.246.120": 1, "10.0.245.79": 1, "10.0.242.41": 1, "10.0.246.221": 1, "10.0.244.247": 1, "10.0.248.64": 1, "10.0.248.128": 1, "10.0.249.8": 1, "10.0.249.68": 1, "10.0.248.152": 1, "10.0.248.150": 1, "10.0.249.58": 3, "10.0.252.113": 1, "10.0.249.221": 1, "10.0.252.102": 1, "10.0.252.181": 1, "10.0.248.171": 1, "10.0.252.250": 1, "10.0.247.240": 1, "10.0.248.112": 1, "10.0.249.108": 1, "10.0.254.146": 1, "10.0.254.74": 1, "10.0.254.194": 1, "10.1.0.216": 1, "10.1.2.187": 1, "10.0.255.244": 1, "10.1.5.68": 1, "10.1.5.181": 1, "10.1.6.6": 1, "10.1.5.33": 1, "10.1.9.10": 1, "10.1.9.35": 1, "10.1.6.232": 1, "10.1.9.154": 1, "10.1.9.156": 1, "10.1.9.93": 1}, "localIpTotalDuration": 277044.10640000016, "localIpDuration": {"10.0.223.35": 5397.9507, "10.0.227.63": 5397.1872, "10.0.227.50": 10791.69, "10.0.227.91": 5395.9218, "10.0.227.152": 5397.3867, "10.0.227.159": 5398.8768, "10.0.224.78": 5399.8422, "10.0.226.158": 5397.6285, "10.0.225.3": 5398.521000000001, "10.0.224.252": 5398.4496, "10.0.229.168": 5399.2374, "10.0.230.63": 5393.9391000000005, "10.0.233.31": 5397.0662999999995, "10.0.233.137": 5395.7397, "10.0.229.42": 5395.5843, "10.0.233.174": 5395.9272, "10.0.230.153": 5397.3897, "10.0.232.195": 10792.488, "10.0.229.249": 5397.2979000000005, "10.0.229.113": 5396.061, "10.0.233.158": 5396.1476999999995, "10.0.234.46": 5398.7798999999995, "10.0.233.14": 5399.6739, "10.0.234.202": 5395.6932, "10.0.239.227": 5397.1422, "10.0.236.138": 5399.0568, "10.0.237.232": 5397.3627, "10.0.241.209": 5397.9972, "10.0.242.118": 5395.4931, "10.0.242.204": 1798.8167, "10.0.243.85": 1798.7563, "10.0.243.223": 1798.8744, "10.0.244.33": 1799.9883, "10.0.243.156": 1796.8309, "10.0.241.151": 1798.7922, "10.0.244.229": 1798.5279, "10.0.242.33": 1798.5645, "10.0.245.89": 1799.0476, "10.0.245.105": 1798.4211, "10.0.245.61": 1798.2562, "10.0.245.98": 1799.2842,