{"Clash of Clan": {"localIpCount": 1, "localIpFrequency": {"10.0.0.211": 5}, "localIpTotalDuration": 0.0005, "localIpDuration": {"10.0.0.211": 0.0005}}, "Hero Blaze: Three Kingdoms": {"localIpCount": 1, "localIpFrequency": {"10.0.0.125": 1}, "localIpTotalDuration": 309.8476, "localIpDuration": {"10.0.0.125": 309.8476}}, "PUBG Mobile": {"localIpCount": 13, "localIpFrequency": {"10.0.0.189": 2, "10.0.0.158": 10, "10.0.0.196": 1, "10.0.0.8": 9, "10.0.0.198": 3, "10.0.0.211": 15, "10.0.0.212": 10, "10.0.0.221": 1, "10.0.0.222": 2, "10.0.0.223": 4, "10.0.0.225": 5, "10.0.0.226": 2, "10.0.0.227": 5}, "localIpTotalDuration": 515592.5967999998, "localIpDuration": {"10.0.0.189": 46362.049100000004, "10.0.0.158": 64548.966799999995, "10.0.0.196": 5503.2725, "10.0.0.8": 85737.1001, "10.0.0.198": 47543.0001, "10.0.0.211": 136405.30609999996, "10.0.0.212": 55241.371600000006, "10.0.0.221": 3968.8497, "10.0.0.222": 8439.9501, "10.0.0.223": 38519.8444, "10.0.0.225": 10120.6834, "10.0.0.226": 3679.2538999999997, "10.0.0.227": 9522.949}}}