{"Genshin Impact": {"localIpCount": 2, "localIpFrequency": {"10.0.0.62": 1, "10.0.0.67": 2}, "localIpTotalDuration": 597.0753, "localIpDuration": {"10.0.0.62": 0.0, "10.0.0.67": 597.0753}}, "Random Dice: Defense": {"localIpCount": 1, "localIpFrequency": {"10.0.0.118": 1}, "localIpTotalDuration": 258.0787, "localIpDuration": {"10.0.0.118": 258.0787}}, "League of Legends: Wild Rift": {"localIpCount": 2, "localIpFrequency": {"10.0.1.71": 4, "10.0.0.62": 1}, "localIpTotalDuration": 4224.3581, "localIpDuration": {"10.0.1.71": 4077.1796000000004, "10.0.0.62": 147.1785}}, "Hero Blaze: Three Kingdoms": {"localIpCount": 2, "localIpFrequency": {"10.0.0.106": 1, "10.0.0.46": 1}, "localIpTotalDuration": 54.029799999999994, "localIpDuration": {"10.0.0.106": 38.7981, "10.0.0.46": 15.2317}}, "Clash of Clan": {"localIpCount": 5, "localIpFrequency": {"10.0.1.42": 7, "10.0.0.38": 2, "10.0.1.67": 21, "10.0.0.48": 7, "10.0.0.67": 1}, "localIpTotalDuration": 15191.7976, "localIpDuration": {"10.0.1.42": 2198.9860000000003, "10.0.0.38": 1656.1398, "10.0.1.67": 10256.472899999999, "10.0.0.48": 237.15050000000002, "10.0.0.67": 843.0484}}, "Roblox": {"localIpCount": 4, "localIpFrequency": {"10.0.0.87": 1, "10.0.1.91": 1, "10.0.1.100": 2, "10.0.0.233": 1}, "localIpTotalDuration": 2685.5609, "localIpDuration": {"10.0.0.87": 263.9849, "10.0.1.91": 330.1842, "10.0.1.100": 1758.1334, "10.0.0.233": 333.2584}}, "FIFA Mobile": {"localIpCount": 1, "localIpFrequency": {"10.0.1.72": 1}, "localIpTotalDuration": 1121.9373, "localIpDuration": {"10.0.1.72": 1121.9373}}, "Roblox (Game)": {"localIpCount": 2, "localIpFrequency": {"10.0.1.91": 1, "10.0.0.233": 1}, "localIpTotalDuration": 42.2222, "localIpDuration": {"10.0.1.91": 36.1845, "10.0.0.233": 6.0377}}, "PUBG Mobile": {"localIpCount": 38, "localIpFrequency": {"10.0.1.43": 10, "10.0.0.243": 4, "10.0.1.33": 2, "10.0.0.15": 1, "10.0.1.15": 5, "10.0.0.64": 5, "10.0.1.48": 4, "10.0.0.201": 2, "10.0.1.32": 3, "10.0.1.62": 6, "10.0.0.235": 7, "10.0.1.42": 2, "10.0.1.45": 10, "10.0.0.138": 10, "10.0.0.194": 5, "10.0.0.239": 8, "10.0.0.9": 2, "10.0.1.41": 5, "10.0.0.178": 5, "10.0.1.67": 13, "10.0.0.202": 6, "10.0.0.38": 1, "10.0.0.197": 7, "10.0.1.68": 1, "10.0.1.13": 1, "10.0.1.69": 1, "10.0.1.64": 3, "10.0.1.80": 15, "10.0.1.81": 4, "10.0.1.87": 2, "10.0.1.66": 1, "10.0.1.11": 1, "10.0.1.94": 1, "10.0.1.77": 2, "10.0.1.65": 1, "10.0.0.241": 1, "10.0.0.140": 1, "10.0.0.10": 1}, "localIpTotalDuration": 161927.8425, "localIpDuration": {"10.0.1.43": 11871.2384, "10.0.0.243": 4170.0048, "10.0.1.33": 2547.0424, "10.0.0.15": 1716.0592, "10.0.1.15": 7329.1724, "10.0.0.64": 5880.0913, "10.0.1.48": 4008.179, "10.0.0.201": 870.0772999999999, "10.0.1.32": 4662.0136, "10.0.1.62": 4956.1295, "10.0.0.235": 7245.4413, "10.0.1.42": 2166.1261, "10.0.1.45": 7184.984100000001, "10.0.0.138": 9261.0089, "10.0.0.194": 3534.2826999999997, "10.0.0.239": 10916.9503, "10.0.0.9": 1611.1691, "10.0.1.41": 3906.3154, "10.0.0.178": 5780.8166, "10.0.1.67": 8309.845, "10.0.0.202": 4598.288599999999, "10.0.0.38": 582.0872, "10.0.0.197": 9906.2998, "10.0.1.68": 1455.043, "10.0.1.13": 1775.8573, "10.0.1.69": 1010.895, "10.0.1.64": 1025.9985, "10.0.1.80": 18741.253000000004, "10.0.1.81": 5313.3959, "10.0.1.87": 2289.5392, "10.0.1.66": 0.0, "10.0.1.11": 456.0769, "10.0.1.94": 1743.2339, "10.0.1.77": 1994.9458, "10.0.1.65": 1775.7984, "10.0.0.241": 9.0155, "10.0.0.140": 120.168, "10.0.0.10": 1202.9991}}, "Hay Day": {"localIpCount": 1, "localIpFrequency": {"10.0.0.33": 10}, "localIpTotalDuration": 2670.0569000000005, "localIpDuration": {"10.0.0.33": 2670.0569000000005}}}