{"PUBG Mobile": {"localIpCount": 98, "localIpFrequency": {"10.0.5.189": 3, "10.0.5.217": 1, "10.0.4.232": 1, "10.0.5.214": 1, "10.0.4.233": 2, "10.0.5.218": 1, "10.0.6.36": 2, "10.0.5.233": 2, "10.0.4.126": 2, "10.0.4.144": 2, "10.0.5.16": 1, "10.0.5.248": 2, "10.0.4.172": 1, "10.0.5.175": 2, "10.0.0.95": 1, "10.0.6.57": 1, "10.0.4.104": 1, "10.0.4.234": 1, "10.0.4.223": 1, "10.0.6.61": 2, "10.0.6.65": 1, "10.0.3.186": 1, "10.0.5.124": 1, "10.0.6.64": 1, "10.0.2.114": 1, "10.0.0.58": 1, "10.0.6.71": 1, "10.0.5.8": 1, "10.0.5.172": 1, "10.0.6.79": 1, "10.0.4.42": 1, "10.0.5.10": 1, "10.0.5.87": 1, "10.0.5.27": 2, "10.0.6.62": 1, "10.0.6.97": 1, "10.0.6.99": 1, "10.0.3.233": 3, "10.0.4.239": 1, "10.0.4.186": 1, "10.0.4.86": 1, "10.0.4.194": 1, "10.0.6.51": 1, "10.0.4.214": 1, "10.0.6.90": 2, "10.0.6.142": 1, "10.0.5.64": 1, "10.0.6.84": 1, "10.0.6.28": 2, "10.0.4.164": 2, "10.0.5.53": 1, "10.0.3.240": 1, "10.0.6.163": 2, "10.0.5.80": 1, "10.0.6.156": 1, "10.0.5.149": 1, "10.0.6.70": 1, "10.0.1.77": 1, "10.0.6.174": 1, "10.0.6.175": 1, "10.0.5.49": 1, "10.0.6.169": 1, "10.0.6.112": 1, "10.0.6.190": 1, "10.0.6.134": 1, "10.0.6.17": 1, "10.0.3.81": 1, "10.0.6.83": 1, "10.0.6.197": 1, "10.0.6.208": 1, "10.0.6.80": 1, "10.0.6.212": 1, "10.0.0.19": 1, "10.0.0.39": 2, "10.0.5.76": 1, "10.0.6.0": 1, "10.0.6.49": 1, "10.0.4.54": 2, "10.0.3.150": 1, "10.0.6.158": 1, "10.0.6.150": 1, "10.0.0.52": 1, "10.0.6.242": 1, "10.0.6.15": 1, "10.0.5.106": 2, "10.0.5.180": 1, "10.0.2.252": 1, "10.0.6.41": 1, "10.0.6.237": 1, "10.0.5.60": 1, "10.0.4.173": 1, "10.0.4.252": 1, "10.0.6.127": 1, "10.0.7.6": 1, "10.0.6.45": 1, "10.0.6.4": 1, "10.0.5.82": 1, "10.0.2.154": 1}, "localIpTotalDuration": 205943.43699999998, "localIpDuration": {"10.0.5.189": 5264.0286, "10.0.5.217": 1729.0126, "10.0.4.232": 1792.0083, "10.0.5.214": 1778.0052, "10.0.4.233": 3541.5901, "10.0.5.218": 1792.0599, "10.0.6.36": 3108.001, "10.0.5.233": 3500.0014, "10.0.4.126": 3583.9791, "10.0.4.144": 3570.0092999999997, "10.0.5.16": 1679.595, "10.0.5.248": 3431.9962, "10.0.4.172": 1778.002, "10.0.5.175": 3521.0054, "10.0.0.95": 917.0008, "10.0.6.57": 1792.0034, "10.0.4.104": 1694.0007, "10.0.4.234": 1784.9998, "10.0.4.223": 1708.0048, "10.0.6.61": 3570.0124, "10.0.6.65": 1777.6067, "10.0.3.186": 1673.0064, "10.0.5.124": 1792.0058, "10.0.6.64": 1743.007, "10.0.2.114": 1798.5849, "10.0.0.58": 1763.6082, "10.0.6.71": 1785.0077, "10.0.5.8": 1735.3615, "10.0.5.172": 1785.0027, "10.0.6.79": 1777.9966, "10.0.4.42": 1532.9961, "10.0.5.10": 1792.0115, "10.0.5.87": 1791.6052, "10.0.5.27": 3570.0007, "10.0.6.62": 1651.603, "10.0.6.97": 1777.5504, "10.0.6.99": 1742.9968, "10.0.3.233": 5333.5273, "10.0.4.239": 1792.0141, "10.0.4.186": 1764.027, "10.0.4.86": 1799.0169, "10.0.4.194": 1791.5561, "10.0.6.51": 1791.9987, "10.0.4.214": 1533.0111, "10.0.6.90": 3492.6205, "10.0.6.142": 1728.9872, "10.0.5.64": 1645.0004, "10.0.6.84": 1799.0002, "10.0.6.28": 3450.6177, "10.0.4.164": 3542.0105000000003, "10.0.5.53": 1799.0011, "10.0.3.240": 1791.9963, "10.0.6.163": 3528.0107, "10.0.5.80": 1785.0077, "10.0.6.156": 1770.9995, "10.0.5.149": 1778.0054, "10.0.6.70": 1799.0143, "10.0.1.77": 1771.0142, "10.0.6.174": 1750.0193, "10.0.6.175": 1799.0025, "10.0.5.49": 1729.0849, "10.0.6.169": 1798.5894, "10.0.6.112": 1791.998, "10.0.6.190": 1589.0171, "10.0.6.134": 1785.0125, "10.0.6.17": 1707.6049, "10.0.3.81": 1694.0096, "10.0.6.83": 1791.9938, "10.0.6.197": 1798.976, "10.0.6.208": 1736.0023, "10.0.6.80": 1749.5427, "10.0.6.212": 1793.5254, "10.0.0.19": 1792.0229, "10.0.0.39": 3528.0493, "10.0.5.76": 1798.9836, "10.0.6.0": 1701.009, "10.0.6.49": 1785.0055, "10.0.4.54": 3234.0011999999997, "10.0.3.150": 1707.6495, "10.0.6.158": 1799.0021, "10.0.6.150": 1728.9993, "10.0.0.52": 1750.0052, "10.0.6.242": 1764.0096, "10.0.6.15": 1785.2628, "10.0.5.106": 3563.0056, "10.0.5.180": 1799.0093, "10.0.2.252": 1763.5997, "10.0.6.41": 1757.0004, "10.0.6.237": 1778.0057, "10.0.5.60": 1645.0303, "10.0.4.173": 1784.9992, "10.0.4.252": 1771.0708, "10.0.6.127": 1799.0279, "10.0.7.6": 1798.5599, "10.0.6.45": 1729.0013, "10.0.6.4": 1791.9969, "10.0.5.82": 1792.0107, "10.0.2.154": 1771.0368}}, "Clash of Clan": {"localIpCount": 10, "localIpFrequency": {"10.0.2.252": 3, "10.0.0.15": 1, "10.0.3.251": 1, "10.0.2.114": 10, "10.0.4.129": 2, "10.0.4.181": 1, "10.0.4.95": 1, "10.0.5.47": 1, "10.0.0.228": 2, "10.0.1.66": 1}, "localIpTotalDuration": 12494.6743, "localIpDuration": {"10.0.2.252": 1294.9944, "10.0.0.15": 1603.0183, "10.0.3.251": 301.0079, "10.0.2.114": 5033.0826, "10.0.4.129": 1091.9961, "10.0.4.181": 539.0185, "10.0.4.95": 28.0135, "10.0.5.47": 1687.0043, "10.0.0.228": 741.4753, "10.0.1.66": 175.0634}}, "ZEPETO": {"localIpCount": 1, "localIpFrequency": {"10.0.3.240": 3}, "localIpTotalDuration": 62.999500000000005, "localIpDuration": {"10.0.3.240": 62.999500000000005}}, "Hay Day": {"localIpCount": 1, "localIpFrequency": {"10.0.4.7": 10}, "localIpTotalDuration": 9835.0193, "localIpDuration": {"10.0.4.7": 9835.0193}}, "New State Mobile": {"localIpCount": 1, "localIpFrequency": {"10.0.4.2": 2}, "localIpTotalDuration": 301.0301, "localIpDuration": {"10.0.4.2": 301.0301}}, "Candy Crush Saga": {"localIpCount": 3, "localIpFrequency": {"10.0.4.129": 1, "10.0.5.135": 6, "10.0.6.112": 1}, "localIpTotalDuration": 6314.5209, "localIpDuration": {"10.0.4.129": 112.0106, "10.0.5.135": 5418.5025000000005, "10.0.6.112": 784.0078}}, "League of Legends: Wild Rift": {"localIpCount": 2, "localIpFrequency": {"10.0.1.65": 1, "10.0.6.220": 1}, "localIpTotalDuration": 273.012, "localIpDuration": {"10.0.1.65": 0.0, "10.0.6.220": 273.012}}, "Brawl Stars": {"localIpCount": 3, "localIpFrequency": {"10.0.0.29": 6, "10.0.6.38": 6, "10.0.2.77": 1}, "localIpTotalDuration": 10129.928199999998, "localIpDuration": {"10.0.0.29": 4256.6999, "10.0.6.38": 5663.232599999999, "10.0.2.77": 209.9957}}, "Roblox": {"localIpCount": 6, "localIpFrequency": {"10.0.3.173": 4, "10.0.6.38": 11, "10.0.6.148": 1, "10.0.4.120": 2, "10.0.3.188": 1, "10.0.0.29": 3}, "localIpTotalDuration": 24134.148800000003, "localIpDuration": {"10.0.3.173": 2617.2591999999995, "10.0.6.38": 14075.8631, "10.0.6.148": 1547.0027, "10.0.4.120": 1231.9993, "10.0.3.188": 1799.0051, "10.0.0.29": 2863.0194}}, "Clash Royale": {"localIpCount": 3, "localIpFrequency": {"10.0.3.251": 1, "10.0.2.91": 3, "10.0.0.29": 1}, "localIpTotalDuration": 28.0407, "localIpDuration": {"10.0.3.251": 0.0, "10.0.2.91": 28.0407, "10.0.0.29": 0.0}}, "Genshin Impact": {"localIpCount": 1, "localIpFrequency": {"10.0.3.184": 1}, "localIpTotalDuration": 152.985, "localIpDuration": {"10.0.3.184": 152.985}}, "Free Fire": {"localIpCount": 8, "localIpFrequency": {"10.0.6.1": 1, "10.0.6.58": 4, "10.0.6.30": 4, "10.0.5.207": 1, "10.0.6.86": 2, "10.0.6.118": 5, "10.0.3.159": 1, "10.0.5.172": 1}, "localIpTotalDuration": 16233.108300000002, "localIpDuration": {"10.0.6.1": 0.0063, "10.0.6.58": 5032.9677, "10.0.6.30": 1029.0015, "10.0.5.207": 1778.0107, "10.0.6.86": 1232.0085, "10.0.6.118": 5600.056, "10.0.3.159": 252.0328, "10.0.5.172": 1309.0248}}}