{"Candy Crush Saga": {"localIpCount": 1, "localIpFrequency": {"10.0.139.165": 3}, "localIpTotalDuration": 546.3864000000001, "localIpDuration": {"10.0.139.165": 546.3864000000001}}, "Pok\u00e9mon Unite": {"localIpCount": 3, "localIpFrequency": {"10.0.140.5": 3, "10.0.143.157": 9, "10.0.146.24": 6}, "localIpTotalDuration": 24385.5681, "localIpDuration": {"10.0.140.5": 3717.0743999999995, "10.0.143.157": 11088.211800000001, "10.0.146.24": 9580.2819}}, "Minecraft": {"localIpCount": 1, "localIpFrequency": {"10.0.139.214": 3}, "localIpTotalDuration": 21.212400000000002, "localIpDuration": {"10.0.139.214": 21.212400000000002}}, "Roblox": {"localIpCount": 8, "localIpFrequency": {"10.0.139.214": 30, "10.0.140.199": 3, "10.0.143.7": 3, "10.0.143.73": 6, "10.0.143.142": 3, "10.0.143.59": 3, "10.0.145.170": 3, "10.0.145.77": 3}, "localIpTotalDuration": 82793.96639999999, "localIpDuration": {"10.0.139.214": 48192.41519999998, "10.0.140.199": 4278.975, "10.0.143.7": 5395.7778, "10.0.143.73": 7180.8072, "10.0.143.142": 5040.1779, "10.0.143.59": 4766.9928, "10.0.145.170": 2541.3833999999997, "10.0.145.77": 5397.4371}}, "PUBG Mobile": {"localIpCount": 40, "localIpFrequency": {"10.0.140.13": 3, "10.0.140.159": 3, "10.0.140.27": 3, "10.0.140.156": 3, "10.0.140.130": 3, "10.0.141.78": 3, "10.0.142.35": 3, "10.0.142.88": 3, "10.0.141.79": 3, "10.0.142.73": 3, "10.0.141.196": 3, "10.0.141.127": 3, "10.0.140.255": 3, "10.0.142.219": 3, "10.0.142.228": 3, "10.0.139.159": 3, "10.0.142.169": 3, "10.0.143.6": 3, "10.0.139.163": 3, "10.0.142.196": 3, "10.0.142.231": 3, "10.0.143.52": 3, "10.0.143.91": 3, "10.0.143.125": 3, "10.0.140.57": 3, "10.0.143.169": 3, "10.0.143.106": 3, "10.0.143.213": 3, "10.0.140.71": 3, "10.0.139.249": 3, "10.0.145.57": 3, "10.0.145.29": 3, "10.0.146.62": 3, "10.0.146.162": 3, "10.0.146.156": 3, "10.0.145.225": 3, "10.0.146.238": 3, "10.0.146.43": 3, "10.0.149.24": 3, "10.0.149.40": 3}, "localIpTotalDuration": 215858.71769999998, "localIpDuration": {"10.0.140.13": 5397.537, "10.0.140.159": 5396.0505, "10.0.140.27": 5396.247, "10.0.140.156": 5399.3103, "10.0.140.130": 5397.7029, "10.0.141.78": 5396.2044, "10.0.142.35": 5398.8762, "10.0.142.88": 5397.2721, "10.0.141.79": 5392.3737, "10.0.142.73": 5397.1737, "10.0.141.196": 5395.2741000000005, "10.0.141.127": 5395.590899999999, "10.0.140.255": 5397.2022, "10.0.142.219": 5391.5070000000005, "10.0.142.228": 5397.0378, "10.0.139.159": 5395.6959, "10.0.142.169": 5395.7283, "10.0.143.6": 5395.8516, "10.0.139.163": 5397.0735, "10.0.142.196": 5398.5936, "10.0.142.231": 5397.2811, "10.0.143.52": 5395.7553, "10.0.143.91": 5394.1716, "10.0.143.125": 5395.5651, "10.0.140.57": 5395.7658, "10.0.143.169": 5397.3738, "10.0.143.106": 5397.4614, "10.0.143.213": 5397.8205, "10.0.140.71": 5395.6107, "10.0.139.249": 5398.890600000001, "10.0.145.57": 5397.7566, "10.0.145.29": 5396.1894, "10.0.146.62": 5396.4819, "10.0.146.162": 5399.9334, "10.0.146.156": 5390.887199999999, "10.0.145.225": 5399.2146, "10.0.146.238": 5397.1605, "10.0.146.43": 5395.6929, "10.0.149.24": 5395.68, "10.0.149.40": 5395.7226}}, "Asphalt 9: Legends": {"localIpCount": 1, "localIpFrequency": {"10.0.139.233": 6}, "localIpTotalDuration": 6062.525699999999, "localIpDuration": {"10.0.139.233": 6062.525699999999}}, "Clash of Clan": {"localIpCount": 5, "localIpFrequency": {"10.0.140.81": 3, "10.0.140.10": 3, "10.0.146.68": 3, "10.0.146.80": 3, "10.0.148.196": 3}, "localIpTotalDuration": 11511.597, "localIpDuration": {"10.0.140.81": 2124.2409, "10.0.140.10": 0.10949999999999999, "10.0.146.68": 5249.8191, "10.0.146.80": 4137.4269, "10.0.148.196": 0.0006000000000000001}}, "NBA NOW 23": {"localIpCount": 1, "localIpFrequency": {"10.0.140.224": 3}, "localIpTotalDuration": 3149.8244999999997, "localIpDuration": {"10.0.140.224": 3149.8244999999997}}, "Pok\u00e9mon GO": {"localIpCount": 1, "localIpFrequency": {"10.0.143.59": 3}, "localIpTotalDuration": 902.9885999999999, "localIpDuration": {"10.0.143.59": 902.9885999999999}}, "Free Fire": {"localIpCount": 14, "localIpFrequency": {"10.0.139.233": 15, "10.0.140.132": 3, "10.0.142.4": 12, "10.0.140.208": 12, "10.0.143.60": 3, "10.0.143.72": 3, "10.0.143.95": 3, "10.0.143.96": 3, "10.0.143.186": 3, "10.0.144.25": 3, "10.0.145.130": 3, "10.0.145.186": 15, "10.0.146.42": 6, "10.0.149.3": 3}, "localIpTotalDuration": 135869.87369999994, "localIpDuration": {"10.0.139.233": 24916.550399999996, "10.0.140.132": 2704.236, "10.0.142.4": 20560.299000000003, "10.0.140.208": 16485.2868, "10.0.143.60": 5375.9823, "10.0.143.72": 5395.2789, "10.0.143.95": 5038.4394, "10.0.143.96": 2959.6524, "10.0.143.186": 5376.2388, "10.0.144.25": 3631.0644, "10.0.145.130": 5375.9313, "10.0.145.186": 22196.228999999996, "10.0.146.42": 10625.685300000001, "10.0.149.3": 5228.9997}}, "Modern Combat": {"localIpCount": 1, "localIpFrequency": {"10.0.139.233": 3}, "localIpTotalDuration": 4553.780699999999, "localIpDuration": {"10.0.139.233": 4553.780699999999}}, "Brawl Stars": {"localIpCount": 2, "localIpFrequency": {"10.0.143.59": 3, "10.0.143.165": 6}, "localIpTotalDuration": 10374.7467, "localIpDuration": {"10.0.143.59": 2289.1284, "10.0.143.165": 8085.6183}}}