{"Minecraft": {"localIpCount": 3, "localIpFrequency": {"10.4.105.61": 3, "10.4.103.195": 2, "10.4.115.120": 1}, "localIpTotalDuration": 7812.913600000001, "localIpDuration": {"10.4.105.61": 3451.3433999999997, "10.4.103.195": 3031.0359, "10.4.115.120": 1330.5343}}, "Brawl Stars": {"localIpCount": 3, "localIpFrequency": {"10.4.98.153": 2, "10.4.90.179": 1, "10.4.110.114": 4}, "localIpTotalDuration": 6538.768400000001, "localIpDuration": {"10.4.98.153": 2758.138, "10.4.90.179": 0.0012, "10.4.110.114": 3780.6292000000003}}, "Hay Day": {"localIpCount": 1, "localIpFrequency": {"10.4.99.124": 1}, "localIpTotalDuration": 825.9931, "localIpDuration": {"10.4.99.124": 825.9931}}, "Genshin Impact": {"localIpCount": 2, "localIpFrequency": {"10.4.91.137": 1, "10.4.105.35": 2}, "localIpTotalDuration": 3801.4365000000003, "localIpDuration": {"10.4.91.137": 1694.0839, "10.4.105.35": 2107.3526}}, "Free Fire": {"localIpCount": 13, "localIpFrequency": {"10.4.98.224": 1, "10.4.98.217": 1, "10.4.95.54": 1, "10.4.99.91": 2, "10.4.103.85": 1, "10.4.104.216": 1, "10.4.109.182": 1, "10.4.110.191": 1, "10.4.104.119": 2, "10.4.110.238": 1, "10.4.103.234": 1, "10.4.102.207": 1, "10.4.114.79": 1}, "localIpTotalDuration": 26140.7533, "localIpDuration": {"10.4.98.224": 1799.0946, "10.4.98.217": 1792.1429, "10.4.95.54": 1799.576, "10.4.99.91": 3570.3259, "10.4.103.85": 1799.2934, "10.4.104.216": 1029.1137, "10.4.109.182": 1785.0369, "10.4.110.191": 1791.9683, "10.4.104.119": 3591.5896000000002, "10.4.110.238": 1792.0734, "10.4.103.234": 1798.9799, "10.4.102.207": 1799.2481, "10.4.114.79": 1792.3106}}, "Roblox": {"localIpCount": 3, "localIpFrequency": {"10.4.102.254": 1, "10.4.110.21": 1, "10.4.114.172": 1}, "localIpTotalDuration": 2227.2872, "localIpDuration": {"10.4.102.254": 168.0485, "10.4.110.21": 1799.8792, "10.4.114.172": 259.3595}}, "Clash of Clan": {"localIpCount": 2, "localIpFrequency": {"10.4.99.55": 1, "10.4.97.189": 1}, "localIpTotalDuration": 1491.0683999999999, "localIpDuration": {"10.4.99.55": 1491.0508, "10.4.97.189": 0.0176}}, "Pok\u00e9mon Unite": {"localIpCount": 1, "localIpFrequency": {"10.4.111.89": 2}, "localIpTotalDuration": 1512.1512, "localIpDuration": {"10.4.111.89": 1512.1512}}, "UNO": {"localIpCount": 1, "localIpFrequency": {"10.4.104.34": 1}, "localIpTotalDuration": 1435.2069, "localIpDuration": {"10.4.104.34": 1435.2069}}, "PUBG Mobile": {"localIpCount": 16, "localIpFrequency": {"10.4.99.11": 1, "10.4.96.255": 1, "10.4.92.75": 1, "10.4.92.154": 1, "10.4.104.6": 1, "10.4.109.214": 1, "10.4.110.41": 1, "10.4.110.74": 1, "10.4.104.164": 1, "10.4.103.235": 1, "10.4.103.42": 1, "10.4.110.201": 1, "10.4.105.33": 1, "10.4.111.98": 1, "10.4.106.236": 1, "10.4.114.224": 1}, "localIpTotalDuration": 28787.754999999997, "localIpDuration": {"10.4.99.11": 1799.3702, "10.4.96.255": 1799.187, "10.4.92.75": 1798.7406, "10.4.92.154": 1798.8211, "10.4.104.6": 1799.9934, "10.4.109.214": 1799.178, "10.4.110.41": 1798.607, "10.4.110.74": 1799.0635, "10.4.104.164": 1799.0845, "10.4.103.235": 1799.1839, "10.4.103.42": 1799.1658, "10.4.110.201": 1799.9152, "10.4.105.33": 1798.5388, "10.4.111.98": 1799.941, "10.4.106.236": 1799.1787, "10.4.114.224": 1799.7863}}}