{"Free Fire": {"localIpCount": 10, "localIpFrequency": {"10.0.179.33": 3, "10.0.179.225": 3, "10.0.180.21": 3, "10.0.180.119": 3, "10.0.180.252": 9, "10.0.181.84": 3, "10.0.181.15": 3, "10.0.183.94": 3, "10.0.182.170": 6, "10.0.182.6": 3}, "localIpTotalDuration": 68532.1389, "localIpDuration": {"10.0.179.33": 5069.16, "10.0.179.225": 5207.598599999999, "10.0.180.21": 5395.455, "10.0.180.119": 5187.6114, "10.0.180.252": 16067.804100000003, "10.0.181.84": 5396.2164, "10.0.181.15": 5145.031800000001, "10.0.183.94": 5354.9232, "10.0.182.170": 10626.306, "10.0.182.6": 5082.0324}}, "Clash of Clan": {"localIpCount": 4, "localIpFrequency": {"10.0.179.186": 3, "10.0.179.185": 3, "10.0.180.71": 3, "10.0.181.120": 6}, "localIpTotalDuration": 317.6586000000001, "localIpDuration": {"10.0.179.186": 273.2724, "10.0.179.185": 0.09480000000000001, "10.0.180.71": 42.6969, "10.0.181.120": 1.5945000000000003}}, "Pok\u00e9mon Unite": {"localIpCount": 2, "localIpFrequency": {"10.0.181.11": 6, "10.0.179.137": 3}, "localIpTotalDuration": 3990.1890000000003, "localIpDuration": {"10.0.181.11": 3297.1983, "10.0.179.137": 692.9907000000001}}, "Brawl Stars": {"localIpCount": 1, "localIpFrequency": {"10.0.180.23": 6}, "localIpTotalDuration": 6132.460800000001, "localIpDuration": {"10.0.180.23": 6132.460800000001}}, "Genshin Impact": {"localIpCount": 2, "localIpFrequency": {"10.0.179.73": 3, "10.0.181.121": 3}, "localIpTotalDuration": 986.8605, "localIpDuration": {"10.0.179.73": 525.336, "10.0.181.121": 461.5245}}, "PUBG Mobile": {"localIpCount": 13, "localIpFrequency": {"10.0.179.95": 3, "10.0.179.246": 3, "10.0.179.94": 3, "10.0.180.26": 3, "10.0.179.210": 3, "10.0.181.31": 3, "10.0.181.23": 3, "10.0.179.55": 3, "10.0.183.88": 3, "10.0.182.245": 3, "10.0.183.149": 3, "10.0.180.207": 3, "10.0.182.118": 3}, "localIpTotalDuration": 70153.97939999997, "localIpDuration": {"10.0.179.95": 5398.789199999999, "10.0.179.246": 5393.9259, "10.0.179.94": 5399.7570000000005, "10.0.180.26": 5389.7967, "10.0.179.210": 5398.4637, "10.0.181.31": 5397.1917, "10.0.181.23": 5396.9652, "10.0.179.55": 5397.1152, "10.0.183.88": 5395.6602, "10.0.182.245": 5398.68, "10.0.183.149": 5397.5946, "10.0.180.207": 5392.4382, "10.0.182.118": 5397.6017999999995}}, "Candy Crush Saga": {"localIpCount": 1, "localIpFrequency": {"10.0.180.190": 3}, "localIpTotalDuration": 4326.9021, "localIpDuration": {"10.0.180.190": 4326.9021}}, "Minecraft": {"localIpCount": 2, "localIpFrequency": {"10.0.181.17": 3, "10.0.183.116": 3}, "localIpTotalDuration": 79.9371, "localIpDuration": {"10.0.181.17": 22.2147, "10.0.183.116": 57.7224}}, "Roblox": {"localIpCount": 3, "localIpFrequency": {"10.0.179.46": 21, "10.0.180.184": 6, "10.0.182.232": 3}, "localIpTotalDuration": 44241.0414, "localIpDuration": {"10.0.179.46": 28049.242200000008, "10.0.180.184": 10796.1468, "10.0.182.232": 5395.6524}}}