{"PUBG Mobile": {"localIpCount": 10, "localIpFrequency": {"10.0.0.8": 12, "10.0.0.158": 19, "10.0.0.163": 1, "10.0.0.166": 1, "10.0.0.168": 1, "10.0.0.172": 6, "10.0.0.180": 4, "10.0.0.183": 1, "10.0.0.185": 2, "10.0.0.189": 1}, "localIpTotalDuration": 361677.6281, "localIpDuration": {"10.0.0.8": 196288.77949999998, "10.0.0.158": 87148.88330000002, "10.0.0.163": 169.9491, "10.0.0.166": 4566.9489, "10.0.0.168": 35089.7215, "10.0.0.172": 11139.0891, "10.0.0.180": 15918.053, "10.0.0.183": 1931.2542, "10.0.0.185": 5641.0001, "10.0.0.189": 3783.9494}}, "Hero Blaze: Three Kingdoms": {"localIpCount": 2, "localIpFrequency": {"10.0.0.43": 3, "10.0.0.125": 1}, "localIpTotalDuration": 488.7304, "localIpDuration": {"10.0.0.43": 179.8311, "10.0.0.125": 308.8993}}}