{"Minecraft": {"localIpCount": 1, "localIpFrequency": {"10.3.128.79": 1}, "localIpTotalDuration": 194.1329, "localIpDuration": {"10.3.128.79": 194.1329}}, "Free Fire": {"localIpCount": 6, "localIpFrequency": {"10.3.128.244": 1, "10.3.149.140": 1, "10.3.149.123": 1, "10.3.145.109": 1, "10.3.141.198": 1, "10.3.153.58": 1}, "localIpTotalDuration": 10726.408500000001, "localIpDuration": {"10.3.128.244": 1792.3623, "10.3.149.140": 1799.118, "10.3.149.123": 1771.1453, "10.3.145.109": 1785.1108, "10.3.141.198": 1785.1568, "10.3.153.58": 1793.5153}}, "Roblox": {"localIpCount": 2, "localIpFrequency": {"10.3.143.81": 3, "10.3.154.160": 1}, "localIpTotalDuration": 7195.924000000001, "localIpDuration": {"10.3.143.81": 5397.1054, "10.3.154.160": 1798.8186}}, "Clash of Clan": {"localIpCount": 2, "localIpFrequency": {"10.3.149.96": 1, "10.3.148.134": 1}, "localIpTotalDuration": 19.948, "localIpDuration": {"10.3.149.96": 14.0313, "10.3.148.134": 5.9167}}, "PUBG Mobile": {"localIpCount": 6, "localIpFrequency": {"10.3.128.54": 1, "10.3.141.29": 1, "10.3.149.135": 1, "10.3.149.205": 1, "10.3.151.208": 1, "10.3.153.181": 1}, "localIpTotalDuration": 10795.4189, "localIpDuration": {"10.3.128.54": 1799.7598, "10.3.141.29": 1799.1514, "10.3.149.135": 1799.6749, "10.3.149.205": 1797.3652, "10.3.151.208": 1799.4932, "10.3.153.181": 1799.9744}}}