{"Genshin Impact": {"localIpCount": 2, "localIpFrequency": {"10.0.74.4": 1, "10.0.103.211": 1}, "localIpTotalDuration": 2674.0510999999997, "localIpDuration": {"10.0.74.4": 1666.0058, "10.0.103.211": 1008.0453}}, "FIFA Mobile": {"localIpCount": 2, "localIpFrequency": {"10.0.101.13": 1, "10.0.102.160": 1}, "localIpTotalDuration": 1302.0537, "localIpDuration": {"10.0.101.13": 56.043, "10.0.102.160": 1246.0107}}, "Candy Crush Saga": {"localIpCount": 10, "localIpFrequency": {"10.0.79.52": 1, "10.0.78.63": 1, "10.0.80.60": 3, "10.0.86.20": 1, "10.0.85.185": 1, "10.0.89.80": 1, "10.0.95.100": 1, "10.0.99.161": 1, "10.0.99.237": 1, "10.0.102.171": 1}, "localIpTotalDuration": 11095.0851, "localIpDuration": {"10.0.79.52": 483.013, "10.0.78.63": 483.0057, "10.0.80.60": 5130.6222, "10.0.86.20": 175.0533, "10.0.85.185": 1799.0547, "10.0.89.80": 1036.0351, "10.0.95.100": 1561.0108, "10.0.99.161": 322.2047, "10.0.99.237": 105.0108, "10.0.102.171": 0.0748}}, "Pok\u00e9mon Unite": {"localIpCount": 1, "localIpFrequency": {"10.0.75.217": 1}, "localIpTotalDuration": 1449.0605, "localIpDuration": {"10.0.75.217": 1449.0605}}, "Roblox": {"localIpCount": 28, "localIpFrequency": {"10.0.72.173": 5, "10.0.74.4": 1, "10.0.75.74": 7, "10.0.76.94": 1, "10.0.75.89": 1, "10.0.76.151": 1, "10.0.76.136": 1, "10.0.79.0": 1, "10.0.80.57": 1, "10.0.80.138": 2, "10.0.80.215": 1, "10.0.88.194": 2, "10.0.89.109": 1, "10.0.89.125": 1, "10.0.89.211": 3, "10.0.93.199": 5, "10.0.94.0": 2, "10.0.93.19": 1, "10.0.94.86": 2, "10.0.98.161": 4, "10.0.99.34": 1, "10.0.99.72": 1, "10.0.99.87": 1, "10.0.102.122": 2, "10.0.102.133": 1, "10.0.102.239": 2, "10.0.103.15": 5, "10.0.103.43": 3}, "localIpTotalDuration": 86764.98200000002, "localIpDuration": {"10.0.72.173": 7644.3841, "10.0.74.4": 1344.0491, "10.0.75.74": 12403.216199999999, "10.0.76.94": 434.0632, "10.0.75.89": 1799.0923, "10.0.76.151": 1798.6131, "10.0.76.136": 203.0693, "10.0.79.0": 630.0203, "10.0.80.57": 189.0614, "10.0.80.138": 2641.0981, "10.0.80.215": 1799.1133, "10.0.88.194": 3598.5972, "10.0.89.109": 1490.4914, "10.0.89.125": 1225.0627, "10.0.89.211": 5256.4894, "10.0.93.199": 7461.2814, "10.0.94.0": 3101.0949, "10.0.93.19": 336.0264, "10.0.94.86": 2603.6027999999997, "10.0.98.161": 5292.7963, "10.0.99.34": 161.0209, "10.0.99.72": 1799.1915, "10.0.99.87": 1799.0855, "10.0.102.122": 3590.4907000000003, "10.0.102.133": 202.9768, "10.0.102.239": 3597.5762, "10.0.103.15": 8972.069, "10.0.103.43": 5391.3485}}, "Minecraft": {"localIpCount": 11, "localIpFrequency": {"10.0.75.242": 5, "10.0.77.49": 2, "10.0.89.104": 1, "10.0.89.194": 1, "10.0.92.40": 2, "10.0.92.160": 3, "10.0.94.8": 1, "10.0.95.226": 1, "10.0.98.176": 1, "10.0.100.12": 4, "10.0.100.0": 1}, "localIpTotalDuration": 17327.537099999998, "localIpDuration": {"10.0.75.242": 5847.134, "10.0.77.49": 2303.3869999999997, "10.0.89.104": 616.0368, "10.0.89.194": 245.0302, "10.0.92.40": 1358.1342, "10.0.92.160": 1658.6026000000002, "10.0.94.8": 42.0257, "10.0.95.226": 1484.0327, "10.0.98.176": 175.0144, "10.0.100.12": 3353.1681, "10.0.100.0": 244.9714}}, "\ud0d5\ud0d5\ud2b9\uacf5\ub300": {"localIpCount": 4, "localIpFrequency": {"10.0.83.86": 1, "10.0.96.105": 1, "10.0.100.198": 1, "10.0.101.163": 1}, "localIpTotalDuration": 2303.2464999999997, "localIpDuration": {"10.0.83.86": 0.0002, "10.0.96.105": 0.0002, "10.0.100.198": 1253.1037, "10.0.101.163": 1050.1424}}, "Hay Day": {"localIpCount": 1, "localIpFrequency": {"10.0.93.253": 1}, "localIpTotalDuration": 154.0346, "localIpDuration": {"10.0.93.253": 154.0346}}, "PUBG Mobile": {"localIpCount": 199, "localIpFrequency": {"10.0.72.118": 1, "10.0.72.99": 1, "10.0.72.238": 1, "10.0.73.135": 1, "10.0.73.190": 1, "10.0.74.53": 1, "10.0.72.133": 1, "10.0.75.20": 1, "10.0.73.82": 1, "10.0.73.42": 1, "10.0.72.54": 1, "10.0.74.230": 1, "10.0.75.251": 1, "10.0.76.19": 1, "10.0.75.205": 1, "10.0.72.186": 1, "10.0.76.88": 1, "10.0.73.230": 1, "10.0.73.56": 1, "10.0.74.201": 1, "10.0.76.150": 1, "10.0.74.23": 1, "10.0.76.123": 1, "10.0.74.146": 1, "10.0.77.57": 1, "10.0.77.66": 1, "10.0.77.195": 1, "10.0.78.21": 1, "10.0.78.194": 1, "10.0.78.207": 1, "10.0.78.141": 1, "10.0.78.170": 1, "10.0.77.107": 1, "10.0.78.252": 1, "10.0.76.225": 1, "10.0.78.105": 1, "10.0.79.90": 1, "10.0.77.110": 1, "10.0.79.74": 1, "10.0.79.115": 1, "10.0.79.127": 1, "10.0.79.139": 1, "10.0.79.154": 1, "10.0.79.164": 1, "10.0.79.168": 1, "10.0.78.161": 1, "10.0.79.199": 1, "10.0.77.242": 1, "10.0.80.6": 1, "10.0.78.179": 1, "10.0.80.38": 1, "10.0.77.90": 1, "10.0.79.72": 1, "10.0.79.112": 1, "10.0.77.192": 1, "10.0.80.60": 1, "10.0.77.53": 1, "10.0.79.131": 2, "10.0.80.204": 1, "10.0.79.195": 1, "10.0.80.237": 1, "10.0.81.20": 1, "10.0.81.163": 1, "10.0.81.52": 1, "10.0.82.86": 1, "10.0.81.206": 1, "10.0.82.184": 1, "10.0.82.103": 1, "10.0.81.94": 1, "10.0.82.5": 1, "10.0.83.97": 1, "10.0.83.69": 1, "10.0.82.157": 1, "10.0.83.230": 1, "10.0.83.229": 1, "10.0.83.84": 1, "10.0.82.178": 1, "10.0.82.179": 1, "10.0.82.128": 1, "10.0.84.44": 1, "10.0.81.132": 1, "10.0.82.80": 1, "10.0.82.65": 1, "10.0.82.189": 1, "10.0.81.84": 1, "10.0.85.133": 1, "10.0.86.42": 1, "10.0.86.56": 1, "10.0.86.37": 1, "10.0.88.162": 1, "10.0.88.114": 1, "10.0.85.124": 1, "10.0.86.141": 1, "10.0.88.239": 1, "10.0.87.205": 1, "10.0.89.12": 1, "10.0.89.23": 2, "10.0.85.165": 1, "10.0.86.45": 1, "10.0.85.176": 1, "10.0.85.191": 1, "10.0.89.158": 1, "10.0.89.200": 1, "10.0.88.93": 1, "10.0.88.140": 1, "10.0.87.42": 1, "10.0.90.2": 1, "10.0.85.142": 1, "10.0.90.166": 1, "10.0.91.11": 1, "10.0.91.156": 1, "10.0.90.253": 1, "10.0.91.242": 1, "10.0.90.71": 2, "10.0.92.146": 1, "10.0.92.11": 2, "10.0.90.75": 2, "10.0.90.142": 1, "10.0.93.34": 1, "10.0.93.55": 1, "10.0.93.88": 1, "10.0.91.141": 1, "10.0.92.126": 1, "10.0.93.120": 1, "10.0.92.219": 1, "10.0.92.128": 1, "10.0.93.223": 1, "10.0.92.45": 1, "10.0.91.201": 1, "10.0.93.255": 1, "10.0.90.170": 1, "10.0.91.147": 1, "10.0.94.96": 1, "10.0.92.108": 1, "10.0.90.116": 1, "10.0.91.51": 1, "10.0.94.167": 1, "10.0.92.185": 1, "10.0.96.6": 1, "10.0.96.14": 1, "10.0.96.140": 1, "10.0.95.103": 1, "10.0.96.221": 1, "10.0.97.26": 1, "10.0.97.55": 1, "10.0.97.175": 1, "10.0.97.190": 1, "10.0.97.198": 1, "10.0.95.79": 1, "10.0.95.68": 1, "10.0.97.224": 1, "10.0.96.1": 1, "10.0.94.246": 1, "10.0.97.117": 1, "10.0.98.19": 2, "10.0.96.150": 1, "10.0.95.36": 1, "10.0.97.139": 1, "10.0.98.123": 1, "10.0.96.174": 1, "10.0.97.88": 1, "10.0.95.6": 1, "10.0.95.241": 1, "10.0.96.153": 1, "10.0.99.5": 1, "10.0.99.22": 1, "10.0.95.118": 1, "10.0.95.245": 1, "10.0.99.54": 1, "10.0.98.87": 1, "10.0.100.43": 1, "10.0.99.164": 1, "10.0.100.198": 1, "10.0.99.240": 2, "10.0.101.39": 1, "10.0.101.120": 3, "10.0.101.249": 1, "10.0.101.84": 1, "10.0.101.206": 1, "10.0.102.87": 1, "10.0.102.121": 1, "10.0.102.25": 1, "10.0.102.135": 1, "10.0.102.144": 1, "10.0.102.100": 1, "10.0.102.178": 1, "10.0.102.190": 1, "10.0.102.202": 1, "10.0.101.224": 1, "10.0.102.162": 1, "10.0.100.69": 1, "10.0.100.191": 1, "10.0.103.110": 1, "10.0.99.248": 1, "10.0.99.237": 1, "10.0.99.210": 1, "10.0.103.160": 1, "10.0.99.183": 1, "10.0.103.230": 1}, "localIpTotalDuration": 371093.76199999993, "localIpDuration": {"10.0.72.118": 1799.0215, "10.0.72.99": 1798.5071, "10.0.72.238": 1799.1805, "10.0.73.135": 1798.526, "10.0.73.190": 1798.4145, "10.0.74.53": 1708.0096, "10.0.72.133": 1785.025, "10.0.75.20": 1798.5913, "10.0.73.82": 1791.5464, "10.0.73.42": 1792.0118, "10.0.72.54": 1798.9813, "10.0.74.230": 1799.5236, "10.0.75.251": 1799.0544, "10.0.76.19": 1792.0617, "10.0.75.205": 1798.5438, "10.0.72.186": 1799.0323, "10.0.76.88": 1792.0075, "10.0.73.230": 1792.0468, "10.0.73.56": 1788.9067, "10.0.74.201": 1799.0741, "10.0.76.150": 1791.5207, "10.0.74.23": 1784.5396, "10.0.76.123": 1785.0021, "10.0.74.146": 1749.9656, "10.0.77.57": 1792.0566, "10.0.77.66": 1799.0412, "10.0.77.195": 1798.514, "10.0.78.21": 1768.6261, "10.0.78.194": 1798.971, "10.0.78.207": 1799.047, "10.0.78.141": 1770.5936,