{"Hero Blaze: Three Kingdoms": {"localIpCount": 2, "localIpFrequency": {"10.0.0.24": 1, "10.0.2.23": 1}, "localIpTotalDuration": 573.0006999999999, "localIpDuration": {"10.0.0.24": 51.0002, "10.0.2.23": 522.0005}}, "Roblox (Game)": {"localIpCount": 3, "localIpFrequency": {"10.0.2.8": 1, "10.0.1.238": 1, "10.0.1.151": 2}, "localIpTotalDuration": 1911.0049, "localIpDuration": {"10.0.2.8": 145.9996, "10.0.1.238": 88.0024, "10.0.1.151": 1677.0029}}, "Clash of Clan": {"localIpCount": 3, "localIpFrequency": {"10.0.1.13": 8, "10.0.1.222": 45, "10.0.2.12": 1}, "localIpTotalDuration": 29120.9641, "localIpDuration": {"10.0.1.13": 1735.9979, "10.0.1.222": 27353.9617, "10.0.2.12": 31.0045}}, "Roblox": {"localIpCount": 3, "localIpFrequency": {"10.0.1.238": 3, "10.0.2.8": 1, "10.0.1.151": 2}, "localIpTotalDuration": 5955.0038, "localIpDuration": {"10.0.1.238": 2582.005, "10.0.2.8": 994.9995, "10.0.1.151": 2377.9993}}, "Genshin Impact": {"localIpCount": 2, "localIpFrequency": {"10.0.0.140": 1, "10.0.2.12": 1}, "localIpTotalDuration": 79.9942, "localIpDuration": {"10.0.0.140": 36.9988, "10.0.2.12": 42.9954}}, "PUBG Mobile": {"localIpCount": 12, "localIpFrequency": {"10.0.1.222": 78, "10.0.1.37": 3, "10.0.1.249": 2, "10.0.1.227": 14, "10.0.1.98": 1, "10.0.1.251": 4, "10.0.1.116": 6, "10.0.2.2": 1, "10.0.2.3": 1, "10.0.1.158": 7, "10.0.2.21": 2, "10.0.2.19": 1}, "localIpTotalDuration": 101471.02180000005, "localIpDuration": {"10.0.1.222": 64263.00489999998, "10.0.1.37": 2906.0038000000004, "10.0.1.249": 1763.0032, "10.0.1.227": 8177.999100000001, "10.0.1.98": 611.9993, "10.0.1.251": 2510.0008, "10.0.1.116": 4973.9951, "10.0.2.2": 1021.9989, "10.0.2.3": 1295.0016, "10.0.1.158": 10821.006200000002, "10.0.2.21": 1511.0035, "10.0.2.19": 1616.0054}}, "Free Fire": {"localIpCount": 1, "localIpFrequency": {"10.0.2.24": 1}, "localIpTotalDuration": 614.9961, "localIpDuration": {"10.0.2.24": 614.9961}}}