{"PUBG Mobile": {"localIpCount": 22, "localIpFrequency": {"10.0.2.63": 1, "10.0.1.235": 1, "10.0.2.134": 1, "10.0.2.154": 3, "10.0.1.65": 2, "10.0.2.197": 1, "10.0.0.58": 2, "10.0.2.111": 1, "10.0.1.77": 2, "10.0.1.218": 1, "10.0.2.92": 4, "10.0.2.222": 1, "10.0.1.221": 1, "10.0.0.159": 2, "10.0.2.173": 1, "10.0.0.39": 1, "10.0.1.75": 2, "10.0.2.25": 2, "10.0.2.229": 1, "10.0.2.220": 1, "10.0.1.36": 2, "10.0.1.69": 1}, "localIpTotalDuration": 45450.352499999986, "localIpDuration": {"10.0.2.63": 1644.9993, "10.0.1.235": 1742.9988, "10.0.2.134": 1701.0023, "10.0.2.154": 4773.9951, "10.0.1.65": 3367.0015, "10.0.2.197": 1770.9988, "10.0.0.58": 2904.6076000000003, "10.0.2.111": 1784.9993, "10.0.1.77": 1624.0085000000001, "10.0.1.218": 798.0022, "10.0.2.92": 3227.0029999999997, "10.0.2.222": 1372.0018, "10.0.1.221": 42.0532, "10.0.0.159": 2961.0034, "10.0.2.173": 1449.0009, "10.0.0.39": 1491.0029, "10.0.1.75": 3451.0005, "10.0.2.25": 3051.6202, "10.0.2.229": 1407.0538, "10.0.2.220": 1743.0007, "10.0.1.36": 3045.0002, "10.0.1.69": 97.9985}}, "Roblox": {"localIpCount": 3, "localIpFrequency": {"10.0.0.9": 13, "10.0.2.224": 3, "10.0.2.230": 1}, "localIpTotalDuration": 23719.8906, "localIpDuration": {"10.0.0.9": 19275.647200000003, "10.0.2.224": 4276.2406, "10.0.2.230": 168.0028}}, "Roblox (Game)": {"localIpCount": 3, "localIpFrequency": {"10.0.0.9": 10, "10.0.2.224": 2, "10.0.2.230": 1}, "localIpTotalDuration": 17198.643000000004, "localIpDuration": {"10.0.0.9": 15133.6349, "10.0.2.224": 2051.0068, "10.0.2.230": 14.0013}}, "FIFA ONLINE 4 M": {"localIpCount": 1, "localIpFrequency": {"10.0.2.224": 1}, "localIpTotalDuration": 0.0, "localIpDuration": {"10.0.2.224": 0.0}}, "Hay Day": {"localIpCount": 1, "localIpFrequency": {"10.0.1.69": 1}, "localIpTotalDuration": 252.0038, "localIpDuration": {"10.0.1.69": 252.0038}}, "Clash of Clan": {"localIpCount": 1, "localIpFrequency": {"10.0.2.158": 1}, "localIpTotalDuration": 0.0, "localIpDuration": {"10.0.2.158": 0.0}}, "Free Fire": {"localIpCount": 1, "localIpFrequency": {"10.0.2.216": 1}, "localIpTotalDuration": 280.0017, "localIpDuration": {"10.0.2.216": 280.0017}}, "Candy Crush Saga": {"localIpCount": 2, "localIpFrequency": {"10.0.0.3": 1, "10.0.2.151": 1}, "localIpTotalDuration": 490.0076, "localIpDuration": {"10.0.0.3": 475.9972, "10.0.2.151": 14.0104}}, "FIFA Mobile": {"localIpCount": 1, "localIpFrequency": {"10.0.2.224": 2}, "localIpTotalDuration": 2058.0031, "localIpDuration": {"10.0.2.224": 2058.0031}}}