{"Clash of Clan": {"localIpCount": 3, "localIpFrequency": {"10.0.7.78": 1, "10.0.2.49": 1, "10.0.4.179": 1}, "localIpTotalDuration": 1498.0262, "localIpDuration": {"10.0.7.78": 0.0069, "10.0.2.49": 0.0065, "10.0.4.179": 1498.0128}}, "Brawl Stars": {"localIpCount": 1, "localIpFrequency": {"10.0.4.253": 3}, "localIpTotalDuration": 2575.9840999999997, "localIpDuration": {"10.0.4.253": 2575.9840999999997}}, "Among us": {"localIpCount": 1, "localIpFrequency": {"10.0.8.4": 4}, "localIpTotalDuration": 4906.2081, "localIpDuration": {"10.0.8.4": 4906.2081}}, "PUBG Mobile": {"localIpCount": 55, "localIpFrequency": {"10.0.1.247": 1, "10.0.5.86": 1, "10.0.2.36": 1, "10.0.0.59": 1, "10.0.1.239": 1, "10.0.4.213": 1, "10.0.7.78": 1, "10.0.1.53": 1, "10.0.0.113": 1, "10.0.3.75": 1, "10.0.5.20": 1, "10.0.5.69": 1, "10.0.3.176": 1, "10.0.7.93": 2, "10.0.0.156": 1, "10.0.1.2": 2, "10.0.3.100": 1, "10.0.4.234": 1, "10.0.7.108": 1, "10.0.7.111": 1, "10.0.6.29": 1, "10.0.7.117": 1, "10.0.6.140": 1, "10.0.6.158": 1, "10.0.2.159": 1, "10.0.7.138": 1, "10.0.7.149": 1, "10.0.3.118": 1, "10.0.0.207": 1, "10.0.1.191": 1, "10.0.6.151": 1, "10.0.4.205": 1, "10.0.2.29": 1, "10.0.3.104": 1, "10.0.7.25": 1, "10.0.7.79": 1, "10.0.1.32": 1, "10.0.1.50": 1, "10.0.6.87": 1, "10.0.7.238": 1, "10.0.1.149": 1, "10.0.8.2": 1, "10.0.3.138": 1, "10.0.0.7": 1, "10.0.5.156": 1, "10.0.0.195": 1, "10.0.1.167": 1, "10.0.5.11": 1, "10.0.6.36": 1, "10.0.7.76": 1, "10.0.7.225": 1, "10.0.1.233": 1, "10.0.1.186": 1, "10.0.2.7": 1, "10.0.1.206": 1}, "localIpTotalDuration": 100862.77130000002, "localIpDuration": {"10.0.1.247": 1799.026, "10.0.5.86": 1776.4882, "10.0.2.36": 1771.0403, "10.0.0.59": 1764.1046, "10.0.1.239": 1778.0426, "10.0.4.213": 1771.2001, "10.0.7.78": 1778.0355, "10.0.1.53": 1799.0214, "10.0.0.113": 1770.542, "10.0.3.75": 1792.0345, "10.0.5.20": 1799.0087, "10.0.5.69": 1770.9963, "10.0.3.176": 1785.0119, "10.0.7.93": 3416.0224, "10.0.0.156": 1735.4767, "10.0.1.2": 3549.6832000000004, "10.0.3.100": 1792.6538, "10.0.4.234": 1778.0042, "10.0.7.108": 1729.0035, "10.0.7.111": 1722.0003, "10.0.6.29": 1498.0013, "10.0.7.117": 1785.0115, "10.0.6.140": 1791.5198, "10.0.6.158": 1729.0024, "10.0.2.159": 1791.9987, "10.0.7.138": 1799.0189, "10.0.7.149": 1784.9972, "10.0.3.118": 1780.1938, "10.0.0.207": 1792.0387, "10.0.1.191": 1798.8717, "10.0.6.151": 1791.9465, "10.0.4.205": 1757.0556, "10.0.2.29": 1798.9892, "10.0.3.104": 1799.0313, "10.0.7.25": 1791.5879, "10.0.7.79": 1792.0352, "10.0.1.32": 1799.0231, "10.0.1.50": 1791.5005, "10.0.6.87": 1799.0491, "10.0.7.238": 1799.0036, "10.0.1.149": 1799.0526, "10.0.8.2": 1785.0306, "10.0.3.138": 1771.0067, "10.0.0.7": 1742.9983, "10.0.5.156": 1714.9997, "10.0.0.195": 1799.0124, "10.0.1.167": 1798.5793, "10.0.5.11": 1799.0027, "10.0.6.36": 1567.5911, "10.0.7.76": 1771.008, "10.0.7.225": 1799.001, "10.0.1.233": 1798.9967, "10.0.1.186": 1792.0194, "10.0.2.7": 1799.0092, "10.0.1.206": 1778.1914}}, "Minecraft": {"localIpCount": 2, "localIpFrequency": {"10.0.3.150": 8, "10.0.7.183": 2}, "localIpTotalDuration": 6811.010399999999, "localIpDuration": {"10.0.3.150": 4536.016699999999, "10.0.7.183": 2274.9937}}, "Roblox": {"localIpCount": 8, "localIpFrequency": {"10.0.7.21": 1, "10.0.7.95": 1, "10.0.7.105": 1, "10.0.7.112": 1, "10.0.7.167": 1, "10.0.7.174": 2, "10.0.5.64": 1, "10.0.7.203": 1}, "localIpTotalDuration": 8323.0175, "localIpDuration": {"10.0.7.21": 279.9987, "10.0.7.95": 210.0161, "10.0.7.105": 168.0054, "10.0.7.112": 1673.0008, "10.0.7.167": 1799.0011, "10.0.7.174": 3289.9754000000003, "10.0.5.64": 742.0177, "10.0.7.203": 161.0023}}, "Genshin Impact": {"localIpCount": 1, "localIpFrequency": {"10.0.3.78": 1}, "localIpTotalDuration": 132.9168, "localIpDuration": {"10.0.3.78": 132.9168}}, "Free Fire": {"localIpCount": 7, "localIpFrequency": {"10.0.0.134": 2, "10.0.7.78": 1, "10.0.5.241": 3, "10.0.7.200": 1, "10.0.7.229": 1, "10.0.8.5": 1, "10.0.2.55": 2}, "localIpTotalDuration": 7563.9915, "localIpDuration": {"10.0.0.134": 2436.0515, "10.0.7.78": 294.0159, "10.0.5.241": 3955.0329, "10.0.7.200": 0.0309, "10.0.7.229": 350.0241, "10.0.8.5": 279.0038, "10.0.2.55": 249.8324}}, "League of Legends: Wild Rift": {"localIpCount": 1, "localIpFrequency": {"10.0.8.26": 1}, "localIpTotalDuration": 545.9976, "localIpDuration": {"10.0.8.26": 545.9976}}, "Modern Combat": {"localIpCount": 1, "localIpFrequency": {"10.0.3.170": 1}, "localIpTotalDuration": 7.002, "localIpDuration": {"10.0.3.170": 7.002}}}