{"Roblox (Adopt Me!)": {"localIpCount": 121, "localIpFrequency": {"10.0.0.51": 4, "10.0.0.46": 27, "10.0.0.54": 14, "10.0.0.33": 11, "10.0.0.34": 1, "10.0.0.10": 1, "10.0.0.28": 17, "10.0.0.21": 16, "10.0.0.18": 5, "10.0.0.44": 9, "10.0.0.24": 2, "10.0.0.52": 10, "10.0.0.50": 7, "10.0.0.66": 36, "10.0.0.57": 13, "10.0.0.45": 14, "10.0.0.60": 9, "10.0.0.61": 23, "10.0.0.62": 26, "10.0.0.69": 38, "10.0.0.82": 25, "10.0.0.88": 36, "10.0.0.102": 3, "10.0.0.90": 21, "10.0.0.110": 1, "10.0.0.111": 1, "10.0.0.107": 1, "10.0.0.109": 7, "10.0.0.145": 1, "10.0.0.113": 1, "10.0.0.114": 16, "10.0.0.127": 1, "10.0.0.178": 12, "10.0.0.179": 2, "10.0.0.128": 1, "10.0.0.182": 1, "10.0.0.187": 6, "10.0.0.138": 4, "10.0.0.196": 3, "10.0.0.139": 9, "10.0.0.197": 1, "10.0.0.141": 1, "10.0.0.209": 8, "10.0.0.142": 17, "10.0.0.143": 8, "10.0.0.223": 9, "10.0.0.232": 35, "10.0.1.190": 1, "10.0.0.120": 10, "10.0.1.181": 4, "10.0.1.1": 5, "10.0.1.28": 3, "10.0.0.240": 10, "10.0.0.242": 3, "10.0.0.146": 7, "10.0.1.29": 2, "10.0.1.38": 6, "10.0.1.104": 11, "10.0.1.194": 14, "10.0.0.222": 19, "10.0.1.198": 1, "10.0.1.200": 1, "10.0.1.3": 1, "10.0.1.202": 1, "10.0.1.170": 1, "10.0.1.46": 17, "10.0.1.206": 2, "10.0.0.254": 2, "10.0.1.210": 3, "10.0.1.211": 1, "10.0.0.119": 5, "10.0.1.103": 4, "10.0.1.191": 1, "10.0.1.11": 4, "10.0.1.15": 1, "10.0.1.12": 2, "10.0.1.219": 1, "10.0.1.17": 1, "10.0.0.101": 2, "10.0.0.80": 7, "10.0.0.238": 3, "10.0.0.154": 2, "10.0.1.224": 1, "10.0.1.85": 1, "10.0.0.255": 2, "10.0.1.230": 6, "10.0.1.22": 11, "10.0.1.235": 3, "10.0.0.49": 4, "10.0.1.236": 1, "10.0.1.32": 1, "10.0.0.166": 1, "10.0.1.247": 1, "10.0.1.89": 2, "10.0.1.255": 1, "10.0.1.146": 1, "10.0.0.161": 2, "10.0.1.43": 3, "10.0.1.226": 5, "10.0.1.50": 1, "10.0.2.23": 1, "10.0.2.2": 2, "10.0.1.49": 5, "10.0.1.244": 1, "10.0.1.44": 2, "10.0.1.135": 1, "10.0.2.42": 1, "10.0.1.155": 1, "10.0.1.63": 5, "10.0.1.26": 1, "10.0.2.66": 2, "10.0.0.124": 1, "10.0.1.54": 2, "10.0.1.106": 1, "10.0.1.119": 1, "10.0.0.208": 1, "10.0.1.180": 1, "10.0.2.125": 1, "10.0.2.133": 1, "10.0.0.183": 1, "10.0.2.115": 3}, "totalDuration": 934172.1729000004, "localIpDuration": {"10.0.0.51": 4216.1225, "10.0.0.46": 31858.933300000004, "10.0.0.54": 18392.4799, "10.0.0.33": 10594.8042, "10.0.0.34": 195.5355, "10.0.0.10": 434.8997, "10.0.0.28": 24103.895000000004, "10.0.0.21": 17459.1821, "10.0.0.18": 501.4843, "10.0.0.44": 5189.1024, "10.0.0.24": 280.86760000000004, "10.0.0.52": 5270.0001, "10.0.0.50": 3084.1542, "10.0.0.66": 38410.948, "10.0.0.57": 12636.623399999997, "10.0.0.45": 5045.437999999999, "10.0.0.60": 7674.575999999999, "10.0.0.61": 27715.226199999997, "10.0.0.62": 24163.6188, "10.0.0.69": 36590.495100000015, "10.0.0.82": 25557.842599999993, "10.0.0.88": 44348.90159999999, "10.0.0.102": 2065.2056000000002, "10.0.0.90": 29674.6958, "10.0.0.110": 394.2042, "10.0.0.111": 80.6091, "10.0.0.107": 12.9861, "10.0.0.109": 6147.5581, "10.0.0.145": 13.6924, "10.0.0.113": 286.0488, "10.0.0.114": 17796.1576, "10.0.0.127": 0.4075, "10.0.0.178": 10381.9299, "10.0.0.179": 1845.1278000000002, "10.0.0.128": 50.7444, "10.0.0.182": 19.0524, "10.0.0.187": 7203.9768, "10.0.0.138": 6312.9928, "10.0.0.196": 3366.9262000000003, "10.0.0.139": 8646.664200000001, "10.0.0.197": 1801.9984, "10.0.0.141": 82.0503, "10.0.0.209": 8532.6916, "10.0.0.142": 26200.648999999998, "10.0.0.143": 12396.7491, "10.0.0.223": 14469.3155, "10.0.0.232": 60063.7114, "10.0.1.190": 1765.6492, "10.0.0.120": 17093.060699999998, "10.0.1.181": 7186.4628, "10.0.1.1": 8912.2736, "10.0.1.28": 4910.2213, "10.0.0.240": 12926.1837, "10.0.0.242": 2660.5274, "10.0.0.146": 11478.437899999999, "10.0.1.29": 2490.2236000000003, "10.0.1.38": 9908.7577, "10.0.1.104": 17692.4169, "10.0.1.194": 15150.166399999996, "10.0.0.222": 33571.3432, "10.0.1.198": 1797.1056, "10.0.1.200": 1727.0811, "10.0.1.3": 1716.4059, "10.0.1.202": 1798.9615, "10.0.1.170": 1780.6058, "10.0.1.46": 27433.181500000002, "10.0.1.206": 3572.4109, "10.0.0.254": 1681.0545, "10.0.1.210": 3054.0146999999997, "10.0.1.211": 27.2208, "10.0.0.119": 8337.2189, "10.0.1.103": 6791.6921999999995, "10.0.1.191": 1441.256, "10.0.1.11": 4626.9172, "10.0.1.15": 120.0046, "10.0.1.12": 3314.8997, "10.0.1.219": 631.0986, "10.0.1.17": 594.8121, "10.0.0.101": 3211.4395, "10.0.0.80": 10424.0729, "10.0.0.238": 5171.942, "10.0.0.154": 3568.0011, "10.0.1.224": 1724.3971, "10.0.1.85": 1758.0692, "10.0.0.255": 3557.4494, "10.0.1.230": 9209.1307, "10.0.1.22": 19026.896600000004, "10.0.1.235": 5361.4753, "10.0.0.49": 4899.4709, "10.0.1.236": 1561.7469, "10.0.1.32": 1782.3536, "10.0.0.166": 1777.7864, "10.0.1.247": 1661.3137, "10.0.1.89": 3565.4876000000004, "10.0.1.255": 1789.8912, "10.0.1.146": 1750.7611, "10.0.0.161": 3537.9604, "10.0.1.43": 5172.2295, "10.0.1.226": 7922.3571, "10.0.1.50": 1782.4858, "10.0.2.23": 1740.5845, "10.0.2.2": 3546.4894999999997, "10.0.1.49": 8295.2386, "10.0.1.244": 1761.6195, "10.0.1.44": 1462.4943, "10.0.1.135": 1525.9969, "10.0.2.42": 1787.797, "10.0.1.155": 1684.4138, "10.0.1.63": 8682.007300000001, "10.0.1.26": 1788.5183, "10.0.2.66": 3564.9146, "10.0.0.124": 1789.3555, "10.0.1.54": 3570.4709000000003, "10.0.1.106": 1796.555, "10.0.1.119": 1776.8959, "10.0.0.208": 1782.9146, "10.0.1.180": 1765.5594, "10.0.2.125": 1800.0497, "10.0.2.133": 1792.7905, "10.0.0.183": 1797.5664, "10.0.2.115": 2480.2812}}, "Among us": {"localIpCount": 3, "localIpFrequency": {"10.0.0.98": 1, "10.0.0.109": 9, "10.0.0.114": 2}, "totalDuration": 12619.976400000001, "localIpDuration": {"10.0.0.98": 101.9504, "10.0.0.109": 10761.2792, "10.0.0.114": 1756.7468}}, "Genshin Impact": {"localIpCount": 5, "localIpFrequency": {"10.0.0.172": 1, "10.0.2.8": 1, "10.0.0.161": 2, "10.0.2.33": 5, "10.0.1.101": 1}, "totalDuration": 5247.3444, "localIpDuration": {"10.0.0.172": 98.0005, "10.0.2.8": 214.1031, "10.0.0.161": 798.0980999999999, "10.0.2.33": 3927.7720999999997, "10.0.1.101": 209.3706}}, "Modern Combat": {"localIpCount": 3, "localIpFrequency": {"10.0.0.75": 1, "10.0.0.147": 1, "10.0.0.114": 3}, "totalDuration": 392.28409999999997, "localIpDuration": {"10.0.0.75": 30.1023, "10.0.0.147": 0.0001, "10.0.0.114": 362.1817}}, "Cookie Run: Kingdom": {"localIpCount": 1, "localIpFrequency": {"10.0.2.5": 5}, "totalDuration": 8032.025, "localIpDuration": {"10.0.2.5": 8032.025}}, "The Lord of the Rings: War": {"localIpCount": 1, "localIpFrequency": {"10.0.2.86": 1}, "totalDuration": 353.0779, "localIpDuration": {"10.0.2.86": 353.0779}}, "MIR4": {"localIpCount": 1, "localIpFrequency": {"10.0.2.90": 3}, "totalDuration": 1384.1018, "localIpDuration": {"10.0.2.90": 1384.1018}}, "League of Legends: Wild Rift": {"localIpCount": 50, "localIpFrequency": {"10.0.0.25": 5, "10.0.0.51": 1, "10.0.0.33": 1, "10.0.0.6": 1, "10.0.0.8": 5, "10.0.0.36": 1, "10.0.0.18": 1, "10.0.0.39": 1, "10.0.0.27": 3, "10.0.0.34": 6, "10.0.0.47": 1, "10.0.0.54": 6, "10.0.0.52": 2, "10.0.0.29": 1, "10.0.0.37": 4, "10.0.0.79": 1, "10.0.0.81": 2, "10.0.0.101": 1, "10.0.0.90": 2, "10.0.0.103": 1, "10.0.0.174": 1, "10.0.0.198": 1, "10.0.0.142": 19, "10.0.1.38": 3, "10.0.1.104": 1, "10.0.0.57": 2, "10.0.0.209": 1, "10.0.1.193": 1, "10.0.0.96": 1, "10.0.1.209": 1, "10.0.0.254": 2, "10.0.0.172": 1, "10.0.1.194": 1, "10.0.0.238": 12, "10.0.1.210": 3, "10.0.0.146": 1, "10.0.1.181": 2, "10.0.1.234": 1, "10.0.1.230": 1, "10.0.1.33": 1, "10.0.1.155": 2, "10.0.1.191": 3, "10.0.1.37": 1, "10.0.1.26": 1, "10.0.1.49": 4, "10.0.2.61": 1, "10.0.1.101": 2, "10.0.1.103": 1, "10.0.0.208": 1, "10.0.2.33": 1}, "totalDuration": 226088.9661, "localIpDuration": {"10.0.0.25": 6719.6213, "10.0.0.51": 1496.8992, "10.0.0.33": 10.3097, "10.0.0.6": 299.9454, "10.0.0.8": 8773.0999, "10.0.0.36": 632.849, "10.0.0.18": 349.0496, "10.0.0.39": 433.9986, "10.0.0.27": 5123.2577, "10.0.0.34": 104923.7745, "10.0.0.47": 558.2543, "10.0.0.54": 6905.9038, "10.0.0.52": 551.9966, "10.0.0.29": 0.0001, "10.0.0.37": 6595.8805999999995, "10.0.0.79": 1069.459, "10.0.0.81": 1123.4419, "10.0.0.101": 121.9989,