{"Roblox": {"localIpCount": 33, "localIpFrequency": {"10.0.5.14": 2, "10.0.0.8": 11, "10.0.5.15": 1, "10.0.0.24": 13, "10.0.4.222": 27, "10.0.4.192": 7, "10.0.0.35": 9, "10.0.4.85": 1, "10.0.4.90": 1, "10.0.0.18": 1, "10.0.5.18": 3, "10.0.4.6": 1, "10.0.0.6": 10, "10.0.5.19": 1, "10.0.0.12": 1, "10.0.4.213": 1, "10.0.5.22": 1, "10.0.5.25": 1, "10.0.5.24": 7, "10.0.0.44": 2, "10.0.1.235": 1, "10.0.0.224": 15, "10.0.2.16": 2, "10.0.0.14": 5, "10.0.0.119": 2, "10.0.5.33": 1, "10.0.5.37": 1, "10.0.4.19": 4, "10.0.1.80": 2, "10.0.0.49": 3, "10.0.5.39": 2, "10.0.5.42": 2, "10.0.5.41": 1}, "localIpTotalDuration": 252445.60789999997, "localIpDuration": {"10.0.5.14": 3597.0681999999997, "10.0.0.8": 19766.6086, "10.0.5.15": 1795.9998, "10.0.0.24": 22990.2198, "10.0.4.222": 48501.8331, "10.0.4.192": 12579.4282, "10.0.0.35": 15277.097600000001, "10.0.4.85": 1794.5055, "10.0.4.90": 1795.9989, "10.0.0.18": 827.9996, "10.0.5.18": 5392.0462, "10.0.4.6": 1798.501, "10.0.0.6": 17988.3965, "10.0.5.19": 1798.0016, "10.0.0.12": 1799.9964, "10.0.4.213": 1799.9997, "10.0.5.22": 1799.9997, "10.0.5.25": 1799.0023, "10.0.5.24": 12589.1003, "10.0.0.44": 3591.5539, "10.0.1.235": 1799.0507, "10.0.0.224": 26950.5214, "10.0.2.16": 3596.0564999999997, "10.0.0.14": 8439.7734, "10.0.0.119": 3597.3959, "10.0.5.33": 1798.4006, "10.0.5.37": 1798.9664, "10.0.4.19": 7196.0442, "10.0.1.80": 3597.3702, "10.0.0.49": 5395.507299999999, "10.0.5.39": 3598.3923999999997, "10.0.5.42": 3597.781, "10.0.5.41": 1796.991}}, "League of Legends: Wild Rift": {"localIpCount": 5, "localIpFrequency": {"10.0.0.57": 1, "10.0.0.41": 1, "10.0.2.16": 13, "10.0.0.35": 10, "10.0.5.38": 1}, "localIpTotalDuration": 31561.343100000006, "localIpDuration": {"10.0.0.57": 1098.0021, "10.0.0.41": 902.0007, "10.0.2.16": 21199.3285, "10.0.0.35": 8134.0074, "10.0.5.38": 228.0044}}, "Roblox (Game)": {"localIpCount": 29, "localIpFrequency": {"10.0.0.8": 11, "10.0.5.14": 2, "10.0.0.24": 13, "10.0.4.222": 3, "10.0.4.192": 4, "10.0.0.35": 5, "10.0.4.85": 3, "10.0.4.90": 3, "10.0.5.18": 4, "10.0.4.6": 1, "10.0.0.6": 10, "10.0.1.247": 3, "10.0.0.12": 1, "10.0.3.227": 2, "10.0.0.40": 1, "10.0.5.22": 1, "10.0.5.25": 1, "10.0.5.24": 3, "10.0.0.224": 5, "10.0.0.44": 1, "10.0.5.28": 1, "10.0.2.16": 6, "10.0.0.14": 1, "10.0.0.119": 4, "10.0.5.33": 2, "10.0.4.19": 5, "10.0.0.9": 1, "10.0.0.49": 3, "10.0.5.41": 4}, "localIpTotalDuration": 159498.7724, "localIpDuration": {"10.0.0.8": 17431.9971, "10.0.5.14": 1816.0038, "10.0.0.24": 20794.0044, "10.0.4.222": 4797.9903, "10.0.4.192": 5390.0017, "10.0.0.35": 5646.0069, "10.0.4.85": 4823.9973, "10.0.4.90": 4812.0076, "10.0.5.18": 6420.0122, "10.0.4.6": 1712.002, "10.0.0.6": 15968.0015, "10.0.1.247": 5024.004500000001, "10.0.0.12": 1757.9903, "10.0.3.227": 3338.0029000000004, "10.0.0.40": 1276.0005, "10.0.5.22": 1799.9994, "10.0.5.25": 1752.7726, "10.0.5.24": 2443.9959, "10.0.0.224": 6764.9792, "10.0.0.44": 1668.0005, "10.0.5.28": 1769.9951, "10.0.2.16": 8400.9959, "10.0.0.14": 1079.9988, "10.0.0.119": 6944.0031, "10.0.5.33": 3526.0026, "10.0.4.19": 8878.0093, "10.0.0.9": 1383.9997, "10.0.0.49": 5270.000599999999, "10.0.5.41": 6807.9967}}, "Minecraft": {"localIpCount": 1, "localIpFrequency": {"10.0.0.6": 1}, "localIpTotalDuration": 56.002, "localIpDuration": {"10.0.0.6": 56.002}}}