{"Roblox (Adopt Me!)": {"localIpCount": 8, "localIpFrequency": {"10.0.0.88": 24, "10.0.0.82": 24, "10.0.0.102": 3, "10.0.0.52": 1, "10.0.0.45": 2, "10.0.0.90": 7, "10.0.0.110": 1, "10.0.0.111": 1}, "localIpTotalDuration": 68514.918, "localIpDuration": {"10.0.0.88": 31539.8958, "10.0.0.82": 25557.740799999996, "10.0.0.102": 2065.2056000000002, "10.0.0.52": 103.3551, "10.0.0.45": 244.7529, "10.0.0.90": 8529.1545, "10.0.0.110": 394.2042, "10.0.0.111": 80.6091}}, "Roblox": {"localIpCount": 9, "localIpFrequency": {"10.0.0.88": 34, "10.0.0.102": 19, "10.0.0.45": 33, "10.0.0.82": 76, "10.0.0.52": 1, "10.0.0.90": 51, "10.0.0.110": 1, "10.0.0.111": 1, "10.0.0.94": 1}, "localIpTotalDuration": 1097943.2691, "localIpDuration": {"10.0.0.88": 112639.6475, "10.0.0.102": 46951.2729, "10.0.0.45": 397837.2318, "10.0.0.82": 288308.31519999995, "10.0.0.52": 3064.4423, "10.0.0.90": 202247.1396, "10.0.0.110": 2051.5499, "10.0.0.111": 6684.4154, "10.0.0.94": 38159.2545}}, "League of Legends: Wild Rift": {"localIpCount": 3, "localIpFrequency": {"10.0.0.101": 1, "10.0.0.8": 1, "10.0.0.90": 2}, "localIpTotalDuration": 2584.9983999999995, "localIpDuration": {"10.0.0.101": 121.9989, "10.0.0.8": 299.9992, "10.0.0.90": 2163.0002999999997}}, "Odin: Valhalla Rising": {"localIpCount": 1, "localIpFrequency": {"10.0.0.102": 1}, "localIpTotalDuration": 22.9493, "localIpDuration": {"10.0.0.102": 22.9493}}}