{"Minecraft": {"localIpCount": 11, "localIpFrequency": {"10.0.15.1": 2, "10.0.15.54": 2, "10.0.8.250": 2, "10.0.15.62": 4, "10.0.9.18": 4, "10.0.15.128": 2, "10.0.15.129": 2, "10.0.9.103": 8, "10.0.16.102": 2, "10.0.9.222": 2, "10.0.9.237": 2}, "localIpTotalDuration": 28173.470599999997, "localIpDuration": {"10.0.15.1": 180.1554, "10.0.15.54": 120.1816, "10.0.8.250": 167.9994, "10.0.15.62": 3955.6150000000002, "10.0.9.18": 6999.4205999999995, "10.0.15.128": 280.0028, "10.0.15.129": 1139.9958, "10.0.9.103": 12403.9906, "10.0.16.102": 1960.0012, "10.0.9.222": 98.1142, "10.0.9.237": 867.994}}, "League of Legends: Wild Rift": {"localIpCount": 29, "localIpFrequency": {"10.0.8.189": 2, "10.0.15.33": 2, "10.0.8.249": 2, "10.0.15.71": 2, "10.0.8.237": 2, "10.0.15.97": 2, "10.0.15.98": 2, "10.0.15.105": 2, "10.0.15.114": 2, "10.0.15.135": 2, "10.0.9.58": 2, "10.0.15.174": 2, "10.0.9.102": 2, "10.0.9.106": 2, "10.0.9.110": 2, "10.0.9.124": 2, "10.0.15.245": 2, "10.0.16.3": 4, "10.0.16.21": 2, "10.0.16.46": 2, "10.0.16.52": 2, "10.0.9.194": 2, "10.0.16.71": 2, "10.0.16.94": 2, "10.0.16.108": 2, "10.0.16.124": 2, "10.0.9.242": 2, "10.0.10.8": 2, "10.0.10.13": 2}, "localIpTotalDuration": 14217.49660000001, "localIpDuration": {"10.0.8.189": 98.0028, "10.0.15.33": 39.9888, "10.0.8.249": 560.0302, "10.0.15.71": 459.9592, "10.0.8.237": 280.012, "10.0.15.97": 1159.8114, "10.0.15.98": 3439.984, "10.0.15.105": 359.9824, "10.0.15.114": 59.9734, "10.0.15.135": 39.842, "10.0.9.58": 518.028, "10.0.15.174": 160.0, "10.0.9.102": 41.9784, "10.0.9.106": 1357.9998, "10.0.9.110": 27.8254, "10.0.9.124": 279.9982, "10.0.15.245": 80.008, "10.0.16.3": 79.9888, "10.0.16.21": 359.996, "10.0.16.46": 740.001, "10.0.16.52": 80.1112, "10.0.9.194": 14.0006, "10.0.16.71": 19.9922, "10.0.16.94": 0.0002, "10.0.16.108": 139.9958, "10.0.16.124": 40.004, "10.0.9.242": 3066.0338, "10.0.10.8": 196.0242, "10.0.10.13": 517.9248}}, "Free Fire": {"localIpCount": 1, "localIpFrequency": {"10.0.15.79": 2}, "localIpTotalDuration": 40.004, "localIpDuration": {"10.0.15.79": 40.004}}, "Roblox": {"localIpCount": 193, "localIpFrequency": {"10.0.8.189": 2, "10.0.15.14": 4, "10.0.8.192": 18, "10.0.14.220": 22, "10.0.8.201": 2, "10.0.15.35": 2, "10.0.14.249": 4, "10.0.8.227": 2, "10.0.8.207": 10, "10.0.15.33": 2, "10.0.8.236": 4, "10.0.15.44": 2, "10.0.15.48": 8, "10.0.8.239": 6, "10.0.15.54": 4, "10.0.8.241": 6, "10.0.15.50": 2, "10.0.15.59": 4, "10.0.8.246": 6, "10.0.15.53": 4, "10.0.15.65": 2, "10.0.8.247": 6, "10.0.15.68": 2, "10.0.8.250": 2, "10.0.15.67": 4, "10.0.9.5": 4, "10.0.9.1": 14, "10.0.9.7": 2, "10.0.15.76": 4, "10.0.15.81": 2, "10.0.9.6": 10, "10.0.15.55": 12, "10.0.15.62": 2, "10.0.9.14": 2, "10.0.15.87": 4, "10.0.15.98": 2, "10.0.9.18": 2, "10.0.15.102": 2, "10.0.9.15": 2, "10.0.9.38": 4, "10.0.15.70": 28, "10.0.9.40": 6, "10.0.15.104": 2, "10.0.15.130": 2, "10.0.15.136": 2, "10.0.15.137": 2, "10.0.9.46": 10, "10.0.9.47": 2, "10.0.15.138": 2, "10.0.15.140": 4, "10.0.15.142": 2, "10.0.9.48": 4, "10.0.15.141": 2, "10.0.15.146": 4, "10.0.9.60": 2, "10.0.15.148": 8, "10.0.15.147": 2, "10.0.9.61": 4, "10.0.9.64": 2, "10.0.9.65": 4, "10.0.15.144": 2, "10.0.9.55": 22, "10.0.15.154": 24, "10.0.9.63": 2, "10.0.15.157": 4, "10.0.9.58": 4, "10.0.15.161": 2, "10.0.9.78": 2, "10.0.15.168": 4, "10.0.9.81": 10, "10.0.15.170": 2, "10.0.9.82": 12, "10.0.15.172": 4, "10.0.15.175": 2, "10.0.9.88": 10, "10.0.15.176": 2, "10.0.15.178": 6, "10.0.9.85": 2, "10.0.15.183": 8, "10.0.9.91": 14, "10.0.9.93": 2, "10.0.9.94": 2, "10.0.15.185": 2, "10.0.15.187": 2, "10.0.15.188": 2, "10.0.15.179": 2, "10.0.9.108": 4, "10.0.15.193": 2, "10.0.15.184": 2, "10.0.15.195": 2, "10.0.9.112": 4, "10.0.15.197": 2, "10.0.15.198": 2, "10.0.15.201": 2, "10.0.15.204": 4, "10.0.9.115": 4, "10.0.15.207": 4, "10.0.9.119": 2, "10.0.15.211": 6, "10.0.9.120": 4, "10.0.15.208": 4, "10.0.9.121": 20, "10.0.15.212": 2, "10.0.9.124": 2, "10.0.9.127": 8, "10.0.15.217": 2, "10.0.15.223": 6, "10.0.9.134": 2, "10.0.15.239": 2, "10.0.9.137": 6, "10.0.15.243": 4, "10.0.9.147": 2, "10.0.15.237": 8, "10.0.15.248": 2, "10.0.16.3": 8, "10.0.9.153": 12, "10.0.16.10": 8, "10.0.9.157": 28, "10.0.16.15": 2, "10.0.16.16": 8, "10.0.9.159": 2, "10.0.16.20": 2, "10.0.9.160": 2, "10.0.16.22": 4, "10.0.16.23": 6, "10.0.9.168": 2, "10.0.16.36": 2, "10.0.9.171": 2, "10.0.16.38": 2, "10.0.16.39": 2, "10.0.9.173": 2, "10.0.16.42": 2, "10.0.16.49": 4, "10.0.16.52": 2, "10.0.16.53": 2, "10.0.9.179": 2, "10.0.16.55": 2, "10.0.9.181": 2, "10.0.9.182": 6, "10.0.16.56": 2, "10.0.9.184": 2, "10.0.16.57": 2, "10.0.16.60": 6, "10.0.9.185": 14, "10.0.9.188": 4, "10.0.16.64": 6, "10.0.9.191": 2, "10.0.16.69": 6, "10.0.9.198": 4, "10.0.16.71": 2, "10.0.9.197": 12, "10.0.16.73": 2, "10.0.16.76": 4, "10.0.16.85": 2, "10.0.16.86": 2, "10.0.9.207": 2, "10.0.16.92": 2, "10.0.9.215": 2, "10.0.16.95": 2, "10.0.16.97": 8, "10.0.9.216": 22, "10.0.16.77": 26, "10.0.9.211": 2, "10.0.9.218": 4, "10.0.16.107": 4, "10.0.9.226": 8, "10.0.16.111": 4, "10.0.16.116": 4, "10.0.16.120": 4, "10.0.9.227": 8, "10.0.16.123": 8, "10.0.16.127": 6, "10.0.9.236": 2, "10.0.16.130": 2, "10.0.9.239": 2, "10.0.16.119": 4, "10.0.9.240": 8, "10.0.16.132": 6, "10.0.16.134": 2, "10.0.9.246": 4, "10.0.16.143": 2, "10.0.9.248": 4, "10.0.16.135": 2, "10.0.9.255": 2, "10.0.16.145": 4, "10.0.16.113": 2, "10.0.9.229": 2, "10.0.9.241": 2, "10.0.9.231": 4, "10.0.10.11": 2, "10.0.16.110": 2, "10.0.16.154": 2, "10.0.10.1": 2}, "localIpTotalDuration": 1576850.5105999988, "localIpDuration": {"10.0.8.189": 3597.5124, "10.0.15.14": 7192.1792000000005, "10.0.8.192": 32347.891799999998, "10.0.14.220": 39580.7668, "10.0.8.201": 3596.3556, "10.0.15.35": 3596.1814, "10.0.14.249": 7194.1478, "10.0.8.227": 3595.1218, "10.0.8.207": 17986.0862, "10.0.15.33": 3597.1736, "10.0.8.236": 7195.5398, "10.0.15.44": 3580.0186, "10.0.15.48": 14386.198799999998, "10.0.8.239": 10792.629, "10.0.15.54": 7195.2634, "10.0.8.241": 10791.3994, "10.0.15.50": 3596.9852, "10.0.15.59": 7176.657399999999, "10.0.8.246": 10792.954800000001, "10.0.15.53": 7190.9983999999995, "10.0.15.65": 3598.1956, "10.0.8.247": 10776.8828, "10.0.15.68": 3596.7318, "10.0.8.250": 3597.5326, "10.0.15.67": 7194.0032, "10.0.9.5": 7194.565, "10.0.9.1": 23151.11500000001, "10.0.9.7": 3596.3394, "10.0.15.76": 7189.16, "10.0.15.81": 3596.6444, "10.0.9.6": 17972.448399999997, "10.0.15.55": 21580.836799999997, "10.0.15.62": 3596.5614, "10.0.9.14": 3593.0116, "10.0.15.87": 7191.3326, "10.0.15.98": 3592.0012, "10.0.9.18": 3597.5376, "10.0.15.102": 3597.0104, "10.0.9.15": 3598.0418, "10.0.9.38": 7193.9196, "10.0.15.70": 50035.556400000016, "10.0.9.40": 10791.447400000001, "10.0.15.104": 3598.197, "10.0.15.130": 1760.0016, "10.0.15.136": 899.998, "10.0.15.137": 3239.9996, "10.0.9.46": 14724.378400000001, "10.0.9.47": 3583.5762, "10.0.15.138": 3599.9988, "10.0.15.140": 7196.537, "10.0.15.142": 3597.205, "10.0.9.48": 7193.8812, "10.0.15.141": 3598.3868, "10.0.15.146": 7195.979600000001, "10.0.9.60": 3597.6094, "10.0.15.148": 14390.987, "10.0.15.147": 3597.0004, "10.0.9.61": 7192.1672, "10.0.9.64": 3597.4716, "10.0.9.65": 7195.560800000001, "10.0.15.144": 3598.2398, "10.0.9.55": 38644.7564, "10.0.15.154": 40007.053799999994, "10.0.9.63": 3596.9502, "10.0.15.157": 7196.7348, "10.0.9.58": 7192.714400000001, "10.0.15.161": 3578.3312, "10.0.9.78": 3597.5264, "10.0.15.168": 7196.8086, "10.0.9.81": 16615.4136, "10.0.15.170": 3040.0064, "10.0.9.82": 21498.1488, "10.0.15.172": 5878.0198, "10.0.15.175": 1459.9958, "10.0.9.88": 17987.689599999998, "10.0.15.176": 3580.0022, "10.0.15.178": 10796.861, "10.0.9.85": 3597.5284, "10.0.15.183": 14275.223600000001, "10.0.9.91": 25127.270800000002, "10.0.9.93": 3597.5356, "10.0.9.94": 3597.558, "10.0.15.185": 357.608, "10.0.15.187": 3597.8102, "10.0.15.188": 3597.2332, "10.0.15.179": 3595.9938, "10.0.9.108": 7195.575, "10.0.15.193": 3597.225, "10.0.15.184": 140.0006, "10.0.15.195": 458.4468, "10.0.9.112": 6299.0748, "10.0.15.197": 2600.0004, "10.0.15.198": 3260.014,