{"Roblox (Game)": {"localIpCount": 26, "localIpFrequency": {"10.0.5.47": 1, "10.0.2.126": 14, "10.0.3.205": 1, "10.0.3.76": 3, "10.0.4.199": 2, "10.0.0.5": 3, "10.0.5.12": 11, "10.0.0.218": 1, "10.0.0.222": 6, "10.0.2.89": 2, "10.0.0.132": 7, "10.0.0.27": 1, "10.0.5.43": 1, "10.0.0.24": 3, "10.0.2.199": 1, "10.0.1.207": 2, "10.0.5.58": 1, "10.0.3.204": 1, "10.0.5.60": 1, "10.0.2.86": 1, "10.0.5.36": 1, "10.0.3.146": 3, "10.0.0.17": 1, "10.0.4.215": 2, "10.0.2.177": 1, "10.0.1.144": 1}, "localIpTotalDuration": 114740.21140000001, "localIpDuration": {"10.0.5.47": 1674.009, "10.0.2.126": 23406.1272, "10.0.3.205": 1790.9962, "10.0.3.76": 3572.2643, "10.0.4.199": 1089.0169, "10.0.0.5": 4627.0001999999995, "10.0.5.12": 19053.039200000003, "10.0.0.218": 1770.9918, "10.0.0.222": 10393.7322, "10.0.2.89": 3472.0098, "10.0.0.132": 12424.491399999999, "10.0.0.27": 1658.7541, "10.0.5.43": 1773.0073, "10.0.0.24": 3474.0933, "10.0.2.199": 1799.0085, "10.0.1.207": 3583.9748, "10.0.5.58": 170.9926, "10.0.3.204": 1773.0767, "10.0.5.60": 1772.9872, "10.0.2.86": 1694.0136, "10.0.5.36": 1789.9945, "10.0.3.146": 5249.524, "10.0.0.17": 1792.017, "10.0.4.215": 2961.0825, "10.0.2.177": 1799.0111, "10.0.1.144": 174.996}}, "Odin: Valhalla Rising": {"localIpCount": 2, "localIpFrequency": {"10.0.1.40": 1, "10.0.3.184": 1}, "localIpTotalDuration": 0.004399999999999999, "localIpDuration": {"10.0.1.40": 0.0039, "10.0.3.184": 0.0005}}, "Hero Blaze: Three Kingdoms": {"localIpCount": 1, "localIpFrequency": {"10.0.4.232": 1}, "localIpTotalDuration": 243.0052, "localIpDuration": {"10.0.4.232": 243.0052}}, "Minecraft": {"localIpCount": 3, "localIpFrequency": {"10.0.4.81": 1, "10.0.3.244": 1, "10.0.5.158": 4}, "localIpTotalDuration": 2331.0667000000003, "localIpDuration": {"10.0.4.81": 44.7927, "10.0.3.244": 135.0739, "10.0.5.158": 2151.2001}}, "Roblox": {"localIpCount": 84, "localIpFrequency": {"10.0.2.126": 36, "10.0.0.24": 120, "10.0.3.136": 4, "10.0.3.14": 2, "10.0.3.76": 1, "10.0.4.199": 2, "10.0.0.5": 5, "10.0.0.218": 7, "10.0.5.12": 12, "10.0.2.89": 3, "10.0.0.222": 19, "10.0.0.132": 129, "10.0.3.146": 3, "10.0.0.2": 14, "10.0.2.199": 2, "10.0.5.58": 2, "10.0.5.36": 7, "10.0.0.4": 1, "10.0.5.61": 1, "10.0.4.215": 1, "10.0.2.177": 11, "10.0.0.29": 1, "10.0.0.17": 1, "10.0.3.199": 1, "10.0.1.144": 2, "10.0.5.68": 3, "10.0.4.205": 1, "10.0.1.1": 2, "10.0.3.228": 11, "10.0.5.73": 16, "10.0.2.205": 1, "10.0.2.190": 1, "10.0.1.216": 1, "10.0.3.21": 1, "10.0.5.87": 6, "10.0.1.60": 2, "10.0.2.30": 1, "10.0.1.29": 15, "10.0.5.84": 2, "10.0.4.86": 1, "10.0.3.160": 1, "10.0.1.244": 1, "10.0.2.231": 2, "10.0.0.32": 1, "10.0.1.61": 1, "10.0.5.78": 2, "10.0.2.248": 1, "10.0.3.129": 2, "10.0.5.109": 1, "10.0.1.55": 1, "10.0.3.205": 2, "10.0.1.150": 1, "10.0.3.171": 5, "10.0.4.26": 1, "10.0.5.121": 1, "10.0.3.133": 1, "10.0.2.0": 1, "10.0.1.51": 6, "10.0.5.125": 4, "10.0.3.175": 7, "10.0.5.112": 1, "10.0.2.44": 3, "10.0.1.250": 37, "10.0.3.174": 3, "10.0.3.244": 14, "10.0.1.254": 2, "10.0.3.183": 1, "10.0.3.180": 1, "10.0.5.139": 10, "10.0.1.32": 4, "10.0.3.184": 3, "10.0.3.179": 2, "10.0.3.189": 3, "10.0.3.219": 1, "10.0.3.196": 6, "10.0.3.195": 1, "10.0.0.210": 2, "10.0.0.7": 1, "10.0.4.39": 3, "10.0.5.158": 3, "10.0.3.206": 1, "10.0.2.164": 1, "10.0.5.164": 1, "10.0.5.172": 3}, "localIpTotalDuration": 1058561.4549000002, "localIpDuration": {"10.0.2.126": 62158.95620000001, "10.0.0.24": 210873.04210000008, "10.0.3.136": 7195.022800000001, "10.0.3.14": 3597.4987, "10.0.3.76": 1798.6023, "10.0.4.199": 3597.5178, "10.0.0.5": 8987.065200000001, "10.0.0.218": 12591.321100000001, "10.0.5.12": 21582.860200000003, "10.0.2.89": 5396.2807999999995, "10.0.0.222": 34172.164300000004, "10.0.0.132": 231604.16340000002, "10.0.3.146": 4773.5326000000005, "10.0.0.2": 25182.907099999997, "10.0.2.199": 3597.4213, "10.0.5.58": 3588.2678, "10.0.5.36": 12589.776700000002, "10.0.0.4": 1798.7596, "10.0.5.61": 1798.5271, "10.0.4.215": 1798.6063, "10.0.2.177": 19786.272699999994, "10.0.0.29": 1799.0367, "10.0.0.17": 1798.7656, "10.0.3.199": 1798.8076, "10.0.1.144": 2148.7848999999997, "10.0.5.68": 3830.9918000000002, "10.0.4.205": 1376.9974, "10.0.1.1": 2412.1862, "10.0.3.228": 19086.7798, "10.0.5.73": 28575.9342, "10.0.2.205": 1791.7734, "10.0.2.190": 1798.7456, "10.0.1.216": 1798.1666, "10.0.3.21": 1798.758, "10.0.5.87": 10781.5604, "10.0.1.60": 3590.5443999999998, "10.0.2.30": 1789.9016, "10.0.1.29": 26946.684699999998, "10.0.5.84": 1835.9811, "10.0.4.86": 1799.2766, "10.0.3.160": 1798.7448, "10.0.1.244": 1798.7268, "10.0.2.231": 3597.4548, "10.0.0.32": 1798.5925, "10.0.1.61": 1329.9979, "10.0.5.78": 3588.4157, "10.0.2.248": 798.0, "10.0.3.129": 3256.6878, "10.0.5.109": 1799.9982, "10.0.1.55": 1791.7726, "10.0.3.205": 3597.7933, "10.0.1.150": 1798.7667, "10.0.3.171": 8993.858199999999, "10.0.4.26": 1798.1965, "10.0.5.121": 1797.5979, "10.0.3.133": 1798.9777, "10.0.2.0": 1798.7543, "10.0.1.51": 10785.646700000001, "10.0.5.125": 5595.6867, "10.0.3.175": 12591.2709, "10.0.5.112": 1799.1187, "10.0.2.44": 5396.4057, "10.0.1.250": 66547.439, "10.0.3.174": 5396.2456, "10.0.3.244": 25179.709200000005, "10.0.1.254": 3597.4842, "10.0.3.183": 1798.7624, "10.0.3.180": 1798.761, "10.0.5.139": 17980.5655, "10.0.1.32": 7193.341100000001, "10.0.3.184": 5396.2609, "10.0.3.179": 3597.5394, "10.0.3.189": 4171.7898000000005, "10.0.3.219": 1796.106, "10.0.3.196": 10792.2993, "10.0.3.195": 1798.772, "10.0.0.210": 3597.5042000000003, "10.0.0.7": 1798.5097, "10.0.4.39": 5395.0533, "10.0.5.158": 5395.192999999999, "10.0.3.206": 1798.7561, "10.0.2.164": 1798.5739, "10.0.5.164": 1797.9147, "10.0.5.172": 5396.1675}}, "Summoners War: Chronicles": {"localIpCount": 1, "localIpFrequency": {"10.0.0.5": 1}, "localIpTotalDuration": 144.0978, "localIpDuration": {"10.0.0.5": 144.0978}}, "TFT: Teamfight Tactics": {"localIpCount": 12, "localIpFrequency": {"10.0.5.91": 1, "10.0.4.101": 1, "10.0.5.102": 1, "10.0.3.166": 1, "10.0.5.78": 1, "10.0.5.116": 1, "10.0.3.181": 3, "10.0.0.94": 1, "10.0.3.174": 7, "10.0.1.153": 1, "10.0.3.76": 1, "10.0.2.201": 2}, "localIpTotalDuration": 12426.187100000001, "localIpDuration": {"10.0.5.91": 108.0058, "10.0.4.101": 368.999, "10.0.5.102": 558.0084, "10.0.3.166": 357.0, "10.0.5.78": 63.0046, "10.0.5.116": 0.0001, "10.0.3.181": 2604.0475, "10.0.0.94": 692.9124, "10.0.3.174": 6644.1233999999995, "10.0.1.153": 174.9971, "10.0.3.76": 630.0002, "10.0.2.201": 225.08859999999999}}, "Brawl Stars": {"localIpCount": 1, "localIpFrequency": {"10.0.1.91": 2}, "localIpTotalDuration": 2214.4942, "localIpDuration": {"10.0.1.91": 2214.4942}}, "FIFA ONLINE 4 M": {"localIpCount": 13, "localIpFrequency": {"10.0.4.98": 1, "10.0.4.239": 5, "10.0.5.67": 1, "10.0.5.69": 1, "10.0.3.108": 25, "10.0.5.105": 2, "10.0.4.245": 2, "10.0.3.167": 1, "10.0.4.244": 1, "10.0.1.38": 3, "10.0.3.180": 4, "10.0.3.175": 2, "10.0.3.174": 1}, "localIpTotalDuration": 48577.01069999999, "localIpDuration": {"10.0.4.98": 1322.9164, "10.0.4.239": 5120.968699999999, "10.0.5.67": 234.0017, "10.0.5.69": 288.0014, "10.0.3.108": 26726.077800000003, "10.0.5.105": 1791.0105, "10.0.4.245": 1989.0443999999998, "10.0.3.167": 0.0019, "10.0.4.244": 1115.967, "10.0.1.38": 3611.9972, "10.0.3.180": 3303.9988999999996, "10.0.3.175": 1372.0244, "10.0.3.174": 1701.0004}}, "League of Legends: Wild Rift": {"localIpCount": 28, "localIpFrequency": {"10.0.1.193": 2, "10.0.5.56": 1, "10.0.5.58": 1, "10.0.2.44": 1, "10.0.5.68": 1, "10.0.5.80": 1, "10.0.0.162": 1, "10.0.5.91": 1, "10.0.4.101": 1, "10.0.5.102": 1, "10.0.3.166": 1, "10.0.5.104": 2, "10.0.5.109": 1, "10.0.5.78": 1, "10.0.2.177": 1, "10.0.5.126": 1, "10.0.4.221": 1, "10.0.1.161": 3, "10.0.0.94": 1, "10.0.3.174": 6, "10.0.3.185": 1, "10.0.1.244": 1, "10.0.5.150": 4, "10.0.3.219": 1, "10.0.3.76": 2, "10.0.3.198": 1, "10.0.5.118": 1, "10.0.5.174": 1}, "localIpTotalDuration": 24058.660399999997, "localIpDuration": {"10.0.1.193": 301.00690000000003, "10.0.5.56": 45.0041, "10.0.5.58": 153.0056, "10.0.2.44": 8.9922,