{"Roblox": {"localIpCount": 22, "localIpFrequency": {"10.0.0.6": 14, "10.0.0.13": 9, "10.0.0.18": 2, "10.0.0.132": 14, "10.0.0.12": 1, "10.0.0.19": 2, "10.0.0.25": 1, "10.0.0.228": 2, "10.0.0.23": 3, "10.0.0.29": 5, "10.0.0.5": 3, "10.0.0.237": 1, "10.0.0.30": 1, "10.0.0.37": 1, "10.0.0.31": 1, "10.0.0.44": 1, "10.0.0.218": 3, "10.0.0.4": 1, "10.0.0.38": 1, "10.0.0.142": 1, "10.0.0.7": 4, "10.0.0.73": 2}, "localIpTotalDuration": 124180.7417, "localIpDuration": {"10.0.0.6": 23116.9576, "10.0.0.13": 15367.0636, "10.0.0.18": 3597.9999, "10.0.0.132": 24154.731900000002, "10.0.0.12": 594.9992, "10.0.0.19": 3080.0106, "10.0.0.25": 1798.1055, "10.0.0.228": 3597.5474000000004, "10.0.0.23": 5367.0241, "10.0.0.29": 8989.3865, "10.0.0.5": 5396.347, "10.0.0.237": 1798.7482, "10.0.0.30": 1798.2012, "10.0.0.37": 1796.4188, "10.0.0.31": 1797.7311, "10.0.0.44": 1797.2344, "10.0.0.218": 5396.3566, "10.0.0.4": 1798.7633, "10.0.0.38": 1797.3055, "10.0.0.142": 1568.0037, "10.0.0.7": 7191.8065, "10.0.0.73": 2379.9991}}, "League of Legends: Wild Rift": {"localIpCount": 10, "localIpFrequency": {"10.0.0.4": 1, "10.0.0.19": 5, "10.0.0.225": 1, "10.0.0.234": 1, "10.0.0.34": 1, "10.0.0.235": 3, "10.0.0.27": 2, "10.0.0.44": 3, "10.0.0.53": 1, "10.0.0.240": 2}, "localIpTotalDuration": 15763.894000000004, "localIpDuration": {"10.0.0.4": 266.0055, "10.0.0.19": 2478.0031, "10.0.0.225": 266.0001, "10.0.0.234": 63.0093, "10.0.0.34": 224.0075, "10.0.0.235": 4683.006, "10.0.0.27": 2205.0161, "10.0.0.44": 3457.8373, "10.0.0.53": 245.0071, "10.0.0.240": 1876.002}}, "Roblox (Game)": {"localIpCount": 27, "localIpFrequency": {"10.0.0.7": 4, "10.0.0.13": 5, "10.0.0.6": 7, "10.0.0.18": 1, "10.0.0.132": 5, "10.0.0.20": 1, "10.0.0.19": 3, "10.0.0.25": 1, "10.0.0.229": 1, "10.0.0.228": 1, "10.0.0.23": 2, "10.0.0.5": 6, "10.0.0.29": 2, "10.0.0.32": 1, "10.0.0.237": 1, "10.0.0.30": 1, "10.0.0.236": 1, "10.0.0.37": 2, "10.0.0.38": 2, "10.0.0.44": 1, "10.0.0.218": 2, "10.0.0.48": 1, "10.0.0.4": 1, "10.0.0.39": 1, "10.0.0.28": 1, "10.0.0.142": 1, "10.0.0.73": 2}, "localIpTotalDuration": 81177.09869999997, "localIpDuration": {"10.0.0.7": 6279.018499999999, "10.0.0.13": 4116.014, "10.0.0.6": 8876.0068, "10.0.0.18": 1386.0007, "10.0.0.132": 6384.0163, "10.0.0.20": 504.0, "10.0.0.19": 4466.0137, "10.0.0.25": 1721.125, "10.0.0.229": 1771.0407, "10.0.0.228": 1134.0153, "10.0.0.23": 3388.0013, "10.0.0.5": 9953.7597, "10.0.0.29": 3183.5362999999998, "10.0.0.32": 1796.0229, "10.0.0.237": 1484.0015, "10.0.0.30": 1637.1192, "10.0.0.236": 1708.0018, "10.0.0.37": 3527.9983, "10.0.0.38": 3554.3884, "10.0.0.44": 1699.9946, "10.0.0.218": 3269.0063, "10.0.0.48": 1757.0027, "10.0.0.4": 1799.0314, "10.0.0.39": 1798.9306, "10.0.0.28": 896.0058, "10.0.0.142": 1392.997, "10.0.0.73": 1694.0499}}, "Minecraft": {"localIpCount": 1, "localIpFrequency": {"10.0.0.38": 3}, "localIpTotalDuration": 3190.998, "localIpDuration": {"10.0.0.38": 3190.998}}}