{"Cookie Run: Kingdom": {"localIpCount": 1, "localIpFrequency": {"10.0.3.205": 1}, "localIpTotalDuration": 350.9845, "localIpDuration": {"10.0.3.205": 350.9845}}, "Roblox (Game)": {"localIpCount": 97, "localIpFrequency": {"10.0.1.244": 11, "10.0.0.76": 2, "10.0.2.168": 9, "10.0.3.205": 8, "10.0.4.175": 1, "10.0.4.2": 1, "10.0.2.126": 23, "10.0.4.177": 1, "10.0.4.124": 1, "10.0.0.2": 19, "10.0.2.29": 6, "10.0.3.64": 8, "10.0.0.132": 68, "10.0.2.190": 3, "10.0.4.181": 2, "10.0.0.24": 25, "10.0.2.177": 4, "10.0.1.101": 2, "10.0.4.176": 1, "10.0.1.232": 1, "10.0.2.48": 1, "10.0.2.91": 3, "10.0.2.65": 4, "10.0.0.5": 2, "10.0.2.222": 2, "10.0.4.188": 3, "10.0.3.101": 1, "10.0.0.97": 6, "10.0.3.14": 13, "10.0.3.93": 4, "10.0.2.63": 2, "10.0.3.45": 1, "10.0.4.199": 3, "10.0.1.129": 1, "10.0.3.76": 1, "10.0.1.116": 1, "10.0.4.204": 11, "10.0.4.206": 3, "10.0.4.207": 11, "10.0.0.222": 27, "10.0.3.3": 1, "10.0.0.10": 1, "10.0.4.215": 1, "10.0.4.217": 1, "10.0.1.216": 1, "10.0.2.248": 1, "10.0.4.218": 1, "10.0.1.105": 1, "10.0.4.223": 2, "10.0.3.89": 1, "10.0.3.218": 1, "10.0.2.201": 1, "10.0.0.17": 12, "10.0.1.225": 1, "10.0.4.191": 1, "10.0.4.235": 1, "10.0.4.236": 1, "10.0.4.237": 6, "10.0.1.29": 2, "10.0.1.1": 6, "10.0.4.250": 1, "10.0.3.219": 1, "10.0.0.73": 1, "10.0.3.129": 3, "10.0.4.184": 1, "10.0.1.20": 1, "10.0.3.111": 1, "10.0.0.185": 1, "10.0.4.170": 2, "10.0.3.114": 1, "10.0.3.116": 1, "10.0.2.231": 1, "10.0.2.44": 2, "10.0.3.130": 1, "10.0.2.210": 3, "10.0.4.149": 7, "10.0.3.252": 2, "10.0.1.207": 6, "10.0.5.22": 1, "10.0.5.12": 4, "10.0.3.201": 4, "10.0.2.89": 4, "10.0.4.87": 1, "10.0.0.218": 4, "10.0.3.171": 1, "10.0.5.29": 1, "10.0.2.121": 1, "10.0.5.32": 1, "10.0.3.134": 1, "10.0.0.156": 1, "10.0.5.35": 1, "10.0.5.34": 2, "10.0.0.4": 1, "10.0.3.136": 1, "10.0.2.30": 1, "10.0.5.42": 1, "10.0.5.43": 2}, "localIpTotalDuration": 593931.5743, "localIpDuration": {"10.0.1.244": 18660.9539, "10.0.0.76": 1880.9512, "10.0.2.168": 3717.0346, "10.0.3.205": 10447.8558, "10.0.4.175": 1008.0095, "10.0.4.2": 1773.0023, "10.0.2.126": 34794.14619999999, "10.0.4.177": 232.7793, "10.0.4.124": 477.0061, "10.0.0.2": 31688.970500000007, "10.0.2.29": 7803.0529, "10.0.3.64": 13788.972500000002, "10.0.0.132": 103163.81790000001, "10.0.2.190": 5389.9130000000005, "10.0.4.181": 3490.9942, "10.0.0.24": 31031.6695, "10.0.2.177": 6963.373699999999, "10.0.1.101": 2547.0209, "10.0.4.176": 1431.0148, "10.0.1.232": 1475.9845, "10.0.2.48": 1777.4747, "10.0.2.91": 4580.9941, "10.0.2.65": 3066.0427999999997, "10.0.0.5": 3591.0738, "10.0.2.222": 3584.0202, "10.0.4.188": 5112.0287, "10.0.3.101": 1367.9148, "10.0.0.97": 10178.583100000002, "10.0.3.14": 21347.933300000004, "10.0.3.93": 5535.1805, "10.0.2.63": 2365.6579, "10.0.3.45": 1582.02, "10.0.4.199": 4653.018599999999, "10.0.1.129": 1700.4618, "10.0.3.76": 1617.0013, "10.0.1.116": 216.0047, "10.0.4.204": 13902.048799999997, "10.0.4.206": 4833.000099999999, "10.0.4.207": 15511.712200000002, "10.0.0.222": 45695.687900000004, "10.0.3.3": 1726.6259, "10.0.0.10": 1169.8269, "10.0.4.215": 1718.9932, "10.0.4.217": 1070.988, "10.0.1.216": 776.9929, "10.0.2.248": 384.9826, "10.0.4.218": 126.0092, "10.0.1.105": 1440.0165, "10.0.4.223": 3465.1203, "10.0.3.89": 1680.0037, "10.0.3.218": 1763.9897, "10.0.2.201": 1169.9164, "10.0.0.17": 16225.5651, "10.0.1.225": 1798.8359, "10.0.4.191": 1781.9235, "10.0.4.235": 1196.986, "10.0.4.236": 1475.9894, "10.0.4.237": 6146.9403, "10.0.1.29": 3241.0020000000004, "10.0.1.1": 4861.3408, "10.0.4.250": 1791.0229, "10.0.3.219": 1798.6319, "10.0.0.73": 1755.0124, "10.0.3.129": 4273.5437, "10.0.4.184": 0.0001, "10.0.1.20": 1476.7535, "10.0.3.111": 1792.0058, "10.0.0.185": 1422.0174, "10.0.4.170": 2968.6272, "10.0.3.114": 132.9966, "10.0.3.116": 1708.0068, "10.0.2.231": 672.003, "10.0.2.44": 3556.0011, "10.0.3.130": 1743.7353, "10.0.2.210": 5164.6213, "10.0.4.149": 9066.046299999998, "10.0.3.252": 3400.0029, "10.0.1.207": 10667.079, "10.0.5.22": 1584.0163, "10.0.5.12": 5238.017, "10.0.3.201": 4815.0154, "10.0.2.89": 6754.5106, "10.0.4.87": 1799.9987, "10.0.0.218": 7104.853099999999, "10.0.3.171": 1683.071, "10.0.5.29": 1788.2985, "10.0.2.121": 1782.0015, "10.0.5.32": 1610.9112, "10.0.3.134": 1792.0017, "10.0.0.156": 1791.0049, "10.0.5.35": 1764.0096, "10.0.5.34": 3447.0032, "10.0.0.4": 1791.7483, "10.0.3.136": 1798.7747, "10.0.2.30": 1799.9947, "10.0.5.42": 1636.3144, "10.0.5.43": 3355.4914}}, "Minecraft": {"localIpCount": 1, "localIpFrequency": {"10.0.4.81": 1}, "localIpTotalDuration": 9.0857, "localIpDuration": {"10.0.4.81": 9.0857}}, "Honkai: Star Rail": {"localIpCount": 1, "localIpFrequency": {"10.0.3.105": 1}, "localIpTotalDuration": 14.0551, "localIpDuration": {"10.0.3.105": 14.0551}}, "Roblox": {"localIpCount": 95, "localIpFrequency": {"10.0.2.29": 5, "10.0.1.244": 17, "10.0.0.24": 135, "10.0.0.76": 1, "10.0.2.126": 42, "10.0.0.104": 1, "10.0.4.176": 1, "10.0.2.168": 10, "10.0.4.2": 1, "10.0.4.177": 1, "10.0.4.124": 1, "10.0.0.132": 81, "10.0.0.2": 13, "10.0.2.190": 3, "10.0.2.177": 5, "10.0.3.47": 2, "10.0.1.101": 1, "10.0.3.64": 7, "10.0.4.184": 1, "10.0.1.232": 1, "10.0.0.94": 1, "10.0.4.187": 1, "10.0.2.91": 1, "10.0.1.146": 2, "10.0.4.188": 2, "10.0.2.248": 3, "10.0.1.240": 1, "10.0.3.93": 1, "10.0.1.105": 1, "10.0.4.199": 3, "10.0.1.129": 1, "10.0.3.76": 1, "10.0.2.65": 6, "10.0.0.17": 13, "10.0.1.116": 1, "10.0.4.204": 8, "10.0.1.1": 3, "10.0.4.206": 5, "10.0.0.222": 21, "10.0.4.208": 1, "10.0.0.97": 4, "10.0.0.5": 3, "10.0.4.207": 9, "10.0.3.62": 2, "10.0.3.205": 6, "10.0.3.163": 1, "10.0.4.217": 2, "10.0.1.216": 1, "10.0.4.218": 1, "10.0.3.122": 1, "10.0.4.223": 2, "10.0.3.89": 2, "10.0.3.14": 11, "10.0.4.228": 2, "10.0.3.130": 1, "10.0.3.95": 2, "10.0.4.237": 12, "10.0.1.29": 2, "10.0.2.185": 1, "10.0.3.99": 1, "10.0.3.101": 2, "10.0.4.250": 1, "10.0.3.219": 1, "10.0.4.251": 2, "10.0.5.0": 1, "10.0.1.61": 2, "10.0.3.129": 2, "10.0.3.96": 1, "10.0.4.170": 2, "10.0.3.38": 1, "10.0.3.115": 1, "10.0.2.231": 1, "10.0.0.154": 1, "10.0.4.78": 1, "10.0.2.210": 4, "10.0.2.110": 1, "10.0.4.149": 11, "10.0.2.44": 1, "10.0.0.46": 1, "10.0.3.252": 1, "10.0.3.121": 1, "10.0.3.201": 3, "10.0.1.207": 2, "10.0.2.89": 1, "10.0.0.218": 2, "10.0.5.12": 2, "10.0.0.156": 1, "10.0.3.27": 1, "10.0.3.42": 1, "10.0.3.132": 2, "10.0.3.136": 1, "10.0.5.34": 1, "10.0.3.135": 1, "10.0.4.191": 1, "10.0.5.43": 1}, "localIpTotalDuration": 926916.7627000003, "localIpDuration": {"10.0.2.29": 8994.2283, "10.0.1.244": 30578.789199999996, "10.0.0.24": 241720.09530000004, "10.0.0.76": 1015.3977, "10.0.2.126": 75538.63659999998, "10.0.0.104": 1799.9981, "10.0.4.176": 1204.9909, "10.0.2.168": 16994.2791, "10.0.4.2": 1799.9995, "10.0.4.177": 386.1208, "10.0.4.124": 936.0012, "10.0.0.132": 145359.0919, "10.0.0.2": 23369.978600000002, "10.0.2.190": 5396.3132000000005, "10.0.2.177": 8993.5495, "10.0.3.47": 3597.4755, "10.0.1.101": 1799.9999, "10.0.3.64": 12591.2244, "10.0.4.184": 1798.6245, "10.0.1.232": 1798.6219, "10.0.0.94": 1798.5098, "10.0.4.187": 1790.0885, "10.0.2.91": 1763.1203, "10.0.1.146": 3596.938, "10.0.4.188": 3591.0159999999996, "10.0.2.248": 4430.543, "10.0.1.240": 1798.7009, "10.0.3.93": 1798.5206, "10.0.1.105": 1798.6812, "10.0.4.199": 4864.9096, "10.0.1.129": 1371.758, "10.0.3.76": 1799.0066, "10.0.2.65": 8986.883899999999, "10.0.0.17": 20710.4255, "10.0.1.116": 620.9947, "10.0.4.204": 14370.4223, "10.0.1.1": 5380.391799999999, "10.0.4.206": 8993.8839, "10.0.0.222": 37768.2573, "10.0.4.208": 1798.4225, "10.0.0.97": 7193.8574, "10.0.0.5": 5396.5333, "10.0.4.207": 16189.555, "10.0.3.62": 3597.483, "10.0.3.205": 10790.8525, "10.0.3.163": 1789.1178, "10.0.4.217": 2607.8863, "10.0.1.216": 804.7446, "10.0.4.218": 387.0007, "10.0.3.122": 1798.5363, "10.0.4.223": 3597.5146, "10.0.3.89": 3597.5798999999997, "10.0.3.14": 18561.419, "10.0.4.228": 3597.0872, "10.0.3.130": 1798.7808, "10.0.3.95": 3597.5056, "10.0.4.237": 20567.7087, "10.0.1.29": 3594.6097, "10.0.2.185": 90.9995, "10.0.3.99": 258.9991, "10.0.3.101": 3597.5347,