{"FIFA ONLINE 4 M": {"localIpCount": 1, "localIpFrequency": {"10.0.0.164": 1}, "localIpTotalDuration": 133.001, "localIpDuration": {"10.0.0.164": 133.001}}, "Roblox": {"localIpCount": 25, "localIpFrequency": {"10.0.0.4": 7, "10.0.0.205": 1, "10.0.0.206": 1, "10.0.0.74": 1, "10.0.0.207": 2, "10.0.0.31": 2, "10.0.0.43": 2, "10.0.0.21": 1, "10.0.0.208": 2, "10.0.0.62": 3, "10.0.0.33": 7, "10.0.0.77": 2, "10.0.0.73": 1, "10.0.0.181": 9, "10.0.0.79": 1, "10.0.0.209": 1, "10.0.0.24": 1, "10.0.0.214": 1, "10.0.0.5": 5, "10.0.0.152": 1, "10.0.0.72": 2, "10.0.0.55": 7, "10.0.0.53": 1, "10.0.0.219": 14, "10.0.0.102": 3}, "localIpTotalDuration": 114730.95919999997, "localIpDuration": {"10.0.0.4": 10828.321600000001, "10.0.0.205": 315.0071, "10.0.0.206": 791.0003, "10.0.0.74": 175.0003, "10.0.0.207": 1742.9985, "10.0.0.31": 2890.5509, "10.0.0.43": 3500.0042000000003, "10.0.0.21": 1797.6956, "10.0.0.208": 3583.2536, "10.0.0.62": 5396.7603, "10.0.0.33": 9830.8839, "10.0.0.77": 2806.5474, "10.0.0.73": 314.9984, "10.0.0.181": 16038.888900000002, "10.0.0.79": 1771.0004, "10.0.0.209": 1798.1616, "10.0.0.24": 1245.9999, "10.0.0.214": 1797.6837, "10.0.0.5": 8735.7956, "10.0.0.152": 1797.7567, "10.0.0.72": 189.0077, "10.0.0.55": 5893.3372, "10.0.0.53": 1749.6834, "10.0.0.219": 24380.1615, "10.0.0.102": 5360.4605}}, "Minecraft": {"localIpCount": 1, "localIpFrequency": {"10.0.0.209": 3}, "localIpTotalDuration": 4505.9388, "localIpDuration": {"10.0.0.209": 4505.9388}}, "Roblox (Game)": {"localIpCount": 21, "localIpFrequency": {"10.0.0.73": 2, "10.0.0.4": 4, "10.0.0.205": 1, "10.0.0.206": 1, "10.0.0.207": 1, "10.0.0.31": 1, "10.0.0.152": 1, "10.0.0.208": 2, "10.0.0.62": 2, "10.0.0.77": 2, "10.0.0.209": 1, "10.0.0.33": 4, "10.0.0.164": 1, "10.0.0.181": 6, "10.0.0.79": 1, "10.0.0.216": 1, "10.0.0.5": 4, "10.0.0.217": 1, "10.0.0.53": 2, "10.0.0.165": 1, "10.0.0.102": 2}, "localIpTotalDuration": 46617.96760000001, "localIpDuration": {"10.0.0.73": 1533.0038, "10.0.0.4": 5963.778600000001, "10.0.0.205": 63.0016, "10.0.0.206": 280.0016, "10.0.0.207": 1476.9977, "10.0.0.31": 168.0206, "10.0.0.152": 1267.0022, "10.0.0.208": 2680.9969, "10.0.0.62": 3409.0051999999996, "10.0.0.77": 2520.0035, "10.0.0.209": 1721.9998, "10.0.0.33": 5669.9938999999995, "10.0.0.164": 62.914, "10.0.0.181": 10526.260999999999, "10.0.0.79": 272.995, "10.0.0.216": 1693.9925, "10.0.0.5": 3080.0009, "10.0.0.217": 244.9974, "10.0.0.53": 1588.9957, "10.0.0.165": 294.0005, "10.0.0.102": 2100.0052}}}