{"League of Legends: Wild Rift": {"localIpCount": 14, "localIpFrequency": {"10.0.2.35": 1, "10.0.4.91": 1, "10.0.4.80": 1, "10.0.0.235": 1, "10.0.0.89": 1, "10.0.2.110": 1, "10.0.2.220": 1, "10.0.2.17": 1, "10.0.1.202": 2, "10.0.4.144": 3, "10.0.3.47": 2, "10.0.4.157": 1, "10.0.3.45": 1, "10.0.4.126": 1}, "localIpTotalDuration": 11408.088100000003, "localIpDuration": {"10.0.2.35": 84.0421, "10.0.4.91": 323.9981, "10.0.4.80": 693.0044, "10.0.0.235": 1530.0868, "10.0.0.89": 1071.2578, "10.0.2.110": 560.0637, "10.0.2.220": 196.0023, "10.0.2.17": 133.0127, "10.0.1.202": 1274.0332, "10.0.4.144": 5073.4744, "10.0.3.47": 28.105800000000002, "10.0.4.157": 197.9843, "10.0.3.45": 63.0133, "10.0.4.126": 180.0092}}, "Odin: Valhalla Rising": {"localIpCount": 2, "localIpFrequency": {"10.0.0.5": 1, "10.0.0.31": 1}, "localIpTotalDuration": 727.9804, "localIpDuration": {"10.0.0.5": 112.0009, "10.0.0.31": 615.9795}}, "Genshin Impact": {"localIpCount": 2, "localIpFrequency": {"10.0.2.44": 1, "10.0.2.4": 9}, "localIpTotalDuration": 8712.9303, "localIpDuration": {"10.0.2.44": 314.9868, "10.0.2.4": 8397.9435}}, "Cookie Run: Kingdom": {"localIpCount": 1, "localIpFrequency": {"10.0.3.205": 1}, "localIpTotalDuration": 746.9999, "localIpDuration": {"10.0.3.205": 746.9999}}, "Roblox (Game)": {"localIpCount": 107, "localIpFrequency": {"10.0.2.163": 10, "10.0.3.201": 1, "10.0.0.73": 4, "10.0.3.93": 11, "10.0.1.244": 5, "10.0.3.205": 11, "10.0.1.105": 41, "10.0.2.248": 2, "10.0.2.214": 5, "10.0.2.23": 5, "10.0.4.25": 4, "10.0.3.106": 10, "10.0.2.44": 13, "10.0.0.89": 6, "10.0.4.52": 1, "10.0.1.207": 7, "10.0.2.237": 1, "10.0.2.187": 4, "10.0.4.15": 1, "10.0.0.4": 1, "10.0.2.110": 19, "10.0.2.218": 1, "10.0.2.35": 2, "10.0.0.31": 2, "10.0.0.2": 34, "10.0.3.128": 11, "10.0.3.10": 1, "10.0.4.74": 1, "10.0.2.48": 8, "10.0.0.76": 3, "10.0.2.205": 3, "10.0.2.250": 1, "10.0.1.1": 9, "10.0.0.17": 4, "10.0.2.184": 2, "10.0.2.108": 3, "10.0.3.152": 4, "10.0.0.97": 2, "10.0.3.154": 3, "10.0.2.190": 1, "10.0.3.160": 2, "10.0.3.159": 2, "10.0.0.5": 3, "10.0.2.63": 3, "10.0.3.0": 7, "10.0.4.81": 1, "10.0.4.44": 1, "10.0.0.173": 1, "10.0.2.1": 2, "10.0.4.80": 9, "10.0.2.126": 36, "10.0.4.89": 1, "10.0.4.92": 1, "10.0.3.129": 5, "10.0.0.132": 44, "10.0.4.97": 3, "10.0.2.215": 21, "10.0.2.128": 1, "10.0.1.254": 1, "10.0.4.94": 2, "10.0.0.46": 1, "10.0.3.17": 10, "10.0.0.115": 1, "10.0.0.24": 10, "10.0.4.109": 1, "10.0.3.133": 1, "10.0.4.115": 1, "10.0.3.24": 1, "10.0.2.101": 3, "10.0.2.180": 1, "10.0.3.27": 6, "10.0.4.123": 1, "10.0.4.125": 2, "10.0.3.30": 1, "10.0.2.89": 3, "10.0.1.39": 1, "10.0.4.128": 7, "10.0.4.129": 1, "10.0.0.53": 1, "10.0.4.131": 1, "10.0.0.102": 1, "10.0.4.117": 2, "10.0.1.236": 2, "10.0.4.135": 1, "10.0.3.39": 2, "10.0.0.114": 4, "10.0.4.142": 1, "10.0.2.217": 1, "10.0.3.45": 2, "10.0.4.140": 3, "10.0.4.144": 2, "10.0.3.14": 1, "10.0.4.147": 1, "10.0.4.148": 1, "10.0.0.222": 1, "10.0.0.212": 2, "10.0.4.152": 1, "10.0.3.47": 1, "10.0.4.159": 1, "10.0.4.160": 1, "10.0.0.187": 1, "10.0.3.66": 1, "10.0.0.156": 1, "10.0.4.124": 3, "10.0.4.51": 1, "10.0.4.172": 1, "10.0.2.29": 1}, "localIpTotalDuration": 776309.8966, "localIpDuration": {"10.0.2.163": 16771.758, "10.0.3.201": 1799.9986, "10.0.0.73": 5936.0143, "10.0.3.93": 18581.9653, "10.0.1.244": 8112.6844, "10.0.3.205": 17778.710699999996, "10.0.1.105": 54138.0899, "10.0.2.248": 3556.8871, "10.0.2.214": 8441.6744, "10.0.2.23": 8825.2994, "10.0.4.25": 7011.089599999999, "10.0.3.106": 17104.5426, "10.0.2.44": 22161.804200000002, "10.0.0.89": 9443.0401, "10.0.4.52": 1790.9986, "10.0.1.207": 12403.5357, "10.0.2.237": 1764.0134, "10.0.2.187": 7072.624, "10.0.4.15": 1771.6147, "10.0.0.4": 1799.0177, "10.0.2.110": 27625.162400000005, "10.0.2.218": 1798.3117, "10.0.2.35": 3555.6976999999997, "10.0.0.31": 3587.8244, "10.0.0.2": 55291.8367, "10.0.3.128": 11913.778999999999, "10.0.3.10": 1763.9982, "10.0.4.74": 1791.0919, "10.0.2.48": 11185.745299999999, "10.0.0.76": 3336.8718, "10.0.2.205": 3906.2387, "10.0.2.250": 1687.0163, "10.0.1.1": 12618.102799999999, "10.0.0.17": 6937.011, "10.0.2.184": 1494.0134, "10.0.2.108": 5074.354200000001, "10.0.3.152": 6713.082999999999, "10.0.0.97": 3499.8044, "10.0.3.154": 5299.5275, "10.0.2.190": 1736.0024, "10.0.3.160": 3371.3127999999997, "10.0.3.159": 3536.998, "10.0.0.5": 5284.5352, "10.0.2.63": 4832.9511999999995, "10.0.3.0": 12144.9435, "10.0.4.81": 1772.9902, "10.0.4.44": 1799.9977, "10.0.0.173": 800.9892, "10.0.2.1": 1736.0592000000001, "10.0.4.80": 11988.1239, "10.0.2.126": 56663.3927, "10.0.4.89": 234.0132, "10.0.4.92": 1323.0149, "10.0.3.129": 8233.0821, "10.0.0.132": 72729.49270000003, "10.0.4.97": 5367.4193000000005, "10.0.2.215": 32733.0291, "10.0.2.128": 1574.7324, "10.0.1.254": 1296.0056, "10.0.4.94": 2897.4742, "10.0.0.46": 1610.9963, "10.0.3.17": 17624.9962, "10.0.0.115": 1799.9974, "10.0.0.24": 14183.349199999999, "10.0.4.109": 1475.9764, "10.0.3.133": 1795.2112, "10.0.4.115": 1735.3049, "10.0.3.24": 1777.6465, "10.0.2.101": 4662.0131, "10.0.2.180": 1680.0406, "10.0.3.27": 6706.0275, "10.0.4.123": 1646.9961, "10.0.4.125": 3429.0809, "10.0.3.30": 1679.9905, "10.0.2.89": 5355.064, "10.0.1.39": 1242.0063, "10.0.4.128": 12119.7264, "10.0.4.129": 1663.5928, "10.0.0.53": 1358.0902, "10.0.4.131": 756.0045, "10.0.0.102": 1799.9985, "10.0.4.117": 3177.3841, "10.0.1.236": 3289.9989, "10.0.4.135": 1395.0145, "10.0.3.39": 3332.0023, "10.0.0.114": 7125.4469, "10.0.4.142": 1727.9989, "10.0.2.217": 1753.3954, "10.0.3.45": 3402.0347, "10.0.4.140": 4732.3554, "10.0.4.144": 2771.9750000000004, "10.0.3.14": 1582.005, "10.0.4.147": 134.9184, "10.0.4.148": 1565.9992, "10.0.0.222": 1791.0008, "10.0.0.212": 3366.0209, "10.0.4.152": 1628.9138, "10.0.3.47": 1756.7364, "10.0.4.159": 1168.6336, "10.0.4.160": 1566.0006, "10.0.0.187": 1798.9709, "10.0.3.66": 1798.5334, "10.0.0.156": 1548.0044, "10.0.4.124": 5229.0046999999995, "10.0.4.51": 1618.0325, "10.0.4.172": 1763.9981, "10.0.2.29": 1782.0157}}, "Roblox": {"localIpCount": 108, "localIpFrequency": {"10.0.2.44": 10, "10.0.0.24": 44, "10.0.2.205": 3, "10.0.3.205": 12, "10.0.0.73": 4, "10.0.1.244": 2, "10.0.3.93": 5, "10.0.0.89": 8, "10.0.2.163": 8, "10.0.1.105": 64, "10.0.2.248": 1, "10.0.2.214": 3, "10.0.2.23": 5, "10.0.2.231": 1, "10.0.3.129": 4, "10.0.2.151": 2, "10.0.0.140": 1, "10.0.4.25": 4, "10.0.4.48": 1, "10.0.4.44": 1, "10.0.0.132": 52, "10.0.2.184": 2, "10.0.1.207": 5, "10.0.3.154": 5, "10.0.0.5": 13, "10.0.2.187": 2, "10.0.4.20": 1, "10.0.4.15": 1, "10.0.0.15": 1, "10.0.0.97": 6, "10.0.3.253": 1, "10.0.3.128": 22, "10.0.0.31": 1, "10.0.2.35": 3, "10.0.2.110": 20, "10.0.0.2": 16, "10.0.2.249": 1, "10.0.0.76": 3, "10.0.2.250": 1, "10.0.4.76": 2, "10.0.1.1": 4, "10.0.1.20": 1, "10.0.2.251": 2, "10.0.0.17": 4, "10.0.3.152": 4, "10.0.4.5": 1, "10.0.3.160": 2, "10.0.2.190": 4, "10.0.3.159": 4, "10.0.4.82": 1, "10.0.3.119": 1, "10.0.2.164": 1, "10.0.3.106": 3, "10.0.2.179": 1, "10.0.4.80": 26, "10.0.3.0": 4, "10.0.4.81": 1, "10.0.2.1": 6, "10.0.1.161": 1, "10.0.2.126": 47, "10.0.2.108": 4, "10.0.4.93": 2, "10.0.2.172": 2, "10.0.2.48": 9, "10.0.2.215": 18, "10.0.4.94": 1, "10.0.3.17": 6, "10.0.0.115": 1, "10.0.4.97": 2, "10.0.2.89": 4, "10.0.2.101": 3, "10.0.3.27": 9, "10.0.4.114": 1, "10.0.4.77": 2, "10.0.4.125": 1, "10.0.3.31": 1, "10.0.1.39": 2, "10.0.0.208": 2, "10.0.4.128": 7, "10.0.2.4": 1, "10.0.0.53": 1, "10.0.4.131": 1, "10.0.2.201": 1, "10.0.0.102": 2, "10.0.4.117": 2, "10.0.2.63": 1, "10.0.1.236": 1, "10.0.4.135": 1, "10.0.3.41": 1, "10.0.0.4": 1, "10.0.4.140": 2, "10.0.4.142": 1, "10.0.3.246": 1, "10.0.0.114": 3, "10.0.4.144": 1, "10.0.3.14": 1, "10.0.4.122": 1, "10.0.4.147": 1, "10.0.4.148": 1, "10.0.2.76": 1, "10.0.4.159": 2, "10.0.0.156": 1, "10.0.0.187": 1, "10.0.3.66": 1, "10.0.3.45": 4, "10.0.3.80": 1, "10.0.2.29": 1, "10.0.3.62": 1}, "localIpTotalDuration": 1008870.7069999995, "localIpDuration": {"10.0.2.44": 17987.3346, "10.0.0.24": 79122.24440000003, "10.0.2.205": 4402.7911, "10.0.3.205": 21579.5242, "10.0.0.73": 6369.466100000001,