{"Pok\u00e9mon GO": {"localIpCount": 1, "localIpFrequency": {"10.0.0.9": 2}, "localIpTotalDuration": 2484.018, "localIpDuration": {"10.0.0.9": 2484.018}}, "Genshin Impact": {"localIpCount": 2, "localIpFrequency": {"10.0.0.140": 1, "10.0.0.99": 4}, "localIpTotalDuration": 6593.118299999999, "localIpDuration": {"10.0.0.140": 811.9961, "10.0.0.99": 5781.1222}}, "Roblox (Game)": {"localIpCount": 69, "localIpFrequency": {"10.0.0.7": 21, "10.0.0.13": 5, "10.0.0.6": 14, "10.0.0.18": 1, "10.0.0.132": 45, "10.0.0.20": 1, "10.0.0.19": 3, "10.0.0.25": 1, "10.0.0.229": 1, "10.0.0.228": 3, "10.0.0.23": 2, "10.0.0.5": 9, "10.0.0.29": 5, "10.0.0.32": 1, "10.0.0.237": 1, "10.0.0.30": 3, "10.0.0.236": 6, "10.0.0.37": 8, "10.0.0.38": 4, "10.0.0.44": 1, "10.0.0.218": 27, "10.0.0.48": 1, "10.0.0.4": 2, "10.0.0.39": 1, "10.0.0.28": 1, "10.0.0.142": 3, "10.0.0.73": 10, "10.0.0.3": 5, "10.0.0.60": 7, "10.0.0.243": 1, "10.0.0.24": 2, "10.0.0.246": 2, "10.0.0.234": 1, "10.0.0.74": 3, "10.0.0.90": 1, "10.0.0.97": 8, "10.0.0.2": 2, "10.0.0.252": 33, "10.0.0.100": 1, "10.0.0.107": 1, "10.0.0.115": 2, "10.0.0.117": 1, "10.0.0.118": 7, "10.0.0.120": 1, "10.0.0.94": 1, "10.0.0.128": 11, "10.0.0.49": 1, "10.0.0.136": 1, "10.0.0.138": 1, "10.0.0.140": 13, "10.0.0.144": 1, "10.0.0.70": 1, "10.0.0.147": 2, "10.0.0.148": 1, "10.0.0.153": 4, "10.0.0.156": 2, "10.0.0.159": 5, "10.0.0.123": 2, "10.0.1.8": 1, "10.0.0.170": 1, "10.0.1.17": 1, "10.0.0.251": 4, "10.0.0.161": 7, "10.0.0.167": 1, "10.0.0.182": 1, "10.0.0.177": 1, "10.0.0.81": 1, "10.0.0.191": 1, "10.0.0.187": 2}, "localIpTotalDuration": 466968.6688000001, "localIpDuration": {"10.0.0.7": 29502.416500000007, "10.0.0.13": 4116.014, "10.0.0.6": 20338.3251, "10.0.0.18": 1386.0007, "10.0.0.132": 61984.195799999994, "10.0.0.20": 504.0, "10.0.0.19": 4466.0137, "10.0.0.25": 1721.125, "10.0.0.229": 1771.0407, "10.0.0.228": 4696.789000000001, "10.0.0.23": 3388.0013, "10.0.0.5": 15174.3719, "10.0.0.29": 7796.54, "10.0.0.32": 1796.0229, "10.0.0.237": 1484.0015, "10.0.0.30": 5191.8226, "10.0.0.236": 10199.0173, "10.0.0.37": 11535.1348, "10.0.0.38": 5549.397, "10.0.0.44": 1699.9946, "10.0.0.218": 43222.739599999986, "10.0.0.48": 1757.0027, "10.0.0.4": 3542.0377, "10.0.0.39": 1798.9306, "10.0.0.28": 896.0058, "10.0.0.142": 4786.584199999999, "10.0.0.73": 12703.186199999998, "10.0.0.3": 5495.0028999999995, "10.0.0.60": 8860.993999999999, "10.0.0.243": 1659.0331, "10.0.0.24": 1435.0088, "10.0.0.246": 3352.7682, "10.0.0.234": 1687.0046, "10.0.0.74": 3806.6191, "10.0.0.90": 1701.0104, "10.0.0.97": 13950.6343, "10.0.0.2": 3430.0231000000003, "10.0.0.252": 40865.9431, "10.0.0.100": 125.9939, "10.0.0.107": 784.0059, "10.0.0.115": 2547.0150000000003, "10.0.0.117": 1771.0011, "10.0.0.118": 12327.0175, "10.0.0.120": 1792.0071, "10.0.0.94": 1260.0004, "10.0.0.128": 10681.9687, "10.0.0.49": 734.9998, "10.0.0.136": 1770.9979, "10.0.0.138": 1792.0026, "10.0.0.140": 22160.640499999998, "10.0.0.144": 1785.006, "10.0.0.70": 1792.0083, "10.0.0.147": 3402.0166, "10.0.0.148": 525.0024, "10.0.0.153": 5061.0198, "10.0.0.156": 2574.3311, "10.0.0.159": 8636.9228, "10.0.0.123": 454.75239999999997, "10.0.1.8": 1798.9998, "10.0.0.170": 658.0, "10.0.1.17": 1693.7287, "10.0.0.251": 7021.0255, "10.0.0.161": 12303.431999999999, "10.0.0.167": 1736.0132, "10.0.0.182": 1742.9967, "10.0.0.177": 1792.0021, "10.0.0.81": 1792.0023, "10.0.0.191": 1729.0029, "10.0.0.187": 3472.003}}, "Roblox": {"localIpCount": 67, "localIpFrequency": {"10.0.0.6": 24, "10.0.0.13": 12, "10.0.0.18": 2, "10.0.0.132": 109, "10.0.0.12": 1, "10.0.0.19": 2, "10.0.0.25": 1, "10.0.0.228": 2, "10.0.0.23": 3, "10.0.0.29": 5, "10.0.0.5": 4, "10.0.0.237": 1, "10.0.0.30": 5, "10.0.0.37": 5, "10.0.0.31": 1, "10.0.0.44": 1, "10.0.0.218": 27, "10.0.0.4": 3, "10.0.0.38": 5, "10.0.0.142": 1, "10.0.0.7": 28, "10.0.0.73": 10, "10.0.0.3": 6, "10.0.0.60": 5, "10.0.0.62": 4, "10.0.0.243": 2, "10.0.0.49": 1, "10.0.0.246": 1, "10.0.0.247": 1, "10.0.0.236": 1, "10.0.0.47": 1, "10.0.0.250": 1, "10.0.0.251": 4, "10.0.0.90": 1, "10.0.0.252": 58, "10.0.0.100": 2, "10.0.1.0": 1, "10.0.0.107": 2, "10.0.0.115": 1, "10.0.0.117": 1, "10.0.0.118": 2, "10.0.0.97": 10, "10.0.0.33": 1, "10.0.0.94": 1, "10.0.0.128": 28, "10.0.0.129": 1, "10.0.0.74": 7, "10.0.0.138": 1, "10.0.0.70": 1, "10.0.0.145": 1, "10.0.0.153": 6, "10.0.0.147": 3, "10.0.0.148": 1, "10.0.0.156": 2, "10.0.0.59": 1, "10.0.0.140": 27, "10.0.0.124": 1, "10.0.0.159": 5, "10.0.1.13": 1, "10.0.0.123": 2, "10.0.1.8": 1, "10.0.0.174": 1, "10.0.0.161": 1, "10.0.0.176": 1, "10.0.0.177": 5, "10.0.0.191": 1, "10.0.0.189": 2}, "localIpTotalDuration": 777091.2399000003, "localIpDuration": {"10.0.0.6": 41075.88370000001, "10.0.0.13": 20740.5094, "10.0.0.18": 3597.9999, "10.0.0.132": 194006.28969999996, "10.0.0.12": 594.9992, "10.0.0.19": 3080.0106, "10.0.0.25": 1798.1055, "10.0.0.228": 3597.5474000000004, "10.0.0.23": 5367.0241, "10.0.0.29": 8989.3865, "10.0.0.5": 7194.8084, "10.0.0.237": 1798.7482, "10.0.0.30": 8990.749, "10.0.0.37": 8989.4492, "10.0.0.31": 1797.7311, "10.0.0.44": 1797.2344, "10.0.0.218": 47158.99039999999, "10.0.0.4": 5396.3007, "10.0.0.38": 8974.581, "10.0.0.142": 1568.0037, "10.0.0.7": 45098.4356, "10.0.0.73": 15446.934299999999, "10.0.0.3": 6234.097400000001, "10.0.0.60": 8395.4193, "10.0.0.62": 4438.0072, "10.0.0.243": 2029.7939, "10.0.0.49": 1791.1164, "10.0.0.246": 1798.7896, "10.0.0.247": 1798.7641, "10.0.0.236": 1784.7846, "10.0.0.47": 517.996, "10.0.0.250": 174.9979, "10.0.0.251": 7187.1554, "10.0.0.90": 1797.8337, "10.0.0.252": 101007.1943, "10.0.0.100": 2267.1004000000003, "10.0.1.0": 139.9991, "10.0.0.107": 2184.0015, "10.0.0.115": 1631.0058, "10.0.0.117": 1799.0807, "10.0.0.118": 3595.5491, "10.0.0.97": 17937.2424, "10.0.0.33": 1798.7734, "10.0.0.94": 1797.5707, "10.0.0.128": 43370.96960000001, "10.0.0.129": 1783.6985, "10.0.0.74": 12574.6275, "10.0.0.138": 1795.5281, "10.0.0.70": 1798.7872, "10.0.0.145": 1798.1378, "10.0.0.153": 8285.976200000001, "10.0.0.147": 5394.8996, "10.0.0.148": 937.1117, "10.0.0.156": 3511.956, "10.0.0.59": 1799.0011, "10.0.0.140": 48359.01539999999, "10.0.0.124": 1798.2122, "10.0.0.159": 8990.0768, "10.0.1.13": 1777.7485, "10.0.0.123": 2371.7571, "10.0.1.8": 1799.0003, "10.0.0.174": 1798.2144, "10.0.0.161": 1798.2088, "10.0.0.176": 1798.1957, "10.0.0.177": 8989.6557, "10.0.0.191": 1798.0306, "10.0.0.189": 3596.4362}}, "Minecraft": {"localIpCount": 4, "localIpFrequency": {"10.0.0.38": 4, "10.0.0.100": 3, "10.0.0.8": 1, "10.0.0.175": 1}, "localIpTotalDuration": 5780.9958, "localIpDuration": {"10.0.0.38": 3254.0028, "10.0.0.100": 1946.0012000000002, "10.0.0.8": 111.9911, "10.0.0.175": 469.0007}}, "TFT: Teamfight Tactics": {"localIpCount": 5, "localIpFrequency": {"10.0.0.132": 2, "10.0.0.141": 1, "10.0.0.156": 1, "10.0.0.60": 2, "10.0.0.148": 1}, "localIpTotalDuration": 1616.9827000000002, "localIpDuration": {"10.0.0.132": 532.0007, "10.0.0.141": 0.0, "10.0.0.156": 133.0021, "10.0.0.60": 790.9938999999999, "10.0.0.148": 160.986}}, "League of Legends: Wild Rift": {"localIpCount": 32, "localIpFrequency": {"10.0.0.4": 1, "10.0.0.19": 5, "10.0.0.225": 1, "10.0.0.234": 1, "10.0.0.34": 2, "10.0.0.235": 4, "10.0.0.27": 2, "10.0.0.44": 3, "10.0.0.53": 1, "10.0.0.240": 2, "10.0.0.65": 1, "10.0.0.67": 1, "10.0.0.70": 2, "10.0.0.76": 2, "10.0.0.60": 4, "10.0.0.81": 4, "10.0.0.82": 1, "10.0.0.3": 4, "10.0.0.236": 1, "10.0.0.100": 3, "10.0.0.107": 1, "10.0.0.108": 1, "10.0.0.112": 1, "10.0.0.125": 2, "10.0.0.102": 1, "10.0.0.132": 1, "10.0.0.74": 1, "10.0.0.97": 3, "10.0.0.153": 1, "10.0.0.163": 1, "10.0.0.166": 1, "10.0.1.17": 1}, "localIpTotalDuration": 43272.222600000016, "localIpDuration": {"10.0.0.4": 266.0055, "10.0.0.19": 2478.0031, "10.0.0.225": 266.0001, "10.0.0.234": 63.0093, "10.0.0.34": 2023.0060999999998, "10.0.0.235": 5018.9993, "10.0.0.27": 2205.0161, "10.0.0.44": 3457.8373, "10.0.0.53": 245.0071, "10.0.0.240": 1876.002, "10.0.0.65": 461.9993, "10.0.0.67": 1057.0018, "10.0.0.70": 1847.9977999999999, "10.0.0.76": 434.0897,