{"Roblox (Adopt Me!)": {"localIpCount": 2, "localIpFrequency": {"10.0.0.51": 1, "10.0.0.46": 24}, "localIpTotalDuration": 30162.252400000005, "localIpDuration": {"10.0.0.51": 886.6987, "10.0.0.46": 29275.553700000004}}, "Roblox": {"localIpCount": 3, "localIpFrequency": {"10.0.0.46": 30, "10.0.0.51": 1, "10.0.0.26": 3}, "localIpTotalDuration": 56351.7483, "localIpDuration": {"10.0.0.46": 52492.747200000005, "10.0.0.51": 26.0, "10.0.0.26": 3833.0011000000004}}}