{"Roblox (Adopt Me!)": {"localIpCount": 5, "localIpFrequency": {"10.0.0.21": 15, "10.0.0.24": 2, "10.0.0.52": 1, "10.0.0.44": 5, "10.0.0.54": 2}, "localIpTotalDuration": 19366.425400000004, "localIpDuration": {"10.0.0.21": 15845.856400000002, "10.0.0.24": 280.86760000000004, "10.0.0.52": 403.1534, "10.0.0.44": 2768.1407999999997, "10.0.0.54": 68.4072}}, "Odin: Valhalla Rising": {"localIpCount": 1, "localIpFrequency": {"10.0.0.21": 2}, "localIpTotalDuration": 0.0002, "localIpDuration": {"10.0.0.21": 0.0002}}, "League of Legends: Wild Rift": {"localIpCount": 3, "localIpFrequency": {"10.0.0.34": 2, "10.0.0.47": 1, "10.0.0.54": 1}, "localIpTotalDuration": 105349.6184, "localIpDuration": {"10.0.0.34": 103597.0602, "10.0.0.47": 558.2543, "10.0.0.54": 1194.3039}}, "Roblox": {"localIpCount": 6, "localIpFrequency": {"10.0.0.21": 32, "10.0.0.24": 2, "10.0.0.44": 7, "10.0.0.50": 1, "10.0.0.45": 2, "10.0.0.33": 1}, "localIpTotalDuration": 264606.75989999995, "localIpDuration": {"10.0.0.21": 103956.00089999998, "10.0.0.24": 112340.519, "10.0.0.44": 24926.8699, "10.0.0.50": 7432.775, "10.0.0.45": 13615.7997, "10.0.0.33": 2334.7954}}}