{"Roblox": {"localIpCount": 53, "localIpFrequency": {"10.0.3.87": 3, "10.0.15.21": 1, "10.0.3.101": 2, "10.0.3.97": 1, "10.0.15.22": 1, "10.0.3.104": 2, "10.0.15.24": 1, "10.0.3.59": 1, "10.0.15.27": 1, "10.0.3.108": 1, "10.0.3.109": 6, "10.0.15.28": 8, "10.0.3.114": 1, "10.0.15.32": 3, "10.0.3.113": 7, "10.0.15.40": 3, "10.0.15.31": 2, "10.0.15.37": 4, "10.0.3.122": 3, "10.0.3.124": 1, "10.0.3.126": 1, "10.0.15.51": 4, "10.0.3.127": 1, "10.0.3.129": 2, "10.0.15.57": 2, "10.0.3.110": 2, "10.0.3.134": 2, "10.0.15.35": 1, "10.0.3.135": 1, "10.0.3.138": 1, "10.0.3.139": 4, "10.0.15.56": 1, "10.0.15.54": 2, "10.0.3.142": 1, "10.0.3.146": 3, "10.0.15.69": 1, "10.0.3.147": 1, "10.0.15.70": 2, "10.0.3.149": 1, "10.0.3.150": 4, "10.0.15.73": 1, "10.0.15.75": 5, "10.0.15.76": 3, "10.0.3.156": 1, "10.0.15.80": 1, "10.0.3.155": 4, "10.0.3.158": 2, "10.0.15.81": 1, "10.0.3.161": 1, "10.0.3.166": 1, "10.0.3.168": 1, "10.0.15.83": 2, "10.0.3.164": 2}, "localIpTotalDuration": 187981.47469999993, "localIpDuration": {"10.0.3.87": 5200.0221, "10.0.15.21": 1364.78, "10.0.3.101": 1967.0003, "10.0.3.97": 1798.9956, "10.0.15.22": 195.999, "10.0.3.104": 2897.3017, "10.0.15.24": 958.9992, "10.0.3.59": 1798.9939, "10.0.15.27": 1105.9997, "10.0.3.108": 111.9985, "10.0.3.109": 10785.112000000001, "10.0.15.28": 14383.4545, "10.0.3.114": 1798.7245, "10.0.15.32": 5396.2688, "10.0.3.113": 12577.7219, "10.0.15.40": 5396.3621, "10.0.15.31": 2134.4714, "10.0.15.37": 7195.072799999999, "10.0.3.122": 5375.3934, "10.0.3.124": 1798.676, "10.0.3.126": 1798.6844, "10.0.15.51": 7195.366, "10.0.3.127": 1798.6103, "10.0.3.129": 3478.6729, "10.0.15.57": 3597.3422, "10.0.3.110": 3590.264, "10.0.3.134": 3597.6360999999997, "10.0.15.35": 1798.7935, "10.0.3.135": 1798.6616, "10.0.3.138": 1798.6826, "10.0.3.139": 7041.0319, "10.0.15.56": 1798.7903, "10.0.15.54": 3303.7354, "10.0.3.142": 1785.0103, "10.0.3.146": 2694.6281000000004, "10.0.15.69": 1504.9979, "10.0.3.147": 356.9924, "10.0.15.70": 3597.7793, "10.0.3.149": 1798.9997, "10.0.3.150": 6243.3749, "10.0.15.73": 1798.7522, "10.0.15.75": 8993.9165, "10.0.15.76": 5396.5608, "10.0.3.156": 1798.5973, "10.0.15.80": 1798.7702, "10.0.3.155": 7194.903700000001, "10.0.3.158": 3597.3166, "10.0.15.81": 559.1741, "10.0.3.161": 1798.6384, "10.0.3.166": 1798.6699, "10.0.3.168": 1798.6549, "10.0.15.83": 3030.7785999999996, "10.0.3.164": 3597.3403}}, "Minecraft": {"localIpCount": 1, "localIpFrequency": {"10.0.3.126": 1}, "localIpTotalDuration": 13.9939, "localIpDuration": {"10.0.3.126": 13.9939}}, "TFT: Teamfight Tactics": {"localIpCount": 1, "localIpFrequency": {"10.0.3.140": 1}, "localIpTotalDuration": 41.9992, "localIpDuration": {"10.0.3.140": 41.9992}}, "League of Legends: Wild Rift": {"localIpCount": 6, "localIpFrequency": {"10.0.15.36": 2, "10.0.15.45": 1, "10.0.15.28": 1, "10.0.3.137": 1, "10.0.3.140": 1, "10.0.3.162": 1}, "localIpTotalDuration": 2372.9857, "localIpDuration": {"10.0.15.36": 1833.9983000000002, "10.0.15.45": 27.99, "10.0.15.28": 356.9937, "10.0.3.137": 125.9996, "10.0.3.140": 0.0001, "10.0.3.162": 28.004}}, "Overwatch 2": {"localIpCount": 1, "localIpFrequency": {"10.0.3.97": 1}, "localIpTotalDuration": 1218.0196, "localIpDuration": {"10.0.3.97": 1218.0196}}}