{"League of Legends: Wild Rift": {"localIpCount": 9, "localIpFrequency": {"10.0.8.189": 2, "10.0.15.33": 2, "10.0.8.249": 2, "10.0.15.71": 2, "10.0.8.237": 2, "10.0.15.97": 2, "10.0.15.98": 2, "10.0.15.105": 2, "10.0.15.114": 2}, "localIpTotalDuration": 6457.744200000002, "localIpDuration": {"10.0.8.189": 98.0028, "10.0.15.33": 39.9888, "10.0.8.249": 560.0302, "10.0.15.71": 459.9592, "10.0.8.237": 280.012, "10.0.15.97": 1159.8114, "10.0.15.98": 3439.984, "10.0.15.105": 359.9824, "10.0.15.114": 59.9734}}, "Free Fire": {"localIpCount": 1, "localIpFrequency": {"10.0.15.79": 2}, "localIpTotalDuration": 40.004, "localIpDuration": {"10.0.15.79": 40.004}}, "Roblox": {"localIpCount": 43, "localIpFrequency": {"10.0.8.189": 2, "10.0.15.14": 4, "10.0.8.192": 18, "10.0.14.220": 22, "10.0.8.201": 2, "10.0.15.35": 2, "10.0.14.249": 4, "10.0.8.227": 2, "10.0.8.207": 10, "10.0.15.33": 2, "10.0.8.236": 4, "10.0.15.44": 2, "10.0.15.48": 8, "10.0.8.239": 6, "10.0.15.54": 4, "10.0.8.241": 6, "10.0.15.50": 2, "10.0.15.59": 4, "10.0.8.246": 6, "10.0.15.53": 4, "10.0.15.65": 2, "10.0.8.247": 6, "10.0.15.68": 2, "10.0.8.250": 2, "10.0.15.67": 4, "10.0.9.5": 4, "10.0.9.1": 14, "10.0.9.7": 2, "10.0.15.76": 4, "10.0.15.81": 2, "10.0.9.6": 10, "10.0.15.55": 12, "10.0.15.62": 2, "10.0.9.14": 2, "10.0.15.87": 4, "10.0.15.98": 2, "10.0.9.18": 2, "10.0.15.102": 2, "10.0.9.15": 2, "10.0.9.38": 4, "10.0.15.70": 28, "10.0.9.40": 6, "10.0.15.104": 2}, "localIpTotalDuration": 418411.13340000017, "localIpDuration": {"10.0.8.189": 3597.5124, "10.0.15.14": 7192.1792000000005, "10.0.8.192": 32347.891799999998, "10.0.14.220": 39580.7668, "10.0.8.201": 3596.3556, "10.0.15.35": 3596.1814, "10.0.14.249": 7194.1478, "10.0.8.227": 3595.1218, "10.0.8.207": 17986.0862, "10.0.15.33": 3597.1736, "10.0.8.236": 7195.5398, "10.0.15.44": 3580.0186, "10.0.15.48": 14386.198799999998, "10.0.8.239": 10792.629, "10.0.15.54": 7195.2634, "10.0.8.241": 10791.3994, "10.0.15.50": 3596.9852, "10.0.15.59": 7176.657399999999, "10.0.8.246": 10792.954800000001, "10.0.15.53": 7190.9983999999995, "10.0.15.65": 3598.1956, "10.0.8.247": 10776.8828, "10.0.15.68": 3596.7318, "10.0.8.250": 3597.5326, "10.0.15.67": 7194.0032, "10.0.9.5": 7194.565, "10.0.9.1": 23151.11500000001, "10.0.9.7": 3596.3394, "10.0.15.76": 7189.16, "10.0.15.81": 3596.6444, "10.0.9.6": 17972.448399999997, "10.0.15.55": 21580.836799999997, "10.0.15.62": 3596.5614, "10.0.9.14": 3593.0116, "10.0.15.87": 7191.3326, "10.0.15.98": 3592.0012, "10.0.9.18": 3597.5376, "10.0.15.102": 3597.0104, "10.0.9.15": 3598.0418, "10.0.9.38": 7193.9196, "10.0.15.70": 50035.556400000016, "10.0.9.40": 10791.447400000001, "10.0.15.104": 3598.197}}, "Brawl Stars": {"localIpCount": 1, "localIpFrequency": {"10.0.9.15": 2}, "localIpTotalDuration": 13.9658, "localIpDuration": {"10.0.9.15": 13.9658}}, "Minecraft": {"localIpCount": 7, "localIpFrequency": {"10.0.15.1": 2, "10.0.15.54": 2, "10.0.8.250": 2, "10.0.15.62": 4, "10.0.9.18": 4, "10.0.15.128": 2, "10.0.15.129": 2}, "localIpTotalDuration": 12843.370599999998, "localIpDuration": {"10.0.15.1": 180.1554, "10.0.15.54": 120.1816, "10.0.8.250": 167.9994, "10.0.15.62": 3955.6150000000002, "10.0.9.18": 6999.4205999999995, "10.0.15.128": 280.0028, "10.0.15.129": 1139.9958}}, "TFT: Teamfight Tactics": {"localIpCount": 2, "localIpFrequency": {"10.0.15.78": 2, "10.0.9.10": 2}, "localIpTotalDuration": 706.0424, "localIpDuration": {"10.0.15.78": 20.0406, "10.0.9.10": 686.0018}}, "Among us": {"localIpCount": 2, "localIpFrequency": {"10.0.15.54": 16, "10.0.9.15": 2}, "localIpTotalDuration": 17725.9958, "localIpDuration": {"10.0.15.54": 17460.0126, "10.0.9.15": 265.9832}}}