{"Roblox": {"localIpCount": 99, "localIpFrequency": {"10.0.1.49": 5, "10.0.1.194": 6, "10.0.0.54": 2, "10.0.1.104": 10, "10.0.0.120": 10, "10.0.1.38": 1, "10.0.1.226": 10, "10.0.1.44": 4, "10.0.1.230": 33, "10.0.0.142": 4, "10.0.0.49": 79, "10.0.1.46": 61, "10.0.1.135": 5, "10.0.1.43": 1, "10.0.0.138": 3, "10.0.2.44": 1, "10.0.2.48": 1, "10.0.0.187": 2, "10.0.0.141": 1, "10.0.1.1": 1, "10.0.0.236": 1, "10.0.0.61": 1, "10.0.2.81": 1, "10.0.1.74": 47, "10.0.0.242": 17, "10.0.1.85": 4, "10.0.1.180": 4, "10.0.1.63": 135, "10.0.0.161": 1, "10.0.0.240": 13, "10.0.1.22": 6, "10.0.2.33": 1, "10.0.1.100": 1, "10.0.0.101": 1, "10.0.1.16": 2, "10.0.2.108": 1, "10.0.1.111": 1, "10.0.1.116": 1, "10.0.0.238": 3, "10.0.1.235": 5, "10.0.1.65": 1, "10.0.2.115": 42, "10.0.2.141": 6, "10.0.1.26": 10, "10.0.1.182": 2, "10.0.0.183": 2, "10.0.0.143": 17, "10.0.1.244": 2, "10.0.0.222": 14, "10.0.2.135": 2, "10.0.2.148": 5, "10.0.2.151": 10, "10.0.1.89": 3, "10.0.1.247": 3, "10.0.2.70": 2, "10.0.0.196": 8, "10.0.2.159": 83, "10.0.2.30": 2, "10.0.0.178": 3, "10.0.0.241": 12, "10.0.2.42": 3, "10.0.2.165": 2, "10.0.1.126": 2, "10.0.0.53": 1, "10.0.1.145": 1, "10.0.0.181": 1, "10.0.0.171": 1, "10.0.2.192": 1, "10.0.2.194": 4, "10.0.0.39": 2, "10.0.2.199": 13, "10.0.1.155": 1, "10.0.0.230": 1, "10.0.2.200": 1, "10.0.2.206": 1, "10.0.1.148": 2, "10.0.2.207": 1, "10.0.1.164": 3, "10.0.2.208": 2, "10.0.2.210": 2, "10.0.2.214": 2, "10.0.2.220": 1, "10.0.1.171": 1, "10.0.2.178": 2, "10.0.2.217": 4, "10.0.1.29": 2, "10.0.2.227": 1, "10.0.0.146": 1, "10.0.1.179": 1, "10.0.1.189": 1, "10.0.3.5": 2, "10.0.3.13": 3, "10.0.3.28": 1, "10.0.3.4": 1, "10.0.0.208": 2, "10.0.3.60": 1, "10.0.1.210": 1, "10.0.0.108": 1, "10.0.1.133": 1}, "localIpTotalDuration": 1397498.8636000007, "localIpDuration": {"10.0.1.49": 8915.924500000001, "10.0.1.194": 10797.758000000002, "10.0.0.54": 3599.2769, "10.0.1.104": 17137.5397, "10.0.0.120": 16116.148400000002, "10.0.1.38": 1799.9136, "10.0.1.226": 17988.3517, "10.0.1.44": 7197.2508, "10.0.1.230": 59342.86889999999, "10.0.0.142": 7197.5136, "10.0.0.49": 142033.39760000003, "10.0.1.46": 109712.35029999999, "10.0.1.135": 8997.7614, "10.0.1.43": 1800.002, "10.0.0.138": 5396.1808, "10.0.2.44": 1799.2706, "10.0.2.48": 1799.3945, "10.0.0.187": 3599.9121999999998, "10.0.0.141": 1799.3704, "10.0.1.1": 1799.9102, "10.0.0.236": 1800.0186, "10.0.0.61": 1799.9713, "10.0.2.81": 1800.0095, "10.0.1.74": 81493.54099999995, "10.0.0.242": 28172.638000000003, "10.0.1.85": 7198.623799999999, "10.0.1.180": 7197.3561, "10.0.1.63": 242660.67039999997, "10.0.0.161": 1800.0182, "10.0.0.240": 23390.5552, "10.0.1.22": 10797.0223, "10.0.2.33": 1800.0998, "10.0.1.100": 1799.6659, "10.0.0.101": 1799.867, "10.0.1.16": 3599.2122, "10.0.2.108": 1800.0477, "10.0.1.111": 1799.9862, "10.0.1.116": 1799.9696, "10.0.0.238": 5390.6930999999995, "10.0.1.235": 8996.0216, "10.0.1.65": 1798.7096, "10.0.2.115": 75509.27820000003, "10.0.2.141": 10783.559599999999, "10.0.1.26": 17978.767900000003, "10.0.1.182": 3597.2202, "10.0.0.183": 3598.5066, "10.0.0.143": 30591.692099999997, "10.0.1.244": 3599.897, "10.0.0.222": 22210.305399999997, "10.0.2.135": 3598.8038, "10.0.2.148": 8997.8716, "10.0.2.151": 17975.800600000002, "10.0.1.89": 5393.314399999999, "10.0.1.247": 5397.421, "10.0.2.70": 3562.424, "10.0.0.196": 14393.0435, "10.0.2.159": 149123.57959999994, "10.0.2.30": 3595.8064, "10.0.0.178": 5396.0269, "10.0.0.241": 18571.8809, "10.0.2.42": 5396.0923, "10.0.2.165": 3597.5092, "10.0.1.126": 3596.0104, "10.0.0.53": 1799.3342, "10.0.1.145": 326.0021, "10.0.0.181": 1796.2935, "10.0.0.171": 1799.9945, "10.0.2.192": 1797.5876, "10.0.2.194": 7195.866099999999, "10.0.0.39": 2550.7885, "10.0.2.199": 21746.0639, "10.0.1.155": 335.9992, "10.0.0.230": 421.0044, "10.0.2.200": 1795.0093, "10.0.2.206": 1799.9982, "10.0.1.148": 3597.157, "10.0.2.207": 1799.1069, "10.0.1.164": 5399.5659, "10.0.2.208": 3598.5171, "10.0.2.210": 3598.4182, "10.0.2.214": 3597.5299999999997, "10.0.2.220": 1782.4117, "10.0.1.171": 1796.9968, "10.0.2.178": 3595.0122, "10.0.2.217": 7195.1319, "10.0.1.29": 3598.4107999999997, "10.0.2.227": 1794.6087, "10.0.0.146": 1799.0313, "10.0.1.179": 1799.7535, "10.0.1.189": 1799.763, "10.0.3.5": 3599.1130000000003, "10.0.3.13": 5398.2341, "10.0.3.28": 1799.3745, "10.0.3.4": 1799.6932, "10.0.0.208": 3599.5891, "10.0.3.60": 1799.786, "10.0.1.210": 1799.0181, "10.0.0.108": 1799.7889, "10.0.1.133": 1799.3054}}, "Odin: Valhalla Rising": {"localIpCount": 2, "localIpFrequency": {"10.0.0.166": 1, "10.0.3.13": 1}, "localIpTotalDuration": 320.83090000000004, "localIpDuration": {"10.0.0.166": 20.8269, "10.0.3.13": 300.004}}, "League of Legends: Wild Rift": {"localIpCount": 29, "localIpFrequency": {"10.0.0.238": 17, "10.0.1.49": 11, "10.0.1.155": 3, "10.0.1.38": 1, "10.0.2.61": 1, "10.0.0.54": 1, "10.0.1.101": 2, "10.0.1.103": 1, "10.0.0.208": 1, "10.0.2.33": 1, "10.0.0.142": 2, "10.0.1.230": 4, "10.0.0.146": 3, "10.0.2.180": 1, "10.0.0.57": 1, "10.0.2.144": 1, "10.0.2.226": 1, "10.0.2.219": 1, "10.0.2.218": 1, "10.0.2.239": 1, "10.0.3.13": 3, "10.0.2.222": 1, "10.0.3.4": 1, "10.0.1.26": 1, "10.0.3.26": 1, "10.0.3.37": 2, "10.0.1.226": 1, "10.0.1.133": 1, "10.0.1.238": 1}, "localIpTotalDuration": 63549.3226, "localIpDuration": {"10.0.0.238": 20836.307, "10.0.1.49": 6898.847700000001, "10.0.1.155": 915.5082, "10.0.1.38": 204.0808, "10.0.2.61": 679.7021, "10.0.0.54": 301.6956, "10.0.1.101": 972.313, "10.0.1.103": 1550.4372, "10.0.0.208": 5.5062, "10.0.2.33": 1732.6553, "10.0.0.142": 1260.2684, "10.0.1.230": 6285.1944, "10.0.0.146": 2332.2069, "10.0.2.180": 318.0022, "10.0.0.57": 1710.9956, "10.0.2.144": 750.0236, "10.0.2.226": 590.0098, "10.0.2.219": 859.999, "10.0.2.218": 447.0797, "10.0.2.239": 383.9045, "10.0.3.13": 1767.1924, "10.0.2.222": 1772.9033, "10.0.3.4": 1583.0952, "10.0.1.26": 0.0001, "10.0.3.26": 1780.0014, "10.0.3.37": 3310.3752, "10.0.1.226": 1277.9845, "10.0.1.133": 1789.0249, "10.0.1.238": 1234.0084}}, "Hero Blaze: Three Kingdoms": {"localIpCount": 1, "localIpFrequency": {"10.0.0.8": 2}, "localIpTotalDuration": 263.982, "localIpDuration": {"10.0.0.8": 263.982}}, "Minecraft": {"localIpCount": 8, "localIpFrequency": {"10.0.0.89": 3, "10.0.1.104": 6, "10.0.2.150": 2, "10.0.1.124": 4, "10.0.1.230": 3, "10.0.1.46": 39, "10.0.0.191": 1, "10.0.0.120": 1}, "localIpTotalDuration": 76771.5735, "localIpDuration": {"10.0.0.89": 0.8775, "10.0.1.104": 5196.283100000001, "10.0.2.150": 868.0116, "10.0.1.124": 934.4338, "10.0.1.230": 1876.0094000000001, "10.0.1.46": 66549.9369, "10.0.0.191": 29.0044, "10.0.0.120": 1317.0168}}, "The Lord of the Rings: War": {"localIpCount": 1, "localIpFrequency": {"10.0.2.86": 1}, "localIpTotalDuration": 353.0779, "localIpDuration": {"10.0.2.86": 353.0779}}, "Brawl Stars": {"localIpCount": 1, "localIpFrequency": {"10.0.2.141": 14}, "localIpTotalDuration": 11515.0571, "localIpDuration": {"10.0.2.141": 11515.0571}}, "MIR4": {"localIpCount": 4, "localIpFrequency": {"10.0.2.90": 17, "10.0.2.89": 6, "10.0.2.187": 1, "10.0.2.191": 4}, "localIpTotalDuration": 22277.866900000005, "localIpDuration": {"10.0.2.90": 13408.908200000002, "10.0.2.89": 3106.9616, "10.0.2.187": 1109.0095, "10.0.2.191": 4652.9876}}, "FIFA ONLINE 4 M": {"localIpCount": 2, "localIpFrequency": {"10.0.1.162": 1, "10.0.3.13": 1}, "localIpTotalDuration": 606.9849, "localIpDuration": {"10.0.1.162": 321.9995, "10.0.3.13": 284.9854}}, "Genshin Impact": {"localIpCount": 5, "localIpFrequency": {"10.0.2.33": 5, "10.0.0.161": 1, "10.0.1.101": 1, "10.0.1.91": 30, "10.0.2.207": 8}, "localIpTotalDuration": 40062.007999999994, "localIpDuration": {"10.0.2.33": 3927.7720999999997, "10.0.0.161": 529.9984, "10.0.1.101": 209.3706, "10.0.1.91": 24676.8353, "10.0.2.207": 10718.031599999998}}, "Roblox (Adopt Me!)": {"localIpCount": 38, "localIpFrequency": {"10.0.1.104": 6, "10.0.0.120": 5, "10.0.1.38": 1, "10.0.0.142": 7, "10.0.1.230": 3, "10.0.1.46": 14, "10.0.1.244": 1, "10.0.1.44": 2, "10.0.1.226": 3, "10.0.1.135": 1, "10.0.1.49": 3,