{"League of Legends: Wild Rift": {"localIpCount": 6, "localIpFrequency": {"10.0.18.51": 1, "10.0.18.56": 1, "10.0.18.70": 1, "10.0.18.95": 1, "10.0.18.105": 1, "10.0.18.110": 1}, "localIpTotalDuration": 1850.1326999999999, "localIpDuration": {"10.0.18.51": 390.1049, "10.0.18.56": 159.9986, "10.0.18.70": 290.0175, "10.0.18.95": 930.0128, "10.0.18.105": 20.0027, "10.0.18.110": 59.9962}}, "Minecraft": {"localIpCount": 4, "localIpFrequency": {"10.0.18.40": 1, "10.0.18.63": 1, "10.0.18.51": 1, "10.0.18.124": 1}, "localIpTotalDuration": 1400.0022000000001, "localIpDuration": {"10.0.18.40": 1079.9989, "10.0.18.63": 150.0054, "10.0.18.51": 149.9979, "10.0.18.124": 20.0}}, "TFT: Teamfight Tactics": {"localIpCount": 3, "localIpFrequency": {"10.0.18.102": 1, "10.0.18.105": 1, "10.0.18.110": 2}, "localIpTotalDuration": 3320.0018999999998, "localIpDuration": {"10.0.18.102": 20.001, "10.0.18.105": 1679.9985, "10.0.18.110": 1620.0024}}, "FIFA ONLINE 4 M": {"localIpCount": 2, "localIpFrequency": {"10.0.18.113": 1, "10.0.18.111": 2}, "localIpTotalDuration": 1910.0039, "localIpDuration": {"10.0.18.113": 190.0037, "10.0.18.111": 1720.0002}}, "Brawl Stars": {"localIpCount": 1, "localIpFrequency": {"10.0.11.61": 1}, "localIpTotalDuration": 245.0015, "localIpDuration": {"10.0.11.61": 245.0015}}, "Roblox": {"localIpCount": 53, "localIpFrequency": {"10.0.10.254": 2, "10.0.18.29": 8, "10.0.10.249": 14, "10.0.11.6": 1, "10.0.18.45": 1, "10.0.17.237": 1, "10.0.18.47": 2, "10.0.18.50": 6, "10.0.11.11": 1, "10.0.18.51": 4, "10.0.11.12": 6, "10.0.11.14": 7, "10.0.18.55": 1, "10.0.11.16": 1, "10.0.18.57": 2, "10.0.18.48": 2, "10.0.18.60": 1, "10.0.11.25": 5, "10.0.18.70": 1, "10.0.18.63": 2, "10.0.18.82": 2, "10.0.11.32": 1, "10.0.18.49": 1, "10.0.18.59": 1, "10.0.11.36": 1, "10.0.18.69": 2, "10.0.11.21": 2, "10.0.18.85": 3, "10.0.11.39": 1, "10.0.18.96": 1, "10.0.11.41": 1, "10.0.11.35": 2, "10.0.18.103": 7, "10.0.11.44": 1, "10.0.11.46": 1, "10.0.11.47": 1, "10.0.18.113": 2, "10.0.18.116": 2, "10.0.18.117": 1, "10.0.11.51": 7, "10.0.18.119": 1, "10.0.18.120": 5, "10.0.18.123": 3, "10.0.11.56": 4, "10.0.18.124": 1, "10.0.18.128": 1, "10.0.18.133": 1, "10.0.18.137": 1, "10.0.11.57": 3, "10.0.11.58": 1, "10.0.18.141": 1, "10.0.18.144": 3, "10.0.18.132": 1}, "localIpTotalDuration": 226377.17470000003, "localIpDuration": {"10.0.10.254": 3590.5652, "10.0.18.29": 13984.126699999999, "10.0.10.249": 25182.7029, "10.0.11.6": 1798.767, "10.0.18.45": 449.9965, "10.0.17.237": 1800.0001, "10.0.18.47": 3598.916, "10.0.18.50": 10791.413400000001, "10.0.11.11": 154.0089, "10.0.18.51": 7192.0103, "10.0.11.12": 10770.810000000001, "10.0.11.14": 12591.3346, "10.0.18.55": 1799.086, "10.0.11.16": 1798.7746, "10.0.18.57": 3597.5671, "10.0.18.48": 1977.6972, "10.0.18.60": 1798.6984, "10.0.11.25": 8994.115899999999, "10.0.18.70": 1798.4773, "10.0.18.63": 3596.6125, "10.0.18.82": 3596.7139, "10.0.11.32": 1798.7726, "10.0.18.49": 1798.2823, "10.0.18.59": 1790.0755, "10.0.11.36": 1799.0035, "10.0.18.69": 3137.7378, "10.0.11.21": 3597.5499, "10.0.18.85": 5355.8188, "10.0.11.39": 1798.7843, "10.0.18.96": 1798.0166, "10.0.11.41": 1798.7421, "10.0.11.35": 3051.5613000000003, "10.0.18.103": 12426.775500000002, "10.0.11.44": 125.9993, "10.0.11.46": 77.0018, "10.0.11.47": 461.9993, "10.0.18.113": 1700.001, "10.0.18.116": 3520.0007, "10.0.18.117": 940.004, "10.0.11.51": 12591.301800000001, "10.0.18.119": 1790.0007, "10.0.18.120": 8965.7979, "10.0.18.123": 5387.4286, "10.0.11.56": 7188.3342999999995, "10.0.18.124": 1790.0066, "10.0.18.128": 1798.7032, "10.0.18.133": 1798.6, "10.0.18.137": 1790.0125, "10.0.11.57": 4646.6529, "10.0.11.58": 1798.7669, "10.0.18.141": 1798.6784, "10.0.18.144": 5395.9642, "10.0.18.132": 1798.4059}}}