{"Roblox (Game)": {"localIpCount": 34, "localIpFrequency": {"10.0.0.114": 6, "10.0.1.18": 5, "10.0.0.172": 1, "10.0.1.21": 1, "10.0.0.128": 1, "10.0.0.84": 4, "10.0.1.15": 2, "10.0.0.252": 7, "10.0.0.81": 1, "10.0.1.23": 4, "10.0.1.27": 2, "10.0.1.28": 1, "10.0.0.132": 2, "10.0.0.31": 2, "10.0.0.201": 1, "10.0.0.92": 4, "10.0.0.245": 1, "10.0.1.37": 1, "10.0.0.143": 1, "10.0.0.120": 2, "10.0.1.41": 1, "10.0.1.22": 1, "10.0.0.73": 8, "10.0.0.228": 1, "10.0.0.90": 1, "10.0.1.43": 1, "10.0.0.226": 1, "10.0.1.46": 1, "10.0.0.129": 1, "10.0.0.214": 1, "10.0.0.246": 1, "10.0.0.142": 3, "10.0.1.48": 1, "10.0.0.53": 1}, "localIpTotalDuration": 107758.43129999998, "localIpDuration": {"10.0.0.114": 6495.6955, "10.0.1.18": 6411.9901, "10.0.0.172": 1106.002, "10.0.1.21": 686.0081, "10.0.0.128": 615.9954, "10.0.0.84": 5411.2363000000005, "10.0.1.15": 2618.0054, "10.0.0.252": 11702.0135, "10.0.0.81": 1070.9962, "10.0.1.23": 7038.9122, "10.0.1.27": 3541.9964, "10.0.1.28": 1791.9915, "10.0.0.132": 3590.5163000000002, "10.0.0.31": 3520.7700999999997, "10.0.0.201": 1795.7183, "10.0.0.92": 6992.585300000001, "10.0.0.245": 1795.5991, "10.0.1.37": 1763.9986, "10.0.0.143": 1799.0105, "10.0.0.120": 3548.8031, "10.0.1.41": 1195.1841, "10.0.1.22": 1792.0213, "10.0.0.73": 12109.818800000001, "10.0.0.228": 1798.9964, "10.0.0.90": 1792.0033, "10.0.1.43": 1785.0145, "10.0.0.226": 1769.3771, "10.0.1.46": 1799.0202, "10.0.0.129": 1742.7748, "10.0.0.214": 1790.6093, "10.0.0.246": 1798.0668, "10.0.0.142": 4975.6728, "10.0.1.48": 112.0014, "10.0.0.53": 0.0266}}, "League of Legends: Wild Rift": {"localIpCount": 8, "localIpFrequency": {"10.0.0.172": 2, "10.0.0.128": 1, "10.0.1.18": 2, "10.0.1.23": 10, "10.0.1.25": 5, "10.0.1.43": 1, "10.0.0.120": 1, "10.0.0.25": 1}, "localIpTotalDuration": 34748.70219999999, "localIpDuration": {"10.0.0.172": 2951.7408, "10.0.0.128": 1729.0033, "10.0.1.18": 3317.1748, "10.0.1.23": 16204.8003, "10.0.1.25": 8886.9858, "10.0.1.43": 210.0004, "10.0.0.120": 573.9987, "10.0.0.25": 874.9981}}, "Roblox": {"localIpCount": 33, "localIpFrequency": {"10.0.0.172": 2, "10.0.0.114": 10, "10.0.0.246": 5, "10.0.0.128": 1, "10.0.1.18": 4, "10.0.0.84": 5, "10.0.1.15": 2, "10.0.0.252": 9, "10.0.0.81": 1, "10.0.1.23": 2, "10.0.0.129": 3, "10.0.0.33": 2, "10.0.0.36": 1, "10.0.0.31": 2, "10.0.0.122": 1, "10.0.0.245": 1, "10.0.0.73": 6, "10.0.1.38": 1, "10.0.0.201": 1, "10.0.0.120": 1, "10.0.1.40": 1, "10.0.0.141": 1, "10.0.1.34": 2, "10.0.0.66": 2, "10.0.0.228": 3, "10.0.0.233": 1, "10.0.0.90": 2, "10.0.0.214": 2, "10.0.0.97": 1, "10.0.0.142": 2, "10.0.1.48": 1, "10.0.0.92": 1, "10.0.0.53": 2}, "localIpTotalDuration": 132802.40610000002, "localIpDuration": {"10.0.0.172": 3260.5780999999997, "10.0.0.114": 15678.2354, "10.0.0.246": 6812.9705, "10.0.0.128": 1791.7769, "10.0.1.18": 6458.152999999999, "10.0.0.84": 8525.5326, "10.0.1.15": 3563.0051000000003, "10.0.0.252": 16165.7122, "10.0.0.81": 1259.9995, "10.0.1.23": 3592.6873, "10.0.0.129": 3597.5854, "10.0.0.33": 3594.9812, "10.0.0.36": 1795.4984, "10.0.0.31": 3597.5356, "10.0.0.122": 1798.7717, "10.0.0.245": 1797.1071, "10.0.0.73": 9490.8923, "10.0.1.38": 1797.1945, "10.0.0.201": 1797.495, "10.0.0.120": 1798.7976, "10.0.1.40": 1797.6016, "10.0.0.141": 1798.786, "10.0.1.34": 3595.1714, "10.0.0.66": 3597.5575, "10.0.0.228": 5394.1661, "10.0.0.233": 1798.0723, "10.0.0.90": 3597.5658000000003, "10.0.0.214": 3595.0719, "10.0.0.97": 1798.7481, "10.0.0.142": 3596.175, "10.0.1.48": 1167.966, "10.0.0.92": 903.0139, "10.0.0.53": 1988.0011}}, "Genshin Impact": {"localIpCount": 2, "localIpFrequency": {"10.0.1.42": 1, "10.0.0.140": 1}, "localIpTotalDuration": 1764.0034, "localIpDuration": {"10.0.1.42": 6.9969, "10.0.0.140": 1757.0065}}}