{"Roblox (Adopt Me!)": {"localIpCount": 4, "localIpFrequency": {"10.0.0.45": 1, "10.0.0.50": 1, "10.0.0.107": 1, "10.0.0.109": 6}, "localIpTotalDuration": 5072.9122, "localIpDuration": {"10.0.0.45": 0.2553, "10.0.0.50": 272.7761, "10.0.0.107": 12.9861, "10.0.0.109": 4786.8947}}, "Among us": {"localIpCount": 2, "localIpFrequency": {"10.0.0.98": 1, "10.0.0.109": 8}, "localIpTotalDuration": 10862.974900000001, "localIpDuration": {"10.0.0.98": 101.9504, "10.0.0.109": 10761.024500000001}}, "Roblox": {"localIpCount": 5, "localIpFrequency": {"10.0.0.45": 6, "10.0.0.98": 1, "10.0.0.109": 43, "10.0.0.50": 3, "10.0.0.107": 2}, "localIpTotalDuration": 496347.4352, "localIpDuration": {"10.0.0.45": 198047.3614, "10.0.0.98": 73409.3946, "10.0.0.109": 110248.11739999999, "10.0.0.50": 51645.5003, "10.0.0.107": 62997.0615}}}