{"FIFA ONLINE 4 M": {"localIpCount": 2, "localIpFrequency": {"10.0.0.29": 1, "10.0.0.100": 1}, "localIpTotalDuration": 1495.0027, "localIpDuration": {"10.0.0.29": 1485.0005, "10.0.0.100": 10.0022}}, "Minecraft": {"localIpCount": 1, "localIpFrequency": {"10.0.0.8": 1}, "localIpTotalDuration": 633.9996, "localIpDuration": {"10.0.0.8": 633.9996}}, "Roblox (Game)": {"localIpCount": 23, "localIpFrequency": {"10.0.0.24": 7, "10.0.0.23": 1, "10.0.0.26": 1, "10.0.0.8": 4, "10.0.0.99": 5, "10.0.0.95": 1, "10.0.0.2": 2, "10.0.0.11": 5, "10.0.0.21": 4, "10.0.0.75": 3, "10.0.0.29": 2, "10.0.0.31": 1, "10.0.0.36": 2, "10.0.0.100": 8, "10.0.0.38": 1, "10.0.0.33": 8, "10.0.0.34": 2, "10.0.0.6": 3, "10.0.0.104": 3, "10.0.0.45": 5, "10.0.0.52": 1, "10.0.0.107": 3, "10.0.0.87": 1}, "localIpTotalDuration": 109960.64539999996, "localIpDuration": {"10.0.0.24": 9307.794100000001, "10.0.0.23": 1154.9989, "10.0.0.26": 180.0, "10.0.0.8": 5973.997200000001, "10.0.0.99": 6675.9861, "10.0.0.95": 1231.9943, "10.0.0.2": 2144.9999, "10.0.0.11": 7917.9992, "10.0.0.21": 4980.0106000000005, "10.0.0.75": 4584.8701, "10.0.0.29": 3220.0014, "10.0.0.31": 1660.0011, "10.0.0.36": 3573.3054, "10.0.0.100": 13705.763000000003, "10.0.0.38": 1684.9989, "10.0.0.33": 12725.0044, "10.0.0.34": 3094.2173000000003, "10.0.0.6": 5352.5213, "10.0.0.104": 5342.0005, "10.0.0.45": 8373.178100000001, "10.0.0.52": 1785.0025, "10.0.0.107": 5042.0007000000005, "10.0.0.87": 250.0004}}, "League of Legends: Wild Rift": {"localIpCount": 4, "localIpFrequency": {"10.0.0.17": 20, "10.0.0.21": 2, "10.0.0.50": 1, "10.0.0.52": 2}, "localIpTotalDuration": 40420.2189, "localIpDuration": {"10.0.0.17": 33700.457200000004, "10.0.0.21": 2719.7609, "10.0.0.50": 1394.9996, "10.0.0.52": 2605.0012}}, "Roblox": {"localIpCount": 31, "localIpFrequency": {"10.0.0.24": 5, "10.0.0.21": 41, "10.0.0.74": 1, "10.0.0.23": 1, "10.0.0.8": 6, "10.0.0.99": 8, "10.0.0.95": 1, "10.0.0.2": 1, "10.0.0.75": 4, "10.0.0.11": 5, "10.0.0.29": 4, "10.0.0.33": 7, "10.0.0.101": 1, "10.0.0.31": 1, "10.0.0.102": 1, "10.0.0.100": 4, "10.0.0.42": 1, "10.0.0.34": 2, "10.0.0.46": 1, "10.0.0.36": 1, "10.0.0.48": 1, "10.0.0.104": 4, "10.0.0.43": 2, "10.0.0.106": 1, "10.0.0.45": 2, "10.0.0.52": 1, "10.0.0.6": 1, "10.0.0.56": 1, "10.0.0.107": 2, "10.0.0.87": 1, "10.0.0.63": 1}, "localIpTotalDuration": 200850.0612, "localIpDuration": {"10.0.0.24": 8100.8459, "10.0.0.21": 73585.52849999999, "10.0.0.74": 1132.0001, "10.0.0.23": 1795.0004, "10.0.0.8": 10760.391199999998, "10.0.0.99": 14375.769699999997, "10.0.0.95": 1799.7646, "10.0.0.2": 1719.1748, "10.0.0.75": 6904.9323, "10.0.0.11": 8982.952, "10.0.0.29": 7173.8956, "10.0.0.33": 12584.559, "10.0.0.101": 1799.7693, "10.0.0.31": 1798.7807, "10.0.0.102": 1799.7596, "10.0.0.100": 7191.3215, "10.0.0.42": 1799.2761, "10.0.0.34": 3590.0034, "10.0.0.46": 1799.0762, "10.0.0.36": 1798.7135, "10.0.0.48": 1798.7831, "10.0.0.104": 7194.9639, "10.0.0.43": 3593.3637, "10.0.0.106": 1797.7712, "10.0.0.45": 3596.6187, "10.0.0.52": 1798.1142, "10.0.0.6": 1799.2108, "10.0.0.56": 1788.184, "10.0.0.107": 3596.3455000000004, "10.0.0.87": 1596.0003, "10.0.0.63": 1799.1914}}, "Genshin Impact": {"localIpCount": 1, "localIpFrequency": {"10.0.0.48": 1}, "localIpTotalDuration": 1039.9944, "localIpDuration": {"10.0.0.48": 1039.9944}}}