{"Genshin Impact": {"localIpCount": 1, "localIpFrequency": {"10.0.7.189": 1}, "localIpTotalDuration": 1039.999, "localIpDuration": {"10.0.7.189": 1039.999}}, "Brawl Stars": {"localIpCount": 1, "localIpFrequency": {"10.0.7.137": 1}, "localIpTotalDuration": 709.9793, "localIpDuration": {"10.0.7.137": 709.9793}}, "Roblox": {"localIpCount": 63, "localIpFrequency": {"10.0.3.236": 1, "10.0.7.56": 1, "10.0.3.237": 1, "10.0.7.52": 3, "10.0.4.4": 2, "10.0.7.20": 1, "10.0.3.235": 3, "10.0.3.249": 6, "10.0.7.60": 1, "10.0.6.230": 11, "10.0.4.11": 3, "10.0.7.68": 2, "10.0.4.13": 2, "10.0.7.67": 2, "10.0.7.72": 1, "10.0.4.14": 2, "10.0.4.16": 3, "10.0.7.81": 3, "10.0.4.24": 3, "10.0.7.78": 2, "10.0.7.92": 2, "10.0.4.23": 2, "10.0.7.106": 1, "10.0.7.109": 1, "10.0.4.22": 3, "10.0.7.115": 1, "10.0.4.42": 1, "10.0.7.70": 8, "10.0.7.116": 5, "10.0.4.32": 1, "10.0.7.117": 3, "10.0.4.30": 1, "10.0.7.80": 2, "10.0.4.56": 1, "10.0.7.142": 1, "10.0.4.12": 1, "10.0.4.54": 1, "10.0.7.83": 3, "10.0.4.55": 1, "10.0.4.35": 1, "10.0.4.72": 5, "10.0.4.76": 1, "10.0.7.144": 9, "10.0.7.181": 4, "10.0.7.184": 1, "10.0.4.79": 1, "10.0.7.192": 4, "10.0.4.81": 3, "10.0.4.85": 1, "10.0.7.202": 2, "10.0.4.87": 1, "10.0.7.193": 2, "10.0.7.206": 2, "10.0.4.90": 1, "10.0.7.205": 1, "10.0.4.91": 5, "10.0.7.208": 3, "10.0.7.213": 1, "10.0.4.93": 1, "10.0.7.218": 1, "10.0.4.100": 4, "10.0.7.221": 1, "10.0.7.230": 1}, "localIpTotalDuration": 261189.2653000001, "localIpDuration": {"10.0.3.236": 1798.7457, "10.0.7.56": 1799.1643, "10.0.3.237": 1798.7788, "10.0.7.52": 5396.0699, "10.0.4.4": 3596.6313, "10.0.7.20": 1797.5862, "10.0.3.235": 5396.2868, "10.0.3.249": 10078.5799, "10.0.7.60": 1798.5503, "10.0.6.230": 19763.124099999997, "10.0.4.11": 5395.996, "10.0.7.68": 3588.0666, "10.0.4.13": 3597.7969000000003, "10.0.7.67": 3596.5725, "10.0.7.72": 1797.9917, "10.0.4.14": 3597.7844999999998, "10.0.4.16": 5395.7429999999995, "10.0.7.81": 5396.0094, "10.0.4.24": 5396.2982, "10.0.7.78": 3598.7729, "10.0.7.92": 3595.1239, "10.0.4.23": 3597.5236000000004, "10.0.7.106": 1798.5984, "10.0.7.109": 1798.4107, "10.0.4.22": 5396.5989, "10.0.7.115": 1798.1963, "10.0.4.42": 1798.787, "10.0.7.70": 14386.8518, "10.0.7.116": 8988.9271, "10.0.4.32": 1798.7817, "10.0.7.117": 5395.4127, "10.0.4.30": 1798.7637, "10.0.7.80": 3595.1168, "10.0.4.56": 1798.7632, "10.0.7.142": 1798.0989, "10.0.4.12": 1798.7814, "10.0.4.54": 1798.8315, "10.0.7.83": 5395.2096, "10.0.4.55": 1798.7906, "10.0.4.35": 1798.7919, "10.0.4.72": 8447.4522, "10.0.4.76": 1798.7696, "10.0.7.144": 16186.2039, "10.0.7.181": 4720.0089, "10.0.7.184": 1730.0, "10.0.4.79": 643.9991, "10.0.7.192": 7197.3281, "10.0.4.81": 5396.5739, "10.0.4.85": 1798.6945, "10.0.7.202": 3596.1706999999997, "10.0.4.87": 1798.786, "10.0.7.193": 3597.1391000000003, "10.0.7.206": 3597.8188, "10.0.4.90": 1798.7724, "10.0.7.205": 1796.803, "10.0.4.91": 8993.7977, "10.0.7.208": 5395.2406, "10.0.7.213": 1796.5996, "10.0.4.93": 1798.7789, "10.0.7.218": 1798.5961, "10.0.4.100": 7188.070099999999, "10.0.7.221": 1796.111, "10.0.7.230": 1798.6424}}, "FIFA ONLINE 4 M": {"localIpCount": 3, "localIpFrequency": {"10.0.7.180": 2, "10.0.7.190": 2, "10.0.7.191": 1}, "localIpTotalDuration": 3190.0004999999996, "localIpDuration": {"10.0.7.180": 409.9996, "10.0.7.190": 2219.9993999999997, "10.0.7.191": 560.0015}}, "League of Legends: Wild Rift": {"localIpCount": 12, "localIpFrequency": {"10.0.7.66": 2, "10.0.7.67": 2, "10.0.4.13": 1, "10.0.7.78": 2, "10.0.7.124": 1, "10.0.4.43": 1, "10.0.4.56": 1, "10.0.7.154": 1, "10.0.7.167": 1, "10.0.7.216": 1, "10.0.4.83": 2, "10.0.7.199": 2}, "localIpTotalDuration": 3482.0697999999998, "localIpDuration": {"10.0.7.66": 120.00280000000001, "10.0.7.67": 480.0056, "10.0.4.13": 454.9979, "10.0.7.78": 60.015100000000004, "10.0.7.124": 180.0086, "10.0.4.43": 63.0103, "10.0.4.56": 14.0025, "10.0.7.154": 10.0161, "10.0.7.167": 140.0003, "10.0.7.216": 60.0067, "10.0.4.83": 279.9972, "10.0.7.199": 1620.0067}}, "Minecraft": {"localIpCount": 6, "localIpFrequency": {"10.0.4.9": 1, "10.0.7.62": 2, "10.0.4.35": 6, "10.0.7.110": 8, "10.0.4.91": 1, "10.0.7.228": 4}, "localIpTotalDuration": 27331.833199999997, "localIpDuration": {"10.0.4.9": 504.0017, "10.0.7.62": 3477.7165, "10.0.4.35": 5697.8149, "10.0.7.110": 13014.3093, "10.0.4.91": 27.9927, "10.0.7.228": 4609.9981}}, "Goddess of Victory: Nikke": {"localIpCount": 1, "localIpFrequency": {"10.0.4.52": 1}, "localIpTotalDuration": 112.1145, "localIpDuration": {"10.0.4.52": 112.1145}}, "TFT: Teamfight Tactics": {"localIpCount": 1, "localIpFrequency": {"10.0.7.139": 1}, "localIpTotalDuration": 1159.9948, "localIpDuration": {"10.0.7.139": 1159.9948}}}