{"League of Legends: Wild Rift": {"localIpCount": 5, "localIpFrequency": {"10.0.0.11": 1, "10.0.4.103": 1, "10.0.4.64": 1, "10.0.4.102": 2, "10.0.2.90": 2}, "localIpTotalDuration": 3379.0114000000003, "localIpDuration": {"10.0.0.11": 53.0101, "10.0.4.103": 1155.9894, "10.0.4.64": 0.0001, "10.0.4.102": 2170.0117, "10.0.2.90": 0.0001}}, "FIFA ONLINE 4 M": {"localIpCount": 2, "localIpFrequency": {"10.0.4.102": 1, "10.0.2.90": 1}, "localIpTotalDuration": 953.927, "localIpDuration": {"10.0.4.102": 910.9276, "10.0.2.90": 42.9994}}, "Roblox (Game)": {"localIpCount": 22, "localIpFrequency": {"10.0.0.186": 9, "10.0.0.80": 18, "10.0.1.44": 4, "10.0.4.98": 1, "10.0.0.120": 5, "10.0.0.108": 1, "10.0.2.184": 1, "10.0.0.142": 10, "10.0.1.235": 1, "10.0.2.194": 7, "10.0.0.204": 1, "10.0.2.116": 2, "10.0.4.102": 2, "10.0.1.213": 3, "10.0.4.105": 2, "10.0.1.150": 1, "10.0.1.22": 3, "10.0.2.214": 1, "10.0.4.107": 1, "10.0.4.106": 1, "10.0.1.142": 1, "10.0.2.181": 1}, "localIpTotalDuration": 119387.51039999994, "localIpDuration": {"10.0.0.186": 14552.7901, "10.0.0.80": 29455.1106, "10.0.1.44": 4069.0262999999995, "10.0.4.98": 1452.8075, "10.0.0.120": 7088.7791, "10.0.0.108": 1717.0082, "10.0.2.184": 1485.0075, "10.0.0.142": 16362.9998, "10.0.1.235": 1796.0073, "10.0.2.194": 12141.9996, "10.0.0.204": 1777.9789, "10.0.2.116": 3521.991, "10.0.4.102": 1844.9807, "10.0.1.213": 5295.9922, "10.0.4.105": 1170.0102000000002, "10.0.1.150": 1662.9881, "10.0.1.22": 5349.0207, "10.0.2.214": 1744.0045, "10.0.4.107": 1792.0137, "10.0.4.106": 1710.0024, "10.0.1.142": 1629.9946, "10.0.2.181": 1766.9974}}, "Roblox": {"localIpCount": 23, "localIpFrequency": {"10.0.0.186": 2, "10.0.4.64": 2, "10.0.0.80": 22, "10.0.1.44": 10, "10.0.0.120": 7, "10.0.2.156": 1, "10.0.2.42": 3, "10.0.0.142": 9, "10.0.2.194": 2, "10.0.2.116": 2, "10.0.2.134": 2, "10.0.4.96": 4, "10.0.1.142": 3, "10.0.2.70": 1, "10.0.2.178": 1, "10.0.4.102": 3, "10.0.1.150": 1, "10.0.1.22": 3, "10.0.1.213": 3, "10.0.4.107": 1, "10.0.4.110": 1, "10.0.4.106": 3, "10.0.1.232": 4}, "localIpTotalDuration": 158854.2758000001, "localIpDuration": {"10.0.0.186": 3598.7704000000003, "10.0.4.64": 3597.0242, "10.0.0.80": 39535.88079999999, "10.0.1.44": 16982.2878, "10.0.0.120": 12596.0103, "10.0.2.156": 1797.7702, "10.0.2.42": 5395.4275, "10.0.0.142": 16160.882099999999, "10.0.2.194": 3598.8106, "10.0.2.116": 3599.0271000000002, "10.0.2.134": 3598.0252, "10.0.4.96": 7196.3508999999995, "10.0.1.142": 5394.5628, "10.0.2.70": 1797.307, "10.0.2.178": 1799.7537, "10.0.4.102": 4926.8547, "10.0.1.150": 1799.7334, "10.0.1.22": 5398.4983999999995, "10.0.1.213": 5390.023999999999, "10.0.4.107": 1799.8948, "10.0.4.110": 1798.4071, "10.0.4.106": 3900.7272999999996, "10.0.1.232": 7192.2455}}, "World of Tanks": {"localIpCount": 1, "localIpFrequency": {"10.0.4.96": 1}, "localIpTotalDuration": 706.9967, "localIpDuration": {"10.0.4.96": 706.9967}}, "MIR4": {"localIpCount": 2, "localIpFrequency": {"10.0.2.89": 1, "10.0.2.90": 1}, "localIpTotalDuration": 1018.0039999999999, "localIpDuration": {"10.0.2.89": 669.997, "10.0.2.90": 348.007}}, "Minecraft": {"localIpCount": 1, "localIpFrequency": {"10.0.1.22": 2}, "localIpTotalDuration": 487.02149999999995, "localIpDuration": {"10.0.1.22": 487.02149999999995}}, "Genshin Impact": {"localIpCount": 1, "localIpFrequency": {"10.0.2.134": 3}, "localIpTotalDuration": 4496.9983999999995, "localIpDuration": {"10.0.2.134": 4496.9983999999995}}}