{"FIFA ONLINE 4 M": {"localIpCount": 5, "localIpFrequency": {"10.0.16.241": 2, "10.0.16.244": 2, "10.0.10.66": 4, "10.0.10.99": 2, "10.0.10.137": 1}, "localIpTotalDuration": 6209.004899999999, "localIpDuration": {"10.0.16.241": 379.9996, "10.0.16.244": 2140.0036, "10.0.10.66": 3163.9966, "10.0.10.99": 336.0054, "10.0.10.137": 188.9997}}, "Free Fire": {"localIpCount": 1, "localIpFrequency": {"10.0.17.98": 1}, "localIpTotalDuration": 60.0069, "localIpDuration": {"10.0.17.98": 60.0069}}, "League of Legends: Wild Rift": {"localIpCount": 33, "localIpFrequency": {"10.0.16.111": 2, "10.0.16.198": 2, "10.0.10.30": 2, "10.0.16.190": 2, "10.0.10.47": 2, "10.0.16.239": 4, "10.0.16.242": 2, "10.0.16.255": 2, "10.0.10.72": 2, "10.0.10.91": 2, "10.0.10.106": 2, "10.0.17.50": 6, "10.0.17.58": 2, "10.0.17.75": 4, "10.0.17.109": 1, "10.0.17.132": 2, "10.0.17.133": 1, "10.0.10.168": 1, "10.0.17.151": 1, "10.0.10.170": 1, "10.0.10.177": 1, "10.0.17.171": 1, "10.0.17.175": 3, "10.0.17.178": 1, "10.0.17.190": 1, "10.0.17.200": 1, "10.0.10.211": 1, "10.0.17.216": 1, "10.0.10.190": 1, "10.0.17.249": 1, "10.0.17.251": 1, "10.0.18.35": 1, "10.0.18.39": 1}, "localIpTotalDuration": 30876.590000000007, "localIpDuration": {"10.0.16.111": 1319.9972, "10.0.16.198": 360.0072, "10.0.10.30": 280.008, "10.0.16.190": 200.018, "10.0.10.47": 2632.0392, "10.0.16.239": 4580.0002, "10.0.16.242": 179.9964, "10.0.16.255": 79.999, "10.0.10.72": 3443.9962, "10.0.10.91": 853.9892, "10.0.10.106": 154.0008, "10.0.17.50": 3360.1138, "10.0.17.58": 1379.9934, "10.0.17.75": 5639.219999999999, "10.0.17.109": 150.0045, "10.0.17.132": 1120.0014, "10.0.17.133": 1490.0035, "10.0.10.168": 125.9975, "10.0.17.151": 289.9995, "10.0.10.170": 139.9991, "10.0.10.177": 6.9919, "10.0.17.171": 0.0001, "10.0.17.175": 0.0001, "10.0.17.178": 30.0, "10.0.17.190": 139.9416, "10.0.17.200": 20.0037, "10.0.10.211": 189.0292, "10.0.17.216": 250.1926, "10.0.10.190": 20.9993, "10.0.17.249": 1720.0855, "10.0.17.251": 0.0027, "10.0.18.35": 669.9578, "10.0.18.39": 50.0014}}, "TFT: Teamfight Tactics": {"localIpCount": 6, "localIpFrequency": {"10.0.17.50": 6, "10.0.17.132": 5, "10.0.10.177": 1, "10.0.17.175": 5, "10.0.17.216": 1, "10.0.18.18": 1}, "localIpTotalDuration": 23003.121899999995, "localIpDuration": {"10.0.17.50": 10180.0212, "10.0.17.132": 6409.9956999999995, "10.0.10.177": 14.0265, "10.0.17.175": 4809.2161, "10.0.17.216": 20.0359, "10.0.18.18": 1569.8265}}, "Minecraft": {"localIpCount": 7, "localIpFrequency": {"10.0.16.245": 6, "10.0.10.101": 2, "10.0.17.61": 2, "10.0.10.118": 2, "10.0.17.171": 1, "10.0.10.186": 3, "10.0.17.231": 1}, "localIpTotalDuration": 8587.0953, "localIpDuration": {"10.0.16.245": 6040.004800000001, "10.0.10.101": 266.002, "10.0.17.61": 120.003, "10.0.10.118": 224.0194, "10.0.17.171": 50.0532, "10.0.10.186": 1757.0169, "10.0.17.231": 129.996}}, "Roblox": {"localIpCount": 180, "localIpFrequency": {"10.0.10.1": 6, "10.0.16.116": 2, "10.0.10.12": 8, "10.0.16.120": 2, "10.0.16.135": 16, "10.0.16.138": 8, "10.0.16.167": 2, "10.0.16.171": 2, "10.0.16.128": 2, "10.0.10.19": 18, "10.0.16.172": 12, "10.0.10.21": 2, "10.0.16.175": 4, "10.0.16.179": 4, "10.0.16.178": 2, "10.0.10.20": 2, "10.0.16.184": 2, "10.0.16.176": 4, "10.0.10.28": 2, "10.0.10.29": 2, "10.0.16.173": 8, "10.0.10.33": 12, "10.0.10.34": 2, "10.0.10.30": 6, "10.0.16.188": 8, "10.0.16.202": 2, "10.0.10.36": 2, "10.0.16.209": 2, "10.0.10.47": 2, "10.0.10.52": 4, "10.0.16.226": 2, "10.0.10.55": 2, "10.0.16.183": 2, "10.0.16.207": 2, "10.0.10.58": 2, "10.0.16.220": 32, "10.0.10.38": 2, "10.0.10.44": 2, "10.0.16.187": 2, "10.0.10.60": 20, "10.0.10.64": 2, "10.0.16.240": 2, "10.0.10.65": 2, "10.0.16.243": 4, "10.0.16.248": 6, "10.0.10.67": 2, "10.0.10.68": 6, "10.0.16.253": 10, "10.0.17.0": 6, "10.0.10.72": 12, "10.0.10.74": 4, "10.0.17.3": 4, "10.0.10.79": 4, "10.0.10.82": 4, "10.0.17.13": 2, "10.0.17.24": 2, "10.0.10.76": 4, "10.0.10.73": 4, "10.0.17.10": 8, "10.0.10.84": 2, "10.0.17.15": 2, "10.0.10.89": 2, "10.0.17.30": 26, "10.0.10.97": 4, "10.0.10.100": 2, "10.0.10.101": 14, "10.0.17.36": 2, "10.0.17.39": 2, "10.0.17.40": 4, "10.0.10.103": 2, "10.0.17.42": 10, "10.0.10.106": 6, "10.0.10.108": 12, "10.0.17.49": 4, "10.0.10.105": 6, "10.0.17.53": 2, "10.0.17.59": 7, "10.0.10.113": 6, "10.0.17.45": 4, "10.0.10.121": 6, "10.0.17.62": 4, "10.0.17.66": 2, "10.0.17.84": 2, "10.0.17.65": 2, "10.0.10.127": 5, "10.0.17.88": 2, "10.0.17.92": 1, "10.0.17.93": 1, "10.0.17.95": 3, "10.0.17.99": 2, "10.0.17.101": 3, "10.0.17.103": 9, "10.0.10.139": 8, "10.0.10.147": 2, "10.0.17.110": 1, "10.0.17.111": 2, "10.0.10.150": 2, "10.0.17.112": 1, "10.0.10.145": 2, "10.0.17.119": 1, "10.0.10.154": 1, "10.0.17.109": 1, "10.0.10.159": 2, "10.0.17.121": 2, "10.0.17.129": 1, "10.0.10.161": 2, "10.0.10.162": 1, "10.0.17.130": 1, "10.0.10.164": 17, "10.0.17.135": 2, "10.0.17.136": 2, "10.0.17.138": 4, "10.0.17.139": 1, "10.0.17.145": 5, "10.0.17.147": 1, "10.0.17.150": 1, "10.0.17.149": 8, "10.0.17.154": 1, "10.0.10.173": 1, "10.0.10.172": 1, "10.0.10.174": 1, "10.0.17.165": 1, "10.0.10.177": 19, "10.0.17.146": 1, "10.0.17.168": 1, "10.0.10.182": 4, "10.0.17.176": 1, "10.0.17.177": 7, "10.0.10.183": 5, "10.0.17.179": 1, "10.0.17.181": 2, "10.0.10.186": 1, "10.0.17.186": 1, "10.0.10.190": 5, "10.0.17.182": 1, "10.0.10.192": 5, "10.0.17.189": 2, "10.0.17.198": 2, "10.0.17.194": 2, "10.0.10.207": 1, "10.0.17.209": 2, "10.0.10.208": 1, "10.0.10.205": 1, "10.0.17.191": 1, "10.0.10.214": 1, "10.0.10.217": 1, "10.0.17.196": 1, "10.0.10.209": 1, "10.0.17.222": 2, "10.0.10.220": 1, "10.0.17.213": 7, "10.0.10.222": 1, "10.0.17.230": 1, "10.0.10.226": 7, "10.0.17.235": 1, "10.0.17.238": 1, "10.0.17.242": 1, "10.0.17.239": 1, "10.0.10.231": 3, "10.0.17.246": 2, "10.0.17.240": 4, "10.0.10.232": 1, "10.0.17.247": 2, "10.0.10.235": 5, "10.0.18.0": 3, "10.0.10.240": 6, "10.0.18.2": 2, "10.0.18.4": 1, "10.0.17.237": 1, "10.0.18.11": 2, "10.0.10.247": 1, "10.0.17.244": 1, "10.0.18.18": 1, "10.0.10.234": 1, "10.0.18.15": 2, "10.0.18.30": 1, "10.0.10.249": 3, "10.0.18.34": 1, "10.0.10.254": 2, "10.0.18.23": 1}, "localIpTotalDuration": 1152931.5330999997, "localIpDuration": {"10.0.10.1": 10680.753799999999, "10.0.16.116": 3596.9536, "10.0.10.12": 14390.259999999998, "10.0.16.120": 3597.5404, "10.0.16.135": 28767.899199999996, "10.0.16.138": 14371.815200000001, "10.0.16.167": 3597.7978, "10.0.16.171": 3598.3484, "10.0.16.128": 3598.3352, "10.0.10.19": 32378.852199999998, "10.0.16.172": 21585.715399999997, "10.0.10.21": 3597.5382, "10.0.16.175": 7195.0846, "10.0.16.179": 7192.3524, "10.0.16.178": 3597.4042, "10.0.10.20": 3597.5472, "10.0.16.184": 3597.2128, "10.0.16.176": 7193.6867999999995, "10.0.10.28": 3597.5732, "10.0.10.29": 3597.5602, "10.0.16.173": 14388.6346, "10.0.10.33": 21585.356999999996, "10.0.10.34": 3597.5952, "10.0.10.30": 10792.699200000001, "10.0.16.188": 14375.2602, "10.0.16.202": 3597.243, "10.0.10.36": 3597.4278, "10.0.16.209": 3597.2474, "10.0.10.47": 3597.678, "10.0.10.52": 7195.595600000001, "10.0.16.226": 3593.0312, "10.0.10.55": 3597.5518, "10.0.16.183": 3597.3448, "10.0.16.207": 3597.331, "10.0.10.58": 3597.5566, "10.0.16.220": 56793.6096, "10.0.10.38": 3597.529, "10.0.10.44": 3597.5872, "10.0.16.187": 3596.7372, "10.0.10.60": 29955.7622, "10.0.10.64": 3597.9996, "10.0.16.240": 660.1308, "10.0.10.65": 615.9994, "10.0.16.243": 7159.9994, "10.0.16.248": 8215.6444, "10.0.10.67": 335.9966, "10.0.10.68": 7348.878000000001, "10.0.16.253": 17872.0752, "10.0.17.0": 9115.422600000002, "10.0.10.72": 19205.508, "10.0.10.74": 7195.1208, "10.0.17.3": 7196.8297999999995, "10.0.10.79": 7195.131200000001, "10.0.10.82": 7195.0664, "10.0.17.13": 3594.4734, "10.0.17.24": 3599.9996, "10.0.10.76": 7195.5958, "10.0.10.73": 7195.534, "10.0.17.10": 14390.7584, "10.0.10.84": 3597.585, "10.0.17.15": 3595.819, "10.0.10.89": 3597.5076, "10.0.17.30": 44229.8938, "10.0.10.97": 7195.106, "10.0.10.100": 3388.0024, "10.0.10.101": 21192.497999999996, "10.0.17.36": 1180.0018, "10.0.17.39": 580.0002,