{"Roblox (Game)": {"localIpCount": 25, "localIpFrequency": {"10.0.0.252": 3, "10.0.1.88": 1, "10.0.1.63": 1, "10.0.0.2": 6, "10.0.0.177": 15, "10.0.0.14": 1, "10.0.0.49": 1, "10.0.1.51": 1, "10.0.0.115": 1, "10.0.1.16": 5, "10.0.0.24": 1, "10.0.0.187": 2, "10.0.1.92": 1, "10.0.1.57": 1, "10.0.1.125": 3, "10.0.0.173": 2, "10.0.0.22": 1, "10.0.1.111": 3, "10.0.1.95": 1, "10.0.0.4": 1, "10.0.0.5": 1, "10.0.1.97": 1, "10.0.1.101": 1, "10.0.0.52": 1, "10.0.0.73": 1}, "localIpTotalDuration": 80880.56999999999, "localIpDuration": {"10.0.0.252": 2254.0375, "10.0.1.88": 1546.9939, "10.0.1.63": 882.0122, "10.0.0.2": 7349.9991, "10.0.0.177": 26124.983599999996, "10.0.0.14": 251.9791, "10.0.0.49": 1630.9345, "10.0.1.51": 1694.0099, "10.0.0.115": 1797.193, "10.0.1.16": 7671.7969, "10.0.0.24": 1778.0051, "10.0.0.187": 3388.0231, "10.0.1.92": 1755.1987, "10.0.1.57": 1686.9678, "10.0.1.125": 4242.03, "10.0.0.173": 3561.4166, "10.0.0.22": 1708.0028, "10.0.1.111": 4599.0073, "10.0.1.95": 1728.9967, "10.0.0.4": 182.0145, "10.0.0.5": 7.0024, "10.0.1.97": 1757.0, "10.0.1.101": 973.0033, "10.0.0.52": 1651.9558, "10.0.0.73": 658.0062}}, "TFT: Teamfight Tactics": {"localIpCount": 2, "localIpFrequency": {"10.0.1.69": 1, "10.0.0.52": 1}, "localIpTotalDuration": 273.04789999999997, "localIpDuration": {"10.0.1.69": 0.0451, "10.0.0.52": 273.0028}}, "Roblox": {"localIpCount": 24, "localIpFrequency": {"10.0.0.252": 4, "10.0.1.36": 2, "10.0.1.88": 9, "10.0.0.2": 4, "10.0.0.177": 16, "10.0.0.64": 1, "10.0.0.14": 1, "10.0.0.49": 1, "10.0.1.51": 1, "10.0.1.54": 1, "10.0.1.125": 3, "10.0.0.24": 1, "10.0.1.16": 8, "10.0.0.22": 4, "10.0.0.173": 8, "10.0.0.102": 1, "10.0.1.129": 1, "10.0.0.5": 4, "10.0.1.98": 1, "10.0.1.78": 1, "10.0.1.97": 1, "10.0.0.8": 1, "10.0.0.218": 1, "10.0.0.52": 1}, "localIpTotalDuration": 127676.07890000001, "localIpDuration": {"10.0.0.252": 5893.050200000001, "10.0.1.36": 321.9947, "10.0.1.88": 16166.9168, "10.0.0.2": 7160.7749, "10.0.0.177": 28748.8159, "10.0.0.64": 377.9995, "10.0.0.14": 552.9674, "10.0.0.49": 1797.2892, "10.0.1.51": 1799.0064, "10.0.1.54": 1797.2231, "10.0.1.125": 5396.2739, "10.0.0.24": 1797.5077, "10.0.1.16": 14362.5976, "10.0.0.22": 6228.9586, "10.0.0.173": 14381.4609, "10.0.0.102": 1797.2101, "10.0.1.129": 1799.005, "10.0.0.5": 6579.545099999999, "10.0.1.98": 1796.8499, "10.0.1.78": 1797.1379, "10.0.1.97": 1797.7147, "10.0.0.8": 1736.0016, "10.0.0.218": 1798.7531, "10.0.0.52": 1791.0247}}, "League of Legends: Wild Rift": {"localIpCount": 2, "localIpFrequency": {"10.0.1.36": 1, "10.0.1.57": 1}, "localIpTotalDuration": 1414.0133, "localIpDuration": {"10.0.1.36": 475.9942, "10.0.1.57": 938.0191}}}