{"League of Legends: Wild Rift": {"localIpCount": 15, "localIpFrequency": {"10.0.2.149": 4, "10.0.1.49": 1, "10.0.4.153": 1, "10.0.2.151": 2, "10.0.2.16": 11, "10.0.0.9": 5, "10.0.2.115": 1, "10.0.0.49": 2, "10.0.4.203": 1, "10.0.0.146": 1, "10.0.2.245": 1, "10.0.2.247": 1, "10.0.0.172": 4, "10.0.4.215": 1, "10.0.0.236": 1}, "localIpTotalDuration": 28848.92649999999, "localIpDuration": {"10.0.2.149": 2852.0445, "10.0.1.49": 871.001, "10.0.4.153": 367.0029, "10.0.2.151": 661.9829, "10.0.2.16": 9940.939, "10.0.0.9": 7261.768900000001, "10.0.2.115": 451.0137, "10.0.0.49": 739.0369000000001, "10.0.4.203": 1740.1106, "10.0.0.146": 136.0003, "10.0.2.245": 57.0026, "10.0.2.247": 271.0127, "10.0.0.172": 2585.0085, "10.0.4.215": 422.9958, "10.0.0.236": 492.0062}}, "Minecraft": {"localIpCount": 7, "localIpFrequency": {"10.0.2.130": 1, "10.0.4.183": 1, "10.0.4.184": 2, "10.0.2.198": 1, "10.0.3.41": 1, "10.0.2.249": 3, "10.0.2.134": 1}, "localIpTotalDuration": 6305.9036, "localIpDuration": {"10.0.2.130": 290.9949, "10.0.4.183": 417.0098, "10.0.4.184": 302.99199999999996, "10.0.2.198": 31.0025, "10.0.3.41": 1076.9236, "10.0.2.249": 3075.9875999999995, "10.0.2.134": 1110.9932}}, "Cookie Run: Kingdom": {"localIpCount": 1, "localIpFrequency": {"10.0.2.29": 1}, "localIpTotalDuration": 377.0173, "localIpDuration": {"10.0.2.29": 377.0173}}, "MIR4": {"localIpCount": 2, "localIpFrequency": {"10.0.2.89": 4, "10.0.3.110": 1}, "localIpTotalDuration": 4668.0107, "localIpDuration": {"10.0.2.89": 4230.0153, "10.0.3.110": 437.9954}}, "FIFA Mobile": {"localIpCount": 1, "localIpFrequency": {"10.0.4.13": 5}, "localIpTotalDuration": 3381.5139, "localIpDuration": {"10.0.4.13": 3381.5139}}, "The Lord of the Rings: War": {"localIpCount": 1, "localIpFrequency": {"10.0.0.211": 1}, "localIpTotalDuration": 302.0056, "localIpDuration": {"10.0.0.211": 302.0056}}, "Roblox (Game)": {"localIpCount": 75, "localIpFrequency": {"10.0.1.22": 2, "10.0.0.49": 87, "10.0.4.176": 1, "10.0.4.153": 2, "10.0.2.209": 3, "10.0.0.119": 17, "10.0.2.149": 3, "10.0.2.22": 1, "10.0.2.156": 6, "10.0.2.194": 11, "10.0.1.213": 15, "10.0.1.126": 1, "10.0.2.70": 16, "10.0.0.120": 14, "10.0.0.236": 5, "10.0.2.216": 1, "10.0.2.27": 16, "10.0.1.142": 6, "10.0.2.217": 1, "10.0.4.181": 1, "10.0.2.200": 1, "10.0.4.107": 1, "10.0.1.69": 4, "10.0.2.134": 11, "10.0.4.179": 1, "10.0.2.219": 1, "10.0.4.125": 2, "10.0.4.57": 7, "10.0.0.241": 11, "10.0.2.221": 1, "10.0.4.174": 1, "10.0.2.144": 2, "10.0.3.243": 2, "10.0.0.224": 1, "10.0.2.106": 1, "10.0.2.29": 1, "10.0.3.25": 1, "10.0.2.222": 1, "10.0.2.224": 1, "10.0.4.45": 1, "10.0.4.34": 1, "10.0.1.160": 1, "10.0.4.13": 7, "10.0.4.133": 3, "10.0.1.232": 2, "10.0.4.46": 1, "10.0.0.204": 5, "10.0.2.179": 4, "10.0.1.174": 1, "10.0.4.10": 2, "10.0.2.230": 1, "10.0.4.199": 3, "10.0.4.200": 1, "10.0.2.42": 5, "10.0.0.146": 3, "10.0.4.202": 1, "10.0.4.148": 1, "10.0.4.105": 3, "10.0.2.136": 1, "10.0.4.114": 2, "10.0.0.127": 3, "10.0.4.204": 1, "10.0.2.244": 5, "10.0.4.206": 12, "10.0.0.238": 1, "10.0.2.239": 1, "10.0.2.16": 9, "10.0.0.172": 2, "10.0.0.83": 1, "10.0.3.13": 6, "10.0.4.213": 2, "10.0.1.44": 1, "10.0.2.249": 3, "10.0.2.243": 2, "10.0.2.252": 1}, "localIpTotalDuration": 479459.1753000003, "localIpDuration": {"10.0.1.22": 3150.958, "10.0.0.49": 98989.3388, "10.0.4.176": 308.0021, "10.0.4.153": 1940.0015, "10.0.2.209": 3051.0254000000004, "10.0.0.119": 26798.283499999994, "10.0.2.149": 1815.0157, "10.0.2.22": 1175.9996, "10.0.2.156": 7044.9681, "10.0.2.194": 13079.0512, "10.0.1.213": 25417.0726, "10.0.1.126": 1796.0237, "10.0.2.70": 22834.1912, "10.0.0.120": 21638.130100000002, "10.0.0.236": 8489.749, "10.0.2.216": 1642.9938, "10.0.2.27": 22673.135499999997, "10.0.1.142": 8583.040799999999, "10.0.2.217": 1056.0227, "10.0.4.181": 1689.0061, "10.0.2.200": 1574.0075, "10.0.4.107": 1794.0185, "10.0.1.69": 7102.989, "10.0.2.134": 18871.007500000003, "10.0.4.179": 1675.0162, "10.0.2.219": 0.0001, "10.0.4.125": 3181.9984999999997, "10.0.4.57": 5768.9972, "10.0.0.241": 13536.004799999999, "10.0.2.221": 31.0039, "10.0.4.174": 1221.9867, "10.0.2.144": 1181.0835, "10.0.3.243": 3142.9599, "10.0.0.224": 1631.9995, "10.0.2.106": 836.0153, "10.0.2.29": 0.0135, "10.0.3.25": 766.0897, "10.0.2.222": 1471.0146, "10.0.2.224": 1676.0128, "10.0.4.45": 999.0057, "10.0.4.34": 1765.9966, "10.0.1.160": 1712.9088, "10.0.4.13": 11214.0528, "10.0.4.133": 2390.0078000000003, "10.0.1.232": 2779.009, "10.0.4.46": 50.0039, "10.0.0.204": 6068.0136, "10.0.2.179": 5816.9987, "10.0.1.174": 1369.0754, "10.0.4.10": 1409.0005999999998, "10.0.2.230": 834.0112, "10.0.4.199": 4938.0015, "10.0.4.200": 1467.9969, "10.0.2.42": 8827.7397, "10.0.0.146": 5222.9926, "10.0.4.202": 1611.0032, "10.0.4.148": 1394.0084, "10.0.4.105": 5023.0136999999995, "10.0.2.136": 1748.0029, "10.0.4.114": 1214.0077, "10.0.0.127": 4710.9812, "10.0.4.204": 1740.4252, "10.0.2.244": 8415.0301, "10.0.4.206": 14112.4795, "10.0.0.238": 1222.4181, "10.0.2.239": 1797.0236, "10.0.2.16": 14541.757200000002, "10.0.0.172": 3429.812, "10.0.0.83": 1313.0028, "10.0.3.13": 8430.192700000001, "10.0.4.213": 3547.9826000000003, "10.0.1.44": 1781.0353, "10.0.2.249": 4842.0002, "10.0.2.243": 3063.9764, "10.0.2.252": 21.9796}}, "Roblox": {"localIpCount": 68, "localIpFrequency": {"10.0.1.213": 9, "10.0.1.22": 4, "10.0.4.153": 19, "10.0.0.49": 172, "10.0.2.149": 4, "10.0.0.119": 15, "10.0.4.107": 6, "10.0.2.156": 5, "10.0.4.155": 2, "10.0.4.172": 1, "10.0.0.120": 22, "10.0.2.216": 1, "10.0.2.209": 1, "10.0.1.142": 6, "10.0.1.44": 2, "10.0.4.181": 1, "10.0.2.27": 26, "10.0.4.182": 1, "10.0.2.200": 1, "10.0.2.194": 13, "10.0.1.69": 2, "10.0.2.70": 19, "10.0.2.219": 1, "10.0.4.125": 3, "10.0.4.57": 8, "10.0.0.241": 23, "10.0.2.151": 2, "10.0.2.144": 2, "10.0.2.106": 2, "10.0.2.29": 1, "10.0.2.222": 1, "10.0.4.187": 1, "10.0.2.224": 2, "10.0.4.45": 1, "10.0.4.34": 1, "10.0.2.134": 8, "10.0.4.13": 5, "10.0.4.191": 1, "10.0.4.133": 2, "10.0.1.228": 1, "10.0.1.232": 1, "10.0.0.204": 4, "10.0.1.174": 2, "10.0.1.135": 4, "10.0.2.230": 1, "10.0.4.199": 2, "10.0.0.146": 4, "10.0.0.238": 1, "10.0.0.127": 4, "10.0.4.114": 3, "10.0.4.10": 1, "10.0.2.42": 2, "10.0.2.244": 3, "10.0.4.184": 1, "10.0.2.245": 1, "10.0.4.206": 59, "10.0.2.239": 2, "10.0.0.172": 1, "10.0.4.213": 2, "10.0.0.236": 5, "10.0.3.13": 4, "10.0.2.214": 1, "10.0.2.16": 13, "10.0.2.249": 1, "10.0.2.243": 2, "10.0.2.105": 1, "10.0.2.252": 2, "10.0.4.222": 1}, "localIpTotalDuration": 912644.1510999999, "localIpDuration": {"10.0.1.213": 16192.378, "10.0.1.22": 7192.2805, "10.0.4.153": 34138.843199999996, "10.0.0.49": 307962.70390000014, "10.0.2.149": 6664.7958, "10.0.0.119": 26839.9151, "10.0.4.107": 10788.936300000001, "10.0.2.156": 7910.0887, "10.0.4.155": 3596.8257, "10.0.4.172": 1799.222, "10.0.0.120": 39314.457899999994, "10.0.2.216": 1723.7588, "10.0.2.209": 1798.0175, "10.0.1.142": 10791.7304, "10.0.1.44": 3592.7790999999997, "10.0.4.181": 1799.1085, "10.0.2.27": 42592.660500000005, "10.0.4.182": 1799.1787, "10.0.2.200": 1799.025, "10.0.2.194": 20690.365999999998, "10.0.1.69": 3599.5353, "10.0.2.70": 34152.7916, "10.0.2.219": 1797.7818, "10.0.4.125": 4552.499, "10.0.4.57": 10955.508999999998, "10.0.0.241": 37092.23589999999, "10.0.2.151": 837.0054, "10.0.2.144": 3327.7176, "10.0.2.106": 1807.0005, "10.0.2.29": 1799.0044, "10.0.2.222": 1798.0138, "10.0.4.187": 1427.4065, "10.0.2.224": 3599.5536, "10.0.4.45": 1744.0094, "10.0.4.34": 1799.993, "10.0.2.134": 14395.827500000001, "10.0.4.13": 8988.1913, "10.0.4.191": 770.0129, "10.0.4.133": 3418.7065000000002, "10.0.1.228": 829.0069, "10.0.1.232": 1796.7661, "10.0.0.204": 6525.8041, "10.0.1.174": 3597.4096, "10.0.1.135": 7171.295899999999, "10.0.2.230": 1797.0075, "10.0.4.199": 3585.8164, "10.0.0.146": 7196.33, "10.0.0.238": 1799.7213, "10.0.0.127": 7089.4617, "10.0.4.114": 4423.199699999999, "10.0.4.10": 1400.004, "10.0.2.42": 3596.1108999999997, "10.0.2.244": 5394.513, "10.0.4.184": 1799.3212, "10.0.2.245": 1798.741, "10.0.4.206": 106049.20170000002,