{"League of Legends: Wild Rift": {"localIpCount": 1, "localIpFrequency": {"10.0.0.34": 1}, "localIpTotalDuration": 493.2052, "localIpDuration": {"10.0.0.34": 493.2052}}, "Roblox (Adopt Me!)": {"localIpCount": 1, "localIpFrequency": {"10.0.0.18": 2}, "localIpTotalDuration": 182.1803, "localIpDuration": {"10.0.0.18": 182.1803}}, "Roblox": {"localIpCount": 2, "localIpFrequency": {"10.0.0.18": 1, "10.0.0.36": 22}, "localIpTotalDuration": 53907.54990000001, "localIpDuration": {"10.0.0.18": 14042.9983, "10.0.0.36": 39864.551600000006}}}