{"Roblox (Adopt Me!)": {"localIpCount": 38, "localIpFrequency": {"10.0.1.104": 6, "10.0.0.120": 5, "10.0.1.38": 1, "10.0.0.142": 7, "10.0.1.230": 3, "10.0.1.46": 14, "10.0.1.244": 1, "10.0.1.44": 2, "10.0.1.226": 3, "10.0.1.135": 1, "10.0.1.49": 3, "10.0.0.223": 1, "10.0.0.138": 2, "10.0.2.2": 1, "10.0.1.43": 1, "10.0.2.42": 1, "10.0.0.187": 1, "10.0.1.155": 1, "10.0.1.63": 5, "10.0.0.49": 2, "10.0.1.1": 1, "10.0.1.26": 1, "10.0.2.66": 2, "10.0.0.61": 1, "10.0.0.124": 1, "10.0.1.54": 2, "10.0.1.106": 1, "10.0.1.103": 2, "10.0.1.22": 4, "10.0.1.89": 1, "10.0.1.119": 1, "10.0.0.208": 1, "10.0.1.180": 1, "10.0.2.125": 1, "10.0.2.133": 1, "10.0.0.183": 1, "10.0.1.235": 1, "10.0.2.115": 3}, "localIpTotalDuration": 139187.43370000008, "localIpDuration": {"10.0.1.104": 10419.3192, "10.0.0.120": 8553.35, "10.0.1.38": 1678.866, "10.0.0.142": 9806.357899999999, "10.0.1.230": 3882.7222, "10.0.1.46": 22153.342800000002, "10.0.1.244": 1761.6195, "10.0.1.44": 1462.4943, "10.0.1.226": 4380.0473, "10.0.1.135": 1525.9969, "10.0.1.49": 4785.041, "10.0.0.223": 1607.9122, "10.0.0.138": 3083.5434999999998, "10.0.2.2": 1800.051, "10.0.1.43": 1694.4588, "10.0.2.42": 1787.797, "10.0.0.187": 1773.1077, "10.0.1.155": 1684.4138, "10.0.1.63": 8682.007300000001, "10.0.0.49": 3144.6121000000003, "10.0.1.1": 1798.4585, "10.0.1.26": 1788.5183, "10.0.2.66": 3564.9146, "10.0.0.61": 1795.8392, "10.0.0.124": 1789.3555, "10.0.1.54": 3570.4709000000003, "10.0.1.106": 1796.555, "10.0.1.103": 3518.5341, "10.0.1.22": 7160.2219000000005, "10.0.1.89": 1766.2009, "10.0.1.119": 1776.8959, "10.0.0.208": 1782.9146, "10.0.1.180": 1765.5594, "10.0.2.125": 1800.0497, "10.0.2.133": 1792.7905, "10.0.0.183": 1797.5664, "10.0.1.235": 1775.2466, "10.0.2.115": 2480.2812}}, "Genshin Impact": {"localIpCount": 3, "localIpFrequency": {"10.0.2.33": 5, "10.0.0.161": 1, "10.0.1.101": 1}, "localIpTotalDuration": 4667.1411, "localIpDuration": {"10.0.2.33": 3927.7720999999997, "10.0.0.161": 529.9984, "10.0.1.101": 209.3706}}, "The Lord of the Rings: War": {"localIpCount": 1, "localIpFrequency": {"10.0.2.86": 1}, "localIpTotalDuration": 353.0779, "localIpDuration": {"10.0.2.86": 353.0779}}, "MIR4": {"localIpCount": 1, "localIpFrequency": {"10.0.2.90": 3}, "localIpTotalDuration": 1384.1018, "localIpDuration": {"10.0.2.90": 1384.1018}}, "League of Legends: Wild Rift": {"localIpCount": 11, "localIpFrequency": {"10.0.0.238": 6, "10.0.1.49": 4, "10.0.1.155": 1, "10.0.1.38": 1, "10.0.2.61": 1, "10.0.0.54": 1, "10.0.1.101": 2, "10.0.1.103": 1, "10.0.0.208": 1, "10.0.2.33": 1, "10.0.0.142": 1}, "localIpTotalDuration": 14368.549299999999, "localIpDuration": {"10.0.0.238": 8224.8113, "10.0.1.49": 644.771, "10.0.1.155": 23.2888, "10.0.1.38": 204.0808, "10.0.2.61": 679.7021, "10.0.0.54": 301.6956, "10.0.1.101": 972.313, "10.0.1.103": 1550.4372, "10.0.0.208": 5.5062, "10.0.2.33": 1732.6553, "10.0.0.142": 29.288}}, "Roblox": {"localIpCount": 42, "localIpFrequency": {"10.0.1.49": 3, "10.0.1.194": 4, "10.0.0.54": 2, "10.0.1.104": 1, "10.0.0.120": 4, "10.0.1.38": 1, "10.0.1.226": 10, "10.0.1.44": 4, "10.0.1.230": 3, "10.0.0.142": 4, "10.0.0.49": 15, "10.0.1.46": 8, "10.0.1.135": 2, "10.0.1.43": 1, "10.0.0.138": 3, "10.0.2.44": 1, "10.0.2.48": 1, "10.0.0.187": 2, "10.0.0.141": 1, "10.0.1.1": 1, "10.0.0.236": 1, "10.0.0.61": 1, "10.0.2.81": 1, "10.0.1.74": 1, "10.0.0.242": 1, "10.0.1.85": 2, "10.0.1.180": 3, "10.0.1.63": 2, "10.0.0.161": 1, "10.0.0.240": 2, "10.0.1.22": 3, "10.0.2.33": 1, "10.0.1.100": 1, "10.0.0.101": 1, "10.0.1.16": 2, "10.0.2.108": 1, "10.0.1.111": 1, "10.0.1.116": 1, "10.0.0.238": 1, "10.0.1.235": 1, "10.0.1.65": 1, "10.0.2.115": 2}, "localIpTotalDuration": 183450.04579999996, "localIpDuration": {"10.0.1.49": 5316.4879, "10.0.1.194": 7199.359400000001, "10.0.0.54": 3599.2769, "10.0.1.104": 1799.471, "10.0.0.120": 7198.277, "10.0.1.38": 1799.9136, "10.0.1.226": 17988.3517, "10.0.1.44": 7197.2508, "10.0.1.230": 5391.954, "10.0.0.142": 7197.5136, "10.0.0.49": 26986.653499999997, "10.0.1.46": 14393.701299999999, "10.0.1.135": 3597.9427, "10.0.1.43": 1800.002, "10.0.0.138": 5396.1808, "10.0.2.44": 1799.2706, "10.0.2.48": 1799.3945, "10.0.0.187": 3599.9121999999998, "10.0.0.141": 1799.3704, "10.0.1.1": 1799.9102, "10.0.0.236": 1800.0186, "10.0.0.61": 1799.9713, "10.0.2.81": 1800.0095, "10.0.1.74": 1799.287, "10.0.0.242": 1800.0457, "10.0.1.85": 3600.045, "10.0.1.180": 5398.575, "10.0.1.63": 3599.1951, "10.0.0.161": 1800.0182, "10.0.0.240": 3598.9414, "10.0.1.22": 5397.7744, "10.0.2.33": 1800.0998, "10.0.1.100": 1799.6659, "10.0.0.101": 1799.867, "10.0.1.16": 3599.2122, "10.0.2.108": 1800.0477, "10.0.1.111": 1799.9862, "10.0.1.116": 1799.9696, "10.0.0.238": 1799.7119, "10.0.1.235": 1799.3206, "10.0.1.65": 1798.7096, "10.0.2.115": 3599.38}}, "Minecraft": {"localIpCount": 2, "localIpFrequency": {"10.0.0.89": 1, "10.0.1.104": 1}, "localIpTotalDuration": 134.3036, "localIpDuration": {"10.0.0.89": 0.0511, "10.0.1.104": 134.2525}}, "Odin: Valhalla Rising": {"localIpCount": 1, "localIpFrequency": {"10.0.0.166": 1}, "localIpTotalDuration": 20.8269, "localIpDuration": {"10.0.0.166": 20.8269}}}