{"League of Legends: Wild Rift": {"localIpCount": 12, "localIpFrequency": {"10.0.0.142": 7, "10.0.3.77": 7, "10.0.0.208": 1, "10.0.3.37": 1, "10.0.1.174": 1, "10.0.1.33": 1, "10.0.3.26": 1, "10.0.3.13": 2, "10.0.1.133": 5, "10.0.2.13": 3, "10.0.0.238": 2, "10.0.3.130": 1}, "localIpTotalDuration": 41997.10270000002, "localIpDuration": {"10.0.0.142": 9629.767800000001, "10.0.3.77": 9171.0709, "10.0.0.208": 1639.9776, "10.0.3.37": 1774.9881, "10.0.1.174": 294.9967, "10.0.1.33": 390.9923, "10.0.3.26": 1356.911, "10.0.3.13": 975.0132000000001, "10.0.1.133": 8503.6274, "10.0.2.13": 4110.763, "10.0.0.238": 2521.0026, "10.0.3.130": 1627.9921}}, "Genshin Impact": {"localIpCount": 1, "localIpFrequency": {"10.0.2.207": 8}, "localIpTotalDuration": 13118.765200000002, "localIpDuration": {"10.0.2.207": 13118.765200000002}}, "Roblox (Game)": {"localIpCount": 40, "localIpFrequency": {"10.0.0.142": 6, "10.0.1.81": 1, "10.0.0.49": 1, "10.0.3.13": 1, "10.0.3.77": 2, "10.0.1.135": 7, "10.0.3.82": 1, "10.0.1.191": 1, "10.0.1.148": 1, "10.0.1.219": 1, "10.0.2.178": 1, "10.0.1.1": 7, "10.0.1.189": 1, "10.0.2.214": 2, "10.0.1.210": 1, "10.0.1.213": 2, "10.0.0.143": 2, "10.0.1.63": 2, "10.0.3.25": 1, "10.0.2.194": 1, "10.0.1.44": 2, "10.0.0.222": 1, "10.0.0.120": 1, "10.0.1.251": 1, "10.0.3.91": 1, "10.0.1.104": 3, "10.0.0.54": 14, "10.0.1.130": 1, "10.0.3.99": 1, "10.0.2.207": 2, "10.0.2.3": 1, "10.0.0.196": 1, "10.0.0.221": 1, "10.0.1.221": 1, "10.0.1.255": 4, "10.0.0.238": 1, "10.0.0.52": 2, "10.0.1.170": 1, "10.0.3.130": 1, "10.0.0.80": 1}, "localIpTotalDuration": 130263.58700000001, "localIpDuration": {"10.0.0.142": 8128.034100000001, "10.0.1.81": 1680.8973, "10.0.0.49": 1646.0201, "10.0.3.13": 1689.0097, "10.0.3.77": 2890.0069, "10.0.1.135": 7362.6671, "10.0.3.82": 422.0089, "10.0.1.191": 276.0113, "10.0.1.148": 24.0324, "10.0.1.219": 1402.9983, "10.0.2.178": 837.0017, "10.0.1.1": 12220.074100000002, "10.0.1.189": 859.0061, "10.0.2.214": 3570.1025, "10.0.1.210": 1797.0563, "10.0.1.213": 3543.9853000000003, "10.0.0.143": 3579.1058000000003, "10.0.1.63": 3395.0292, "10.0.3.25": 1797.7081, "10.0.2.194": 1785.991, "10.0.1.44": 3584.0069000000003, "10.0.0.222": 1716.7743, "10.0.0.120": 1729.0024, "10.0.1.251": 1774.0023, "10.0.3.91": 1776.2021, "10.0.1.104": 5007.8347, "10.0.0.54": 24332.3661, "10.0.1.130": 1798.0176, "10.0.3.99": 1788.622, "10.0.2.207": 3584.5094, "10.0.2.3": 1792.0113, "10.0.0.196": 1799.9927, "10.0.0.221": 1786.0026, "10.0.1.221": 1233.013, "10.0.1.255": 7000.0332, "10.0.0.238": 1702.9283, "10.0.0.52": 3599.7282, "10.0.1.170": 1790.9916, "10.0.3.130": 1763.0021, "10.0.0.80": 1797.8}}, "MIR4": {"localIpCount": 3, "localIpFrequency": {"10.0.2.89": 2, "10.0.2.90": 1, "10.0.3.110": 4}, "localIpTotalDuration": 5642.024200000001, "localIpDuration": {"10.0.2.89": 1143.0103, "10.0.2.90": 380.0043, "10.0.3.110": 4119.0096}}, "Minecraft": {"localIpCount": 5, "localIpFrequency": {"10.0.1.202": 1, "10.0.1.153": 1, "10.0.2.16": 1, "10.0.3.123": 1, "10.0.3.129": 1}, "localIpTotalDuration": 2537.1804999999995, "localIpDuration": {"10.0.1.202": 180.0086, "10.0.1.153": 24.0101, "10.0.2.16": 423.9904, "10.0.3.123": 1634.1796, "10.0.3.129": 274.9918}}, "FIFA ONLINE 4 M": {"localIpCount": 3, "localIpFrequency": {"10.0.3.13": 1, "10.0.3.78": 1, "10.0.2.13": 3}, "localIpTotalDuration": 5394.7629, "localIpDuration": {"10.0.3.13": 294.0991, "10.0.3.78": 989.9098, "10.0.2.13": 4110.754}}, "Roblox": {"localIpCount": 37, "localIpFrequency": {"10.0.0.142": 3, "10.0.3.13": 4, "10.0.0.208": 1, "10.0.1.1": 8, "10.0.3.76": 3, "10.0.3.75": 2, "10.0.0.49": 12, "10.0.3.77": 2, "10.0.1.219": 1, "10.0.2.178": 3, "10.0.1.210": 4, "10.0.1.135": 17, "10.0.0.187": 1, "10.0.3.25": 1, "10.0.2.209": 1, "10.0.1.104": 2, "10.0.2.194": 3, "10.0.1.213": 3, "10.0.2.42": 2, "10.0.1.251": 1, "10.0.3.94": 1, "10.0.0.242": 1, "10.0.1.63": 1, "10.0.2.207": 3, "10.0.1.44": 1, "10.0.0.54": 6, "10.0.2.0": 1, "10.0.0.196": 2, "10.0.1.81": 1, "10.0.0.222": 1, "10.0.1.19": 1, "10.0.0.120": 1, "10.0.0.238": 4, "10.0.0.52": 1, "10.0.2.14": 1, "10.0.0.233": 1, "10.0.1.170": 1}, "localIpTotalDuration": 181517.08660000007, "localIpDuration": {"10.0.0.142": 5391.536700000001, "10.0.3.13": 7195.9058, "10.0.0.208": 1799.7756, "10.0.1.1": 14394.3812, "10.0.3.76": 5398.0896999999995, "10.0.3.75": 2877.0645999999997, "10.0.0.49": 21557.0778, "10.0.3.77": 2387.5974, "10.0.1.219": 1797.9917, "10.0.2.178": 5385.1531, "10.0.1.210": 7196.8126, "10.0.1.135": 30576.155599999995, "10.0.0.187": 1799.9996, "10.0.3.25": 1799.2899, "10.0.2.209": 1799.304, "10.0.1.104": 3599.5766000000003, "10.0.2.194": 5396.744199999999, "10.0.1.213": 5399.3008, "10.0.2.42": 3599.1952, "10.0.1.251": 1799.7568, "10.0.3.94": 1799.3938, "10.0.0.242": 1799.8151, "10.0.1.63": 1799.7217, "10.0.2.207": 5398.31, "10.0.1.44": 1799.7723, "10.0.0.54": 10777.742, "10.0.2.0": 1799.7985, "10.0.0.196": 3599.5804, "10.0.1.81": 1799.089, "10.0.0.222": 1799.779, "10.0.1.19": 1799.7381, "10.0.0.120": 1799.7726, "10.0.0.238": 7197.094000000001, "10.0.0.52": 1799.2942, "10.0.2.14": 1798.7623, "10.0.0.233": 1799.0135, "10.0.1.170": 1799.7012}}}