{"FIFA ONLINE 4 M": {"localIpCount": 3, "localIpFrequency": {"10.0.0.57": 2, "10.0.2.90": 2, "10.0.2.217": 8}, "localIpTotalDuration": 10817.9964, "localIpDuration": {"10.0.0.57": 1873.9988, "10.0.2.90": 666.0002, "10.0.2.217": 8277.9974}}, "Minecraft": {"localIpCount": 4, "localIpFrequency": {"10.0.2.249": 2, "10.0.4.184": 4, "10.0.4.243": 3, "10.0.4.90": 1}, "localIpTotalDuration": 8193.8771, "localIpDuration": {"10.0.2.249": 2070.999, "10.0.4.184": 4186.8661, "10.0.4.243": 1926.0003, "10.0.4.90": 10.0117}}, "Roblox (Game)": {"localIpCount": 52, "localIpFrequency": {"10.0.2.255": 9, "10.0.3.13": 15, "10.0.1.213": 5, "10.0.4.226": 1, "10.0.3.0": 1, "10.0.4.227": 2, "10.0.1.142": 13, "10.0.2.16": 23, "10.0.2.249": 7, "10.0.2.70": 2, "10.0.2.243": 16, "10.0.2.42": 19, "10.0.4.222": 9, "10.0.2.239": 1, "10.0.4.228": 2, "10.0.2.134": 9, "10.0.1.22": 6, "10.0.4.184": 4, "10.0.2.179": 5, "10.0.2.252": 6, "10.0.0.120": 2, "10.0.4.155": 2, "10.0.0.222": 1, "10.0.0.61": 1, "10.0.4.107": 20, "10.0.4.57": 2, "10.0.3.243": 14, "10.0.4.180": 1, "10.0.4.243": 6, "10.0.0.224": 4, "10.0.3.225": 3, "10.0.4.255": 2, "10.0.0.127": 3, "10.0.5.3": 1, "10.0.4.133": 2, "10.0.4.114": 6, "10.0.2.151": 1, "10.0.1.235": 1, "10.0.5.6": 1, "10.0.0.11": 5, "10.0.5.9": 1, "10.0.0.6": 13, "10.0.4.10": 1, "10.0.5.10": 1, "10.0.1.89": 3, "10.0.1.16": 9, "10.0.0.119": 1, "10.0.4.163": 1, "10.0.0.8": 1, "10.0.0.24": 6, "10.0.2.217": 1, "10.0.5.14": 1}, "localIpTotalDuration": 381584.96919999993, "localIpDuration": {"10.0.2.255": 13133.1059, "10.0.3.13": 18187.639300000003, "10.0.1.213": 3809.0953999999997, "10.0.4.226": 1780.918, "10.0.3.0": 1299.9922, "10.0.4.227": 3505.2221, "10.0.1.142": 11526.790299999999, "10.0.2.16": 37619.17260000001, "10.0.2.249": 12144.043399999999, "10.0.2.70": 3441.0094, "10.0.2.243": 22682.060500000003, "10.0.2.42": 31209.310699999998, "10.0.4.222": 12520.0054, "10.0.2.239": 733.9796, "10.0.4.228": 3508.0987999999998, "10.0.2.134": 13412.0321, "10.0.1.22": 10374.7363, "10.0.4.184": 6894.0124, "10.0.2.179": 6321.0967, "10.0.2.252": 10394.018900000001, "10.0.0.120": 3563.0505, "10.0.4.155": 2064.9998, "10.0.0.222": 1790.0023, "10.0.0.61": 1010.9881, "10.0.4.107": 32441.0357, "10.0.4.57": 2535.9997, "10.0.3.243": 13636.012, "10.0.4.180": 1668.0132, "10.0.4.243": 8305.9995, "10.0.0.224": 3253.9984999999997, "10.0.3.225": 3099.9993, "10.0.4.255": 2712.0089, "10.0.0.127": 3820.0015, "10.0.5.3": 1650.0008, "10.0.4.133": 376.0008, "10.0.4.114": 7988.0116, "10.0.2.151": 1568.0011, "10.0.1.235": 1769.9982, "10.0.5.6": 1438.0014, "10.0.0.11": 6908.001899999999, "10.0.5.9": 0.0001, "10.0.0.6": 15215.7823, "10.0.4.10": 1371.9925, "10.0.5.10": 1709.997, "10.0.1.89": 4538.6999, "10.0.1.16": 14044.022100000002, "10.0.0.119": 1754.0002, "10.0.4.163": 1756.0008, "10.0.0.8": 1790.0117, "10.0.0.24": 10300.001999999999, "10.0.2.217": 1378.0, "10.0.5.14": 1629.9958}}, "Odin: Valhalla Rising": {"localIpCount": 2, "localIpFrequency": {"10.0.3.6": 1, "10.0.4.216": 1}, "localIpTotalDuration": 0.0, "localIpDuration": {"10.0.3.6": 0.0, "10.0.4.216": 0.0}}, "League of Legends: Wild Rift": {"localIpCount": 14, "localIpFrequency": {"10.0.3.13": 2, "10.0.4.231": 1, "10.0.4.211": 1, "10.0.0.57": 4, "10.0.2.151": 1, "10.0.2.16": 2, "10.0.0.85": 1, "10.0.2.90": 1, "10.0.4.243": 1, "10.0.2.42": 2, "10.0.4.224": 1, "10.0.5.10": 2, "10.0.5.2": 1, "10.0.3.253": 1}, "localIpTotalDuration": 19921.874, "localIpDuration": {"10.0.3.13": 988.0125, "10.0.4.231": 1794.9963, "10.0.4.211": 1261.102, "10.0.0.57": 3781.4178, "10.0.2.151": 750.0254, "10.0.2.16": 2340.2017, "10.0.0.85": 2.0087, "10.0.2.90": 1332.1106, "10.0.4.243": 978.0017, "10.0.2.42": 600.0025, "10.0.4.224": 1556.0003, "10.0.5.10": 3367.9986, "10.0.5.2": 4.0002, "10.0.3.253": 1165.9957}}, "MIR4": {"localIpCount": 2, "localIpFrequency": {"10.0.3.110": 2, "10.0.2.90": 4}, "localIpTotalDuration": 4090.8731, "localIpDuration": {"10.0.3.110": 766.8688999999999, "10.0.2.90": 3324.0042}}, "FIFA Mobile": {"localIpCount": 1, "localIpFrequency": {"10.0.2.249": 5}, "localIpTotalDuration": 6817.052900000001, "localIpDuration": {"10.0.2.249": 6817.052900000001}}, "Roblox": {"localIpCount": 56, "localIpFrequency": {"10.0.2.252": 6, "10.0.4.222": 103, "10.0.2.255": 24, "10.0.3.13": 21, "10.0.2.183": 2, "10.0.1.142": 20, "10.0.4.227": 1, "10.0.2.16": 14, "10.0.2.70": 2, "10.0.2.243": 15, "10.0.4.228": 2, "10.0.1.213": 6, "10.0.2.249": 5, "10.0.4.211": 3, "10.0.2.134": 12, "10.0.1.22": 5, "10.0.1.69": 2, "10.0.0.120": 4, "10.0.4.155": 4, "10.0.0.53": 1, "10.0.1.228": 1, "10.0.2.179": 8, "10.0.0.61": 2, "10.0.4.107": 15, "10.0.4.57": 4, "10.0.2.150": 1, "10.0.3.225": 5, "10.0.3.243": 12, "10.0.2.42": 8, "10.0.4.184": 5, "10.0.4.213": 1, "10.0.0.224": 40, "10.0.4.243": 13, "10.0.2.185": 1, "10.0.4.255": 2, "10.0.5.0": 1, "10.0.4.133": 2, "10.0.4.114": 10, "10.0.2.151": 2, "10.0.1.235": 1, "10.0.3.34": 1, "10.0.5.6": 1, "10.0.0.11": 4, "10.0.0.6": 17, "10.0.4.10": 1, "10.0.4.85": 1, "10.0.2.217": 2, "10.0.5.10": 1, "10.0.5.2": 1, "10.0.1.16": 8, "10.0.1.89": 1, "10.0.0.119": 5, "10.0.4.231": 1, "10.0.0.24": 4, "10.0.0.8": 3, "10.0.0.33": 1}, "localIpTotalDuration": 764650.1805, "localIpDuration": {"10.0.2.252": 10781.4988, "10.0.4.222": 182606.15279999998, "10.0.2.255": 43161.9897, "10.0.3.13": 37779.6228, "10.0.2.183": 3587.7695, "10.0.1.142": 30970.074800000002, "10.0.4.227": 1799.1049, "10.0.2.16": 25118.118799999997, "10.0.2.70": 3598.4973, "10.0.2.243": 26249.5992, "10.0.4.228": 3598.9413999999997, "10.0.1.213": 10497.135699999999, "10.0.2.249": 8984.3069, "10.0.4.211": 5397.9127, "10.0.2.134": 21586.3306, "10.0.1.22": 8997.2868, "10.0.1.69": 3272.0231000000003, "10.0.0.120": 7194.8078, "10.0.4.155": 6413.0065, "10.0.0.53": 1799.0126, "10.0.1.228": 1797.4162, "10.0.2.179": 13858.3393, "10.0.0.61": 3595.5017, "10.0.4.107": 26263.203299999997, "10.0.4.57": 3872.0024999999996, "10.0.2.150": 708.0112, "10.0.3.225": 8950.2691, "10.0.3.243": 18342.8292, "10.0.2.42": 14100.9021, "10.0.4.184": 8990.3666, "10.0.4.213": 1798.8917, "10.0.0.224": 71887.41619999999, "10.0.4.243": 23380.331099999996, "10.0.2.185": 1328.0032, "10.0.4.255": 3589.8307, "10.0.5.0": 1799.998, "10.0.4.133": 1770.0025, "10.0.4.114": 17947.7377, "10.0.2.151": 3597.0717, "10.0.1.235": 1792.9551, "10.0.3.34": 1796.0023, "10.0.5.6": 1799.0897, "10.0.0.11": 7195.3256, "10.0.0.6": 28955.5282, "10.0.4.10": 1798.001, "10.0.4.85": 1788.9822, "10.0.2.217": 3591.08, "10.0.5.10": 1796.7944, "10.0.5.2": 1799.0046, "10.0.1.16": 14383.3806, "10.0.1.89": 1799.0029, "10.0.0.119": 8988.8675, "10.0.4.231": 1800.0, "10.0.0.24": 7197.5411, "10.0.0.8": 5397.538500000001, "10.0.0.33": 1799.7701}}}