{"Honkai: Star Rail": {"localIpCount": 1, "localIpFrequency": {"10.0.15.95": 4}, "localIpTotalDuration": 2569.0171, "localIpDuration": {"10.0.15.95": 2569.0171}}, "Overwatch 2": {"localIpCount": 1, "localIpFrequency": {"10.0.15.160": 1}, "localIpTotalDuration": 35.0039, "localIpDuration": {"10.0.15.160": 35.0039}}, "Minecraft": {"localIpCount": 3, "localIpFrequency": {"10.0.15.42": 2, "10.0.15.73": 1, "10.0.15.107": 1}, "localIpTotalDuration": 4473.0115000000005, "localIpDuration": {"10.0.15.42": 2008.9954, "10.0.15.73": 699.9979, "10.0.15.107": 1764.0182}}, "Roblox": {"localIpCount": 65, "localIpFrequency": {"10.0.15.35": 1, "10.0.23.0": 1, "10.0.15.21": 3, "10.0.15.37": 1, "10.0.23.3": 1, "10.0.15.29": 1, "10.0.15.41": 1, "10.0.15.42": 1, "10.0.15.43": 3, "10.0.23.6": 2, "10.0.15.45": 9, "10.0.15.47": 1, "10.0.23.10": 1, "10.0.15.48": 1, "10.0.23.13": 5, "10.0.23.15": 2, "10.0.23.19": 1, "10.0.15.64": 1, "10.0.23.21": 3, "10.0.15.60": 2, "10.0.23.16": 1, "10.0.15.66": 1, "10.0.23.31": 4, "10.0.23.32": 3, "10.0.15.81": 1, "10.0.23.33": 4, "10.0.23.40": 1, "10.0.15.86": 1, "10.0.15.87": 2, "10.0.15.99": 2, "10.0.23.53": 2, "10.0.15.102": 3, "10.0.23.55": 3, "10.0.15.110": 2, "10.0.23.44": 14, "10.0.15.112": 2, "10.0.15.114": 1, "10.0.15.104": 1, "10.0.15.120": 1, "10.0.23.63": 9, "10.0.15.122": 2, "10.0.23.65": 3, "10.0.15.125": 1, "10.0.23.68": 3, "10.0.15.128": 2, "10.0.23.64": 1, "10.0.15.133": 1, "10.0.15.136": 5, "10.0.23.74": 1, "10.0.23.76": 2, "10.0.23.77": 1, "10.0.15.141": 1, "10.0.15.143": 1, "10.0.15.144": 4, "10.0.15.150": 2, "10.0.15.152": 1, "10.0.23.89": 1, "10.0.15.155": 2, "10.0.23.95": 3, "10.0.15.156": 1, "10.0.23.97": 1, "10.0.15.130": 1, "10.0.23.98": 1, "10.0.15.165": 3, "10.0.23.85": 1}, "localIpTotalDuration": 227107.96330000012, "localIpDuration": {"10.0.15.35": 419.9931, "10.0.23.0": 1267.0001, "10.0.15.21": 3883.2503, "10.0.15.37": 181.9988, "10.0.23.3": 497.0012, "10.0.15.29": 1539.7806, "10.0.15.41": 384.9996, "10.0.15.42": 279.9993, "10.0.15.43": 2876.9898, "10.0.23.6": 2184.005, "10.0.15.45": 13355.3027, "10.0.15.47": 1799.001, "10.0.23.10": 1798.9998, "10.0.15.48": 363.3372, "10.0.23.13": 8979.7856, "10.0.23.15": 2820.9991, "10.0.23.19": 1798.997, "10.0.15.64": 1770.7141, "10.0.23.21": 3638.3781, "10.0.15.60": 3310.7758, "10.0.23.16": 1266.7871, "10.0.15.66": 195.9978, "10.0.23.31": 7111.320299999999, "10.0.23.32": 5389.3821, "10.0.15.81": 147.0015, "10.0.23.33": 7181.5512, "10.0.23.40": 1778.0038, "10.0.15.86": 1798.9955, "10.0.15.87": 3527.7462, "10.0.15.99": 3591.0009, "10.0.23.53": 3597.7781999999997, "10.0.15.102": 5389.5349, "10.0.23.55": 5361.2905, "10.0.15.110": 3597.4658, "10.0.23.44": 24925.727099999996, "10.0.15.112": 3597.4507999999996, "10.0.15.114": 1798.7239, "10.0.15.104": 769.7397, "10.0.15.120": 279.9988, "10.0.23.63": 16098.5163, "10.0.15.122": 3205.9897, "10.0.23.65": 5284.5441, "10.0.15.125": 1791.9989, "10.0.23.68": 5396.5332, "10.0.15.128": 3563.0173, "10.0.23.64": 14.0004, "10.0.15.133": 1140.7296, "10.0.15.136": 8952.0066, "10.0.23.74": 1098.9988, "10.0.23.76": 3590.7675, "10.0.23.77": 1798.7784, "10.0.15.141": 1799.0003, "10.0.15.143": 1798.6995, "10.0.15.144": 7188.303, "10.0.15.150": 3590.7870000000003, "10.0.15.152": 1343.768, "10.0.23.89": 1798.7577, "10.0.15.155": 3514.0087, "10.0.23.95": 5396.5753, "10.0.15.156": 1798.6918, "10.0.23.97": 1798.7821, "10.0.15.130": 1798.8108, "10.0.23.98": 1798.7978, "10.0.15.165": 5291.2809, "10.0.23.85": 1799.0153}}, "TFT: Teamfight Tactics": {"localIpCount": 2, "localIpFrequency": {"10.0.15.95": 3, "10.0.15.138": 1}, "localIpTotalDuration": 2870.0132000000003, "localIpDuration": {"10.0.15.95": 2835.0186000000003, "10.0.15.138": 34.9946}}, "FIFA ONLINE 4 M": {"localIpCount": 1, "localIpFrequency": {"10.0.15.157": 1}, "localIpTotalDuration": 538.9934, "localIpDuration": {"10.0.15.157": 538.9934}}, "League of Legends: Wild Rift": {"localIpCount": 12, "localIpFrequency": {"10.0.15.46": 1, "10.0.15.52": 1, "10.0.15.83": 1, "10.0.23.44": 1, "10.0.15.91": 1, "10.0.23.50": 2, "10.0.15.95": 2, "10.0.23.64": 1, "10.0.15.138": 1, "10.0.15.161": 1, "10.0.15.160": 1, "10.0.15.170": 1}, "localIpTotalDuration": 5060.9981, "localIpDuration": {"10.0.15.46": 28.002, "10.0.15.52": 147.0013, "10.0.15.83": 139.9973, "10.0.23.44": 903.0, "10.0.15.91": 1581.9971, "10.0.23.50": 217.0098, "10.0.15.95": 84.0027, "10.0.23.64": 461.9945, "10.0.15.138": 146.9928, "10.0.15.161": 1148.0025, "10.0.15.160": 182.0031, "10.0.15.170": 20.995}}}