{"Overwatch 2": {"localIpCount": 1, "localIpFrequency": {"10.0.3.175": 1}, "localIpTotalDuration": 6.9967, "localIpDuration": {"10.0.3.175": 6.9967}}, "League of Legends: Wild Rift": {"localIpCount": 23, "localIpFrequency": {"10.0.1.161": 4, "10.0.3.76": 1, "10.0.2.190": 1, "10.0.5.189": 1, "10.0.5.191": 2, "10.0.2.44": 1, "10.0.5.121": 1, "10.0.5.223": 2, "10.0.0.211": 3, "10.0.2.139": 1, "10.0.5.126": 1, "10.0.0.99": 1, "10.0.1.162": 2, "10.0.5.220": 1, "10.0.4.221": 1, "10.0.5.210": 1, "10.0.3.174": 1, "10.0.6.8": 1, "10.0.3.212": 3, "10.0.0.166": 1, "10.0.0.27": 1, "10.0.0.231": 1, "10.0.2.111": 1}, "localIpTotalDuration": 14772.918599999999, "localIpDuration": {"10.0.1.161": 3220.0290999999997, "10.0.3.76": 714.0063, "10.0.2.190": 307.9973, "10.0.5.189": 549.0069, "10.0.5.191": 909.1039000000001, "10.0.2.44": 71.9706, "10.0.5.121": 297.012, "10.0.5.223": 530.9371, "10.0.0.211": 1876.0135, "10.0.2.139": 512.2312, "10.0.5.126": 143.9849, "10.0.0.99": 0.0001, "10.0.1.162": 567.0171, "10.0.5.220": 333.1025, "10.0.4.221": 278.9856, "10.0.5.210": 1683.0017, "10.0.3.174": 139.9996, "10.0.6.8": 180.0005, "10.0.3.212": 1323.1982, "10.0.0.166": 225.3088, "10.0.0.27": 0.0001, "10.0.0.231": 0.0, "10.0.2.111": 910.0116}}, "Free Fire": {"localIpCount": 1, "localIpFrequency": {"10.0.1.112": 1}, "localIpTotalDuration": 0.0001, "localIpDuration": {"10.0.1.112": 0.0001}}, "Roblox": {"localIpCount": 89, "localIpFrequency": {"10.0.0.24": 10, "10.0.0.211": 3, "10.0.0.2": 9, "10.0.2.168": 1, "10.0.5.172": 113, "10.0.0.252": 4, "10.0.0.171": 1, "10.0.3.206": 7, "10.0.0.222": 22, "10.0.2.126": 29, "10.0.1.144": 9, "10.0.3.196": 14, "10.0.3.216": 81, "10.0.5.121": 6, "10.0.5.186": 1, "10.0.4.39": 2, "10.0.0.132": 37, "10.0.3.205": 5, "10.0.0.94": 1, "10.0.5.171": 2, "10.0.5.12": 3, "10.0.5.191": 2, "10.0.0.173": 1, "10.0.2.214": 1, "10.0.1.129": 1, "10.0.4.124": 2, "10.0.3.226": 72, "10.0.1.32": 1, "10.0.2.196": 5, "10.0.3.244": 9, "10.0.1.254": 1, "10.0.3.198": 1, "10.0.5.136": 1, "10.0.3.76": 3, "10.0.1.151": 38, "10.0.4.204": 1, "10.0.2.63": 5, "10.0.1.250": 1, "10.0.5.181": 1, "10.0.0.5": 2, "10.0.5.73": 2, "10.0.3.219": 1, "10.0.5.223": 1, "10.0.2.202": 1, "10.0.2.231": 13, "10.0.5.225": 1, "10.0.3.236": 9, "10.0.5.189": 2, "10.0.4.237": 28, "10.0.0.4": 2, "10.0.2.151": 1, "10.0.0.85": 1, "10.0.3.146": 2, "10.0.5.195": 2, "10.0.5.234": 1, "10.0.4.198": 1, "10.0.5.236": 24, "10.0.1.1": 2, "10.0.5.129": 1, "10.0.4.207": 1, "10.0.4.217": 1, "10.0.5.47": 2, "10.0.5.252": 4, "10.0.0.17": 6, "10.0.5.253": 3, "10.0.1.108": 2, "10.0.5.112": 1, "10.0.3.201": 1, "10.0.5.210": 1, "10.0.4.183": 1, "10.0.1.112": 5, "10.0.3.186": 1, "10.0.6.9": 1, "10.0.1.216": 1, "10.0.3.79": 1, "10.0.6.15": 2, "10.0.2.65": 2, "10.0.4.2": 1, "10.0.1.100": 2, "10.0.3.212": 1, "10.0.5.220": 1, "10.0.1.146": 1, "10.0.4.128": 1, "10.0.2.121": 1, "10.0.4.8": 1, "10.0.2.13": 1, "10.0.1.244": 1, "10.0.0.163": 2, "10.0.2.10": 1}, "localIpTotalDuration": 1171051.5158000009, "localIpDuration": {"10.0.0.24": 17980.6776, "10.0.0.211": 5389.2415, "10.0.0.2": 16189.1312, "10.0.2.168": 1798.7002, "10.0.5.172": 202646.11649999995, "10.0.0.252": 6320.2618999999995, "10.0.0.171": 1797.8165, "10.0.3.206": 11122.063, "10.0.0.222": 39567.538499999995, "10.0.2.126": 52160.45180000001, "10.0.1.144": 16189.0423, "10.0.3.196": 25182.5467, "10.0.3.216": 145387.2047, "10.0.5.121": 10793.270199999999, "10.0.5.186": 1797.2203, "10.0.4.39": 3597.1238000000003, "10.0.0.132": 66503.4408, "10.0.3.205": 8994.7925, "10.0.0.94": 1798.5233, "10.0.5.171": 3596.7855, "10.0.5.12": 5393.5839, "10.0.5.191": 3597.232, "10.0.0.173": 1797.5271, "10.0.2.214": 1798.7512, "10.0.1.129": 1798.7639, "10.0.4.124": 3597.049, "10.0.3.226": 129495.95259999998, "10.0.1.32": 1798.682, "10.0.2.196": 8993.1684, "10.0.3.244": 16187.5586, "10.0.1.254": 1798.7789, "10.0.3.198": 1798.7464, "10.0.5.136": 1798.9778, "10.0.3.76": 5388.9594, "10.0.1.151": 68327.07079999999, "10.0.4.204": 1798.5924, "10.0.2.63": 8984.6147, "10.0.1.250": 1798.5955, "10.0.5.181": 1798.2404, "10.0.0.5": 3597.5192, "10.0.5.73": 3596.5119999999997, "10.0.3.219": 1798.3985, "10.0.5.223": 1798.9142, "10.0.2.202": 1797.2603, "10.0.2.231": 23356.3654, "10.0.5.225": 1798.6353, "10.0.3.236": 16188.8303, "10.0.5.189": 3595.7801, "10.0.4.237": 50325.5365, "10.0.0.4": 3597.4911, "10.0.2.151": 1795.7941, "10.0.0.85": 1798.7604, "10.0.3.146": 3597.4656, "10.0.5.195": 3595.74, "10.0.5.234": 1798.2244, "10.0.4.198": 1798.5021, "10.0.5.236": 43135.93190000001, "10.0.1.1": 3597.4543999999996, "10.0.5.129": 1798.7009, "10.0.4.207": 1798.0833, "10.0.4.217": 1798.7872, "10.0.5.47": 3597.1216, "10.0.5.252": 7194.8478, "10.0.0.17": 10792.582199999999, "10.0.5.253": 5394.5013, "10.0.1.108": 3598.1093, "10.0.5.112": 1798.0953, "10.0.3.201": 1795.8138, "10.0.5.210": 1798.6104, "10.0.4.183": 1795.5162, "10.0.1.112": 8990.516599999999, "10.0.3.186": 1797.7874, "10.0.6.9": 1798.5131, "10.0.1.216": 1798.7662, "10.0.3.79": 1798.422, "10.0.6.15": 3596.3178, "10.0.2.65": 3597.5237, "10.0.4.2": 1798.7513, "10.0.1.100": 3597.5186999999996, "10.0.3.212": 1798.1969, "10.0.5.220": 1797.7802, "10.0.1.146": 1798.7635, "10.0.4.128": 1799.1956, "10.0.2.121": 1797.9979, "10.0.4.8": 1798.7628, "10.0.2.13": 1798.7381, "10.0.1.244": 1798.7551, "10.0.0.163": 3597.8088, "10.0.2.10": 1798.7212}}, "FIFA ONLINE 4 M": {"localIpCount": 5, "localIpFrequency": {"10.0.3.175": 1, "10.0.3.108": 24, "10.0.3.167": 1, "10.0.0.8": 1, "10.0.1.38": 1}, "localIpTotalDuration": 23710.1192, "localIpDuration": {"10.0.3.175": 35.0061, "10.0.3.108": 21323.077400000002, "10.0.3.167": 420.0096, "10.0.0.8": 147.0311, "10.0.1.38": 1784.995}}, "Goddess of Victory: Nikke": {"localIpCount": 1, "localIpFrequency": {"10.0.3.250": 1}, "localIpTotalDuration": 175.0014, "localIpDuration": {"10.0.3.250": 175.0014}}, "Brawl Stars": {"localIpCount": 1, "localIpFrequency": {"10.0.4.205": 1}, "localIpTotalDuration": 377.946, "localIpDuration": {"10.0.4.205": 377.946}}, "Minecraft": {"localIpCount": 7, "localIpFrequency": {"10.0.3.206": 1, "10.0.3.244": 6, "10.0.3.247": 1, "10.0.5.73": 36, "10.0.5.158": 1, "10.0.1.162": 1, "10.0.2.243": 1}, "localIpTotalDuration": 48115.770699999994, "localIpDuration": {"10.0.3.206": 7.0033, "10.0.3.244": 7155.2372, "10.0.3.247": 206.9187, "10.0.5.73": 39953.6838, "10.0.5.158": 179.919, "10.0.1.162": 27.9996, "10.0.2.243": 585.0091}}, "TFT: Teamfight Tactics": {"localIpCount": 8, "localIpFrequency": {"10.0.1.161": 3, "10.0.5.190": 1, "10.0.3.181": 1, "10.0.2.44": 3, "10.0.2.248": 2, "10.0.3.235": 1, "10.0.2.139": 1, "10.0.5.220": 1}, "localIpTotalDuration": 8498.3342, "localIpDuration": {"10.0.1.161": 2954.0272, "10.0.5.190": 216.4761, "10.0.3.181": 203.0101, "10.0.2.44": 2473.098, "10.0.2.248": 496.9953, "10.0.3.235": 175.002, "10.0.2.139": 1385.6284, "10.0.5.220": 594.0971}}, "UNO": {"localIpCount": 1, "localIpFrequency": {"10.0.3.210": 1}, "localIpTotalDuration": 5.9654, "localIpDuration": {"10.0.3.210": 5.9654}}}