{"Cookie Run: Kingdom": {"localIpCount": 1, "localIpFrequency": {"10.0.1.114": 1}, "localIpTotalDuration": 1414.0006, "localIpDuration": {"10.0.1.114": 1414.0006}}, "Genshin Impact": {"localIpCount": 2, "localIpFrequency": {"10.0.1.42": 1, "10.0.0.140": 1}, "localIpTotalDuration": 1764.0034, "localIpDuration": {"10.0.1.42": 6.9969, "10.0.0.140": 1757.0065}}, "Roblox (Game)": {"localIpCount": 86, "localIpFrequency": {"10.0.0.114": 19, "10.0.1.18": 5, "10.0.0.172": 5, "10.0.1.21": 3, "10.0.0.128": 1, "10.0.0.84": 5, "10.0.1.15": 2, "10.0.0.252": 8, "10.0.0.81": 1, "10.0.1.23": 4, "10.0.1.27": 2, "10.0.1.28": 1, "10.0.0.132": 62, "10.0.0.31": 2, "10.0.0.201": 3, "10.0.0.92": 4, "10.0.0.245": 1, "10.0.1.37": 3, "10.0.0.143": 1, "10.0.0.120": 2, "10.0.1.41": 1, "10.0.1.22": 3, "10.0.0.73": 29, "10.0.0.228": 3, "10.0.0.90": 1, "10.0.1.43": 1, "10.0.0.226": 1, "10.0.1.46": 1, "10.0.0.129": 3, "10.0.0.214": 3, "10.0.0.246": 1, "10.0.0.142": 9, "10.0.1.48": 2, "10.0.0.53": 2, "10.0.0.5": 6, "10.0.0.238": 1, "10.0.0.102": 10, "10.0.0.42": 5, "10.0.1.50": 1, "10.0.0.66": 1, "10.0.1.52": 4, "10.0.1.34": 16, "10.0.0.146": 5, "10.0.0.119": 3, "10.0.1.59": 6, "10.0.1.60": 1, "10.0.1.63": 2, "10.0.1.3": 10, "10.0.0.106": 2, "10.0.0.156": 11, "10.0.0.233": 8, "10.0.1.68": 2, "10.0.0.107": 1, "10.0.0.218": 1, "10.0.1.74": 1, "10.0.0.154": 1, "10.0.1.75": 9, "10.0.1.77": 1, "10.0.1.70": 1, "10.0.1.79": 1, "10.0.0.159": 16, "10.0.0.124": 1, "10.0.0.37": 1, "10.0.0.4": 3, "10.0.0.237": 13, "10.0.0.89": 3, "10.0.1.38": 1, "10.0.0.170": 3, "10.0.0.99": 1, "10.0.0.150": 7, "10.0.1.101": 1, "10.0.0.251": 1, "10.0.1.91": 3, "10.0.0.14": 1, "10.0.1.111": 2, "10.0.0.20": 2, "10.0.0.97": 2, "10.0.1.110": 2, "10.0.1.116": 3, "10.0.0.123": 1, "10.0.0.181": 2, "10.0.0.183": 1, "10.0.0.109": 2, "10.0.1.114": 3, "10.0.1.121": 2, "10.0.0.187": 1}, "localIpTotalDuration": 527024.6762000001, "localIpDuration": {"10.0.0.114": 14692.726899999998, "10.0.1.18": 6411.9901, "10.0.0.172": 5950.0418, "10.0.1.21": 2743.9969, "10.0.0.128": 615.9954, "10.0.0.84": 7175.031800000001, "10.0.1.15": 2618.0054, "10.0.0.252": 13025.017, "10.0.0.81": 1070.9962, "10.0.1.23": 7038.9122, "10.0.1.27": 3541.9964, "10.0.1.28": 1791.9915, "10.0.0.132": 81346.0702, "10.0.0.31": 3520.7700999999997, "10.0.0.201": 5162.716899999999, "10.0.0.92": 6992.585300000001, "10.0.0.245": 1795.5991, "10.0.1.37": 3702.999, "10.0.0.143": 1799.0105, "10.0.0.120": 3548.8031, "10.0.1.41": 1195.1841, "10.0.1.22": 3150.0254, "10.0.0.73": 45758.711599999995, "10.0.0.228": 5292.0137, "10.0.0.90": 1792.0033, "10.0.1.43": 1785.0145, "10.0.0.226": 1769.3771, "10.0.1.46": 1799.0202, "10.0.0.129": 5081.5778, "10.0.0.214": 5170.597, "10.0.0.246": 1798.0668, "10.0.0.142": 15258.6824, "10.0.1.48": 1806.0091000000002, "10.0.0.53": 1365.0150999999998, "10.0.0.5": 6243.442999999999, "10.0.0.238": 1036.0004, "10.0.0.102": 8736.1359, "10.0.0.42": 6545.0023, "10.0.1.50": 1786.2994, "10.0.0.66": 1777.7793, "10.0.1.52": 5796.011, "10.0.1.34": 24150.284499999998, "10.0.0.146": 5522.817, "10.0.0.119": 2800.0227999999997, "10.0.1.59": 9939.9946, "10.0.1.60": 1469.9998, "10.0.1.63": 1988.0049000000001, "10.0.1.3": 13607.974400000003, "10.0.0.106": 3486.0041, "10.0.0.156": 15918.012000000002, "10.0.0.233": 11053.0105, "10.0.1.68": 3507.0083, "10.0.0.107": 1694.0009, "10.0.0.218": 658.0026, "10.0.1.74": 1351.0053, "10.0.0.154": 1084.9924, "10.0.1.75": 12491.7944, "10.0.1.77": 830.1098, "10.0.1.70": 1491.0144, "10.0.1.79": 979.9907, "10.0.0.159": 23750.6346, "10.0.0.124": 1743.0088, "10.0.0.37": 1799.0032, "10.0.0.4": 3297.0114000000003, "10.0.0.237": 15769.6484, "10.0.0.89": 4927.802, "10.0.1.38": 861.0155, "10.0.0.170": 4185.7765, "10.0.0.99": 1008.0057, "10.0.0.150": 10304.0209, "10.0.1.101": 1722.0105, "10.0.0.251": 399.0017, "10.0.1.91": 5298.0943, "10.0.0.14": 1666.0067, "10.0.1.111": 1827.0003000000002, "10.0.0.20": 3577.0098, "10.0.0.97": 3437.0135, "10.0.1.110": 3338.1829, "10.0.1.116": 4837.0168, "10.0.0.123": 1686.9961, "10.0.0.181": 3549.0441, "10.0.0.183": 678.7781, "10.0.0.109": 3381.0037, "10.0.1.114": 5213.6261, "10.0.1.121": 3472.0013, "10.0.0.187": 1784.6947}}, "Free Fire": {"localIpCount": 1, "localIpFrequency": {"10.0.0.85": 1}, "localIpTotalDuration": 0.0, "localIpDuration": {"10.0.0.85": 0.0}}, "World of Tanks": {"localIpCount": 1, "localIpFrequency": {"10.0.0.73": 12}, "localIpTotalDuration": 19732.796700000003, "localIpDuration": {"10.0.0.73": 19732.796700000003}}, "League of Legends: Wild Rift": {"localIpCount": 33, "localIpFrequency": {"10.0.0.172": 3, "10.0.0.128": 1, "10.0.1.18": 2, "10.0.1.23": 10, "10.0.1.25": 5, "10.0.1.43": 1, "10.0.0.120": 1, "10.0.0.25": 1, "10.0.0.151": 1, "10.0.0.36": 1, "10.0.1.69": 1, "10.0.0.158": 1, "10.0.1.59": 1, "10.0.0.99": 1, "10.0.1.77": 1, "10.0.0.90": 1, "10.0.0.159": 11, "10.0.0.233": 1, "10.0.1.87": 4, "10.0.0.156": 1, "10.0.1.92": 1, "10.0.0.218": 1, "10.0.1.93": 1, "10.0.1.99": 1, "10.0.0.173": 1, "10.0.1.102": 2, "10.0.0.175": 2, "10.0.1.103": 1, "10.0.1.107": 1, "10.0.1.108": 1, "10.0.0.97": 1, "10.0.1.122": 1, "10.0.1.121": 3}, "localIpTotalDuration": 68660.64749999998, "localIpDuration": {"10.0.0.172": 4743.7330999999995, "10.0.0.128": 1729.0033, "10.0.1.18": 3317.1748, "10.0.1.23": 16204.8003, "10.0.1.25": 8886.9858, "10.0.1.43": 210.0004, "10.0.0.120": 573.9987, "10.0.0.25": 874.9981, "10.0.0.151": 63.003, "10.0.0.36": 490.0086, "10.0.1.69": 559.9998, "10.0.0.158": 147.0007, "10.0.1.59": 14.0093, "10.0.0.99": 209.9999, "10.0.1.77": 1162.0034, "10.0.0.90": 392.0058, "10.0.0.159": 13901.841699999999, "10.0.0.233": 0.0033, "10.0.1.87": 5331.9123, "10.0.0.156": 195.9801, "10.0.1.92": 489.9916, "10.0.0.218": 504.0009, "10.0.1.93": 217.0126, "10.0.1.99": 154.0204, "10.0.0.173": 69.8061, "10.0.1.102": 3135.2461000000003, "10.0.0.175": 1350.9935, "10.0.1.103": 370.9981, "10.0.1.107": 175.1036, "10.0.1.108": 1245.9844, "10.0.0.97": 63.0089, "10.0.1.122": 350.0097, "10.0.1.121": 1526.0092}}, "Minecraft": {"localIpCount": 1, "localIpFrequency": {"10.0.1.114": 11}, "localIpTotalDuration": 16988.1547, "localIpDuration": {"10.0.1.114": 16988.1547}}, "FIFA ONLINE 4 M": {"localIpCount": 5, "localIpFrequency": {"10.0.1.55": 1, "10.0.0.114": 1, "10.0.1.74": 1, "10.0.0.246": 1, "10.0.0.5": 4}, "localIpTotalDuration": 2603.9903999999997, "localIpDuration": {"10.0.1.55": 217.002, "10.0.0.114": 7.0023, "10.0.1.74": 217.0015, "10.0.0.246": 76.9816, "10.0.0.5": 2086.0029999999997}}, "Roblox": {"localIpCount": 81, "localIpFrequency": {"10.0.0.172": 5, "10.0.0.114": 25, "10.0.0.246": 5, "10.0.0.128": 1, "10.0.1.18": 4, "10.0.0.84": 7, "10.0.1.15": 2, "10.0.0.252": 10, "10.0.0.81": 1, "10.0.1.23": 2, "10.0.0.129": 5, "10.0.0.33": 2, "10.0.0.36": 1, "10.0.0.31": 2, "10.0.0.122": 1, "10.0.0.245": 1, "10.0.0.73": 29, "10.0.1.38": 2, "10.0.0.201": 2, "10.0.0.120": 1, "10.0.1.40": 1, "10.0.0.141": 2, "10.0.1.34": 19, "10.0.0.66": 3, "10.0.0.228": 4, "10.0.0.233": 6, "10.0.0.90": 2, "10.0.0.214": 6, "10.0.0.97": 2, "10.0.0.142": 9, "10.0.1.48": 5, "10.0.0.92": 2, "10.0.0.53": 2, "10.0.0.5": 13, "10.0.0.102": 24, "10.0.0.132": 95, "10.0.0.42": 4, "10.0.1.50": 1, "10.0.1.52": 4, "10.0.0.150": 25, "10.0.0.146": 3, "10.0.1.37": 3, "10.0.0.89": 3, "10.0.1.59": 7, "10.0.1.60": 2, "10.0.0.218": 3, "10.0.1.63": 5, "10.0.0.85": 1, "10.0.0.156": 6, "10.0.1.68": 2, "10.0.1.70": 2, "10.0.1.74": 2, "10.0.0.154": 1, "10.0.1.75": 15, "10.0.0.106": 2, "10.0.1.78": 1, "10.0.1.79": 1, "10.0.0.159": 14, "10.0.0.119": 2, "10.0.1.1": 2, "10.0.1.22": 1, "10.0.0.149": 1, "10.0.0.80": 1, "10.0.0.134": 1, "10.0.0.237": 25, "10.0.1.91": 4, "10.0.1.3": 11, "10.0.0.170": 1, "10.0.0.99": 1, "10.0.1.103": 1, "10.0.0.34": 1, "10.0.0.14": 1, "10.0.0.124": 7, "10.0.1.111": 2, "10.0.0.20": 2, "10.0.1.114": 5, "10.0.0.123": 3, "10.0.0.181": 1, "10.0.0.109": 1, "10.0.1.121": 2, "10.0.0.187": 2}, "localIpTotalDuration": 827164.0956, "localIpDuration": {"10.0.0.172": 8613.788199999999, "10.0.0.114": 38089.7442, "10.0.0.246": 6812.9705,