{"Roblox": {"localIpCount": 38, "localIpFrequency": {"10.0.0.212": 5, "10.0.0.98": 15, "10.0.0.203": 2, "10.0.0.223": 1, "10.0.0.23": 9, "10.0.0.35": 21, "10.0.0.209": 1, "10.0.0.216": 1, "10.0.0.93": 2, "10.0.0.71": 6, "10.0.0.166": 5, "10.0.0.214": 5, "10.0.0.231": 8, "10.0.0.130": 7, "10.0.0.6": 1, "10.0.0.218": 1, "10.0.0.244": 1, "10.0.0.220": 3, "10.0.0.245": 2, "10.0.0.179": 1, "10.0.0.146": 3, "10.0.0.225": 1, "10.0.0.190": 2, "10.0.0.82": 1, "10.0.0.83": 7, "10.0.0.77": 27, "10.0.0.70": 4, "10.0.0.95": 1, "10.0.0.248": 8, "10.0.0.28": 7, "10.0.0.193": 2, "10.0.0.163": 1, "10.0.0.241": 1, "10.0.0.242": 11, "10.0.0.34": 1, "10.0.0.24": 2, "10.0.0.138": 1, "10.0.1.0": 1}, "localIpTotalDuration": 317003.65830000007, "localIpDuration": {"10.0.0.212": 8994.1809, "10.0.0.98": 24891.4147, "10.0.0.203": 3588.3439, "10.0.0.223": 1798.7667, "10.0.0.23": 16186.851099999998, "10.0.0.35": 36759.4637, "10.0.0.209": 1798.5827, "10.0.0.216": 1798.7527, "10.0.0.93": 3596.9809, "10.0.0.71": 10796.742100000001, "10.0.0.166": 8986.2104, "10.0.0.214": 8995.4752, "10.0.0.231": 14391.443700000002, "10.0.0.130": 12589.2601, "10.0.0.6": 1798.6575, "10.0.0.218": 1798.6106, "10.0.0.244": 1798.7818, "10.0.0.220": 5396.619299999999, "10.0.0.245": 3597.4952000000003, "10.0.0.179": 1788.7198, "10.0.0.146": 5396.5143, "10.0.0.225": 1799.1033, "10.0.0.190": 3597.7622, "10.0.0.82": 1799.1263, "10.0.0.83": 12582.3794, "10.0.0.77": 48559.50809999999, "10.0.0.70": 7195.1320000000005, "10.0.0.95": 1799.0898, "10.0.0.248": 14383.053600000001, "10.0.0.28": 12591.376199999999, "10.0.0.193": 3597.4871, "10.0.0.163": 1798.7794, "10.0.0.241": 1799.9995, "10.0.0.242": 19759.174600000002, "10.0.0.34": 1798.7556, "10.0.0.24": 3596.8714, "10.0.0.138": 1798.9874, "10.0.1.0": 1799.2051}}, "Honkai: Star Rail": {"localIpCount": 1, "localIpFrequency": {"10.0.0.205": 1}, "localIpTotalDuration": 10.0019, "localIpDuration": {"10.0.0.205": 10.0019}}, "League of Legends: Wild Rift": {"localIpCount": 3, "localIpFrequency": {"10.0.0.226": 1, "10.0.0.238": 1, "10.0.0.38": 1}, "localIpTotalDuration": 674.0213, "localIpDuration": {"10.0.0.226": 369.9949, "10.0.0.238": 9.9979, "10.0.0.38": 294.0285}}, "TFT: Teamfight Tactics": {"localIpCount": 2, "localIpFrequency": {"10.0.0.11": 1, "10.0.0.239": 1}, "localIpTotalDuration": 150.0026, "localIpDuration": {"10.0.0.11": 139.9977, "10.0.0.239": 10.0049}}, "Minecraft": {"localIpCount": 1, "localIpFrequency": {"10.0.0.211": 1}, "localIpTotalDuration": 91.0034, "localIpDuration": {"10.0.0.211": 91.0034}}}