{"League of Legends: Wild Rift": {"localIpCount": 14, "localIpFrequency": {"10.0.0.70": 2, "10.0.0.42": 1, "10.0.6.166": 2, "10.0.0.81": 1, "10.0.6.86": 1, "10.0.4.115": 1, "10.0.0.104": 8, "10.0.0.77": 2, "10.0.0.125": 1, "10.0.0.46": 2, "10.0.0.141": 1, "10.0.0.211": 1, "10.0.0.31": 1, "10.0.0.234": 1}, "localIpTotalDuration": 13455.0657, "localIpDuration": {"10.0.0.70": 14.0044, "10.0.0.42": 734.9992, "10.0.6.166": 233.9966, "10.0.0.81": 1773.0091, "10.0.6.86": 1080.1046, "10.0.4.115": 0.0001, "10.0.0.104": 4819.9541, "10.0.0.77": 1778.0003, "10.0.0.125": 389.9986, "10.0.0.46": 476.0026, "10.0.0.141": 1770.0016, "10.0.0.211": 76.992, "10.0.0.31": 0.0001, "10.0.0.234": 308.0024}}, "Minecraft": {"localIpCount": 7, "localIpFrequency": {"10.0.0.200": 1, "10.0.0.206": 1, "10.0.0.131": 1, "10.0.0.144": 1, "10.0.0.213": 1, "10.0.0.230": 1, "10.0.0.238": 1}, "localIpTotalDuration": 2620.9827999999998, "localIpDuration": {"10.0.0.200": 510.9976, "10.0.0.206": 76.9893, "10.0.0.131": 299.9967, "10.0.0.144": 130.0004, "10.0.0.213": 1210.9998, "10.0.0.230": 167.9993, "10.0.0.238": 223.9997}}, "Genshin Impact": {"localIpCount": 1, "localIpFrequency": {"10.0.0.7": 3}, "localIpTotalDuration": 3400.0022, "localIpDuration": {"10.0.0.7": 3400.0022}}, "TFT: Teamfight Tactics": {"localIpCount": 7, "localIpFrequency": {"10.0.6.166": 4, "10.0.0.81": 3, "10.0.0.29": 1, "10.0.0.70": 2, "10.0.0.163": 1, "10.0.0.31": 1, "10.0.0.228": 1}, "localIpTotalDuration": 8218.931, "localIpDuration": {"10.0.6.166": 4292.9981, "10.0.0.81": 1763.9899, "10.0.0.29": 129.9888, "10.0.0.70": 1836.9980999999998, "10.0.0.163": 19.948, "10.0.0.31": 0.0001, "10.0.0.228": 175.008}}, "Overwatch 2": {"localIpCount": 3, "localIpFrequency": {"10.0.0.115": 1, "10.0.0.197": 2, "10.0.0.129": 2}, "localIpTotalDuration": 3310.0371000000005, "localIpDuration": {"10.0.0.115": 679.0297, "10.0.0.197": 2401.0021, "10.0.0.129": 230.0053}}, "Odin: Valhalla Rising": {"localIpCount": 1, "localIpFrequency": {"10.0.0.196": 1}, "localIpTotalDuration": 0.0, "localIpDuration": {"10.0.0.196": 0.0}}, "FIFA ONLINE 4 M": {"localIpCount": 5, "localIpFrequency": {"10.0.6.163": 1, "10.0.0.174": 1, "10.0.0.79": 1, "10.0.6.86": 1, "10.0.0.68": 1}, "localIpTotalDuration": 871.9221, "localIpDuration": {"10.0.6.163": 17.9155, "10.0.0.174": 188.9961, "10.0.0.79": 210.0015, "10.0.6.86": 135.0087, "10.0.0.68": 320.0003}}, "Roblox": {"localIpCount": 107, "localIpFrequency": {"10.0.0.77": 87, "10.0.0.7": 15, "10.0.6.132": 1, "10.0.6.122": 14, "10.0.0.40": 11, "10.0.0.35": 97, "10.0.1.126": 2, "10.0.0.138": 8, "10.0.0.149": 2, "10.0.6.143": 1, "10.0.6.129": 1, "10.0.0.153": 3, "10.0.5.12": 1, "10.0.0.145": 2, "10.0.5.47": 8, "10.0.6.15": 2, "10.0.0.189": 1, "10.0.0.156": 4, "10.0.2.196": 5, "10.0.0.6": 11, "10.0.0.70": 8, "10.0.6.111": 3, "10.0.4.15": 1, "10.0.6.152": 1, "10.0.0.164": 1, "10.0.0.130": 8, "10.0.1.130": 1, "10.0.6.157": 1, "10.0.6.160": 1, "10.0.6.61": 3, "10.0.6.165": 2, "10.0.5.68": 1, "10.0.0.46": 2, "10.0.4.115": 4, "10.0.6.13": 1, "10.0.4.226": 1, "10.0.3.252": 1, "10.0.2.81": 2, "10.0.0.176": 6, "10.0.0.3": 4, "10.0.0.14": 2, "10.0.0.19": 22, "10.0.0.23": 5, "10.0.0.24": 4, "10.0.0.29": 9, "10.0.0.16": 3, "10.0.0.37": 1, "10.0.0.28": 14, "10.0.0.41": 1, "10.0.0.180": 1, "10.0.0.44": 2, "10.0.0.45": 3, "10.0.0.181": 1, "10.0.0.47": 2, "10.0.0.50": 1, "10.0.0.8": 21, "10.0.0.183": 1, "10.0.0.55": 15, "10.0.0.2": 2, "10.0.0.60": 2, "10.0.0.184": 1, "10.0.0.71": 3, "10.0.0.74": 1, "10.0.0.187": 11, "10.0.0.75": 1, "10.0.0.78": 1, "10.0.0.82": 1, "10.0.0.86": 4, "10.0.0.83": 1, "10.0.0.85": 1, "10.0.0.93": 3, "10.0.0.84": 1, "10.0.0.95": 2, "10.0.0.101": 1, "10.0.0.102": 4, "10.0.0.106": 4, "10.0.0.108": 1, "10.0.0.80": 3, "10.0.0.34": 3, "10.0.0.104": 1, "10.0.0.12": 2, "10.0.0.114": 6, "10.0.0.190": 15, "10.0.0.115": 1, "10.0.0.118": 1, "10.0.0.132": 1, "10.0.0.134": 1, "10.0.0.136": 1, "10.0.0.10": 3, "10.0.0.87": 1, "10.0.0.211": 1, "10.0.0.212": 5, "10.0.0.157": 1, "10.0.0.216": 2, "10.0.0.162": 1, "10.0.0.222": 1, "10.0.0.97": 1, "10.0.0.166": 2, "10.0.0.116": 1, "10.0.0.227": 1, "10.0.0.98": 2, "10.0.0.229": 1, "10.0.0.231": 3, "10.0.0.186": 1, "10.0.0.235": 2, "10.0.0.198": 1, "10.0.0.200": 1}, "localIpTotalDuration": 940552.8085999998, "localIpDuration": {"10.0.0.77": 154156.70270000005, "10.0.0.7": 26808.453700000002, "10.0.6.132": 1797.1233, "10.0.6.122": 22791.790500000006, "10.0.0.40": 19786.652599999998, "10.0.0.35": 172464.09500000003, "10.0.1.126": 1989.0043, "10.0.0.138": 14391.419200000002, "10.0.0.149": 1987.5311, "10.0.6.143": 1798.0182, "10.0.6.129": 1798.5865, "10.0.0.153": 5396.2301, "10.0.5.12": 1798.4888, "10.0.0.145": 3597.5378, "10.0.5.47": 14123.584299999999, "10.0.6.15": 3597.057, "10.0.0.189": 1797.1004, "10.0.0.156": 7195.033100000001, "10.0.2.196": 8561.812899999999, "10.0.0.6": 18367.452, "10.0.0.70": 14285.3596, "10.0.6.111": 5394.3331, "10.0.4.15": 1798.6846, "10.0.6.152": 1798.3751, "10.0.0.164": 1798.7799, "10.0.0.130": 14376.3727, "10.0.1.130": 1798.2, "10.0.6.157": 1798.3261, "10.0.6.160": 1790.0868, "10.0.6.61": 5396.5075, "10.0.6.165": 2247.4984, "10.0.5.68": 297.0023, "10.0.0.46": 3590.7727, "10.0.4.115": 7197.6321, "10.0.6.13": 1798.9247, "10.0.4.226": 1798.6311, "10.0.3.252": 1798.6111, "10.0.2.81": 3597.9948, "10.0.0.176": 10792.567299999999, "10.0.0.3": 6767.4715, "10.0.0.14": 3599.0975, "10.0.0.19": 36662.5351, "10.0.0.23": 8990.6942, "10.0.0.24": 7194.6757, "10.0.0.29": 15751.687500000002, "10.0.0.16": 3301.7478, "10.0.0.37": 1790.0021, "10.0.0.28": 20329.3277, "10.0.0.41": 1799.178, "10.0.0.180": 391.9995, "10.0.0.44": 3589.1608, "10.0.0.45": 3549.1682, "10.0.0.181": 433.9984, "10.0.0.47": 3598.3115, "10.0.0.50": 1798.7899, "10.0.0.8": 36381.6744, "10.0.0.183": 1792.0305, "10.0.0.55": 25697.547799999997, "10.0.0.2": 3597.6273, "10.0.0.60": 3588.4431999999997, "10.0.0.184": 140.0001, "10.0.0.71": 5397.9519, "10.0.0.74": 1798.6024, "10.0.0.187": 19401.7864, "10.0.0.75": 1799.1566, "10.0.0.78": 1799.1735, "10.0.0.82": 1798.5117, "10.0.0.86": 7194.8953, "10.0.0.83": 1797.6942, "10.0.0.85": 1799.9998, "10.0.0.93": 5397.2585, "10.0.0.84": 1798.7184, "10.0.0.95": 3597.9025, "10.0.0.101": 1798.4102, "10.0.0.102": 7195.1921999999995, "10.0.0.106": 6446.5105, "10.0.0.108": 230.0002, "10.0.0.80": 5018.6432, "10.0.0.34": 5396.2718, "10.0.0.104": 1660.0018, "10.0.0.12": 3598.7739, "10.0.0.114": 10775.0037, "10.0.0.190": 26974.6779, "10.0.0.115": 1799.2897, "10.0.0.118": 1798.7193, "10.0.0.132": 1209.9996, "10.0.0.134": 210.003, "10.0.0.136": 1800.0, "10.0.0.10": 5397.62, "10.0.0.87": 1788.7227, "10.0.0.211": 1798.7919, "10.0.0.212": 8994.0669, "10.0.0.157": 1799.2982, "10.0.0.216": 3597.6088, "10.0.0.162": 150.0008, "10.0.0.222": 594.9965, "10.0.0.97": 1669.9995, "10.0.0.166": 3597.1684, "10.0.0.116": 1798.7572, "10.0.0.227": 1798.7611, "10.0.0.98": 3597.4013, "10.0.0.229": 1798.7659, "10.0.0.231": 5389.292100000001, "10.0.0.186": 1796.2942, "10.0.0.235": 3590.7612, "10.0.0.198": 1798.7696, "10.0.0.200": 1799.082}}}