{"Odin: Valhalla Rising": {"localIpCount": 1, "localIpFrequency": {"10.0.0.5": 1}, "localIpTotalDuration": 41.9996, "localIpDuration": {"10.0.0.5": 41.9996}}, "Roblox": {"localIpCount": 77, "localIpFrequency": {"10.0.0.4": 16, "10.0.0.205": 1, "10.0.0.206": 11, "10.0.0.74": 1, "10.0.0.207": 2, "10.0.0.31": 2, "10.0.0.43": 2, "10.0.0.21": 1, "10.0.0.208": 2, "10.0.0.62": 6, "10.0.0.33": 13, "10.0.0.77": 5, "10.0.0.73": 4, "10.0.0.181": 15, "10.0.0.79": 1, "10.0.0.209": 12, "10.0.0.24": 1, "10.0.0.214": 5, "10.0.0.5": 8, "10.0.0.152": 1, "10.0.0.72": 4, "10.0.0.55": 7, "10.0.0.53": 4, "10.0.0.219": 21, "10.0.0.102": 30, "10.0.0.38": 2, "10.0.0.2": 4, "10.0.0.36": 3, "10.0.0.84": 5, "10.0.0.85": 22, "10.0.0.20": 4, "10.0.0.228": 16, "10.0.0.78": 1, "10.0.0.119": 4, "10.0.0.218": 3, "10.0.0.226": 5, "10.0.0.229": 1, "10.0.0.114": 42, "10.0.0.87": 2, "10.0.0.88": 1, "10.0.0.235": 14, "10.0.0.81": 1, "10.0.0.237": 7, "10.0.0.92": 9, "10.0.0.169": 5, "10.0.0.238": 8, "10.0.0.242": 1, "10.0.0.89": 12, "10.0.0.245": 6, "10.0.0.44": 1, "10.0.0.233": 19, "10.0.0.172": 6, "10.0.0.142": 2, "10.0.0.19": 1, "10.0.0.104": 1, "10.0.0.105": 7, "10.0.1.0": 3, "10.0.1.1": 1, "10.0.0.97": 6, "10.0.0.246": 23, "10.0.0.40": 1, "10.0.0.63": 1, "10.0.1.3": 2, "10.0.1.5": 1, "10.0.0.254": 1, "10.0.0.118": 1, "10.0.0.143": 2, "10.0.0.191": 2, "10.0.0.201": 1, "10.0.0.122": 2, "10.0.1.15": 1, "10.0.0.124": 1, "10.0.0.109": 3, "10.0.1.14": 1, "10.0.1.16": 1, "10.0.0.29": 1, "10.0.0.82": 2}, "localIpTotalDuration": 750076.6222000001, "localIpDuration": {"10.0.0.4": 26246.8031, "10.0.0.205": 315.0071, "10.0.0.206": 17406.6553, "10.0.0.74": 175.0003, "10.0.0.207": 1742.9985, "10.0.0.31": 2890.5509, "10.0.0.43": 3500.0042000000003, "10.0.0.21": 1797.6956, "10.0.0.208": 3583.2536, "10.0.0.62": 10793.3481, "10.0.0.33": 20612.530200000005, "10.0.0.77": 8196.1219, "10.0.0.73": 5710.957899999999, "10.0.0.181": 26813.166999999998, "10.0.0.79": 1771.0004, "10.0.0.209": 21557.906199999998, "10.0.0.24": 1245.9999, "10.0.0.214": 8988.688400000001, "10.0.0.5": 10765.805599999998, "10.0.0.152": 1797.7567, "10.0.0.72": 3764.7879999999996, "10.0.0.55": 5893.3372, "10.0.0.53": 7048.239799999999, "10.0.0.219": 36844.8424, "10.0.0.102": 50231.475099999996, "10.0.0.38": 3469.9671, "10.0.0.2": 6453.794800000001, "10.0.0.36": 5394.5247, "10.0.0.84": 8412.1667, "10.0.0.85": 36304.601299999995, "10.0.0.20": 7192.522099999999, "10.0.0.228": 28764.992200000004, "10.0.0.78": 1797.6745, "10.0.0.119": 6415.634800000001, "10.0.0.218": 1792.0012000000002, "10.0.0.226": 8845.3906, "10.0.0.229": 1783.0629, "10.0.0.114": 75358.34999999998, "10.0.0.87": 3584.0051000000003, "10.0.0.88": 1798.7902, "10.0.0.235": 25147.115, "10.0.0.81": 1798.4863, "10.0.0.237": 12584.1858, "10.0.0.92": 14391.149200000002, "10.0.0.169": 8989.7651, "10.0.0.238": 14378.333400000001, "10.0.0.242": 1799.9994, "10.0.0.89": 20206.085399999996, "10.0.0.245": 10772.961500000001, "10.0.0.44": 1791.7715, "10.0.0.233": 34152.2028, "10.0.0.172": 10758.333799999999, "10.0.0.142": 2175.1858, "10.0.0.19": 1798.9999, "10.0.0.104": 699.9991, "10.0.0.105": 12583.2763, "10.0.1.0": 4569.6876, "10.0.1.1": 1792.0035, "10.0.0.97": 9987.211, "10.0.0.246": 39941.4543, "10.0.0.40": 1798.9998, "10.0.0.63": 1798.7627, "10.0.1.3": 3457.0771999999997, "10.0.1.5": 1797.8956, "10.0.0.254": 1797.5868, "10.0.0.118": 1491.001, "10.0.0.143": 3583.1661, "10.0.0.191": 3595.8638, "10.0.0.201": 1799.0022, "10.0.0.122": 3597.5489, "10.0.1.15": 1798.1652, "10.0.0.124": 1799.0009, "10.0.0.109": 5394.0445, "10.0.1.14": 1798.1851, "10.0.1.16": 1795.5918, "10.0.0.29": 1798.7823, "10.0.0.82": 3596.33}}, "Roblox (Game)": {"localIpCount": 73, "localIpFrequency": {"10.0.0.73": 4, "10.0.0.4": 12, "10.0.0.205": 1, "10.0.0.206": 11, "10.0.0.207": 1, "10.0.0.31": 2, "10.0.0.152": 1, "10.0.0.208": 2, "10.0.0.62": 4, "10.0.0.77": 7, "10.0.0.209": 12, "10.0.0.33": 10, "10.0.0.164": 1, "10.0.0.181": 15, "10.0.0.79": 1, "10.0.0.216": 1, "10.0.0.5": 4, "10.0.0.217": 1, "10.0.0.53": 2, "10.0.0.165": 1, "10.0.0.102": 19, "10.0.0.72": 1, "10.0.0.38": 2, "10.0.0.2": 7, "10.0.0.36": 1, "10.0.0.84": 2, "10.0.0.20": 5, "10.0.0.85": 11, "10.0.0.228": 17, "10.0.0.78": 1, "10.0.0.119": 3, "10.0.0.229": 2, "10.0.0.114": 16, "10.0.0.226": 1, "10.0.0.232": 1, "10.0.0.87": 1, "10.0.0.81": 1, "10.0.0.214": 4, "10.0.0.89": 14, "10.0.0.92": 19, "10.0.0.237": 5, "10.0.0.238": 3, "10.0.0.169": 3, "10.0.0.241": 1, "10.0.0.245": 4, "10.0.0.143": 4, "10.0.0.37": 1, "10.0.0.172": 9, "10.0.0.142": 2, "10.0.0.104": 1, "10.0.0.251": 1, "10.0.0.97": 10, "10.0.0.105": 7, "10.0.0.122": 2, "10.0.0.252": 3, "10.0.0.254": 2, "10.0.1.0": 3, "10.0.0.246": 9, "10.0.0.233": 11, "10.0.1.3": 3, "10.0.0.171": 1, "10.0.0.116": 1, "10.0.0.118": 1, "10.0.0.120": 1, "10.0.0.64": 1, "10.0.0.191": 1, "10.0.0.201": 1, "10.0.0.123": 1, "10.0.0.109": 4, "10.0.0.124": 1, "10.0.1.15": 1, "10.0.0.61": 1, "10.0.0.82": 2}, "localIpTotalDuration": 446811.51129999995, "localIpDuration": {"10.0.0.73": 3647.0015, "10.0.0.4": 15553.781899999998, "10.0.0.205": 63.0016, "10.0.0.206": 15534.315699999997, "10.0.0.207": 1476.9977, "10.0.0.31": 1911.0204, "10.0.0.152": 1267.0022, "10.0.0.208": 2680.9969, "10.0.0.62": 6797.1172, "10.0.0.77": 10444.0127, "10.0.0.209": 19606.988, "10.0.0.33": 15799.0088, "10.0.0.164": 62.914, "10.0.0.181": 25070.0825, "10.0.0.79": 272.995, "10.0.0.216": 1693.9925, "10.0.0.5": 3080.0009, "10.0.0.217": 244.9974, "10.0.0.53": 1588.9957, "10.0.0.165": 294.0005, "10.0.0.102": 19451.6976, "10.0.0.72": 1707.9959, "10.0.0.38": 882.0046, "10.0.0.2": 7391.999599999999, "10.0.0.36": 1757.0005, "10.0.0.84": 2603.9948999999997, "10.0.0.20": 6138.1745, "10.0.0.85": 12635.029599999998, "10.0.0.228": 29064.046, "10.0.0.78": 1575.0013, "10.0.0.119": 4683.0103, "10.0.0.229": 2478.0031, "10.0.0.114": 20006.044, "10.0.0.226": 1687.0035, "10.0.0.232": 1574.9961, "10.0.0.87": 1484.0035, "10.0.0.81": 1610.001, "10.0.0.214": 6691.100600000001, "10.0.0.89": 21294.5314, "10.0.0.92": 31624.475600000005, "10.0.0.237": 7524.009999999999, "10.0.0.238": 4709.460800000001, "10.0.0.169": 3871.0048, "10.0.0.241": 1799.2997, "10.0.0.245": 5522.2079, "10.0.0.143": 4512.446599999999, "10.0.0.37": 1784.9989, "10.0.0.172": 14324.927399999999, "10.0.0.142": 2037.0027, "10.0.0.104": 6.9995, "10.0.0.251": 644.0046, "10.0.0.97": 12767.6054, "10.0.0.105": 12333.8061, "10.0.0.122": 3542.0027, "10.0.0.252": 5327.003000000001, "10.0.0.254": 3556.0253000000002, "10.0.1.0": 3402.0018, "10.0.0.246": 11485.618500000002, "10.0.0.233": 11983.994999999999, "10.0.1.3": 4557.0018, "10.0.0.171": 1792.0093, "10.0.0.116": 1791.9955, "10.0.0.118": 1008.0007, "10.0.0.120": 1792.0086, "10.0.0.64": 763.0026, "10.0.0.191": 1694.0045, "10.0.0.201": 1799.0063, "10.0.0.123": 1729.0035, "10.0.0.109": 6599.693700000001, "10.0.0.124": 1624.0263, "10.0.1.15": 1799.0046, "10.0.0.61": 1707.9996, "10.0.0.82": 3590.9969}}, "Free Fire": {"localIpCount": 1, "localIpFrequency": {"10.0.0.85": 6}, "localIpTotalDuration": 8071.2024, "localIpDuration": {"10.0.0.85": 8071.2024}}, "League of Legends: Wild Rift": {"localIpCount": 16, "localIpFrequency": {"10.0.0.129": 3, "10.0.0.230": 2, "10.0.0.234": 1, "10.0.0.218": 1, "10.0.0.243": 2, "10.0.0.37": 1, "10.0.0.245": 2, "10.0.0.99": 3, "10.0.0.172": 10, "10.0.0.38": 2, "10.0.0.27": 1, "10.0.0.105": 2, "10.0.0.36": 1, "10.0.0.236": 1, "10.0.1.14": 2, "10.0.0.56": 1}, "localIpTotalDuration": 36179.7307, "localIpDuration": {"10.0.0.129": 2450.0158, "10.0.0.230": 1898.1145999999999, "10.0.0.234": 1134.0039, "10.0.0.218": 363.9994, "10.0.0.243": 3554.7932, "10.0.0.37": 168.0125, "10.0.0.245": 1967.011, "10.0.0.99": 3283.0326000000005, "10.0.0.172": 14899.699999999999, "10.0.0.38": 777.0110999999999, "10.0.0.27": 322.0034, "10.0.0.105": 161.0118, "10.0.0.36": 616.0113, "10.0.0.236": 721.0031, "10.0.1.14": 2863.0072, "10.0.0.56": 1000.9998}}, "Summoners War: Chronicles": {"localIpCount": 1, "localIpFrequency": {"10.0.0.95": 1}, "localIpTotalDuration": 650.9947,