{"Roblox": {"localIpCount": 137, "localIpFrequency": {"10.0.0.11": 6, "10.0.0.123": 1, "10.0.0.156": 15, "10.0.1.15": 1, "10.0.0.2": 9, "10.0.1.229": 1, "10.0.0.246": 2, "10.0.1.230": 15, "10.0.2.5": 1, "10.0.1.105": 16, "10.0.1.111": 11, "10.0.0.5": 2, "10.0.1.207": 20, "10.0.0.24": 33, "10.0.0.17": 4, "10.0.1.254": 15, "10.0.2.133": 1, "10.0.1.129": 1, "10.0.1.216": 14, "10.0.2.6": 4, "10.0.2.121": 14, "10.0.2.1": 4, "10.0.0.120": 3, "10.0.0.49": 10, "10.0.0.140": 9, "10.0.2.9": 5, "10.0.1.62": 5, "10.0.1.127": 1, "10.0.1.248": 1, "10.0.1.131": 1, "10.0.2.12": 2, "10.0.2.51": 1, "10.0.1.163": 2, "10.0.1.198": 11, "10.0.0.85": 4, "10.0.0.4": 2, "10.0.2.23": 5, "10.0.2.15": 1, "10.0.2.156": 1, "10.0.0.53": 1, "10.0.2.20": 2, "10.0.0.222": 3, "10.0.0.212": 3, "10.0.1.202": 1, "10.0.2.22": 1, "10.0.2.162": 1, "10.0.0.91": 2, "10.0.1.190": 5, "10.0.2.97": 5, "10.0.0.163": 3, "10.0.1.29": 3, "10.0.2.33": 1, "10.0.0.132": 4, "10.0.1.144": 1, "10.0.2.200": 1, "10.0.2.201": 3, "10.0.2.46": 2, "10.0.2.192": 1, "10.0.0.60": 3, "10.0.0.46": 4, "10.0.2.187": 3, "10.0.0.197": 1, "10.0.2.44": 6, "10.0.2.204": 5, "10.0.2.89": 5, "10.0.2.74": 1, "10.0.2.248": 7, "10.0.1.244": 4, "10.0.2.253": 6, "10.0.3.56": 1, "10.0.2.110": 7, "10.0.2.96": 4, "10.0.2.108": 3, "10.0.2.117": 1, "10.0.3.104": 1, "10.0.3.103": 24, "10.0.3.105": 2, "10.0.0.73": 8, "10.0.2.118": 2, "10.0.2.124": 3, "10.0.3.117": 3, "10.0.3.79": 1, "10.0.2.123": 6, "10.0.3.137": 1, "10.0.2.135": 1, "10.0.2.138": 4, "10.0.3.106": 2, "10.0.3.173": 3, "10.0.3.160": 3, "10.0.3.181": 2, "10.0.2.65": 14, "10.0.0.173": 1, "10.0.3.201": 2, "10.0.2.64": 1, "10.0.2.143": 6, "10.0.3.169": 3, "10.0.0.97": 3, "10.0.2.172": 1, "10.0.3.128": 14, "10.0.3.159": 4, "10.0.2.159": 3, "10.0.2.179": 3, "10.0.3.93": 3, "10.0.1.151": 1, "10.0.2.181": 3, "10.0.3.234": 1, "10.0.2.183": 1, "10.0.2.184": 3, "10.0.0.8": 1, "10.0.2.188": 1, "10.0.3.129": 1, "10.0.3.190": 7, "10.0.2.189": 1, "10.0.3.238": 2, "10.0.3.168": 2, "10.0.3.205": 4, "10.0.2.171": 1, "10.0.2.252": 4, "10.0.2.199": 9, "10.0.3.154": 1, "10.0.2.206": 1, "10.0.1.194": 1, "10.0.1.225": 1, "10.0.2.209": 1, "10.0.2.190": 1, "10.0.3.0": 1, "10.0.2.213": 1, "10.0.4.11": 1, "10.0.2.222": 1, "10.0.2.220": 1, "10.0.2.215": 1, "10.0.2.163": 4, "10.0.4.25": 2, "10.0.2.4": 1, "10.0.2.205": 2, "10.0.4.32": 1, "10.0.3.253": 1}, "localIpTotalDuration": 937099.9222000003, "localIpDuration": {"10.0.0.11": 10777.558799999999, "10.0.0.123": 1798.7385, "10.0.0.156": 26559.336700000003, "10.0.1.15": 1791.7202, "10.0.0.2": 14656.812, "10.0.1.229": 7.7277, "10.0.0.246": 3032.2, "10.0.1.230": 21495.798699999996, "10.0.2.5": 147.0032, "10.0.1.105": 28312.815799999997, "10.0.1.111": 19778.6917, "10.0.0.5": 3584.0184, "10.0.1.207": 34106.114499999996, "10.0.0.24": 58443.542799999996, "10.0.0.17": 5809.2517, "10.0.1.254": 24440.766, "10.0.2.133": 1798.6045, "10.0.1.129": 986.9918, "10.0.1.216": 25078.385600000005, "10.0.2.6": 7194.9809, "10.0.2.121": 24309.329900000004, "10.0.2.1": 6404.0532, "10.0.0.120": 5397.4642, "10.0.0.49": 17985.3112, "10.0.0.140": 16187.430599999998, "10.0.2.9": 8994.0293, "10.0.1.62": 8994.530499999999, "10.0.1.127": 1799.0006, "10.0.1.248": 832.7592, "10.0.1.131": 1798.5218, "10.0.2.12": 2708.7563, "10.0.2.51": 314.9991, "10.0.1.163": 3597.9954, "10.0.1.198": 19058.921, "10.0.0.85": 4353.5497, "10.0.0.4": 3583.9975, "10.0.2.23": 7697.6926, "10.0.2.15": 1127.005, "10.0.2.156": 521.9983, "10.0.0.53": 132.9856, "10.0.2.20": 735.0031, "10.0.0.222": 5395.1336, "10.0.0.212": 5395.7864, "10.0.1.202": 1421.042, "10.0.2.22": 1799.0346, "10.0.2.162": 1798.4186, "10.0.0.91": 3596.8320999999996, "10.0.1.190": 7998.7942, "10.0.2.97": 8992.0457, "10.0.0.163": 5396.8865, "10.0.1.29": 5396.7514, "10.0.2.33": 1798.7831, "10.0.0.132": 7196.0489, "10.0.1.144": 1798.7485, "10.0.2.200": 1798.4748, "10.0.2.201": 5393.1862, "10.0.2.46": 3597.5819, "10.0.2.192": 1799.1833, "10.0.0.60": 5382.6929, "10.0.0.46": 7184.481400000001, "10.0.2.187": 5395.503, "10.0.0.197": 1798.8221, "10.0.2.44": 10792.9143, "10.0.2.204": 7356.0521, "10.0.2.89": 8993.7585, "10.0.2.74": 1798.7441, "10.0.2.248": 12586.133399999999, "10.0.1.244": 7194.848199999999, "10.0.2.253": 10784.486, "10.0.3.56": 1797.7274, "10.0.2.110": 11456.613000000001, "10.0.2.96": 7194.6350999999995, "10.0.2.108": 4577.1754, "10.0.2.117": 1147.9993, "10.0.3.104": 1798.6878, "10.0.3.103": 43161.2358, "10.0.3.105": 3597.455, "10.0.0.73": 13959.7629, "10.0.2.118": 3597.4233999999997, "10.0.2.124": 5396.2362, "10.0.3.117": 5394.6088, "10.0.3.79": 1798.4044, "10.0.2.123": 10791.635999999999, "10.0.3.137": 1798.4812, "10.0.2.135": 1798.8008, "10.0.2.138": 7195.1518, "10.0.3.106": 3596.9247, "10.0.3.173": 5393.208699999999, "10.0.3.160": 5393.962399999999, "10.0.3.181": 3596.5121, "10.0.2.65": 25133.5946, "10.0.0.173": 1798.4955, "10.0.3.201": 3596.5312, "10.0.2.64": 1798.1912, "10.0.2.143": 10792.2109, "10.0.3.169": 5394.1203, "10.0.0.97": 5396.3056, "10.0.2.172": 1798.7106, "10.0.3.128": 25181.0871, "10.0.3.159": 7191.515700000001, "10.0.2.159": 5389.3278, "10.0.2.179": 5389.4713, "10.0.3.93": 5395.8982, "10.0.1.151": 1798.6771, "10.0.2.181": 3527.4218, "10.0.3.234": 1799.1915, "10.0.2.183": 1763.9978, "10.0.2.184": 5396.199500000001, "10.0.0.8": 1798.746, "10.0.2.188": 1798.732, "10.0.3.129": 1798.5209, "10.0.3.190": 12587.3448, "10.0.2.189": 1798.7103, "10.0.3.238": 3594.9218, "10.0.3.168": 3597.9142, "10.0.3.205": 7194.8252, "10.0.2.171": 1798.5045, "10.0.2.252": 7192.2462, "10.0.2.199": 16189.1988, "10.0.3.154": 1798.5995, "10.0.2.206": 412.997, "10.0.1.194": 1770.9874, "10.0.1.225": 434.003, "10.0.2.209": 1799.0053, "10.0.2.190": 1798.7656, "10.0.3.0": 1799.0096, "10.0.2.213": 1798.8105, "10.0.4.11": 1799.1784, "10.0.2.222": 1798.743, "10.0.2.220": 1798.7653, "10.0.2.215": 1797.9314, "10.0.2.163": 7194.981099999999, "10.0.4.25": 3596.3049, "10.0.2.4": 1797.8803, "10.0.2.205": 3597.5341, "10.0.4.32": 1798.4987, "10.0.3.253": 1797.1111}}, "Genshin Impact": {"localIpCount": 2, "localIpFrequency": {"10.0.2.44": 5, "10.0.2.4": 4}, "localIpTotalDuration": 9205.127199999999, "localIpDuration": {"10.0.2.44": 5390.0373, "10.0.2.4": 3815.0898999999995}}, "FIFA ONLINE 4 M": {"localIpCount": 5, "localIpFrequency": {"10.0.3.144": 4, "10.0.3.159": 9, "10.0.2.187": 2, "10.0.2.77": 1, "10.0.2.4": 3}, "localIpTotalDuration": 25445.160199999995, "localIpDuration": {"10.0.3.144": 6015.309, "10.0.3.159": 13039.0035, "10.0.2.187": 2484.7356, "10.0.2.77": 90.0048, "10.0.2.4": 3816.1072999999997}}, "Summoners War: Chronicles": {"localIpCount": 1, "localIpFrequency": {"10.0.0.5": 2}, "localIpTotalDuration": 2583.3103, "localIpDuration": {"10.0.0.5": 2583.3103}}, "TFT: Teamfight Tactics": {"localIpCount": 12, "localIpFrequency": {"10.0.0.156": 4, "10.0.1.254": 12, "10.0.2.11": 1, "10.0.2.139": 2, "10.0.2.44": 3, "10.0.2.23": 1, "10.0.1.104": 14, "10.0.1.54": 1, "10.0.2.123": 2, "10.0.2.192": 1, "10.0.2.252": 1, "10.0.3.103": 1}, "localIpTotalDuration": 39931.8082, "localIpDuration": {"10.0.0.156": 4581.0978, "10.0.1.254": 11286.1065, "10.0.2.11": 7.0091, "10.0.2.139": 3275.9215000000004, "10.0.2.44": 3011.0768, "10.0.2.23": 0.0005, "10.0.1.104": 14602.1279, "10.0.1.54": 557.9195, "10.0.2.123": 783.799, "10.0.2.192": 144.0178, "10.0.2.252": 1421.82, "10.0.3.103": 260.9118}}, "Minecraft": {"localIpCount": 10, "localIpFrequency": {"10.0.0.5": 2, "10.0.2.79": 2, "10.0.2.173": 1, "10.0.2.32": 11, "10.0.2.215": 2, "10.0.3.17": 1, "10.0.2.159": 1, "10.0.2.64": 1, "10.0.3.252": 1, "10.0.0.140": 2}, "localIpTotalDuration": 28275.518799999998, "localIpDuration": {"10.0.0.5": 2848.9937, "10.0.2.79": 1629.0874, "10.0.2.173": 1467.0117, "10.0.2.32": 18025.254, "10.0.2.215": 387.0213, "10.0.3.17": 324.2806, "10.0.2.159": 21.0728, "10.0.2.64": 441.006, "10.0.3.252": 215.8019, "10.0.0.140": 2915.9894}}, "League of Legends: Wild Rift": {"localIpCount": 30, "localIpFrequency": {"10.0.2.131": 1, "10.0.1.111": 1, "10.0.2.6": 2, "10.0.0.156": 1, "10.0.2.139": 1, "10.0.2.44": 4,