{"Roblox": {"localIpCount": 42, "localIpFrequency": {"10.0.2.44": 2, "10.0.0.24": 3, "10.0.2.205": 2, "10.0.3.205": 3, "10.0.0.73": 4, "10.0.1.244": 1, "10.0.3.93": 3, "10.0.0.89": 4, "10.0.2.163": 5, "10.0.1.105": 2, "10.0.2.248": 1, "10.0.2.214": 3, "10.0.2.23": 3, "10.0.2.231": 1, "10.0.3.129": 1, "10.0.2.151": 2, "10.0.0.140": 1, "10.0.4.25": 2, "10.0.4.48": 1, "10.0.4.44": 1, "10.0.0.132": 1, "10.0.2.184": 1, "10.0.1.207": 4, "10.0.3.154": 3, "10.0.0.5": 4, "10.0.2.187": 1, "10.0.4.20": 1, "10.0.4.15": 1, "10.0.0.15": 1, "10.0.0.97": 1, "10.0.3.253": 1, "10.0.3.128": 16, "10.0.0.31": 1, "10.0.2.35": 1, "10.0.2.110": 4, "10.0.0.2": 7, "10.0.2.249": 1, "10.0.0.76": 2, "10.0.2.250": 1, "10.0.4.76": 2, "10.0.1.1": 1, "10.0.1.20": 1}, "localIpTotalDuration": 177259.28809999992, "localIpDuration": {"10.0.2.44": 3597.4566999999997, "10.0.0.24": 5396.2146999999995, "10.0.2.205": 3590.7798000000003, "10.0.3.205": 5394.4598, "10.0.0.73": 6369.466100000001, "10.0.1.244": 1798.7484, "10.0.3.93": 4964.6064, "10.0.0.89": 7187.8931, "10.0.2.163": 8300.9573, "10.0.1.105": 3598.5011000000004, "10.0.2.248": 1798.7005, "10.0.2.214": 5396.6275000000005, "10.0.2.23": 5395.0051, "10.0.2.231": 1798.7165, "10.0.3.129": 1797.5112, "10.0.2.151": 3597.3889, "10.0.0.140": 1798.2824, "10.0.4.25": 3597.0045, "10.0.4.48": 1798.5031, "10.0.4.44": 1798.4911, "10.0.0.132": 1798.6992, "10.0.2.184": 1798.0849, "10.0.1.207": 7166.909599999999, "10.0.3.154": 5395.7581, "10.0.0.5": 7194.9679, "10.0.2.187": 1798.6918, "10.0.4.20": 1798.6189, "10.0.4.15": 1798.5982, "10.0.0.15": 1798.7361, "10.0.0.97": 1798.982, "10.0.3.253": 1796.9152, "10.0.3.128": 28767.0269, "10.0.0.31": 1798.6083, "10.0.2.35": 1798.7648, "10.0.2.110": 6354.8871, "10.0.0.2": 11444.504299999999, "10.0.2.249": 1386.0008, "10.0.0.76": 3595.6755000000003, "10.0.2.250": 1798.7632, "10.0.4.76": 3597.0204, "10.0.1.1": 1799.0643, "10.0.1.20": 1798.6964}}, "Genshin Impact": {"localIpCount": 2, "localIpFrequency": {"10.0.2.44": 1, "10.0.2.4": 2}, "localIpTotalDuration": 2556.8158, "localIpDuration": {"10.0.2.44": 314.9868, "10.0.2.4": 2241.8289999999997}}, "FIFA ONLINE 4 M": {"localIpCount": 2, "localIpFrequency": {"10.0.3.159": 16, "10.0.2.4": 4}, "localIpTotalDuration": 31290.338499999998, "localIpDuration": {"10.0.3.159": 25355.5226, "10.0.2.4": 5934.8159000000005}}, "TFT: Teamfight Tactics": {"localIpCount": 1, "localIpFrequency": {"10.0.1.254": 1}, "localIpTotalDuration": 144.0982, "localIpDuration": {"10.0.1.254": 144.0982}}, "Minecraft": {"localIpCount": 3, "localIpFrequency": {"10.0.4.55": 1, "10.0.2.173": 1, "10.0.2.184": 2}, "localIpTotalDuration": 2459.1708, "localIpDuration": {"10.0.4.55": 162.084, "10.0.2.173": 918.0053, "10.0.2.184": 1379.0815}}, "Cookie Run: Kingdom": {"localIpCount": 1, "localIpFrequency": {"10.0.3.205": 1}, "localIpTotalDuration": 746.9999, "localIpDuration": {"10.0.3.205": 746.9999}}, "League of Legends: Wild Rift": {"localIpCount": 1, "localIpFrequency": {"10.0.2.35": 1}, "localIpTotalDuration": 84.0421, "localIpDuration": {"10.0.2.35": 84.0421}}, "Roblox (Game)": {"localIpCount": 33, "localIpFrequency": {"10.0.2.163": 7, "10.0.3.201": 1, "10.0.0.73": 4, "10.0.3.93": 9, "10.0.1.244": 2, "10.0.3.205": 1, "10.0.1.105": 4, "10.0.2.248": 2, "10.0.2.214": 5, "10.0.2.23": 2, "10.0.4.25": 2, "10.0.3.106": 5, "10.0.2.44": 1, "10.0.0.89": 4, "10.0.4.52": 1, "10.0.1.207": 3, "10.0.2.237": 1, "10.0.2.187": 1, "10.0.4.15": 1, "10.0.0.4": 1, "10.0.2.110": 4, "10.0.2.218": 1, "10.0.2.35": 1, "10.0.0.31": 1, "10.0.0.2": 9, "10.0.3.128": 6, "10.0.3.10": 1, "10.0.4.74": 1, "10.0.2.48": 1, "10.0.0.76": 3, "10.0.2.205": 1, "10.0.2.250": 1, "10.0.1.1": 1}, "localIpTotalDuration": 139933.5993, "localIpDuration": {"10.0.2.163": 11542.741100000001, "10.0.3.201": 1799.9986, "10.0.0.73": 5936.0143, "10.0.3.93": 15017.9748, "10.0.1.244": 3338.9656, "10.0.3.205": 1782.0122, "10.0.1.105": 7005.486199999999, "10.0.2.248": 3556.8871, "10.0.2.214": 8441.6744, "10.0.2.23": 3524.318, "10.0.4.25": 3582.0789999999997, "10.0.3.106": 8951.694800000001, "10.0.2.44": 1574.9818, "10.0.0.89": 6503.016799999999, "10.0.4.52": 1790.9986, "10.0.1.207": 5270.7454, "10.0.2.237": 1764.0134, "10.0.2.187": 1762.5102, "10.0.4.15": 1771.6147, "10.0.0.4": 1799.0177, "10.0.2.110": 5271.028000000001, "10.0.2.218": 1798.3117, "10.0.2.35": 1763.9956, "10.0.0.31": 1788.6142, "10.0.0.2": 13817.5766, "10.0.3.128": 6218.9821, "10.0.3.10": 1763.9982, "10.0.4.74": 1791.0919, "10.0.2.48": 749.0155, "10.0.0.76": 3336.8718, "10.0.2.205": 1799.2735, "10.0.2.250": 1687.0163, "10.0.1.1": 1431.0792}}}