{"Roblox (Game)": {"localIpCount": 42, "localIpFrequency": {"10.0.0.9": 18, "10.0.0.121": 2, "10.0.0.14": 8, "10.0.0.149": 1, "10.0.0.2": 25, "10.0.0.33": 25, "10.0.0.151": 5, "10.0.0.82": 6, "10.0.0.75": 4, "10.0.0.12": 1, "10.0.0.157": 63, "10.0.0.32": 4, "10.0.0.4": 4, "10.0.0.165": 1, "10.0.0.36": 1, "10.0.0.102": 24, "10.0.0.47": 5, "10.0.0.29": 10, "10.0.0.39": 1, "10.0.0.128": 11, "10.0.0.172": 1, "10.0.0.20": 3, "10.0.0.44": 1, "10.0.0.45": 5, "10.0.0.37": 1, "10.0.0.181": 14, "10.0.0.183": 2, "10.0.0.50": 1, "10.0.0.52": 2, "10.0.0.53": 2, "10.0.0.57": 1, "10.0.0.5": 1, "10.0.0.60": 1, "10.0.0.61": 1, "10.0.0.62": 1, "10.0.0.197": 2, "10.0.0.164": 3, "10.0.0.192": 1, "10.0.0.66": 1, "10.0.0.70": 2, "10.0.0.152": 1, "10.0.0.203": 1}, "localIpTotalDuration": 354608.5354999999, "localIpDuration": {"10.0.0.9": 22880.830700000002, "10.0.0.121": 1917.9979, "10.0.0.14": 9497.7527, "10.0.0.149": 154.9909, "10.0.0.2": 32510.7656, "10.0.0.33": 36443.2423, "10.0.0.151": 8558.918, "10.0.0.82": 9046.4144, "10.0.0.75": 6002.2947, "10.0.0.12": 1774.9981, "10.0.0.157": 90333.31560000002, "10.0.0.32": 5600.0028, "10.0.0.4": 5544.990600000001, "10.0.0.165": 1289.9991, "10.0.0.36": 955.9996, "10.0.0.102": 19613.028, "10.0.0.47": 8104.2029, "10.0.0.29": 14145.001800000002, "10.0.0.39": 1587.9991, "10.0.0.128": 17210.9986, "10.0.0.172": 245.0054, "10.0.0.20": 3654.9979999999996, "10.0.0.44": 1683.9989, "10.0.0.45": 8287.9995, "10.0.0.37": 1785.0014, "10.0.0.181": 20843.796299999998, "10.0.0.183": 2330.9952, "10.0.0.50": 0.0, "10.0.0.52": 1812.9994000000002, "10.0.0.53": 482.9926, "10.0.0.57": 35.0031, "10.0.0.5": 741.9993, "10.0.0.60": 76.9915, "10.0.0.61": 1476.9948, "10.0.0.62": 1533.004, "10.0.0.197": 3402.0067, "10.0.0.164": 5026.0044, "10.0.0.192": 1714.9928, "10.0.0.66": 1511.9991, "10.0.0.70": 3017.0002, "10.0.0.152": 245.0058, "10.0.0.203": 1526.0037}}, "Roblox": {"localIpCount": 60, "localIpFrequency": {"10.0.0.121": 1, "10.0.0.9": 22, "10.0.0.5": 6, "10.0.0.56": 2, "10.0.0.14": 11, "10.0.0.37": 32, "10.0.0.2": 27, "10.0.0.33": 21, "10.0.0.27": 1, "10.0.0.151": 3, "10.0.0.31": 1, "10.0.0.82": 5, "10.0.0.75": 3, "10.0.0.157": 83, "10.0.0.159": 1, "10.0.0.32": 3, "10.0.0.4": 4, "10.0.0.160": 1, "10.0.0.36": 1, "10.0.0.168": 1, "10.0.0.102": 31, "10.0.0.47": 4, "10.0.0.7": 2, "10.0.0.39": 2, "10.0.0.128": 12, "10.0.0.172": 1, "10.0.0.40": 1, "10.0.0.63": 3, "10.0.0.20": 4, "10.0.0.29": 10, "10.0.0.173": 1, "10.0.0.174": 2, "10.0.0.43": 3, "10.0.0.45": 6, "10.0.0.21": 5, "10.0.0.180": 1, "10.0.0.183": 1, "10.0.0.171": 1, "10.0.0.50": 1, "10.0.0.184": 1, "10.0.0.181": 11, "10.0.0.52": 1, "10.0.0.54": 1, "10.0.0.53": 4, "10.0.0.57": 1, "10.0.0.55": 8, "10.0.0.188": 1, "10.0.0.46": 1, "10.0.0.61": 2, "10.0.0.191": 1, "10.0.0.62": 2, "10.0.0.192": 2, "10.0.0.195": 1, "10.0.0.169": 1, "10.0.0.197": 3, "10.0.0.164": 2, "10.0.0.70": 3, "10.0.0.201": 1, "10.0.0.152": 1, "10.0.0.203": 1}, "localIpTotalDuration": 607231.5656999999, "localIpDuration": {"10.0.0.121": 1784.1931, "10.0.0.9": 38638.4495, "10.0.0.5": 9260.778999999999, "10.0.0.56": 2903.9993, "10.0.0.14": 17418.182, "10.0.0.37": 52743.80499999999, "10.0.0.2": 41143.642700000004, "10.0.0.33": 37053.7505, "10.0.0.27": 1795.9996, "10.0.0.151": 5395.8808, "10.0.0.31": 1798.0003, "10.0.0.82": 8985.8344, "10.0.0.75": 5389.1303, "10.0.0.157": 148630.32650000002, "10.0.0.159": 1798.8968, "10.0.0.32": 5281.7744999999995, "10.0.0.4": 5432.5623, "10.0.0.160": 1798.6891, "10.0.0.36": 1518.0021, "10.0.0.168": 1799.1938, "10.0.0.102": 45892.91090000001, "10.0.0.47": 7193.8789, "10.0.0.7": 3577.9979, "10.0.0.39": 3597.7707, "10.0.0.128": 19710.695000000003, "10.0.0.172": 1070.0, "10.0.0.40": 980.0043, "10.0.0.63": 5382.7535, "10.0.0.20": 7194.602000000001, "10.0.0.29": 14978.8496, "10.0.0.173": 260.0008, "10.0.0.174": 2430.0017, "10.0.0.43": 3865.7717, "10.0.0.45": 10755.293399999999, "10.0.0.21": 8990.6445, "10.0.0.180": 1797.6895, "10.0.0.183": 763.0019, "10.0.0.171": 1470.0009, "10.0.0.50": 146.7818, "10.0.0.184": 1799.0035, "10.0.0.181": 18513.689000000002, "10.0.0.52": 1799.0017, "10.0.0.54": 1798.9972, "10.0.0.53": 4703.7817000000005, "10.0.0.57": 385.0002, "10.0.0.55": 13578.891099999999, "10.0.0.188": 1791.1601, "10.0.0.46": 1125.7737, "10.0.0.61": 1847.9999, "10.0.0.191": 1797.9864, "10.0.0.62": 3563.0011999999997, "10.0.0.192": 3597.2909, "10.0.0.195": 1755.6555, "10.0.0.169": 1077.9997, "10.0.0.197": 5395.2779, "10.0.0.164": 3476.746, "10.0.0.70": 5396.3753, "10.0.0.201": 804.1933, "10.0.0.152": 594.9991, "10.0.0.203": 1799.0017}}, "FIFA ONLINE 4 M": {"localIpCount": 1, "localIpFrequency": {"10.0.0.164": 2}, "localIpTotalDuration": 91.00519999999999, "localIpDuration": {"10.0.0.164": 91.00519999999999}}, "League of Legends: Wild Rift": {"localIpCount": 7, "localIpFrequency": {"10.0.0.27": 2, "10.0.0.29": 1, "10.0.0.12": 2, "10.0.0.47": 3, "10.0.0.39": 1, "10.0.0.159": 1, "10.0.0.56": 2}, "localIpTotalDuration": 7086.001900000001, "localIpDuration": {"10.0.0.27": 1756.0, "10.0.0.29": 377.9992, "10.0.0.12": 1684.9986, "10.0.0.47": 1281.0031999999999, "10.0.0.39": 688.0023, "10.0.0.159": 1200.0038, "10.0.0.56": 97.9948}}, "Genshin Impact": {"localIpCount": 2, "localIpFrequency": {"10.0.0.9": 2, "10.0.0.63": 2}, "localIpTotalDuration": 336.0115, "localIpDuration": {"10.0.0.9": 326.0115, "10.0.0.63": 10.0}}, "Odin: Valhalla Rising": {"localIpCount": 1, "localIpFrequency": {"10.0.0.39": 1}, "localIpTotalDuration": 8.0003, "localIpDuration": {"10.0.0.39": 8.0003}}}