{"UNO": {"localIpCount": 1, "localIpFrequency": {"10.0.3.210": 1}, "localIpTotalDuration": 5.9654, "localIpDuration": {"10.0.3.210": 5.9654}}, "Roblox": {"localIpCount": 26, "localIpFrequency": {"10.0.0.24": 10, "10.0.0.211": 2, "10.0.0.2": 1, "10.0.2.168": 1, "10.0.5.172": 16, "10.0.0.252": 4, "10.0.0.171": 1, "10.0.3.206": 5, "10.0.0.222": 7, "10.0.2.126": 9, "10.0.1.144": 2, "10.0.3.196": 3, "10.0.3.216": 11, "10.0.5.121": 6, "10.0.5.186": 1, "10.0.4.39": 1, "10.0.0.132": 1, "10.0.3.205": 1, "10.0.0.94": 1, "10.0.5.171": 2, "10.0.5.12": 1, "10.0.5.191": 1, "10.0.0.173": 1, "10.0.2.214": 1, "10.0.1.129": 1, "10.0.4.124": 1}, "localIpTotalDuration": 161987.66109999997, "localIpDuration": {"10.0.0.24": 17980.6776, "10.0.0.211": 3597.4857, "10.0.0.2": 1798.7785, "10.0.2.168": 1798.7002, "10.0.5.172": 28780.021199999996, "10.0.0.252": 6320.2618999999995, "10.0.0.171": 1797.8165, "10.0.3.206": 8189.5454, "10.0.0.222": 12590.3183, "10.0.2.126": 16188.926500000001, "10.0.1.144": 3597.5251, "10.0.3.196": 5396.2515, "10.0.3.216": 19779.3785, "10.0.5.121": 10793.270199999999, "10.0.5.186": 1797.2203, "10.0.4.39": 1798.5296, "10.0.0.132": 1798.7842, "10.0.3.205": 1798.2036, "10.0.0.94": 1798.5233, "10.0.5.171": 3596.7855, "10.0.5.12": 1798.5336, "10.0.5.191": 1798.6972, "10.0.0.173": 1797.5271, "10.0.2.214": 1798.7512, "10.0.1.129": 1798.7639, "10.0.4.124": 1798.3845}}, "League of Legends: Wild Rift": {"localIpCount": 5, "localIpFrequency": {"10.0.1.161": 3, "10.0.3.76": 1, "10.0.2.190": 1, "10.0.5.189": 1, "10.0.5.191": 2}, "localIpTotalDuration": 5224.142699999999, "localIpDuration": {"10.0.1.161": 2744.0283, "10.0.3.76": 714.0063, "10.0.2.190": 307.9973, "10.0.5.189": 549.0069, "10.0.5.191": 909.1039000000001}}, "Minecraft": {"localIpCount": 3, "localIpFrequency": {"10.0.3.206": 1, "10.0.3.244": 3, "10.0.3.247": 1}, "localIpTotalDuration": 2409.9608, "localIpDuration": {"10.0.3.206": 7.0033, "10.0.3.244": 2196.0388000000003, "10.0.3.247": 206.9187}}, "TFT: Teamfight Tactics": {"localIpCount": 4, "localIpFrequency": {"10.0.1.161": 3, "10.0.5.190": 1, "10.0.3.181": 1, "10.0.2.44": 2}, "localIpTotalDuration": 5315.993, "localIpDuration": {"10.0.1.161": 2954.0272, "10.0.5.190": 216.4761, "10.0.3.181": 203.0101, "10.0.2.44": 1942.4796000000001}}}