{"Minecraft": {"localIpCount": 2, "localIpFrequency": {"10.0.12.57": 1, "10.0.12.53": 2}, "localIpTotalDuration": 1365.0466, "localIpDuration": {"10.0.12.57": 77.0243, "10.0.12.53": 1288.0222999999999}}, "Odin: Valhalla Rising": {"localIpCount": 2, "localIpFrequency": {"10.0.19.250": 1, "10.0.20.62": 1}, "localIpTotalDuration": 0.08499999999999999, "localIpDuration": {"10.0.19.250": 0.0003, "10.0.20.62": 0.0847}}, "FIFA ONLINE 4 M": {"localIpCount": 1, "localIpFrequency": {"10.0.12.51": 1}, "localIpTotalDuration": 426.9825, "localIpDuration": {"10.0.12.51": 426.9825}}, "League of Legends: Wild Rift": {"localIpCount": 3, "localIpFrequency": {"10.0.19.254": 3, "10.0.20.17": 1, "10.0.12.69": 1}, "localIpTotalDuration": 1140.0047, "localIpDuration": {"10.0.19.254": 540.008, "10.0.20.17": 599.9967, "10.0.12.69": 0.0}}, "Roblox": {"localIpCount": 51, "localIpFrequency": {"10.0.11.238": 1, "10.0.19.209": 4, "10.0.12.11": 7, "10.0.19.165": 2, "10.0.12.25": 4, "10.0.19.228": 5, "10.0.12.26": 3, "10.0.19.229": 2, "10.0.19.231": 3, "10.0.12.27": 1, "10.0.12.30": 1, "10.0.12.34": 1, "10.0.19.243": 1, "10.0.12.31": 1, "10.0.19.238": 5, "10.0.19.251": 1, "10.0.12.36": 3, "10.0.12.40": 4, "10.0.19.250": 2, "10.0.12.51": 3, "10.0.19.254": 3, "10.0.12.39": 4, "10.0.20.11": 1, "10.0.12.53": 2, "10.0.19.233": 1, "10.0.20.19": 2, "10.0.12.43": 1, "10.0.12.57": 4, "10.0.20.31": 1, "10.0.12.63": 1, "10.0.20.25": 2, "10.0.19.239": 1, "10.0.12.73": 1, "10.0.12.35": 1, "10.0.12.77": 1, "10.0.20.52": 1, "10.0.12.44": 1, "10.0.20.53": 1, "10.0.20.35": 1, "10.0.20.15": 1, "10.0.20.56": 1, "10.0.20.57": 1, "10.0.12.81": 2, "10.0.20.58": 2, "10.0.12.83": 2, "10.0.20.66": 1, "10.0.20.73": 1, "10.0.12.88": 2, "10.0.20.63": 1, "10.0.20.71": 1, "10.0.12.84": 1}, "localIpTotalDuration": 173149.35600000006, "localIpDuration": {"10.0.11.238": 1797.8219, "10.0.19.209": 6926.4926, "10.0.12.11": 12154.6445, "10.0.19.165": 3049.195, "10.0.12.25": 7193.982400000001, "10.0.19.228": 8992.3974, "10.0.12.26": 5396.299999999999, "10.0.19.229": 3595.8676, "10.0.19.231": 5396.5612, "10.0.12.27": 1798.77, "10.0.12.30": 1798.7791, "10.0.12.34": 1798.7919, "10.0.19.243": 1798.1392, "10.0.12.31": 1798.7824, "10.0.19.238": 8991.2755, "10.0.19.251": 1798.6118, "10.0.12.36": 5395.986800000001, "10.0.12.40": 7194.4933, "10.0.19.250": 3595.4631, "10.0.12.51": 5396.5323, "10.0.19.254": 4726.8463, "10.0.12.39": 6431.4186, "10.0.20.11": 1797.6711, "10.0.12.53": 3597.7682, "10.0.19.233": 1798.6105, "10.0.20.19": 3598.69, "10.0.12.43": 1797.9004, "10.0.12.57": 7187.848899999999, "10.0.20.31": 1796.4035, "10.0.12.63": 1798.7469, "10.0.20.25": 3595.6278, "10.0.19.239": 1798.7264, "10.0.12.73": 1798.7771, "10.0.12.35": 1798.7908, "10.0.12.77": 1798.784, "10.0.20.52": 1799.9996, "10.0.12.44": 1798.7765, "10.0.20.53": 1058.8305, "10.0.20.35": 1109.9998, "10.0.20.15": 639.9988, "10.0.20.56": 378.5942, "10.0.20.57": 1790.0084, "10.0.12.81": 3597.779, "10.0.20.58": 3598.1142, "10.0.12.83": 3597.5502, "10.0.20.66": 1797.883, "10.0.20.73": 1796.9178, "10.0.12.88": 3597.5611, "10.0.20.63": 1798.4066, "10.0.20.71": 1798.6704, "10.0.12.84": 1798.7674}}, "TFT: Teamfight Tactics": {"localIpCount": 2, "localIpFrequency": {"10.0.12.69": 1, "10.0.12.78": 1}, "localIpTotalDuration": 0.0078, "localIpDuration": {"10.0.12.69": 0.0078, "10.0.12.78": 0.0}}, "Overwatch 2": {"localIpCount": 1, "localIpFrequency": {"10.0.19.229": 14}, "localIpTotalDuration": 19587.539599999996, "localIpDuration": {"10.0.19.229": 19587.539599999996}}}