{"Roblox": {"localIpCount": 20, "localIpFrequency": {"10.0.0.73": 20, "10.0.1.105": 9, "10.0.1.61": 1, "10.0.1.161": 1, "10.0.1.37": 1, "10.0.0.2": 6, "10.0.0.24": 8, "10.0.0.177": 2, "10.0.0.75": 1, "10.0.0.222": 8, "10.0.0.22": 2, "10.0.0.246": 1, "10.0.2.23": 2, "10.0.2.26": 3, "10.0.0.5": 2, "10.0.1.111": 1, "10.0.0.194": 2, "10.0.1.222": 6, "10.0.1.129": 1, "10.0.1.151": 1}, "localIpTotalDuration": 128559.02969999996, "localIpDuration": {"10.0.0.73": 35648.0386, "10.0.1.105": 14966.7057, "10.0.1.61": 0.0001, "10.0.1.161": 1001.0013, "10.0.1.37": 188.9956, "10.0.0.2": 9498.534399999999, "10.0.0.24": 13071.3749, "10.0.0.177": 3588.0208000000002, "10.0.0.75": 1792.0014, "10.0.0.222": 14378.4079, "10.0.0.22": 3562.4637000000002, "10.0.0.246": 1796.208, "10.0.2.23": 3595.0137, "10.0.2.26": 5392.3123, "10.0.0.5": 3597.4631, "10.0.1.111": 1798.7264, "10.0.0.194": 3597.5227, "10.0.1.222": 10771.502400000001, "10.0.1.129": 139.7365, "10.0.1.151": 175.0002}}, "League of Legends: Wild Rift": {"localIpCount": 3, "localIpFrequency": {"10.0.1.163": 1, "10.0.2.23": 1, "10.0.0.102": 1}, "localIpTotalDuration": 650.9945, "localIpDuration": {"10.0.1.163": 139.9948, "10.0.2.23": 0.0, "10.0.0.102": 510.9997}}, "TFT: Teamfight Tactics": {"localIpCount": 1, "localIpFrequency": {"10.0.2.23": 4}, "localIpTotalDuration": 4395.9964, "localIpDuration": {"10.0.2.23": 4395.9964}}, "PUBG Mobile": {"localIpCount": 1, "localIpFrequency": {"10.0.2.13": 1}, "localIpTotalDuration": 273.0006, "localIpDuration": {"10.0.2.13": 273.0006}}, "Roblox (Game)": {"localIpCount": 16, "localIpFrequency": {"10.0.0.73": 13, "10.0.1.105": 5, "10.0.0.24": 3, "10.0.0.177": 6, "10.0.1.99": 1, "10.0.0.222": 4, "10.0.1.163": 1, "10.0.0.2": 8, "10.0.2.23": 3, "10.0.0.5": 2, "10.0.1.131": 1, "10.0.2.14": 1, "10.0.0.102": 1, "10.0.0.194": 1, "10.0.1.222": 4, "10.0.1.129": 1}, "localIpTotalDuration": 75653.3259, "localIpDuration": {"10.0.0.73": 16449.836399999997, "10.0.1.105": 4660.2197, "10.0.0.24": 2793.0015000000003, "10.0.0.177": 10267.739199999998, "10.0.1.99": 461.9818, "10.0.0.222": 6916.0043, "10.0.1.163": 1474.7924, "10.0.0.2": 12558.022799999999, "10.0.2.23": 5229.0105, "10.0.0.5": 2247.0208000000002, "10.0.1.131": 1797.6915, "10.0.2.14": 1792.0065, "10.0.0.102": 1767.9974, "10.0.0.194": 1078.0024, "10.0.1.222": 5180.0163, "10.0.1.129": 979.9824}}, "Minecraft": {"localIpCount": 3, "localIpFrequency": {"10.0.2.11": 1, "10.0.0.177": 1, "10.0.1.105": 2}, "localIpTotalDuration": 1512.0139000000004, "localIpDuration": {"10.0.2.11": 1330.0041, "10.0.0.177": 133.0015, "10.0.1.105": 49.0083}}}