{"League of Legends: Wild Rift": {"localIpCount": 19, "localIpFrequency": {"10.0.1.221": 1, "10.0.0.233": 2, "10.0.3.13": 2, "10.0.1.196": 1, "10.0.3.99": 4, "10.0.0.154": 2, "10.0.0.30": 1, "10.0.3.88": 1, "10.0.3.228": 7, "10.0.0.5": 1, "10.0.0.80": 1, "10.0.2.194": 4, "10.0.0.142": 15, "10.0.3.236": 5, "10.0.0.57": 1, "10.0.1.49": 7, "10.0.0.96": 1, "10.0.3.164": 1, "10.0.0.193": 1}, "localIpTotalDuration": 60031.6512, "localIpDuration": {"10.0.1.221": 482.0088, "10.0.0.233": 384.9916, "10.0.3.13": 782.0410999999999, "10.0.1.196": 671.0163, "10.0.3.99": 5618.0069, "10.0.0.154": 1797.018, "10.0.0.30": 301.9988, "10.0.3.88": 96.9977, "10.0.3.228": 4314.0859, "10.0.0.5": 861.0048, "10.0.0.80": 774.9858, "10.0.2.194": 5540.0366, "10.0.0.142": 22067.6097, "10.0.3.236": 5115.0274, "10.0.0.57": 499.9852, "10.0.1.49": 7643.8051, "10.0.0.96": 277.0416, "10.0.3.164": 1692.9843, "10.0.0.193": 1111.0056}}, "Hero Blaze: Three Kingdoms": {"localIpCount": 1, "localIpFrequency": {"10.0.0.8": 1}, "localIpTotalDuration": 232.9954, "localIpDuration": {"10.0.0.8": 232.9954}}, "Genshin Impact": {"localIpCount": 1, "localIpFrequency": {"10.0.2.207": 5}, "localIpTotalDuration": 7941.809300000001, "localIpDuration": {"10.0.2.207": 7941.809300000001}}, "Roblox": {"localIpCount": 62, "localIpFrequency": {"10.0.0.49": 13, "10.0.3.202": 4, "10.0.2.75": 1, "10.0.3.203": 4, "10.0.1.232": 6, "10.0.2.66": 1, "10.0.3.204": 1, "10.0.0.105": 5, "10.0.3.206": 2, "10.0.1.210": 11, "10.0.2.184": 2, "10.0.1.142": 10, "10.0.3.162": 8, "10.0.0.233": 4, "10.0.0.222": 17, "10.0.0.80": 113, "10.0.3.25": 7, "10.0.2.70": 1, "10.0.0.120": 5, "10.0.1.63": 50, "10.0.1.196": 6, "10.0.3.211": 1, "10.0.1.213": 8, "10.0.3.13": 12, "10.0.3.99": 3, "10.0.1.135": 32, "10.0.2.194": 6, "10.0.1.133": 2, "10.0.3.224": 12, "10.0.2.151": 18, "10.0.0.255": 1, "10.0.0.108": 12, "10.0.3.228": 31, "10.0.3.182": 6, "10.0.3.195": 11, "10.0.0.241": 3, "10.0.0.193": 1, "10.0.3.232": 1, "10.0.1.126": 18, "10.0.3.210": 5, "10.0.0.220": 1, "10.0.0.154": 7, "10.0.2.111": 4, "10.0.2.112": 2, "10.0.1.128": 1, "10.0.3.245": 3, "10.0.0.186": 5, "10.0.3.236": 2, "10.0.0.142": 15, "10.0.1.255": 1, "10.0.3.240": 1, "10.0.0.242": 1, "10.0.1.49": 4, "10.0.3.255": 1, "10.0.2.42": 1, "10.0.2.116": 1, "10.0.3.254": 1, "10.0.3.225": 1, "10.0.2.108": 1, "10.0.2.207": 1, "10.0.4.10": 1, "10.0.3.235": 1}, "localIpTotalDuration": 887407.7728000002, "localIpDuration": {"10.0.0.49": 23373.0616, "10.0.3.202": 5703.6777, "10.0.2.75": 1799.0017, "10.0.3.203": 7197.7022, "10.0.1.232": 8630.3294, "10.0.2.66": 1797.9982, "10.0.3.204": 1174.0236, "10.0.0.105": 8990.447, "10.0.3.206": 1113.8988, "10.0.1.210": 19344.1618, "10.0.2.184": 3593.0294000000004, "10.0.1.142": 17273.6414, "10.0.3.162": 14394.8348, "10.0.0.233": 7196.7965, "10.0.0.222": 30585.785200000002, "10.0.0.80": 201511.65740000003, "10.0.3.25": 12595.2994, "10.0.2.70": 1799.4093, "10.0.0.120": 8997.9496, "10.0.1.63": 88026.61140000001, "10.0.1.196": 10798.701, "10.0.3.211": 1799.9232, "10.0.1.213": 14395.642300000001, "10.0.3.13": 21587.214599999996, "10.0.3.99": 5399.1299, "10.0.1.135": 46694.1928, "10.0.2.194": 10793.289, "10.0.1.133": 3597.0069000000003, "10.0.3.224": 20121.463099999997, "10.0.2.151": 31547.570900000002, "10.0.0.255": 1799.9955, "10.0.0.108": 21591.7945, "10.0.3.228": 55757.72240000001, "10.0.3.182": 10793.6097, "10.0.3.195": 19784.212000000003, "10.0.0.241": 5397.7199, "10.0.0.193": 636.0121, "10.0.3.232": 1796.206, "10.0.1.126": 31482.2082, "10.0.3.210": 8997.8795, "10.0.0.220": 1799.3909, "10.0.0.154": 9901.749199999998, "10.0.2.111": 7189.5191, "10.0.2.112": 3597.5598, "10.0.1.128": 1799.0138, "10.0.3.245": 5397.329, "10.0.0.186": 8596.2214, "10.0.3.236": 3599.1003, "10.0.0.142": 26882.0849, "10.0.1.255": 1799.8707, "10.0.3.240": 1797.3876, "10.0.0.242": 1796.5075, "10.0.1.49": 7187.0038, "10.0.3.255": 1799.9929, "10.0.2.42": 1799.4016, "10.0.2.116": 1799.7277, "10.0.3.254": 1799.6104, "10.0.3.225": 1798.1006, "10.0.2.108": 1799.3912, "10.0.2.207": 1799.1971, "10.0.4.10": 1799.4127, "10.0.3.235": 1799.3907}}, "MIR4": {"localIpCount": 3, "localIpFrequency": {"10.0.2.89": 4, "10.0.2.90": 6, "10.0.3.110": 4}, "localIpTotalDuration": 7502.7871, "localIpDuration": {"10.0.2.89": 2137.7839000000004, "10.0.2.90": 3628.9750999999997, "10.0.3.110": 1736.0281}}, "FIFA ONLINE 4 M": {"localIpCount": 4, "localIpFrequency": {"10.0.0.34": 2, "10.0.3.13": 1, "10.0.3.243": 1, "10.0.4.12": 4}, "localIpTotalDuration": 8379.0746, "localIpDuration": {"10.0.0.34": 1789.9985, "10.0.3.13": 196.0144, "10.0.3.243": 30.0195, "10.0.4.12": 6363.042200000001}}, "Brawl Stars": {"localIpCount": 3, "localIpFrequency": {"10.0.2.68": 6, "10.0.2.201": 6, "10.0.2.141": 1}, "localIpTotalDuration": 11046.8896, "localIpDuration": {"10.0.2.68": 4661.0079, "10.0.2.201": 6377.7919999999995, "10.0.2.141": 8.0897}}, "Minecraft": {"localIpCount": 5, "localIpFrequency": {"10.0.3.123": 2, "10.0.3.208": 1, "10.0.3.235": 2, "10.0.1.26": 1, "10.0.3.236": 1}, "localIpTotalDuration": 3850.2141, "localIpDuration": {"10.0.3.123": 1997.0953, "10.0.3.208": 0.0, "10.0.3.235": 919.0072, "10.0.1.26": 271.0248, "10.0.3.236": 663.0868}}, "HATSUNE MIKU: COLORFUL STAGE!": {"localIpCount": 1, "localIpFrequency": {"10.0.3.182": 17}, "localIpTotalDuration": 23661.001500000002, "localIpDuration": {"10.0.3.182": 23661.001500000002}}, "Roblox (Game)": {"localIpCount": 79, "localIpFrequency": {"10.0.0.120": 6, "10.0.0.108": 9, "10.0.2.178": 3, "10.0.0.49": 1, "10.0.3.203": 5, "10.0.1.232": 9, "10.0.3.202": 2, "10.0.2.66": 2, "10.0.3.204": 1, "10.0.0.105": 9, "10.0.1.210": 7, "10.0.3.206": 1, "10.0.2.184": 3, "10.0.1.142": 6, "10.0.2.214": 1, "10.0.0.233": 5, "10.0.0.241": 6, "10.0.1.29": 1, "10.0.0.222": 18, "10.0.3.25": 6, "10.0.1.196": 13, "10.0.2.70": 1, "10.0.1.130": 1, "10.0.3.13": 18, "10.0.3.211": 4, "10.0.3.182": 7, "10.0.3.210": 7, "10.0.1.89": 1, "10.0.3.99": 4, "10.0.2.194": 8, "10.0.3.37": 2, "10.0.3.223": 1, "10.0.1.63": 14, "10.0.3.224": 8, "10.0.2.151": 9, "10.0.1.128": 1, "10.0.0.242": 3, "10.0.2.61": 1, "10.0.3.88": 1, "10.0.3.228": 9, "10.0.1.244": 1, "10.0.2.209": 1, "10.0.3.162": 3, "10.0.1.255": 4, "10.0.0.193": 3, "10.0.1.155": 1, "10.0.1.135": 4, "10.0.3.232": 1, "10.0.3.195": 8, "10.0.1.213": 8, "10.0.0.80": 3, "10.0.2.106": 1, "10.0.3.239": 1, "10.0.3.236": 1, "10.0.0.220": 1, "10.0.2.42": 2, "10.0.0.154": 2, "10.0.2.111": 3, "10.0.2.113": 1, "10.0.3.243": 1, "10.0.3.244": 1, "10.0.0.142": 14, "10.0.3.247": 1, "10.0.0.186": 11, "10.0.3.240": 1, "10.0.3.245": 9, "10.0.3.254": 1, "10.0.1.49": 5, "10.0.3.255": 1, "10.0.2.116": 5, "10.0.0.53": 1, "10.0.3.225": 1, "10.0.2.141": 1, "10.0.4.13": 1, "10.0.4.15": 1, "10.0.1.22": 1, "10.0.2.124": 1, "10.0.4.16": 1, "10.0.0.54": 5}, "localIpTotalDuration": 473594.93359999976, "localIpDuration": {"10.0.0.120": 9410.0206, "10.0.0.108": 13119.9633, "10.0.2.178": 4299.9908000000005, "10.0.0.49": 1794.9935, "10.0.3.203": 4795.006600000001, "10.0.1.232": 8446.0032, "10.0.3.202": 1960.1057, "10.0.2.66": 1519.0229, "10.0.3.204": 30.0039, "10.0.0.105": 12844.043800000001, "10.0.1.210": 10257.0196, "10.0.3.206": 444.0042, "10.0.2.184": 4884.0134, "10.0.1.142": 7467.0311, "10.0.2.214": 1119.0048, "10.0.0.233": 8480.5006, "10.0.0.241": 8410.132300000001, "10.0.1.29": 1709.0187, "10.0.0.222": 31758.479599999995, "10.0.3.25": 9474.0509, "10.0.1.196": 22665.8349, "10.0.2.70": 1798.0012, "10.0.1.130": 1799.0118, "10.0.3.13": 27148.939400000003, "10.0.3.211": 7116.0216, "10.0.3.182": 12039.1225, "10.0.3.210": 12262.6197, "10.0.1.89": 1781.0015, "10.0.3.99": 7136.8087, "10.0.2.194": 13017.5987, "10.0.3.37": 2024.8494, "10.0.3.223": 1047.9975, "10.0.1.63": 17475.086600000002, "10.0.3.224": 7082.026899999999, "10.0.2.151": 8214.9487, "10.0.1.128": 1687.0, "10.0.0.242": 1302.9960999999998, "10.0.2.61": 1741.0136, "10.0.3.88": 1779.0005, "10.0.3.228": 13178.111000000003, "10.0.1.244": 1799.8999, "10.0.2.209": 1767.9071, "10.0.3.162": 5315.3229, "10.0.1.255": 6707.0107,