{"Genshin Impact": {"localIpCount": 2, "localIpFrequency": {"10.0.0.48": 1, "10.0.0.113": 1}, "localIpTotalDuration": 1223.9938, "localIpDuration": {"10.0.0.48": 1039.9944, "10.0.0.113": 183.9994}}, "Minecraft": {"localIpCount": 3, "localIpFrequency": {"10.0.0.8": 1, "10.0.0.79": 1, "10.0.0.94": 1}, "localIpTotalDuration": 674.0016999999999, "localIpDuration": {"10.0.0.8": 633.9996, "10.0.0.79": 5.0001, "10.0.0.94": 35.002}}, "League of Legends: Wild Rift": {"localIpCount": 18, "localIpFrequency": {"10.0.0.17": 32, "10.0.0.21": 2, "10.0.0.50": 1, "10.0.0.52": 2, "10.0.0.111": 1, "10.0.0.75": 1, "10.0.0.95": 3, "10.0.0.36": 1, "10.0.0.45": 2, "10.0.0.42": 2, "10.0.0.47": 2, "10.0.0.67": 1, "10.0.0.132": 1, "10.0.0.6": 1, "10.0.0.138": 1, "10.0.0.82": 2, "10.0.0.23": 5, "10.0.0.27": 2}, "localIpTotalDuration": 84991.26330000002, "localIpDuration": {"10.0.0.17": 51848.74320000001, "10.0.0.21": 2719.7609, "10.0.0.50": 1394.9996, "10.0.0.52": 2605.0012, "10.0.0.111": 1740.005, "10.0.0.75": 1643.9985, "10.0.0.95": 4869.9997, "10.0.0.36": 635.0034, "10.0.0.45": 1665.0012000000002, "10.0.0.42": 311.9497, "10.0.0.47": 1190.0046, "10.0.0.67": 160.0016, "10.0.0.132": 835.0119, "10.0.0.6": 714.0015, "10.0.0.138": 345.0032, "10.0.0.82": 2665.0056, "10.0.0.23": 7463.7736, "10.0.0.27": 2183.9989}}, "Clash Royale": {"localIpCount": 1, "localIpFrequency": {"10.0.0.79": 1}, "localIpTotalDuration": 0.0029, "localIpDuration": {"10.0.0.79": 0.0029}}, "Roblox (Game)": {"localIpCount": 61, "localIpFrequency": {"10.0.0.24": 29, "10.0.0.23": 1, "10.0.0.26": 1, "10.0.0.8": 7, "10.0.0.99": 19, "10.0.0.95": 1, "10.0.0.2": 6, "10.0.0.11": 14, "10.0.0.21": 8, "10.0.0.75": 14, "10.0.0.29": 2, "10.0.0.31": 2, "10.0.0.36": 3, "10.0.0.100": 11, "10.0.0.38": 1, "10.0.0.33": 46, "10.0.0.34": 6, "10.0.0.6": 11, "10.0.0.104": 3, "10.0.0.45": 9, "10.0.0.52": 1, "10.0.0.107": 3, "10.0.0.87": 1, "10.0.0.71": 2, "10.0.0.30": 1, "10.0.0.110": 1, "10.0.0.111": 3, "10.0.0.114": 1, "10.0.0.81": 1, "10.0.0.82": 13, "10.0.0.4": 2, "10.0.0.12": 1, "10.0.0.85": 2, "10.0.0.64": 1, "10.0.0.117": 3, "10.0.0.90": 2, "10.0.0.103": 1, "10.0.0.102": 9, "10.0.0.37": 12, "10.0.0.96": 1, "10.0.0.124": 1, "10.0.0.109": 1, "10.0.0.57": 1, "10.0.0.122": 1, "10.0.0.125": 2, "10.0.0.47": 1, "10.0.0.127": 1, "10.0.0.72": 3, "10.0.0.128": 3, "10.0.0.5": 2, "10.0.0.9": 9, "10.0.0.134": 1, "10.0.0.133": 1, "10.0.0.14": 4, "10.0.0.15": 1, "10.0.0.18": 1, "10.0.0.19": 1, "10.0.0.145": 1, "10.0.0.22": 1, "10.0.0.20": 2, "10.0.0.121": 1}, "localIpTotalDuration": 408327.5603999995, "localIpDuration": {"10.0.0.24": 43687.8195, "10.0.0.23": 1154.9989, "10.0.0.26": 180.0, "10.0.0.8": 9034.0002, "10.0.0.99": 28528.932299999997, "10.0.0.95": 1231.9943, "10.0.0.2": 6753.004400000001, "10.0.0.11": 20602.000000000004, "10.0.0.21": 5960.015000000001, "10.0.0.75": 17630.0569, "10.0.0.29": 3220.0014, "10.0.0.31": 3390.0009, "10.0.0.36": 5283.3091, "10.0.0.100": 17011.728000000003, "10.0.0.38": 1684.9989, "10.0.0.33": 69628.84959999999, "10.0.0.34": 8598.3068, "10.0.0.6": 18401.6518, "10.0.0.104": 5342.0005, "10.0.0.45": 13623.1789, "10.0.0.52": 1785.0025, "10.0.0.107": 5042.0007000000005, "10.0.0.87": 250.0004, "10.0.0.71": 2280.0017, "10.0.0.30": 1798.0017, "10.0.0.110": 1689.998, "10.0.0.111": 4082.0157999999997, "10.0.0.114": 1695.9995, "10.0.0.81": 1779.9997, "10.0.0.82": 19210.0166, "10.0.0.4": 1033.9955, "10.0.0.12": 128.0005, "10.0.0.85": 760.0013, "10.0.0.64": 1799.9997, "10.0.0.117": 1842.0572000000002, "10.0.0.90": 3319.9984999999997, "10.0.0.103": 79.9998, "10.0.0.102": 6730.017499999999, "10.0.0.37": 19137.299199999998, "10.0.0.96": 309.9987, "10.0.0.124": 1065.9977, "10.0.0.109": 1244.9914, "10.0.0.57": 60.0598, "10.0.0.122": 1750.0002, "10.0.0.125": 3535.9725, "10.0.0.47": 405.0, "10.0.0.127": 130.0024, "10.0.0.72": 1745.0086000000001, "10.0.0.128": 3472.9249, "10.0.0.5": 1668.0057000000002, "10.0.0.9": 15718.004099999998, "10.0.0.134": 1770.0099, "10.0.0.133": 1739.9874, "10.0.0.14": 6698.3413, "10.0.0.15": 164.0003, "10.0.0.18": 1733.9995, "10.0.0.19": 1379.9997, "10.0.0.145": 1750.0066, "10.0.0.22": 1655.999, "10.0.0.20": 3248.002, "10.0.0.121": 1689.9955}}, "FIFA ONLINE 4 M": {"localIpCount": 3, "localIpFrequency": {"10.0.0.29": 1, "10.0.0.100": 3, "10.0.0.23": 5}, "localIpTotalDuration": 11716.944699999998, "localIpDuration": {"10.0.0.29": 1485.0005, "10.0.0.100": 1907.9377, "10.0.0.23": 8324.0065}}, "Roblox": {"localIpCount": 71, "localIpFrequency": {"10.0.0.24": 32, "10.0.0.21": 111, "10.0.0.74": 1, "10.0.0.23": 1, "10.0.0.8": 12, "10.0.0.99": 24, "10.0.0.95": 1, "10.0.0.2": 6, "10.0.0.75": 14, "10.0.0.11": 12, "10.0.0.29": 4, "10.0.0.33": 48, "10.0.0.101": 1, "10.0.0.31": 2, "10.0.0.102": 16, "10.0.0.100": 7, "10.0.0.42": 1, "10.0.0.34": 4, "10.0.0.46": 1, "10.0.0.36": 4, "10.0.0.48": 1, "10.0.0.104": 4, "10.0.0.43": 2, "10.0.0.106": 2, "10.0.0.45": 5, "10.0.0.52": 1, "10.0.0.6": 13, "10.0.0.56": 4, "10.0.0.107": 2, "10.0.0.87": 1, "10.0.0.63": 3, "10.0.0.70": 1, "10.0.0.30": 2, "10.0.0.27": 1, "10.0.0.111": 2, "10.0.0.114": 3, "10.0.0.79": 2, "10.0.0.82": 14, "10.0.0.12": 1, "10.0.0.85": 1, "10.0.0.64": 1, "10.0.0.71": 1, "10.0.0.96": 2, "10.0.0.90": 1, "10.0.0.117": 5, "10.0.0.50": 2, "10.0.0.122": 3, "10.0.0.37": 13, "10.0.0.38": 1, "10.0.0.124": 2, "10.0.0.113": 1, "10.0.0.116": 1, "10.0.0.119": 1, "10.0.0.57": 2, "10.0.0.125": 1, "10.0.0.94": 1, "10.0.0.47": 1, "10.0.0.127": 1, "10.0.0.72": 9, "10.0.0.4": 4, "10.0.0.128": 1, "10.0.0.5": 1, "10.0.0.133": 6, "10.0.0.9": 17, "10.0.0.134": 2, "10.0.0.14": 5, "10.0.0.15": 1, "10.0.0.121": 1, "10.0.0.18": 1, "10.0.0.145": 1, "10.0.0.20": 2}, "localIpTotalDuration": 778425.9708999991, "localIpDuration": {"10.0.0.24": 55651.8859, "10.0.0.21": 196563.34499999986, "10.0.0.74": 1132.0001, "10.0.0.23": 1795.0004, "10.0.0.8": 19502.456299999998, "10.0.0.99": 42574.7337, "10.0.0.95": 1799.7646, "10.0.0.2": 10534.3872, "10.0.0.75": 24430.9586, "10.0.0.11": 21564.494099999996, "10.0.0.29": 7173.8956, "10.0.0.33": 84235.99350000001, "10.0.0.101": 1799.7693, "10.0.0.31": 3590.5431, "10.0.0.102": 27299.5062, "10.0.0.100": 12471.086000000001, "10.0.0.42": 1799.2761, "10.0.0.34": 5634.1963000000005, "10.0.0.46": 1799.0762, "10.0.0.36": 7188.8399, "10.0.0.48": 1798.7831, "10.0.0.104": 7194.9639, "10.0.0.43": 3593.3637, "10.0.0.106": 1977.7692, "10.0.0.45": 7904.8984, "10.0.0.52": 1798.1142, "10.0.0.6": 22010.184800000003, "10.0.0.56": 4913.1834, "10.0.0.107": 3596.3455000000004, "10.0.0.87": 1596.0003, "10.0.0.63": 5393.3932, "10.0.0.70": 1799.1889, "10.0.0.30": 3591.7736999999997, "10.0.0.27": 1799.7551, "10.0.0.111": 3234.7617, "10.0.0.114": 5394.7248, "10.0.0.79": 3575.0056, "10.0.0.82": 22816.412900000003, "10.0.0.12": 612.0001, "10.0.0.85": 1799.1873, "10.0.0.64": 1799.9992, "10.0.0.71": 1769.9997, "10.0.0.96": 3565.004, "10.0.0.90": 1785.9994, "10.0.0.117": 3682.0424, "10.0.0.50": 800.018, "10.0.0.122": 4891.9865, "10.0.0.37": 22291.9643, "10.0.0.38": 1713.7877, "10.0.0.124": 2958.0761, "10.0.0.113": 1799.9911, "10.0.0.116": 1799.9998, "10.0.0.119": 1797.5151, "10.0.0.57": 3589.3010000000004, "10.0.0.125": 1799.4224, "10.0.0.94": 1797.973, "10.0.0.47": 1544.1169, "10.0.0.127": 340.0003, "10.0.0.72": 16178.443500000001, "10.0.0.4": 6825.2884, "10.0.0.128": 1793.7038, "10.0.0.5": 0.0001, "10.0.0.133": 9574.9453, "10.0.0.9": 29851.64770000001, "10.0.0.134": 3590.0029, "10.0.0.14": 7727.3358, "10.0.0.15": 557.9992, "10.0.0.121": 1798.3046, "10.0.0.18": 465.9996, "10.0.0.145": 1798.5186, "10.0.0.20": 3595.5666}}}