{"Minecraft": {"localIpCount": 1, "localIpFrequency": {"10.0.4.81": 1}, "localIpTotalDuration": 44.7927, "localIpDuration": {"10.0.4.81": 44.7927}}, "League of Legends: Wild Rift": {"localIpCount": 4, "localIpFrequency": {"10.0.1.193": 2, "10.0.5.56": 1, "10.0.5.58": 1, "10.0.2.44": 1}, "localIpTotalDuration": 508.00880000000006, "localIpDuration": {"10.0.1.193": 301.00690000000003, "10.0.5.56": 45.0041, "10.0.5.58": 153.0056, "10.0.2.44": 8.9922}}, "Roblox": {"localIpCount": 25, "localIpFrequency": {"10.0.2.126": 13, "10.0.0.24": 27, "10.0.3.136": 1, "10.0.3.14": 2, "10.0.3.76": 1, "10.0.4.199": 2, "10.0.0.5": 4, "10.0.0.218": 6, "10.0.5.12": 8, "10.0.2.89": 2, "10.0.0.222": 3, "10.0.0.132": 4, "10.0.3.146": 3, "10.0.0.2": 1, "10.0.2.199": 1, "10.0.5.58": 2, "10.0.5.36": 2, "10.0.0.4": 1, "10.0.5.61": 1, "10.0.4.215": 1, "10.0.2.177": 2, "10.0.0.29": 1, "10.0.0.17": 1, "10.0.3.199": 1, "10.0.1.144": 1}, "localIpTotalDuration": 160320.51360000003, "localIpDuration": {"10.0.2.126": 22152.180800000002, "10.0.0.24": 48520.941, "10.0.3.136": 1798.7684, "10.0.3.14": 3597.4987, "10.0.3.76": 1798.6023, "10.0.4.199": 3597.5178, "10.0.0.5": 7188.302000000001, "10.0.0.218": 10792.539200000001, "10.0.5.12": 14390.150000000001, "10.0.2.89": 3597.5236999999997, "10.0.0.222": 5395.0105, "10.0.0.132": 7195.0027, "10.0.3.146": 4773.5326000000005, "10.0.0.2": 1798.7542, "10.0.2.199": 1798.7643, "10.0.5.58": 3588.2678, "10.0.5.36": 3597.1202, "10.0.0.4": 1798.7596, "10.0.5.61": 1798.5271, "10.0.4.215": 1798.6063, "10.0.2.177": 3597.5344, "10.0.0.29": 1799.0367, "10.0.0.17": 1798.7656, "10.0.3.199": 1798.8076, "10.0.1.144": 350.0001}}, "Roblox (Game)": {"localIpCount": 26, "localIpFrequency": {"10.0.5.47": 1, "10.0.2.126": 14, "10.0.3.205": 1, "10.0.3.76": 3, "10.0.4.199": 2, "10.0.0.5": 3, "10.0.5.12": 11, "10.0.0.218": 1, "10.0.0.222": 6, "10.0.2.89": 2, "10.0.0.132": 7, "10.0.0.27": 1, "10.0.5.43": 1, "10.0.0.24": 3, "10.0.2.199": 1, "10.0.1.207": 2, "10.0.5.58": 1, "10.0.3.204": 1, "10.0.5.60": 1, "10.0.2.86": 1, "10.0.5.36": 1, "10.0.3.146": 3, "10.0.0.17": 1, "10.0.4.215": 2, "10.0.2.177": 1, "10.0.1.144": 1}, "localIpTotalDuration": 114740.21140000001, "localIpDuration": {"10.0.5.47": 1674.009, "10.0.2.126": 23406.1272, "10.0.3.205": 1790.9962, "10.0.3.76": 3572.2643, "10.0.4.199": 1089.0169, "10.0.0.5": 4627.0001999999995, "10.0.5.12": 19053.039200000003, "10.0.0.218": 1770.9918, "10.0.0.222": 10393.7322, "10.0.2.89": 3472.0098, "10.0.0.132": 12424.491399999999, "10.0.0.27": 1658.7541, "10.0.5.43": 1773.0073, "10.0.0.24": 3474.0933, "10.0.2.199": 1799.0085, "10.0.1.207": 3583.9748, "10.0.5.58": 170.9926, "10.0.3.204": 1773.0767, "10.0.5.60": 1772.9872, "10.0.2.86": 1694.0136, "10.0.5.36": 1789.9945, "10.0.3.146": 5249.524, "10.0.0.17": 1792.017, "10.0.4.215": 2961.0825, "10.0.2.177": 1799.0111, "10.0.1.144": 174.996}}, "FIFA ONLINE 4 M": {"localIpCount": 1, "localIpFrequency": {"10.0.4.98": 1}, "localIpTotalDuration": 1322.9164, "localIpDuration": {"10.0.4.98": 1322.9164}}}