{"Genshin Impact": {"localIpCount": 2, "localIpFrequency": {"10.0.2.207": 14, "10.0.3.165": 1}, "localIpTotalDuration": 23265.0919, "localIpDuration": {"10.0.2.207": 23054.0943, "10.0.3.165": 210.9976}}, "HATSUNE MIKU: COLORFUL STAGE!": {"localIpCount": 1, "localIpFrequency": {"10.0.3.182": 13}, "localIpTotalDuration": 17033.0399, "localIpDuration": {"10.0.3.182": 17033.0399}}, "League of Legends: Wild Rift": {"localIpCount": 27, "localIpFrequency": {"10.0.0.142": 27, "10.0.3.77": 7, "10.0.0.208": 1, "10.0.3.37": 2, "10.0.1.174": 1, "10.0.1.33": 1, "10.0.3.26": 1, "10.0.3.13": 4, "10.0.1.133": 5, "10.0.2.13": 4, "10.0.0.238": 11, "10.0.3.130": 1, "10.0.1.191": 1, "10.0.2.176": 1, "10.0.3.167": 1, "10.0.1.100": 1, "10.0.3.164": 3, "10.0.1.229": 2, "10.0.2.52": 3, "10.0.1.209": 2, "10.0.1.49": 3, "10.0.3.182": 2, "10.0.0.193": 1, "10.0.0.146": 1, "10.0.3.25": 1, "10.0.3.198": 1, "10.0.3.123": 1}, "localIpTotalDuration": 109179.69890000008, "localIpDuration": {"10.0.0.142": 39354.541, "10.0.3.77": 9171.0709, "10.0.0.208": 1639.9776, "10.0.3.37": 3549.2727, "10.0.1.174": 294.9967, "10.0.1.33": 390.9923, "10.0.3.26": 1356.911, "10.0.3.13": 1644.8398000000002, "10.0.1.133": 8503.6274, "10.0.2.13": 4522.7807999999995, "10.0.0.238": 16159.1241, "10.0.3.130": 1627.9921, "10.0.1.191": 549.0122, "10.0.2.176": 494.9904, "10.0.3.167": 298.0153, "10.0.1.100": 1514.0163, "10.0.3.164": 4573.9784, "10.0.1.229": 426.97800000000007, "10.0.2.52": 3785.0199000000002, "10.0.1.209": 1914.0054, "10.0.1.49": 5042.6561, "10.0.3.182": 507.0275, "10.0.0.193": 917.0293, "10.0.0.146": 541.0096, "10.0.3.25": 263.013, "10.0.3.198": 0.0053, "10.0.3.123": 136.8158}}, "Roblox": {"localIpCount": 88, "localIpFrequency": {"10.0.0.142": 3, "10.0.3.13": 12, "10.0.0.208": 1, "10.0.1.1": 8, "10.0.3.76": 3, "10.0.3.75": 2, "10.0.0.49": 22, "10.0.3.77": 2, "10.0.1.219": 1, "10.0.2.178": 10, "10.0.1.210": 15, "10.0.1.135": 85, "10.0.0.187": 1, "10.0.3.25": 5, "10.0.2.209": 1, "10.0.1.104": 3, "10.0.2.194": 10, "10.0.1.213": 3, "10.0.2.42": 4, "10.0.1.251": 1, "10.0.3.94": 1, "10.0.0.242": 5, "10.0.1.63": 87, "10.0.2.207": 3, "10.0.1.44": 3, "10.0.0.54": 36, "10.0.2.0": 1, "10.0.0.196": 5, "10.0.1.81": 1, "10.0.0.222": 3, "10.0.1.19": 1, "10.0.0.120": 9, "10.0.0.238": 5, "10.0.0.52": 1, "10.0.2.14": 1, "10.0.0.233": 2, "10.0.1.170": 1, "10.0.1.128": 5, "10.0.0.241": 7, "10.0.1.191": 1, "10.0.3.37": 4, "10.0.2.208": 4, "10.0.0.146": 5, "10.0.1.142": 5, "10.0.2.38": 2, "10.0.2.159": 1, "10.0.0.101": 2, "10.0.1.126": 4, "10.0.3.157": 1, "10.0.2.176": 1, "10.0.3.159": 1, "10.0.2.28": 1, "10.0.3.149": 3, "10.0.3.160": 1, "10.0.1.196": 1, "10.0.3.162": 7, "10.0.1.75": 1, "10.0.0.79": 1, "10.0.3.19": 1, "10.0.0.80": 66, "10.0.3.166": 1, "10.0.2.151": 14, "10.0.0.53": 1, "10.0.1.100": 2, "10.0.3.164": 4, "10.0.0.195": 1, "10.0.1.50": 7, "10.0.1.148": 3, "10.0.0.61": 1, "10.0.0.108": 11, "10.0.3.177": 2, "10.0.0.39": 1, "10.0.2.70": 2, "10.0.0.105": 9, "10.0.0.103": 1, "10.0.2.13": 2, "10.0.3.182": 10, "10.0.0.21": 1, "10.0.2.68": 1, "10.0.3.58": 1, "10.0.1.49": 2, "10.0.3.189": 4, "10.0.3.180": 2, "10.0.3.191": 1, "10.0.1.22": 1, "10.0.1.41": 1, "10.0.3.99": 4, "10.0.2.90": 2}, "localIpTotalDuration": 1013452.387700002, "localIpDuration": {"10.0.0.142": 5391.536700000001, "10.0.3.13": 21584.6802, "10.0.0.208": 1799.7756, "10.0.1.1": 14394.3812, "10.0.3.76": 5398.0896999999995, "10.0.3.75": 2877.0645999999997, "10.0.0.49": 39548.422399999996, "10.0.3.77": 2387.5974, "10.0.1.219": 1797.9917, "10.0.2.178": 17059.649400000002, "10.0.1.210": 25195.1044, "10.0.1.135": 152827.11050000004, "10.0.0.187": 1799.9996, "10.0.3.25": 8834.176899999999, "10.0.2.209": 1799.304, "10.0.1.104": 5397.6065, "10.0.2.194": 17992.5177, "10.0.1.213": 5399.3008, "10.0.2.42": 7194.2063, "10.0.1.251": 1799.7568, "10.0.3.94": 1799.3938, "10.0.0.242": 8997.2032, "10.0.1.63": 156441.61870000002, "10.0.2.207": 5398.31, "10.0.1.44": 5399.5656, "10.0.0.54": 61008.31320000001, "10.0.2.0": 1799.7985, "10.0.0.196": 8997.1353, "10.0.1.81": 1799.089, "10.0.0.222": 5398.5514, "10.0.1.19": 1799.7381, "10.0.0.120": 14700.5743, "10.0.0.238": 8696.3197, "10.0.0.52": 1799.2942, "10.0.2.14": 1798.7623, "10.0.0.233": 3598.4261, "10.0.1.170": 1799.7012, "10.0.1.128": 8998.8502, "10.0.0.241": 11997.153199999999, "10.0.1.191": 1799.7794, "10.0.3.37": 7197.5444, "10.0.2.208": 6081.7477, "10.0.0.146": 8998.1351, "10.0.1.142": 8932.8241, "10.0.2.38": 3581.7665, "10.0.2.159": 59.0004, "10.0.0.101": 3552.0111, "10.0.1.126": 7196.5025, "10.0.3.157": 998.0067, "10.0.2.176": 1798.0091, "10.0.3.159": 1791.0074, "10.0.2.28": 1799.8319, "10.0.3.149": 5398.7015, "10.0.3.160": 1799.1219, "10.0.1.196": 1799.7476, "10.0.3.162": 12594.7057, "10.0.1.75": 1798.2183, "10.0.0.79": 1799.3018, "10.0.3.19": 1796.2909, "10.0.0.80": 118655.25409999999, "10.0.3.166": 1066.0059, "10.0.2.151": 23838.8633, "10.0.0.53": 1798.0065, "10.0.1.100": 3599.493, "10.0.3.164": 7186.7035, "10.0.0.195": 1799.7641, "10.0.1.50": 12595.1211, "10.0.1.148": 5395.544599999999, "10.0.0.61": 1798.0096, "10.0.0.108": 19155.910700000004, "10.0.3.177": 3598.5196, "10.0.0.39": 1799.7701, "10.0.2.70": 3593.3917, "10.0.0.105": 15419.813299999998, "10.0.0.103": 1798.1144, "10.0.2.13": 3201.7533999999996, "10.0.3.182": 17988.238900000004, "10.0.0.21": 1511.3956, "10.0.2.68": 1789.0089, "10.0.3.58": 1799.0011, "10.0.1.49": 3599.5232, "10.0.3.189": 7196.0876, "10.0.3.180": 3598.1059999999998, "10.0.3.191": 1798.9111, "10.0.1.22": 1799.7568, "10.0.1.41": 1799.8117, "10.0.3.99": 7196.6268, "10.0.2.90": 3597.5567}}, "Brawl Stars": {"localIpCount": 1, "localIpFrequency": {"10.0.2.201": 4}, "localIpTotalDuration": 1797.7453, "localIpDuration": {"10.0.2.201": 1797.7453}}, "MIR4": {"localIpCount": 3, "localIpFrequency": {"10.0.2.89": 6, "10.0.2.90": 6, "10.0.3.110": 5}, "localIpTotalDuration": 13393.752599999998, "localIpDuration": {"10.0.2.89": 3986.1291, "10.0.2.90": 4779.5959, "10.0.3.110": 4628.0276}}, "Minecraft": {"localIpCount": 11, "localIpFrequency": {"10.0.1.202": 1, "10.0.1.153": 1, "10.0.2.16": 1, "10.0.3.123": 12, "10.0.3.129": 1, "10.0.1.104": 12, "10.0.1.100": 10, "10.0.1.135": 1, "10.0.3.182": 7, "10.0.0.108": 1, "10.0.2.57": 1}, "localIpTotalDuration": 54373.76840000001, "localIpDuration": {"10.0.1.202": 180.0086, "10.0.1.153": 24.0101, "10.0.2.16": 423.9904, "10.0.3.123": 14900.407999999998, "10.0.3.129": 274.9918, "10.0.1.104": 12062.838599999997, "10.0.1.100": 17085.3852, "10.0.1.135": 683.9954, "10.0.3.182": 5807.143099999999, "10.0.0.108": 1134.9904, "10.0.2.57": 1796.0068}}, "FIFA ONLINE 4 M": {"localIpCount": 6, "localIpFrequency": {"10.0.3.13": 4, "10.0.3.78": 1, "10.0.2.13": 5, "10.0.2.12": 1, "10.0.2.90": 1, "10.0.2.75": 1}, "localIpTotalDuration": 9930.862, "localIpDuration": {"10.0.3.13": 1054.101, "10.0.3.78": 989.9098, "10.0.2.13": 6321.7754, "10.0.2.12": 72.0063, "10.0.2.90": 137.0762, "10.0.2.75": 1355.9933}}, "Odin: Valhalla Rising": {"localIpCount": 2, "localIpFrequency": {"10.0.2.222": 1, "10.0.3.162": 1}, "localIpTotalDuration": 181.0079, "localIpDuration": {"10.0.2.222": 0.0001, "10.0.3.162": 181.0078}}, "FIFA Mobile": {"localIpCount": 1, "localIpFrequency": {"10.0.2.201": 1}, "localIpTotalDuration": 44.9918, "localIpDuration": {"10.0.2.201": 44.9918}}, "Roblox (Game)": {"localIpCount": 95, "localIpFrequency": {"10.0.0.142": 12, "10.0.1.81": 1, "10.0.0.49": 3, "10.0.3.13": 15, "10.0.3.77": 2, "10.0.1.135": 14, "10.0.3.82": 1, "10.0.1.191": 1, "10.0.1.148": 1, "10.0.1.219": 1, "10.0.2.178": 7, "10.0.1.1": 7, "10.0.1.189": 1, "10.0.2.214": 2, "10.0.1.210": 19, "10.0.1.213": 2, "10.0.0.143": 2, "10.0.1.63": 21, "10.0.3.25": 5, "10.0.2.194": 2, "10.0.1.44": 3, "10.0.0.222": 6, "10.0.0.120": 10, "10.0.1.251": 1, "10.0.3.91": 1, "10.0.1.104": 3, "10.0.0.54": 33, "10.0.1.130": 1, "10.0.3.99": 3, "10.0.2.207": 5, "10.0.2.3": 1, "10.0.0.196": 3, "10.0.0.221": 1, "10.0.1.221": 1, "10.0.1.255": 5, "10.0.0.238": 5, "10.0.0.52": 2, "10.0.1.170": 1, "10.0.3.130": 1, "10.0.0.80": 12,