{"Minecraft": {"localIpCount": 1, "localIpFrequency": {"10.0.2.95": 1}, "localIpTotalDuration": 356.9752, "localIpDuration": {"10.0.2.95": 356.9752}}, "Honkai: Star Rail": {"localIpCount": 1, "localIpFrequency": {"10.0.0.34": 1}, "localIpTotalDuration": 140.0089, "localIpDuration": {"10.0.0.34": 140.0089}}, "Roblox": {"localIpCount": 45, "localIpFrequency": {"10.0.0.190": 1, "10.0.3.15": 2, "10.0.1.235": 1, "10.0.0.2": 1, "10.0.1.23": 8, "10.0.3.242": 1, "10.0.0.170": 11, "10.0.4.124": 1, "10.0.4.125": 1, "10.0.3.30": 1, "10.0.4.88": 3, "10.0.1.17": 1, "10.0.2.20": 21, "10.0.4.54": 1, "10.0.1.34": 1, "10.0.2.18": 1, "10.0.3.199": 1, "10.0.1.132": 1, "10.0.1.204": 2, "10.0.2.73": 3, "10.0.1.205": 1, "10.0.4.101": 1, "10.0.3.254": 1, "10.0.2.82": 4, "10.0.1.195": 1, "10.0.2.114": 1, "10.0.3.182": 1, "10.0.4.150": 4, "10.0.0.34": 3, "10.0.2.202": 4, "10.0.0.40": 2, "10.0.4.152": 2, "10.0.4.154": 2, "10.0.1.89": 1, "10.0.0.33": 1, "10.0.4.113": 1, "10.0.1.221": 4, "10.0.4.1": 4, "10.0.2.3": 1, "10.0.2.66": 3, "10.0.1.70": 1, "10.0.1.58": 5, "10.0.4.162": 2, "10.0.1.125": 3, "10.0.4.48": 1}, "localIpTotalDuration": 201067.37580000007, "localIpDuration": {"10.0.0.190": 1798.7529, "10.0.3.15": 3597.6874, "10.0.1.235": 1798.7323, "10.0.0.2": 1658.7205, "10.0.1.23": 14348.6722, "10.0.3.242": 1790.0019, "10.0.0.170": 19780.555399999997, "10.0.4.124": 139.1848, "10.0.4.125": 279.0801, "10.0.3.30": 1279.9995, "10.0.4.88": 5395.2912, "10.0.1.17": 1799.9999, "10.0.2.20": 37740.5465, "10.0.4.54": 1758.5303, "10.0.1.34": 1800.0, "10.0.2.18": 1798.7459, "10.0.3.199": 1796.3984, "10.0.1.132": 1798.7495, "10.0.1.204": 3594.6778999999997, "10.0.2.73": 5396.2418, "10.0.1.205": 1796.6939, "10.0.4.101": 1797.0068, "10.0.3.254": 1796.1877, "10.0.2.82": 6495.3048, "10.0.1.195": 1797.2943, "10.0.2.114": 1798.736, "10.0.3.182": 1797.0121, "10.0.4.150": 7192.6168, "10.0.0.34": 5396.0291, "10.0.2.202": 7111.0303, "10.0.0.40": 3597.537, "10.0.4.152": 2928.4076999999997, "10.0.4.154": 3593.2107, "10.0.1.89": 1798.8302, "10.0.0.33": 1798.7948, "10.0.4.113": 1799.998, "10.0.1.221": 7195.0001, "10.0.4.1": 6223.084900000001, "10.0.2.3": 1798.5055, "10.0.2.66": 5382.255, "10.0.1.70": 210.0025, "10.0.1.58": 8467.3938, "10.0.4.162": 3118.6066, "10.0.1.125": 5037.251, "10.0.4.48": 1790.0178}}, "FIFA ONLINE 4 M": {"localIpCount": 1, "localIpFrequency": {"10.0.4.163": 2}, "localIpTotalDuration": 50.0037, "localIpDuration": {"10.0.4.163": 50.0037}}, "FIFA Mobile": {"localIpCount": 1, "localIpFrequency": {"10.0.4.32": 1}, "localIpTotalDuration": 600.024, "localIpDuration": {"10.0.4.32": 600.024}}, "League of Legends: Wild Rift": {"localIpCount": 8, "localIpFrequency": {"10.0.1.17": 1, "10.0.2.12": 1, "10.0.4.129": 1, "10.0.1.34": 1, "10.0.2.66": 1, "10.0.1.14": 1, "10.0.2.91": 1, "10.0.4.150": 1}, "localIpTotalDuration": 3229.3297000000002, "localIpDuration": {"10.0.1.17": 759.9991, "10.0.2.12": 1141.0031, "10.0.4.129": 29.9998, "10.0.1.34": 119.9992, "10.0.2.66": 14.0264, "10.0.1.14": 20.0003, "10.0.2.91": 1134.0199, "10.0.4.150": 10.2819}}, "Clash of Clan": {"localIpCount": 1, "localIpFrequency": {"10.0.4.32": 1}, "localIpTotalDuration": 20.0019, "localIpDuration": {"10.0.4.32": 20.0019}}, "TFT: Teamfight Tactics": {"localIpCount": 2, "localIpFrequency": {"10.0.0.96": 2, "10.0.2.91": 1}, "localIpTotalDuration": 1035.0712, "localIpDuration": {"10.0.0.96": 160.007, "10.0.2.91": 875.0642}}}