{"Roblox (Adopt Me!)": {"localIpCount": 5, "localIpFrequency": {"10.0.0.82": 1, "10.0.0.45": 6, "10.0.0.69": 1, "10.0.0.88": 12, "10.0.0.33": 1}, "localIpTotalDuration": 18926.5021, "localIpDuration": {"10.0.0.82": 0.1018, "10.0.0.45": 4312.1305999999995, "10.0.0.69": 1715.7539, "10.0.0.88": 12809.0058, "10.0.0.33": 89.51}}, "Roblox": {"localIpCount": 5, "localIpFrequency": {"10.0.0.69": 37, "10.0.0.82": 1, "10.0.0.45": 26, "10.0.0.88": 18, "10.0.0.33": 1}, "localIpTotalDuration": 514790.92980000004, "localIpDuration": {"10.0.0.69": 125328.59040000002, "10.0.0.82": 7772.0012, "10.0.0.45": 346926.71379999997, "10.0.0.88": 32722.0473, "10.0.0.33": 2041.5771}}, "League of Legends: Wild Rift": {"localIpCount": 3, "localIpFrequency": {"10.0.0.34": 1, "10.0.0.8": 1, "10.0.0.81": 2}, "localIpTotalDuration": 8928.6422, "localIpDuration": {"10.0.0.34": 340.3038, "10.0.0.8": 7464.8965, "10.0.0.81": 1123.4419}}}