{"League of Legends: Wild Rift": {"localIpCount": 9, "localIpFrequency": {"10.0.1.36": 3, "10.0.1.57": 1, "10.0.0.143": 2, "10.0.0.94": 1, "10.0.1.120": 3, "10.0.1.148": 1, "10.0.1.134": 1, "10.0.1.68": 5, "10.0.0.197": 1}, "localIpTotalDuration": 8478.697200000002, "localIpDuration": {"10.0.1.36": 1826.9562, "10.0.1.57": 938.0191, "10.0.0.143": 967.828, "10.0.0.94": 7.0001, "10.0.1.120": 1637.9870999999998, "10.0.1.148": 140.024, "10.0.1.134": 118.9298, "10.0.1.68": 2694.951, "10.0.0.197": 147.0019}}, "Roblox": {"localIpCount": 80, "localIpFrequency": {"10.0.0.252": 7, "10.0.1.36": 3, "10.0.1.88": 9, "10.0.0.2": 8, "10.0.0.177": 75, "10.0.0.64": 1, "10.0.0.14": 1, "10.0.0.49": 13, "10.0.1.51": 1, "10.0.1.54": 2, "10.0.1.125": 7, "10.0.0.24": 90, "10.0.1.16": 12, "10.0.0.22": 15, "10.0.0.173": 29, "10.0.0.102": 1, "10.0.1.129": 3, "10.0.0.5": 11, "10.0.1.98": 1, "10.0.1.78": 2, "10.0.1.97": 1, "10.0.0.8": 5, "10.0.0.218": 6, "10.0.0.52": 1, "10.0.0.53": 2, "10.0.0.143": 1, "10.0.1.134": 9, "10.0.0.247": 15, "10.0.1.9": 1, "10.0.0.94": 2, "10.0.0.17": 2, "10.0.0.156": 5, "10.0.1.76": 1, "10.0.1.61": 1, "10.0.0.124": 1, "10.0.1.116": 11, "10.0.0.73": 29, "10.0.1.106": 9, "10.0.1.117": 3, "10.0.1.1": 1, "10.0.1.57": 5, "10.0.1.144": 3, "10.0.1.111": 20, "10.0.1.145": 12, "10.0.1.128": 2, "10.0.1.143": 2, "10.0.1.147": 27, "10.0.1.152": 1, "10.0.1.138": 1, "10.0.0.76": 3, "10.0.1.154": 1, "10.0.1.105": 19, "10.0.0.122": 2, "10.0.1.139": 1, "10.0.1.142": 3, "10.0.0.4": 3, "10.0.0.194": 1, "10.0.0.3": 1, "10.0.1.68": 12, "10.0.1.108": 4, "10.0.1.149": 1, "10.0.0.12": 7, "10.0.1.158": 2, "10.0.0.208": 1, "10.0.1.155": 3, "10.0.0.47": 1, "10.0.0.7": 1, "10.0.1.160": 1, "10.0.1.162": 1, "10.0.1.164": 2, "10.0.0.98": 1, "10.0.0.204": 1, "10.0.1.171": 2, "10.0.1.172": 1, "10.0.0.61": 3, "10.0.1.161": 1, "10.0.0.222": 6, "10.0.1.20": 1, "10.0.1.180": 3, "10.0.1.173": 11}, "localIpTotalDuration": 989498.8177000011, "localIpDuration": {"10.0.0.252": 11289.839, "10.0.1.36": 2119.4022, "10.0.1.88": 16166.9168, "10.0.0.2": 14356.205, "10.0.0.177": 134683.24859999996, "10.0.0.64": 377.9995, "10.0.0.14": 552.9674, "10.0.0.49": 23368.3718, "10.0.1.51": 1799.0064, "10.0.1.54": 3595.0945, "10.0.1.125": 12591.5115, "10.0.0.24": 161542.36149999997, "10.0.1.16": 21467.145099999998, "10.0.0.22": 24104.937000000005, "10.0.0.173": 52104.34879999999, "10.0.0.102": 1797.2101, "10.0.1.129": 5394.626, "10.0.0.5": 18990.0222, "10.0.1.98": 1796.8499, "10.0.1.78": 3595.3341, "10.0.1.97": 1797.7147, "10.0.0.8": 8931.8859, "10.0.0.218": 10666.766, "10.0.0.52": 1791.0247, "10.0.0.53": 2470.7368, "10.0.0.143": 1796.0256, "10.0.1.134": 15251.6099, "10.0.0.247": 26918.8837, "10.0.1.9": 1776.8216, "10.0.0.94": 1805.2006, "10.0.0.17": 1728.9923999999999, "10.0.0.156": 8989.598399999999, "10.0.1.76": 1797.7475, "10.0.1.61": 1799.002, "10.0.0.124": 1721.0076, "10.0.1.116": 18810.6838, "10.0.0.73": 48114.05989999999, "10.0.1.106": 13786.0336, "10.0.1.117": 4101.526, "10.0.1.1": 1797.6031, "10.0.1.57": 8776.5106, "10.0.1.144": 5354.3134, "10.0.1.111": 35325.7949, "10.0.1.145": 20507.591699999997, "10.0.1.128": 3598.0249999999996, "10.0.1.143": 3597.7721, "10.0.1.147": 47026.07819999999, "10.0.1.152": 1798.7475, "10.0.1.138": 1797.7254, "10.0.0.76": 5393.7377, "10.0.1.154": 1784.7959, "10.0.1.105": 34152.591199999995, "10.0.0.122": 3590.7709999999997, "10.0.1.139": 1798.0162, "10.0.1.142": 5393.8568, "10.0.0.4": 5389.7943, "10.0.0.194": 1798.7615, "10.0.0.3": 847.0003, "10.0.1.68": 21578.132799999996, "10.0.1.108": 7189.1952, "10.0.1.149": 1797.7401, "10.0.0.12": 12583.974600000001, "10.0.1.158": 2659.5572, "10.0.0.208": 1791.7573, "10.0.1.155": 5389.0951, "10.0.0.47": 721.0134, "10.0.0.7": 1790.1027, "10.0.1.160": 1049.731, "10.0.1.162": 1799.0203, "10.0.1.164": 3597.7484000000004, "10.0.0.98": 1791.7397, "10.0.0.204": 1798.7313, "10.0.1.171": 3594.2997, "10.0.1.172": 1790.8331, "10.0.0.61": 5396.231900000001, "10.0.1.161": 1791.9995, "10.0.0.222": 9749.9741, "10.0.1.20": 1021.9959, "10.0.1.180": 5393.2356, "10.0.1.173": 19744.503900000003}}, "FIFA ONLINE 4 M": {"localIpCount": 3, "localIpFrequency": {"10.0.1.128": 3, "10.0.1.139": 1, "10.0.0.48": 1}, "localIpTotalDuration": 4235.0338, "localIpDuration": {"10.0.1.128": 2415.0176, "10.0.1.139": 1687.0032, "10.0.0.48": 133.013}}, "TFT: Teamfight Tactics": {"localIpCount": 8, "localIpFrequency": {"10.0.1.69": 1, "10.0.0.52": 1, "10.0.0.161": 1, "10.0.0.143": 1, "10.0.0.94": 1, "10.0.1.152": 1, "10.0.0.56": 1, "10.0.1.74": 1}, "localIpTotalDuration": 5012.293699999999, "localIpDuration": {"10.0.1.69": 0.0451, "10.0.0.52": 273.0028, "10.0.0.161": 1126.9324, "10.0.0.143": 1183.0047, "10.0.0.94": 385.0051, "10.0.1.152": 140.0002, "10.0.0.56": 168.2475, "10.0.1.74": 1736.0559}}, "Minecraft": {"localIpCount": 1, "localIpFrequency": {"10.0.1.111": 2}, "localIpTotalDuration": 1778.0353, "localIpDuration": {"10.0.1.111": 1778.0353}}, "\ud0d5\ud0d5\ud2b9\uacf5\ub300": {"localIpCount": 1, "localIpFrequency": {"10.0.1.125": 4}, "localIpTotalDuration": 5046.732099999999, "localIpDuration": {"10.0.1.125": 5046.732099999999}}, "Roblox (Game)": {"localIpCount": 93, "localIpFrequency": {"10.0.0.252": 6, "10.0.1.88": 1, "10.0.1.63": 1, "10.0.0.2": 12, "10.0.0.177": 80, "10.0.0.14": 1, "10.0.0.49": 10, "10.0.1.51": 1, "10.0.0.115": 1, "10.0.1.16": 6, "10.0.0.24": 16, "10.0.0.187": 2, "10.0.1.92": 1, "10.0.1.57": 5, "10.0.1.125": 6, "10.0.0.173": 7, "10.0.0.22": 5, "10.0.1.111": 19, "10.0.1.95": 1, "10.0.0.4": 7, "10.0.0.5": 1, "10.0.1.97": 1, "10.0.1.101": 1, "10.0.0.52": 1, "10.0.0.73": 30, "10.0.1.133": 2, "10.0.1.105": 21, "10.0.1.1": 2, "10.0.1.106": 8, "10.0.1.134": 6, "10.0.1.108": 5, "10.0.1.109": 2, "10.0.0.247": 15, "10.0.1.54": 1, "10.0.0.17": 1, "10.0.0.156": 2, "10.0.0.94": 1, "10.0.1.113": 1, "10.0.1.61": 1, "10.0.0.124": 1, "10.0.1.116": 14, "10.0.1.100": 1, "10.0.1.117": 2, "10.0.1.0": 1, "10.0.1.126": 1, "10.0.1.144": 2, "10.0.1.143": 1, "10.0.1.128": 4, "10.0.1.145": 9, "10.0.1.78": 2, "10.0.0.53": 2, "10.0.1.147": 20, "10.0.0.227": 1, "10.0.1.152": 2, "10.0.0.76": 2, "10.0.1.139": 2, "10.0.1.154": 2, "10.0.0.122": 2, "10.0.1.142": 5, "10.0.0.194": 1, "10.0.1.68": 8, "10.0.1.135": 3, "10.0.1.62": 1, "10.0.1.148": 1, "10.0.0.12": 1, "10.0.1.158": 4, "10.0.1.129": 1, "10.0.0.208": 1, "10.0.1.155": 1, "10.0.1.65": 1, "10.0.0.218": 1, "10.0.1.118": 1, "10.0.0.7": 1, "10.0.1.162": 1, "10.0.1.14": 1, "10.0.0.59": 1, "10.0.1.163": 1, "10.0.0.174": 1, "10.0.1.164": 3, "10.0.0.98": 1, "10.0.1.170": 1, "10.0.0.9": 1, "10.0.1.172": 2, "10.0.0.61": 4, "10.0.1.157": 1, "10.0.0.171": 1, "10.0.0.222": 8, "10.0.1.180": 4, "10.0.1.131": 1, "10.0.1.173": 9, "10.0.0.97": 1, "10.0.1.176": 1, "10.0.0.89": 1}, "localIpTotalDuration": 656096.7608999996, "localIpDuration": {"10.0.0.252": 4969.8145, "10.0.1.88": 1546.9939, "10.0.1.63": 882.0122, "10.0.0.2": 17724.0382, "10.0.0.177": 132701.70020000005, "10.0.0.14": 251.9791, "10.0.0.49": 15797.33, "10.0.1.51": 1694.0099, "10.0.0.115": 1797.193, "10.0.1.16": 9400.8032, "10.0.0.24": 25893.2086, "10.0.0.187": 3388.0231, "10.0.1.92": 1755.1987, "10.0.1.57": 7846.979299999999, "10.0.1.125": 9527.0956, "10.0.0.173": 10456.6057, "10.0.0.22": 6124.7527, "10.0.1.111": 30078.468700000005, "10.0.1.95": 1728.9967, "10.0.0.4": 8449.039999999999, "10.0.0.5": 7.0024, "10.0.1.97": 1757.0, "10.0.1.101": 973.0033, "10.0.0.52": 1651.9558, "10.0.0.73": 39983.1412, "10.0.1.133": 1798.9985, "10.0.1.105": 31675.695, "10.0.1.1": 3570.0059, "10.0.1.106": 8122.851200000001, "10.0.1.134": 10170.945600000003, "10.0.1.108": 8195.966199999999, "10.0.1.109": 3528.028, "10.0.0.247": 21713.548399999996, "10.0.1.54": 1742.9996, "10.0.0.17": 76.9978, "10.0.0.156": 3493.0077, "10.0.0.94": 1742.9317, "10.0.1.113": 1686.9979, "10.0.1.61": 1617.0007, "10.0.0.124": 616.0035, "10.0.1.116": 20292.037600000003, "10.0.1.100": 1190.0097, "10.0.1.117": 1931.9888, "10.0.1.0": 1603.0097, "10.0.1.126": 1694.0019, "10.0.1.144": 3584.2481, "10.0.1.143": 1799.0071,