{"Among us": {"localIpCount": 2, "localIpFrequency": {"10.0.14.183": 2, "10.0.15.8": 2}, "localIpTotalDuration": 4140.376, "localIpDuration": {"10.0.14.183": 2539.9948, "10.0.15.8": 1600.3812}}, "Clash Royale": {"localIpCount": 1, "localIpFrequency": {"10.0.8.54": 2}, "localIpTotalDuration": 28.0158, "localIpDuration": {"10.0.8.54": 28.0158}}, "FIFA Mobile": {"localIpCount": 1, "localIpFrequency": {"10.0.13.165": 10}, "localIpTotalDuration": 7480.0244, "localIpDuration": {"10.0.13.165": 7480.0244}}, "Cookie Run: Kingdom": {"localIpCount": 1, "localIpFrequency": {"10.0.14.85": 4}, "localIpTotalDuration": 3539.9552000000003, "localIpDuration": {"10.0.14.85": 3539.9552000000003}}, "Minecraft": {"localIpCount": 7, "localIpFrequency": {"10.0.13.45": 2, "10.0.7.172": 2, "10.0.13.138": 4, "10.0.13.194": 2, "10.0.8.160": 2, "10.0.8.185": 4, "10.0.8.181": 10}, "localIpTotalDuration": 16299.0504, "localIpDuration": {"10.0.13.45": 300.0064, "10.0.7.172": 42.015, "10.0.13.138": 2457.0244, "10.0.13.194": 900.3232, "10.0.8.160": 573.981, "10.0.8.185": 3542.0320000000006, "10.0.8.181": 8483.6684}}, "Roblox": {"localIpCount": 203, "localIpFrequency": {"10.0.7.156": 2, "10.0.12.228": 8, "10.0.7.150": 4, "10.0.7.134": 2, "10.0.7.94": 2, "10.0.12.224": 2, "10.0.7.103": 14, "10.0.12.243": 2, "10.0.12.242": 2, "10.0.12.231": 2, "10.0.13.34": 6, "10.0.12.241": 2, "10.0.13.50": 4, "10.0.13.54": 10, "10.0.7.164": 2, "10.0.7.165": 2, "10.0.7.170": 2, "10.0.13.59": 6, "10.0.7.172": 14, "10.0.7.174": 6, "10.0.13.62": 2, "10.0.13.69": 6, "10.0.13.90": 2, "10.0.13.75": 2, "10.0.7.185": 2, "10.0.13.86": 2, "10.0.13.91": 2, "10.0.7.193": 2, "10.0.7.173": 16, "10.0.13.57": 2, "10.0.7.168": 4, "10.0.13.83": 4, "10.0.13.107": 4, "10.0.13.119": 2, "10.0.13.97": 4, "10.0.13.126": 2, "10.0.7.202": 2, "10.0.7.216": 2, "10.0.7.217": 2, "10.0.13.138": 2, "10.0.13.154": 2, "10.0.7.220": 2, "10.0.13.67": 2, "10.0.13.159": 2, "10.0.13.77": 20, "10.0.13.162": 2, "10.0.7.177": 6, "10.0.13.117": 2, "10.0.13.170": 10, "10.0.7.231": 2, "10.0.13.172": 2, "10.0.7.232": 6, "10.0.7.234": 16, "10.0.13.176": 2, "10.0.13.180": 8, "10.0.13.183": 2, "10.0.13.177": 2, "10.0.7.255": 4, "10.0.13.197": 2, "10.0.13.199": 4, "10.0.13.201": 2, "10.0.13.181": 4, "10.0.8.9": 2, "10.0.8.7": 2, "10.0.13.219": 2, "10.0.8.5": 18, "10.0.13.213": 2, "10.0.13.221": 2, "10.0.13.233": 4, "10.0.7.250": 4, "10.0.13.215": 2, "10.0.13.212": 2, "10.0.13.235": 2, "10.0.13.237": 2, "10.0.13.238": 2, "10.0.13.240": 2, "10.0.13.242": 2, "10.0.13.244": 4, "10.0.8.21": 14, "10.0.13.246": 6, "10.0.13.249": 4, "10.0.13.250": 4, "10.0.8.24": 4, "10.0.13.252": 2, "10.0.8.28": 4, "10.0.8.22": 4, "10.0.14.10": 2, "10.0.14.1": 2, "10.0.8.37": 2, "10.0.14.26": 2, "10.0.14.17": 2, "10.0.14.29": 4, "10.0.8.33": 6, "10.0.8.50": 2, "10.0.14.36": 2, "10.0.8.52": 4, "10.0.13.247": 2, "10.0.14.39": 2, "10.0.14.43": 10, "10.0.8.53": 2, "10.0.8.55": 2, "10.0.14.50": 12, "10.0.8.58": 4, "10.0.14.54": 2, "10.0.8.59": 10, "10.0.8.64": 2, "10.0.14.63": 2, "10.0.8.70": 36, "10.0.14.70": 2, "10.0.14.68": 2, "10.0.14.81": 2, "10.0.14.47": 2, "10.0.8.73": 4, "10.0.8.83": 2, "10.0.14.90": 2, "10.0.14.55": 2, "10.0.14.100": 2, "10.0.14.99": 4, "10.0.8.69": 2, "10.0.14.69": 4, "10.0.8.88": 2, "10.0.8.89": 2, "10.0.14.103": 2, "10.0.14.105": 2, "10.0.14.106": 18, "10.0.8.91": 16, "10.0.14.115": 4, "10.0.8.93": 6, "10.0.14.116": 10, "10.0.8.96": 4, "10.0.8.99": 8, "10.0.8.101": 4, "10.0.14.126": 4, "10.0.8.106": 2, "10.0.14.129": 2, "10.0.14.135": 16, "10.0.14.139": 2, "10.0.14.146": 2, "10.0.8.110": 2, "10.0.14.155": 2, "10.0.8.118": 2, "10.0.14.159": 2, "10.0.8.115": 6, "10.0.14.147": 4, "10.0.8.123": 2, "10.0.8.126": 2, "10.0.14.148": 4, "10.0.14.171": 34, "10.0.8.128": 8, "10.0.8.129": 12, "10.0.14.181": 2, "10.0.8.133": 4, "10.0.14.182": 2, "10.0.8.139": 2, "10.0.14.184": 10, "10.0.8.135": 6, "10.0.14.190": 2, "10.0.8.149": 2, "10.0.8.148": 2, "10.0.14.196": 2, "10.0.8.150": 10, "10.0.14.197": 4, "10.0.14.180": 4, "10.0.8.161": 4, "10.0.14.199": 2, "10.0.14.201": 2, "10.0.8.138": 2, "10.0.14.204": 2, "10.0.14.193": 2, "10.0.14.179": 2, "10.0.14.211": 2, "10.0.8.130": 4, "10.0.14.212": 2, "10.0.8.170": 4, "10.0.14.217": 2, "10.0.8.172": 2, "10.0.14.218": 2, "10.0.14.214": 6, "10.0.8.176": 2, "10.0.8.181": 4, "10.0.14.222": 10, "10.0.8.183": 6, "10.0.14.216": 4, "10.0.8.185": 10, "10.0.14.219": 4, "10.0.14.232": 2, "10.0.8.193": 6, "10.0.8.195": 2, "10.0.14.235": 6, "10.0.8.198": 2, "10.0.8.202": 2, "10.0.14.240": 2, "10.0.8.201": 2, "10.0.8.203": 4, "10.0.14.220": 4, "10.0.8.199": 4, "10.0.14.245": 2, "10.0.15.0": 2, "10.0.15.1": 4, "10.0.8.182": 4, "10.0.14.255": 4, "10.0.8.192": 4, "10.0.14.249": 2}, "localIpTotalDuration": 1502012.115200001, "localIpDuration": {"10.0.7.156": 3597.5094, "10.0.12.228": 14364.935, "10.0.7.150": 7194.417600000001, "10.0.7.134": 3583.465, "10.0.7.94": 3595.1578, "10.0.12.224": 3596.7686, "10.0.7.103": 22379.4878, "10.0.12.243": 3597.558, "10.0.12.242": 3596.8106, "10.0.12.231": 3459.991, "10.0.13.34": 3620.022, "10.0.12.241": 2698.3588, "10.0.13.50": 7198.3622000000005, "10.0.13.54": 17984.7524, "10.0.7.164": 3597.9968, "10.0.7.165": 3596.9864, "10.0.7.170": 3596.8656, "10.0.13.59": 10787.6996, "10.0.7.172": 25180.493400000003, "10.0.7.174": 10791.394, "10.0.13.62": 3596.2626, "10.0.13.69": 10793.7418, "10.0.13.90": 3594.7814, "10.0.13.75": 3592.4746, "10.0.7.185": 3597.552, "10.0.13.86": 3597.4632, "10.0.13.91": 3594.5492, "10.0.7.193": 3596.309, "10.0.7.173": 28385.409, "10.0.13.57": 3595.2696, "10.0.7.168": 7193.8946, "10.0.13.83": 7194.451599999999, "10.0.13.107": 7192.749599999999, "10.0.13.119": 3593.78, "10.0.13.97": 7190.8416, "10.0.13.126": 3596.909, "10.0.7.202": 3597.5564, "10.0.7.216": 3598.0574, "10.0.7.217": 3597.584, "10.0.13.138": 3591.8228, "10.0.13.154": 3594.406, "10.0.7.220": 3595.7048, "10.0.13.67": 3596.833, "10.0.13.159": 3595.6238, "10.0.13.77": 33644.794599999994, "10.0.13.162": 3597.16, "10.0.7.177": 7153.5766, "10.0.13.117": 3600.0, "10.0.13.170": 17513.317199999998, "10.0.7.231": 3598.013, "10.0.13.172": 2260.0, "10.0.7.232": 10792.166000000001, "10.0.7.234": 28779.6326, "10.0.13.176": 3600.0002, "10.0.13.180": 14390.0942, "10.0.13.183": 3597.858, "10.0.13.177": 3595.9682, "10.0.7.255": 7195.008400000001, "10.0.13.197": 3598.083, "10.0.13.199": 7194.279, "10.0.13.201": 3580.128, "10.0.13.181": 7192.9637999999995, "10.0.8.9": 3596.2928, "10.0.8.7": 3596.9196, "10.0.13.219": 3596.8486, "10.0.8.5": 32223.373200000005, "10.0.13.213": 3592.04, "10.0.13.221": 1918.2204, "10.0.13.233": 3440.0112000000004, "10.0.7.250": 3892.0065999999997, "10.0.13.215": 3599.9994, "10.0.13.212": 1657.201, "10.0.13.235": 0.0002, "10.0.13.237": 519.9984, "10.0.13.238": 40.0136, "10.0.13.240": 1479.9958, "10.0.13.242": 3580.0102, "10.0.13.244": 7196.852999999999, "10.0.8.21": 22956.762199999994, "10.0.13.246": 10792.0082, "10.0.13.249": 5696.1566, "10.0.13.250": 7195.143599999999, "10.0.8.24": 7194.9908, "10.0.13.252": 3598.3422, "10.0.8.28": 7195.085800000001, "10.0.8.22": 7195.088599999999, "10.0.14.10": 3597.1594, "10.0.14.1": 3599.9988, "10.0.8.37": 3598.08, "10.0.14.26": 3592.0286, "10.0.14.17": 3596.6236, "10.0.14.29": 7196.5706, "10.0.8.33": 10778.5588, "10.0.8.50": 392.0066, "10.0.14.36": 2940.0016, "10.0.8.52": 1763.9994, "10.0.13.247": 3120.0074, "10.0.14.39": 319.9986, "10.0.14.43": 16271.669999999998, "10.0.8.53": 293.996, "10.0.8.55": 1428.0078, "10.0.14.50": 21535.202, "10.0.8.58": 7181.4966, "10.0.14.54": 3597.176, "10.0.8.59": 17987.7702, "10.0.8.64": 3597.5526, "10.0.14.63": 3597.3566, "10.0.8.70": 64701.44180000003, "10.0.14.70": 3595.0166, "10.0.14.68": 3597.7564, "10.0.14.81": 3596.7546, "10.0.14.47": 3580.3198, "10.0.8.73": 7195.582200000001, "10.0.8.83": 3597.6024, "10.0.14.90": 3594.935, "10.0.14.55": 3593.9066, "10.0.14.100": 3597.9206, "10.0.14.99": 7036.533, "10.0.8.69": 3597.5622, "10.0.14.69": 3540.0036, "10.0.8.88": 3583.5346, "10.0.8.89": 3597.5204, "10.0.14.103": 3580.0096,