{"World of Tanks": {"localIpCount": 1, "localIpFrequency": {"10.0.0.73": 10}, "localIpTotalDuration": 16617.8221, "localIpDuration": {"10.0.0.73": 16617.8221}}, "League of Legends: Wild Rift": {"localIpCount": 19, "localIpFrequency": {"10.0.0.129": 14, "10.0.0.49": 8, "10.0.1.30": 1, "10.0.0.188": 1, "10.0.1.129": 2, "10.0.0.191": 4, "10.0.1.77": 1, "10.0.1.146": 1, "10.0.1.158": 1, "10.0.1.22": 1, "10.0.0.163": 1, "10.0.1.157": 1, "10.0.0.211": 1, "10.0.1.167": 1, "10.0.0.215": 1, "10.0.1.172": 1, "10.0.1.178": 1, "10.0.0.148": 1, "10.0.0.8": 1}, "localIpTotalDuration": 31147.271100000005, "localIpDuration": {"10.0.0.129": 5137.255300000001, "10.0.0.49": 12241.2332, "10.0.1.30": 951.9964, "10.0.0.188": 41.9869, "10.0.1.129": 455.0055, "10.0.0.191": 5081.7783, "10.0.1.77": 146.9979, "10.0.1.146": 1029.0088, "10.0.1.158": 734.9986, "10.0.1.22": 742.0024, "10.0.0.163": 965.9865, "10.0.1.157": 41.9995, "10.0.0.211": 48.9992, "10.0.1.167": 238.0013, "10.0.0.215": 455.0138, "10.0.1.172": 511.0062, "10.0.1.178": 699.9982, "10.0.0.148": 1175.9994, "10.0.0.8": 448.0037}}, "Roblox (Game)": {"localIpCount": 76, "localIpFrequency": {"10.0.0.89": 2, "10.0.0.237": 2, "10.0.1.121": 3, "10.0.0.81": 1, "10.0.0.73": 20, "10.0.1.123": 1, "10.0.0.142": 6, "10.0.1.5": 1, "10.0.0.90": 1, "10.0.0.31": 2, "10.0.0.20": 9, "10.0.0.132": 61, "10.0.0.5": 22, "10.0.1.34": 5, "10.0.1.129": 16, "10.0.0.97": 1, "10.0.0.49": 1, "10.0.1.130": 1, "10.0.0.228": 8, "10.0.0.233": 2, "10.0.0.231": 1, "10.0.0.4": 1, "10.0.1.77": 2, "10.0.1.132": 2, "10.0.0.187": 3, "10.0.1.133": 1, "10.0.0.150": 1, "10.0.0.141": 2, "10.0.1.141": 1, "10.0.1.46": 6, "10.0.0.114": 1, "10.0.0.102": 7, "10.0.0.149": 1, "10.0.0.47": 1, "10.0.1.63": 1, "10.0.0.119": 8, "10.0.0.210": 2, "10.0.0.40": 1, "10.0.0.76": 2, "10.0.0.188": 1, "10.0.0.197": 3, "10.0.0.106": 1, "10.0.0.199": 1, "10.0.0.61": 2, "10.0.1.157": 2, "10.0.1.59": 1, "10.0.0.201": 3, "10.0.1.22": 4, "10.0.1.161": 1, "10.0.0.157": 6, "10.0.0.45": 2, "10.0.1.29": 1, "10.0.0.107": 1, "10.0.0.206": 1, "10.0.0.24": 1, "10.0.0.143": 1, "10.0.1.165": 1, "10.0.1.168": 3, "10.0.1.169": 1, "10.0.0.14": 1, "10.0.1.170": 1, "10.0.1.164": 3, "10.0.0.212": 1, "10.0.1.172": 1, "10.0.0.213": 1, "10.0.1.110": 1, "10.0.1.116": 5, "10.0.0.200": 3, "10.0.0.148": 1, "10.0.0.33": 4, "10.0.1.186": 2, "10.0.1.185": 1, "10.0.1.187": 2, "10.0.0.221": 1, "10.0.0.2": 1, "10.0.0.6": 2}, "localIpTotalDuration": 376806.62090000004, "localIpDuration": {"10.0.0.89": 3436.7936, "10.0.0.237": 3556.0267999999996, "10.0.1.121": 2982.0110000000004, "10.0.0.81": 1686.7922, "10.0.0.73": 30127.841800000002, "10.0.1.123": 174.9866, "10.0.0.142": 5760.965300000001, "10.0.1.5": 1573.6957, "10.0.0.90": 1140.7615, "10.0.0.31": 2856.0004, "10.0.0.20": 12319.281900000002, "10.0.0.132": 80562.73279999997, "10.0.0.5": 28287.1496, "10.0.1.34": 8316.0036, "10.0.1.129": 21602.037999999997, "10.0.0.97": 1757.0083, "10.0.0.49": 1736.0074, "10.0.1.130": 1532.9892, "10.0.0.228": 13726.021100000002, "10.0.0.233": 2702.0064, "10.0.0.231": 1707.993, "10.0.0.4": 734.7626, "10.0.1.77": 3519.7227000000003, "10.0.1.132": 2568.8921, "10.0.0.187": 4171.0941, "10.0.1.133": 1799.0037, "10.0.0.150": 1022.0077, "10.0.0.141": 1924.7979, "10.0.1.141": 133.0054, "10.0.1.46": 10416.0797, "10.0.0.114": 1715.0011, "10.0.0.102": 9506.2117, "10.0.0.149": 1791.9979, "10.0.0.47": 1652.0206, "10.0.1.63": 1273.9991, "10.0.0.119": 12075.0241, "10.0.0.210": 3598.0351, "10.0.0.40": 875.0128, "10.0.0.76": 1595.9921, "10.0.0.188": 539.0057, "10.0.0.197": 3612.0016, "10.0.0.106": 1203.9965, "10.0.0.199": 132.9978, "10.0.0.61": 3479.0148, "10.0.1.157": 2240.0133, "10.0.1.59": 406.0011, "10.0.0.201": 2959.855, "10.0.1.22": 3647.0085, "10.0.1.161": 1770.9991, "10.0.0.157": 8219.1177, "10.0.0.45": 2581.9913, "10.0.1.29": 1547.0037, "10.0.0.107": 1589.0036, "10.0.0.206": 1644.9948, "10.0.0.24": 125.9973, "10.0.0.143": 294.0004, "10.0.1.165": 1539.9947, "10.0.1.168": 3402.0235000000002, "10.0.1.169": 1777.1653, "10.0.0.14": 1582.0009, "10.0.1.170": 1799.101, "10.0.1.164": 3108.0016, "10.0.0.212": 1623.9949, "10.0.1.172": 1750.016, "10.0.0.213": 1728.9955, "10.0.1.110": 195.9983, "10.0.1.116": 8497.0831, "10.0.0.200": 4829.480299999999, "10.0.0.148": 1798.9999, "10.0.0.33": 6118.0101, "10.0.1.186": 3343.5922, "10.0.1.185": 1202.8816, "10.0.1.187": 3452.6083, "10.0.0.221": 1729.01, "10.0.0.2": 147.0007, "10.0.0.6": 3269.8941999999997}}, "Minecraft": {"localIpCount": 1, "localIpFrequency": {"10.0.1.127": 1}, "localIpTotalDuration": 13.9992, "localIpDuration": {"10.0.1.127": 13.9992}}, "Dragon Village": {"localIpCount": 1, "localIpFrequency": {"10.0.0.9": 1}, "localIpTotalDuration": 475.9923, "localIpDuration": {"10.0.0.9": 475.9923}}, "FIFA ONLINE 4 M": {"localIpCount": 2, "localIpFrequency": {"10.0.0.5": 1, "10.0.1.168": 2}, "localIpTotalDuration": 1260.0360999999998, "localIpDuration": {"10.0.0.5": 77.0181, "10.0.1.168": 1183.018}}, "Roblox": {"localIpCount": 83, "localIpFrequency": {"10.0.0.89": 2, "10.0.0.237": 4, "10.0.0.73": 22, "10.0.1.121": 9, "10.0.0.141": 3, "10.0.1.123": 1, "10.0.0.246": 2, "10.0.0.142": 5, "10.0.0.31": 4, "10.0.0.20": 8, "10.0.0.132": 93, "10.0.0.5": 21, "10.0.1.34": 8, "10.0.1.129": 17, "10.0.1.26": 2, "10.0.0.49": 2, "10.0.0.228": 8, "10.0.0.233": 2, "10.0.0.4": 1, "10.0.1.77": 1, "10.0.0.187": 1, "10.0.1.133": 1, "10.0.0.150": 1, "10.0.1.132": 1, "10.0.1.135": 1, "10.0.0.3": 3, "10.0.1.136": 1, "10.0.0.218": 2, "10.0.1.139": 1, "10.0.1.46": 9, "10.0.1.52": 1, "10.0.0.102": 15, "10.0.0.188": 25, "10.0.0.97": 1, "10.0.0.47": 1, "10.0.0.40": 1, "10.0.1.148": 2, "10.0.0.76": 2, "10.0.0.197": 3, "10.0.0.119": 6, "10.0.0.106": 1, "10.0.0.199": 1, "10.0.1.155": 1, "10.0.1.59": 3, "10.0.0.61": 2, "10.0.0.201": 2, "10.0.1.22": 5, "10.0.0.107": 2, "10.0.1.159": 1, "10.0.0.86": 1, "10.0.1.161": 1, "10.0.0.45": 1, "10.0.0.157": 7, "10.0.1.29": 1, "10.0.0.206": 1, "10.0.1.164": 5, "10.0.1.157": 1, "10.0.0.219": 4, "10.0.0.143": 1, "10.0.0.236": 1, "10.0.1.165": 1, "10.0.1.167": 1, "10.0.0.210": 1, "10.0.1.169": 4, "10.0.0.14": 1, "10.0.0.212": 1, "10.0.1.172": 3, "10.0.1.174": 1, "10.0.1.168": 1, "10.0.1.110": 1, "10.0.1.116": 6, "10.0.0.200": 2, "10.0.1.130": 1, "10.0.0.216": 1, "10.0.1.185": 4, "10.0.1.187": 2, "10.0.0.221": 3, "10.0.1.186": 1, "10.0.1.188": 1, "10.0.0.33": 1, "10.0.0.2": 1, "10.0.0.6": 1, "10.0.0.7": 2}, "localIpTotalDuration": 629495.1084999992, "localIpDuration": {"10.0.0.89": 3597.562, "10.0.0.237": 7185.2118, "10.0.0.73": 37123.9204, "10.0.1.121": 15722.2617, "10.0.0.141": 4332.609, "10.0.1.123": 1798.0977, "10.0.0.246": 3595.8368, "10.0.0.142": 6992.7932, "10.0.0.31": 4703.3330000000005, "10.0.0.20": 13075.518499999998, "10.0.0.132": 164141.41879999998, "10.0.0.5": 35473.307799999995, "10.0.1.34": 14357.439, "10.0.1.129": 27868.865299999998, "10.0.1.26": 3399.8471, "10.0.0.49": 3597.173, "10.0.0.228": 14382.9148, "10.0.0.233": 3189.968, "10.0.0.4": 1798.7943, "10.0.1.77": 1797.518, "10.0.0.187": 1798.7183, "10.0.1.133": 1796.6901, "10.0.0.150": 1791.986, "10.0.1.132": 1797.8888, "10.0.1.135": 1622.4949, "10.0.0.3": 3367.0099, "10.0.1.136": 917.0063, "10.0.0.218": 2532.774, "10.0.1.139": 552.9985, "10.0.1.46": 16099.529899999998, "10.0.1.52": 1797.7773, "10.0.0.102": 24129.7698, "10.0.0.188": 43771.90200000001, "10.0.0.97": 1798.7743, "10.0.0.47": 1797.9858, "10.0.0.40": 1791.9997, "10.0.1.148": 3595.6535, "10.0.0.76": 2911.7729, "10.0.0.197": 5396.8252, "10.0.0.119": 10737.953, "10.0.0.106": 1749.7755, "10.0.0.199": 1406.7956, "10.0.1.155": 1799.0189, "10.0.1.59": 5373.7782, "10.0.0.61": 3597.7745, "10.0.0.201": 3072.9991, "10.0.1.22": 6508.2952, "10.0.0.107": 2239.5555999999997, "10.0.1.159": 195.995, "10.0.0.86": 461.997, "10.0.1.161": 1799.0096, "10.0.0.45": 1796.5922, "10.0.0.157": 12579.5962, "10.0.1.29": 1734.4041, "10.0.0.206": 1799.5951, "10.0.1.164": 8977.734, "10.0.1.157": 313.6515, "10.0.0.219": 6564.417799999999, "10.0.0.143": 784.0004, "10.0.0.236": 133.0073, "10.0.1.165": 1784.157,