{"Roblox": {"localIpCount": 23, "localIpFrequency": {"10.0.1.213": 7, "10.0.1.22": 3, "10.0.4.153": 19, "10.0.0.49": 16, "10.0.2.149": 3, "10.0.0.119": 6, "10.0.4.107": 6, "10.0.2.156": 3, "10.0.4.155": 2, "10.0.4.172": 1, "10.0.0.120": 6, "10.0.2.216": 1, "10.0.2.209": 1, "10.0.1.142": 1, "10.0.1.44": 1, "10.0.4.181": 1, "10.0.2.27": 6, "10.0.4.182": 1, "10.0.2.200": 1, "10.0.2.194": 6, "10.0.1.69": 2, "10.0.2.70": 1, "10.0.2.219": 1}, "localIpTotalDuration": 167025.8349, "localIpDuration": {"10.0.1.213": 12594.1135, "10.0.1.22": 5392.285, "10.0.4.153": 34138.843199999996, "10.0.0.49": 28752.597700000006, "10.0.2.149": 5383.7895, "10.0.0.119": 10784.969299999999, "10.0.4.107": 10788.936300000001, "10.0.2.156": 4312.566, "10.0.4.155": 3596.8257, "10.0.4.172": 1799.222, "10.0.0.120": 10534.794, "10.0.2.216": 1723.7588, "10.0.2.209": 1798.0175, "10.0.1.142": 1798.0057, "10.0.1.44": 1792.999, "10.0.4.181": 1799.1085, "10.0.2.27": 9340.6398, "10.0.4.182": 1799.1787, "10.0.2.200": 1799.025, "10.0.2.194": 9899.8291, "10.0.1.69": 3599.5353, "10.0.2.70": 1799.0135, "10.0.2.219": 1797.7818}}, "League of Legends: Wild Rift": {"localIpCount": 3, "localIpFrequency": {"10.0.2.149": 3, "10.0.1.49": 1, "10.0.4.153": 1}, "localIpTotalDuration": 3819.0492, "localIpDuration": {"10.0.2.149": 2581.0452999999998, "10.0.1.49": 871.001, "10.0.4.153": 367.0029}}, "Roblox (Game)": {"localIpCount": 26, "localIpFrequency": {"10.0.1.22": 2, "10.0.0.49": 2, "10.0.4.176": 1, "10.0.4.153": 2, "10.0.2.209": 3, "10.0.0.119": 6, "10.0.2.149": 2, "10.0.2.22": 1, "10.0.2.156": 5, "10.0.2.194": 3, "10.0.1.213": 10, "10.0.1.126": 1, "10.0.2.70": 3, "10.0.0.120": 3, "10.0.0.236": 1, "10.0.2.216": 1, "10.0.2.27": 5, "10.0.1.142": 1, "10.0.2.217": 1, "10.0.4.181": 1, "10.0.2.200": 1, "10.0.4.107": 1, "10.0.1.69": 4, "10.0.2.134": 1, "10.0.4.179": 1, "10.0.2.219": 1}, "localIpTotalDuration": 90952.1031, "localIpDuration": {"10.0.1.22": 3150.958, "10.0.0.49": 3585.0046, "10.0.4.176": 308.0021, "10.0.4.153": 1940.0015, "10.0.2.209": 3051.0254000000004, "10.0.0.119": 9009.9025, "10.0.2.149": 1777.0045, "10.0.2.22": 1175.9996, "10.0.2.156": 5248.9573, "10.0.2.194": 4799.0242, "10.0.1.213": 17172.0426, "10.0.1.126": 1796.0237, "10.0.2.70": 5183.0853, "10.0.0.120": 3830.9977, "10.0.0.236": 1610.0096, "10.0.2.216": 1642.9938, "10.0.2.27": 7955.000999999999, "10.0.1.142": 1090.012, "10.0.2.217": 1056.0227, "10.0.4.181": 1689.0061, "10.0.2.200": 1574.0075, "10.0.4.107": 1794.0185, "10.0.1.69": 7102.989, "10.0.2.134": 1734.9976, "10.0.4.179": 1675.0162, "10.0.2.219": 0.0001}}, "Minecraft": {"localIpCount": 3, "localIpFrequency": {"10.0.2.130": 1, "10.0.4.183": 1, "10.0.4.184": 1}, "localIpTotalDuration": 1010.9966, "localIpDuration": {"10.0.2.130": 290.9949, "10.0.4.183": 417.0098, "10.0.4.184": 302.9919}}}