{"Roblox (Game)": {"localIpCount": 14, "localIpFrequency": {"10.0.0.9": 11, "10.0.0.121": 1, "10.0.0.14": 8, "10.0.0.149": 1, "10.0.0.2": 2, "10.0.0.33": 4, "10.0.0.151": 5, "10.0.0.82": 2, "10.0.0.75": 2, "10.0.0.12": 1, "10.0.0.157": 12, "10.0.0.32": 3, "10.0.0.4": 1, "10.0.0.165": 1}, "localIpTotalDuration": 77584.96069999998, "localIpDuration": {"10.0.0.9": 14487.815799999998, "10.0.0.121": 244.9983, "10.0.0.14": 9497.7527, "10.0.0.149": 154.9909, "10.0.0.2": 2808.0043, "10.0.0.33": 4171.0212, "10.0.0.151": 8558.918, "10.0.0.82": 3560.0038, "10.0.0.75": 3479.9995, "10.0.0.12": 1774.9981, "10.0.0.157": 20768.456700000006, "10.0.0.32": 5120.0036, "10.0.0.4": 1667.9987, "10.0.0.165": 1289.9991}}, "Genshin Impact": {"localIpCount": 1, "localIpFrequency": {"10.0.0.9": 1}, "localIpTotalDuration": 312.0004, "localIpDuration": {"10.0.0.9": 312.0004}}, "Roblox": {"localIpCount": 18, "localIpFrequency": {"10.0.0.121": 1, "10.0.0.9": 9, "10.0.0.5": 1, "10.0.0.56": 1, "10.0.0.14": 11, "10.0.0.37": 5, "10.0.0.2": 3, "10.0.0.33": 5, "10.0.0.27": 1, "10.0.0.151": 3, "10.0.0.31": 1, "10.0.0.82": 2, "10.0.0.75": 1, "10.0.0.157": 15, "10.0.0.159": 1, "10.0.0.32": 2, "10.0.0.4": 1, "10.0.0.160": 1}, "localIpTotalDuration": 109652.40580000002, "localIpDuration": {"10.0.0.121": 1784.1931, "10.0.0.9": 15386.4294, "10.0.0.5": 455.0004, "10.0.0.56": 1105.0001, "10.0.0.14": 17418.182, "10.0.0.37": 8992.9881, "10.0.0.2": 5344.001, "10.0.0.33": 8994.1466, "10.0.0.27": 1795.9996, "10.0.0.151": 5395.8808, "10.0.0.31": 1798.0003, "10.0.0.82": 3592.7102, "10.0.0.75": 1795.0111, "10.0.0.157": 26805.496799999997, "10.0.0.159": 1798.8968, "10.0.0.32": 3595.775, "10.0.0.4": 1796.0054, "10.0.0.160": 1798.6891}}, "League of Legends: Wild Rift": {"localIpCount": 3, "localIpFrequency": {"10.0.0.27": 2, "10.0.0.29": 1, "10.0.0.12": 2}, "localIpTotalDuration": 3818.9978, "localIpDuration": {"10.0.0.27": 1756.0, "10.0.0.29": 377.9992, "10.0.0.12": 1684.9986}}}