{"Roblox (Adopt Me!)": {"localIpCount": 4, "localIpFrequency": {"10.0.0.109": 1, "10.0.0.145": 1, "10.0.0.113": 1, "10.0.0.114": 4}, "localIpTotalDuration": 6185.483899999999, "localIpDuration": {"10.0.0.109": 1360.6634, "10.0.0.145": 13.6924, "10.0.0.113": 286.0488, "10.0.0.114": 4525.0793}}, "Among us": {"localIpCount": 2, "localIpFrequency": {"10.0.0.109": 1, "10.0.0.114": 1}, "localIpTotalDuration": 488.0023, "localIpDuration": {"10.0.0.109": 0.2547, "10.0.0.114": 487.7476}}, "Modern Combat": {"localIpCount": 2, "localIpFrequency": {"10.0.0.147": 1, "10.0.0.114": 2}, "localIpTotalDuration": 60.7954, "localIpDuration": {"10.0.0.147": 0.0001, "10.0.0.114": 60.7953}}, "Roblox": {"localIpCount": 6, "localIpFrequency": {"10.0.0.45": 13, "10.0.0.109": 15, "10.0.0.18": 1, "10.0.0.140": 1, "10.0.0.113": 1, "10.0.0.114": 25}, "localIpTotalDuration": 926594.5463999999, "localIpDuration": {"10.0.0.45": 306025.6119, "10.0.0.109": 323331.13379999995, "10.0.0.18": 19677.9541, "10.0.0.140": 35938.4867, "10.0.0.113": 27518.9734, "10.0.0.114": 214102.38650000002}}, "League of Legends: Wild Rift": {"localIpCount": 1, "localIpFrequency": {"10.0.0.103": 1}, "localIpTotalDuration": 1040.1538, "localIpDuration": {"10.0.0.103": 1040.1538}}, "Hero Blaze: Three Kingdoms": {"localIpCount": 1, "localIpFrequency": {"10.0.0.95": 1}, "localIpTotalDuration": 1825.8982, "localIpDuration": {"10.0.0.95": 1825.8982}}, "Minecraft": {"localIpCount": 1, "localIpFrequency": {"10.0.0.114": 4}, "localIpTotalDuration": 3733.9191, "localIpDuration": {"10.0.0.114": 3733.9191}}}