{"League of Legends: Wild Rift": {"localIpCount": 7, "localIpFrequency": {"10.0.16.111": 2, "10.0.16.198": 2, "10.0.10.30": 2, "10.0.16.190": 2, "10.0.10.47": 2, "10.0.16.239": 4, "10.0.16.242": 2}, "localIpTotalDuration": 9552.066200000001, "localIpDuration": {"10.0.16.111": 1319.9972, "10.0.16.198": 360.0072, "10.0.10.30": 280.008, "10.0.16.190": 200.018, "10.0.10.47": 2632.0392, "10.0.16.239": 4580.0002, "10.0.16.242": 179.9964}}, "Roblox": {"localIpCount": 48, "localIpFrequency": {"10.0.10.1": 6, "10.0.16.116": 2, "10.0.10.12": 8, "10.0.16.120": 2, "10.0.16.135": 16, "10.0.16.138": 8, "10.0.16.167": 2, "10.0.16.171": 2, "10.0.16.128": 2, "10.0.10.19": 18, "10.0.16.172": 12, "10.0.10.21": 2, "10.0.16.175": 4, "10.0.16.179": 4, "10.0.16.178": 2, "10.0.10.20": 2, "10.0.16.184": 2, "10.0.16.176": 4, "10.0.10.28": 2, "10.0.10.29": 2, "10.0.16.173": 8, "10.0.10.33": 12, "10.0.10.34": 2, "10.0.10.30": 6, "10.0.16.188": 8, "10.0.16.202": 2, "10.0.10.36": 2, "10.0.16.209": 2, "10.0.10.47": 2, "10.0.10.52": 4, "10.0.16.226": 2, "10.0.10.55": 2, "10.0.16.183": 2, "10.0.16.207": 2, "10.0.10.58": 2, "10.0.16.220": 32, "10.0.10.38": 2, "10.0.10.44": 2, "10.0.16.187": 2, "10.0.10.60": 20, "10.0.10.64": 2, "10.0.16.240": 2, "10.0.10.65": 2, "10.0.16.243": 4, "10.0.16.248": 4, "10.0.10.67": 2, "10.0.10.68": 2, "10.0.16.253": 4}, "localIpTotalDuration": 412390.9127999998, "localIpDuration": {"10.0.10.1": 10680.753799999999, "10.0.16.116": 3596.9536, "10.0.10.12": 14390.259999999998, "10.0.16.120": 3597.5404, "10.0.16.135": 28767.899199999996, "10.0.16.138": 14371.815200000001, "10.0.16.167": 3597.7978, "10.0.16.171": 3598.3484, "10.0.16.128": 3598.3352, "10.0.10.19": 32378.852199999998, "10.0.16.172": 21585.715399999997, "10.0.10.21": 3597.5382, "10.0.16.175": 7195.0846, "10.0.16.179": 7192.3524, "10.0.16.178": 3597.4042, "10.0.10.20": 3597.5472, "10.0.16.184": 3597.2128, "10.0.16.176": 7193.6867999999995, "10.0.10.28": 3597.5732, "10.0.10.29": 3597.5602, "10.0.16.173": 14388.6346, "10.0.10.33": 21585.356999999996, "10.0.10.34": 3597.5952, "10.0.10.30": 10792.699200000001, "10.0.16.188": 14375.2602, "10.0.16.202": 3597.243, "10.0.10.36": 3597.4278, "10.0.16.209": 3597.2474, "10.0.10.47": 3597.678, "10.0.10.52": 7195.595600000001, "10.0.16.226": 3593.0312, "10.0.10.55": 3597.5518, "10.0.16.183": 3597.3448, "10.0.16.207": 3597.331, "10.0.10.58": 3597.5566, "10.0.16.220": 56793.6096, "10.0.10.38": 3597.529, "10.0.10.44": 3597.5872, "10.0.16.187": 3596.7372, "10.0.10.60": 29955.7622, "10.0.10.64": 3597.9996, "10.0.16.240": 660.1308, "10.0.10.65": 615.9994, "10.0.16.243": 7159.9994, "10.0.16.248": 4795.6406, "10.0.10.67": 335.9966, "10.0.10.68": 2967.546, "10.0.16.253": 7078.591}}, "Minecraft": {"localIpCount": 1, "localIpFrequency": {"10.0.16.245": 6}, "localIpTotalDuration": 6040.004800000001, "localIpDuration": {"10.0.16.245": 6040.004800000001}}, "FIFA ONLINE 4 M": {"localIpCount": 3, "localIpFrequency": {"10.0.16.241": 2, "10.0.16.244": 2, "10.0.10.66": 4}, "localIpTotalDuration": 5683.999799999999, "localIpDuration": {"10.0.16.241": 379.9996, "10.0.16.244": 2140.0036, "10.0.10.66": 3163.9966}}}