{"Roblox (Game)": {"localIpCount": 24, "localIpFrequency": {"10.0.1.173": 8, "10.0.1.105": 5, "10.0.1.144": 1, "10.0.1.187": 2, "10.0.1.188": 1, "10.0.0.177": 11, "10.0.0.2": 7, "10.0.0.222": 5, "10.0.1.111": 7, "10.0.0.49": 1, "10.0.0.94": 3, "10.0.1.178": 10, "10.0.1.196": 1, "10.0.1.199": 1, "10.0.1.198": 3, "10.0.0.24": 2, "10.0.0.4": 1, "10.0.0.10": 1, "10.0.1.180": 1, "10.0.0.97": 1, "10.0.0.12": 2, "10.0.0.89": 1, "10.0.1.213": 1, "10.0.1.189": 2}, "localIpTotalDuration": 118913.48620000001, "localIpDuration": {"10.0.1.173": 11759.7952, "10.0.1.105": 8351.0049, "10.0.1.144": 1778.0095, "10.0.1.187": 517.932, "10.0.1.188": 1043.0131, "10.0.0.177": 18978.3979, "10.0.0.2": 11346.752700000001, "10.0.0.222": 8632.8825, "10.0.1.111": 12096.0736, "10.0.0.49": 1342.9622, "10.0.0.94": 4822.9884, "10.0.1.178": 15924.6129, "10.0.1.196": 1784.2895, "10.0.1.199": 1658.9951, "10.0.1.198": 4513.6137, "10.0.0.24": 2057.9996, "10.0.0.4": 1637.9944, "10.0.0.10": 1799.0062, "10.0.1.180": 1546.9956, "10.0.0.97": 1799.0083, "10.0.0.12": 1930.0977, "10.0.0.89": 188.9988, "10.0.1.213": 497.0616, "10.0.1.189": 2905.0008}}, "TFT: Teamfight Tactics": {"localIpCount": 2, "localIpFrequency": {"10.0.0.61": 3, "10.0.1.211": 1}, "localIpTotalDuration": 2870.2323, "localIpDuration": {"10.0.0.61": 2345.2212, "10.0.1.211": 525.0111}}, "League of Legends: Wild Rift": {"localIpCount": 4, "localIpFrequency": {"10.0.0.61": 2, "10.0.1.198": 1, "10.0.1.93": 1, "10.0.1.211": 1}, "localIpTotalDuration": 539.0559000000001, "localIpDuration": {"10.0.0.61": 161.0514, "10.0.1.198": 13.9251, "10.0.1.93": 266.0051, "10.0.1.211": 98.0743}}, "Genshin Impact": {"localIpCount": 1, "localIpFrequency": {"10.0.1.188": 1}, "localIpTotalDuration": 1630.9929, "localIpDuration": {"10.0.1.188": 1630.9929}}, "Roblox": {"localIpCount": 30, "localIpFrequency": {"10.0.1.173": 9, "10.0.0.24": 34, "10.0.1.186": 1, "10.0.1.144": 1, "10.0.1.105": 1, "10.0.1.189": 2, "10.0.0.177": 11, "10.0.0.2": 4, "10.0.1.111": 6, "10.0.1.178": 10, "10.0.1.193": 1, "10.0.0.22": 3, "10.0.0.94": 1, "10.0.0.61": 1, "10.0.1.198": 2, "10.0.0.12": 2, "10.0.1.129": 1, "10.0.0.222": 1, "10.0.0.49": 1, "10.0.1.205": 1, "10.0.0.229": 1, "10.0.0.4": 1, "10.0.1.208": 1, "10.0.0.173": 1, "10.0.1.180": 2, "10.0.0.10": 1, "10.0.0.97": 2, "10.0.0.53": 3, "10.0.0.89": 1, "10.0.0.17": 1}, "localIpTotalDuration": 182482.38469999997, "localIpDuration": {"10.0.1.173": 14663.524000000001, "10.0.0.24": 61056.831, "10.0.1.186": 1797.8906, "10.0.1.144": 1798.7638, "10.0.1.105": 1797.7151, "10.0.1.189": 3575.5996999999998, "10.0.0.177": 19772.9382, "10.0.0.2": 7125.772500000001, "10.0.1.111": 10709.1154, "10.0.1.178": 17981.1026, "10.0.1.193": 1797.3242, "10.0.0.22": 5375.3139, "10.0.0.94": 1796.7046, "10.0.0.61": 1798.7529, "10.0.1.198": 3594.4289, "10.0.0.12": 3594.6518, "10.0.1.129": 1798.7618, "10.0.0.222": 1798.0044, "10.0.0.49": 1797.2904, "10.0.1.205": 1796.7407, "10.0.0.229": 1797.5055, "10.0.0.4": 1798.7711, "10.0.1.208": 1797.8286, "10.0.0.173": 1797.3084, "10.0.1.180": 3471.5206, "10.0.0.10": 1796.3415, "10.0.0.97": 3594.8572000000004, "10.0.0.53": 217.0112, "10.0.0.89": 531.9996, "10.0.0.17": 252.0145}}}