{"Minecraft": {"localIpCount": 4, "localIpFrequency": {"10.0.2.12": 2, "10.0.1.100": 2, "10.0.2.201": 2, "10.0.3.222": 1}, "localIpTotalDuration": 5423.1922, "localIpDuration": {"10.0.2.12": 420.27459999999996, "10.0.1.100": 2842.0393999999997, "10.0.2.201": 430.2954, "10.0.3.222": 1730.5828}}, "Free Fire": {"localIpCount": 2, "localIpFrequency": {"10.0.3.97": 1, "10.0.3.193": 1}, "localIpTotalDuration": 40.4854, "localIpDuration": {"10.0.3.97": 30.0073, "10.0.3.193": 10.4781}}, "Roblox": {"localIpCount": 45, "localIpFrequency": {"10.0.2.38": 24, "10.0.1.223": 1, "10.0.3.70": 1, "10.0.1.237": 1, "10.0.3.114": 1, "10.0.1.241": 1, "10.0.3.110": 2, "10.0.0.40": 10, "10.0.3.143": 2, "10.0.1.239": 1, "10.0.3.97": 3, "10.0.3.168": 2, "10.0.1.47": 7, "10.0.0.166": 1, "10.0.3.151": 1, "10.0.1.67": 3, "10.0.1.198": 10, "10.0.2.12": 1, "10.0.0.6": 7, "10.0.3.169": 3, "10.0.1.100": 1, "10.0.1.98": 3, "10.0.3.120": 2, "10.0.3.116": 2, "10.0.0.34": 3, "10.0.1.235": 2, "10.0.3.193": 1, "10.0.1.91": 1, "10.0.3.195": 5, "10.0.1.132": 3, "10.0.2.21": 1, "10.0.2.144": 1, "10.0.3.206": 1, "10.0.3.106": 1, "10.0.0.214": 1, "10.0.3.213": 1, "10.0.2.201": 1, "10.0.0.87": 1, "10.0.0.187": 1, "10.0.3.217": 2, "10.0.3.229": 1, "10.0.3.113": 1, "10.0.1.89": 3, "10.0.2.10": 1, "10.0.2.40": 1}, "localIpTotalDuration": 212851.70409999997, "localIpDuration": {"10.0.2.38": 43164.28830000001, "10.0.1.223": 1798.8025, "10.0.3.70": 1797.1217, "10.0.1.237": 1798.7482, "10.0.3.114": 1797.9853, "10.0.1.241": 1798.7208, "10.0.3.110": 3593.4044999999996, "10.0.0.40": 17987.7757, "10.0.3.143": 3595.466, "10.0.1.239": 1798.733, "10.0.3.97": 5395.9815, "10.0.3.168": 3595.6472000000003, "10.0.1.47": 12185.266399999999, "10.0.0.166": 1798.505, "10.0.3.151": 1798.6899, "10.0.1.67": 798.0373, "10.0.1.198": 17988.9625, "10.0.2.12": 1798.6309, "10.0.0.6": 12577.588300000001, "10.0.3.169": 5387.0857000000005, "10.0.1.100": 1798.7494, "10.0.1.98": 5396.2392, "10.0.3.120": 3596.375, "10.0.3.116": 3595.7021999999997, "10.0.0.34": 5395.9088, "10.0.1.235": 3597.5398, "10.0.3.193": 1797.9979, "10.0.1.91": 1798.7619, "10.0.3.195": 8986.538, "10.0.1.132": 5389.3285, "10.0.2.21": 1798.7707, "10.0.2.144": 1798.4017, "10.0.3.206": 1797.9215, "10.0.3.106": 1795.5302, "10.0.0.214": 1797.8176, "10.0.3.213": 1797.4848, "10.0.2.201": 1798.383, "10.0.0.87": 1795.7989, "10.0.0.187": 1798.8238, "10.0.3.217": 3597.9124, "10.0.3.229": 1798.1212, "10.0.3.113": 1798.6085, "10.0.1.89": 5095.5176, "10.0.2.10": 203.001, "10.0.2.40": 371.0298}}, "FIFA ONLINE 4 M": {"localIpCount": 1, "localIpFrequency": {"10.0.0.68": 1}, "localIpTotalDuration": 170.1806, "localIpDuration": {"10.0.0.68": 170.1806}}, "League of Legends: Wild Rift": {"localIpCount": 10, "localIpFrequency": {"10.0.2.125": 1, "10.0.3.168": 2, "10.0.3.185": 1, "10.0.0.252": 1, "10.0.2.34": 1, "10.0.2.77": 2, "10.0.2.29": 1, "10.0.2.35": 1, "10.0.1.62": 1, "10.0.3.235": 3}, "localIpTotalDuration": 5025.2169, "localIpDuration": {"10.0.2.125": 10.1174, "10.0.3.168": 1990.0981, "10.0.3.185": 1079.8297, "10.0.0.252": 150.0063, "10.0.2.34": 509.7188, "10.0.2.77": 610.4063, "10.0.2.29": 258.9894, "10.0.2.35": 110.0874, "10.0.1.62": 195.9618, "10.0.3.235": 110.0017}}, "TFT: Teamfight Tactics": {"localIpCount": 5, "localIpFrequency": {"10.0.3.105": 2, "10.0.3.162": 1, "10.0.1.204": 1, "10.0.2.77": 1, "10.0.3.235": 4}, "localIpTotalDuration": 5429.746900000001, "localIpDuration": {"10.0.3.105": 2699.8438, "10.0.3.162": 9.802, "10.0.1.204": 1660.1004, "10.0.2.77": 0.0001, "10.0.3.235": 1060.0006}}, "The Walking Dead: All-Stars": {"localIpCount": 1, "localIpFrequency": {"10.0.1.110": 1}, "localIpTotalDuration": 0.276, "localIpDuration": {"10.0.1.110": 0.276}}}