{"League of Legends: Wild Rift": {"localIpCount": 3, "localIpFrequency": {"10.0.16.26": 1, "10.0.4.169": 1, "10.0.4.181": 1}, "localIpTotalDuration": 545.9769, "localIpDuration": {"10.0.16.26": 0.0001, "10.0.4.169": 34.9938, "10.0.4.181": 510.983}}, "Minecraft": {"localIpCount": 5, "localIpFrequency": {"10.0.16.15": 3, "10.0.16.21": 1, "10.0.16.31": 1, "10.0.4.212": 1, "10.0.16.52": 1}, "localIpTotalDuration": 1890.0290000000002, "localIpDuration": {"10.0.16.15": 1547.0076000000001, "10.0.16.21": 126.0016, "10.0.16.31": 0.0208, "10.0.4.212": 62.9971, "10.0.16.52": 154.0019}}, "Roblox": {"localIpCount": 45, "localIpFrequency": {"10.0.4.125": 1, "10.0.15.248": 2, "10.0.4.143": 2, "10.0.16.7": 2, "10.0.4.151": 1, "10.0.4.140": 2, "10.0.16.8": 1, "10.0.16.9": 8, "10.0.4.154": 9, "10.0.16.12": 3, "10.0.16.14": 2, "10.0.4.156": 7, "10.0.16.15": 1, "10.0.16.16": 4, "10.0.4.161": 1, "10.0.16.19": 2, "10.0.16.25": 6, "10.0.4.157": 2, "10.0.4.168": 1, "10.0.4.170": 1, "10.0.16.30": 1, "10.0.16.32": 2, "10.0.4.180": 2, "10.0.4.185": 1, "10.0.4.189": 1, "10.0.4.188": 14, "10.0.4.198": 3, "10.0.16.40": 1, "10.0.16.24": 2, "10.0.16.11": 2, "10.0.16.43": 1, "10.0.16.45": 5, "10.0.16.46": 6, "10.0.4.204": 2, "10.0.16.48": 3, "10.0.4.206": 1, "10.0.4.207": 2, "10.0.16.51": 3, "10.0.4.208": 2, "10.0.4.210": 7, "10.0.4.219": 1, "10.0.16.56": 1, "10.0.16.54": 1, "10.0.16.57": 3, "10.0.4.225": 1}, "localIpTotalDuration": 210047.52680000002, "localIpDuration": {"10.0.4.125": 1798.6687, "10.0.15.248": 2737.0001, "10.0.4.143": 3121.3181, "10.0.16.7": 2645.8018, "10.0.4.151": 1785.0011, "10.0.4.140": 3016.6873, "10.0.16.8": 419.9973, "10.0.16.9": 14313.7292, "10.0.4.154": 14557.6523, "10.0.16.12": 5388.568, "10.0.16.14": 3597.5758, "10.0.4.156": 12562.302399999999, "10.0.16.15": 1798.7992, "10.0.16.16": 6803.583600000001, "10.0.4.161": 1798.7235, "10.0.16.19": 3597.5923000000003, "10.0.16.25": 10792.7693, "10.0.4.157": 3597.2868, "10.0.4.168": 1798.5707, "10.0.4.170": 1798.7146, "10.0.16.30": 1798.8012, "10.0.16.32": 3597.805, "10.0.4.180": 2491.7236000000003, "10.0.4.185": 1792.0302, "10.0.4.189": 1770.7081, "10.0.4.188": 24694.130800000003, "10.0.4.198": 5353.9454000000005, "10.0.16.40": 174.9979, "10.0.16.24": 1707.9991, "10.0.16.11": 3590.7969000000003, "10.0.16.43": 875.0041, "10.0.16.45": 8993.554600000001, "10.0.16.46": 10792.542300000001, "10.0.4.204": 2875.5072, "10.0.16.48": 5394.2737, "10.0.4.206": 1799.0065, "10.0.4.207": 3596.9374, "10.0.16.51": 5396.3771, "10.0.4.208": 3451.0056, "10.0.4.210": 9840.2105, "10.0.4.219": 1350.9893, "10.0.16.56": 1798.7946, "10.0.16.54": 1798.7865, "10.0.16.57": 5382.5758000000005, "10.0.4.225": 1798.6813}}}