{"Roblox": {"localIpCount": 33, "localIpFrequency": {"10.0.2.29": 4, "10.0.1.244": 3, "10.0.0.24": 13, "10.0.0.76": 1, "10.0.2.126": 19, "10.0.0.104": 1, "10.0.4.176": 1, "10.0.2.168": 3, "10.0.4.2": 1, "10.0.4.177": 1, "10.0.4.124": 1, "10.0.0.132": 5, "10.0.0.2": 3, "10.0.2.190": 1, "10.0.2.177": 4, "10.0.3.47": 1, "10.0.1.101": 1, "10.0.3.64": 4, "10.0.4.184": 1, "10.0.1.232": 1, "10.0.0.94": 1, "10.0.4.187": 1, "10.0.2.91": 1, "10.0.1.146": 2, "10.0.4.188": 2, "10.0.2.248": 1, "10.0.1.240": 1, "10.0.3.93": 1, "10.0.1.105": 1, "10.0.4.199": 2, "10.0.1.129": 1, "10.0.3.76": 1, "10.0.2.65": 1}, "localIpTotalDuration": 147982.71399999998, "localIpDuration": {"10.0.2.29": 7195.3697, "10.0.1.244": 5396.476500000001, "10.0.0.24": 23154.752799999995, "10.0.0.76": 1015.3977, "10.0.2.126": 34166.8834, "10.0.0.104": 1799.9981, "10.0.4.176": 1204.9909, "10.0.2.168": 5381.9547999999995, "10.0.4.2": 1799.9995, "10.0.4.177": 386.1208, "10.0.4.124": 936.0012, "10.0.0.132": 8993.4154, "10.0.0.2": 5396.180899999999, "10.0.2.190": 1798.7855, "10.0.2.177": 7194.776699999999, "10.0.3.47": 1798.7386, "10.0.1.101": 1799.9999, "10.0.3.64": 7195.0121, "10.0.4.184": 1798.6245, "10.0.1.232": 1798.6219, "10.0.0.94": 1798.5098, "10.0.4.187": 1790.0885, "10.0.2.91": 1763.1203, "10.0.1.146": 3596.938, "10.0.4.188": 3591.0159999999996, "10.0.2.248": 1798.7571, "10.0.1.240": 1798.7009, "10.0.3.93": 1798.5206, "10.0.1.105": 1798.6812, "10.0.4.199": 3066.4996, "10.0.1.129": 1371.758, "10.0.3.76": 1799.0066, "10.0.2.65": 1799.0165}}, "League of Legends: Wild Rift": {"localIpCount": 8, "localIpFrequency": {"10.0.4.180": 1, "10.0.3.47": 1, "10.0.3.69": 1, "10.0.1.202": 1, "10.0.3.101": 1, "10.0.2.248": 2, "10.0.4.187": 1, "10.0.1.161": 1}, "localIpTotalDuration": 3105.6707, "localIpDuration": {"10.0.4.180": 161.9991, "10.0.3.47": 14.0393, "10.0.3.69": 560.0018, "10.0.1.202": 90.9221, "10.0.3.101": 189.0002, "10.0.2.248": 2001.9439, "10.0.4.187": 81.0066, "10.0.1.161": 6.7577}}, "Roblox (Game)": {"localIpCount": 35, "localIpFrequency": {"10.0.1.244": 2, "10.0.0.76": 2, "10.0.2.168": 3, "10.0.3.205": 1, "10.0.4.175": 1, "10.0.4.2": 1, "10.0.2.126": 8, "10.0.4.177": 1, "10.0.4.124": 1, "10.0.0.2": 4, "10.0.2.29": 4, "10.0.3.64": 4, "10.0.0.132": 5, "10.0.2.190": 1, "10.0.4.181": 1, "10.0.0.24": 4, "10.0.2.177": 2, "10.0.1.101": 1, "10.0.4.176": 1, "10.0.1.232": 1, "10.0.2.48": 1, "10.0.2.91": 3, "10.0.2.65": 1, "10.0.0.5": 1, "10.0.2.222": 2, "10.0.4.188": 3, "10.0.3.101": 1, "10.0.0.97": 1, "10.0.3.14": 2, "10.0.3.93": 1, "10.0.2.63": 1, "10.0.3.45": 1, "10.0.4.199": 2, "10.0.1.129": 1, "10.0.3.76": 1}, "localIpTotalDuration": 100329.82800000002, "localIpDuration": {"10.0.1.244": 2898.0326999999997, "10.0.0.76": 1880.9512, "10.0.2.168": 434.02169999999995, "10.0.3.205": 1727.6174, "10.0.4.175": 1008.0095, "10.0.4.2": 1773.0023, "10.0.2.126": 11905.0635, "10.0.4.177": 232.7793, "10.0.4.124": 477.0061, "10.0.0.2": 6481.7569, "10.0.2.29": 4698.0409, "10.0.3.64": 6810.706099999999, "10.0.0.132": 8867.9249, "10.0.2.190": 1792.1485, "10.0.4.181": 1782.0022, "10.0.0.24": 4887.0514, "10.0.2.177": 3527.2207, "10.0.1.101": 765.0009, "10.0.4.176": 1431.0148, "10.0.1.232": 1475.9845, "10.0.2.48": 1777.4747, "10.0.2.91": 4580.9941, "10.0.2.65": 1799.0169, "10.0.0.5": 1792.0628, "10.0.2.222": 3584.0202, "10.0.4.188": 5112.0287, "10.0.3.101": 1367.9148, "10.0.0.97": 1746.0039, "10.0.3.14": 3568.456, "10.0.3.93": 495.0103, "10.0.2.63": 1692.0145, "10.0.3.45": 1582.02, "10.0.4.199": 3060.0125, "10.0.1.129": 1700.4618, "10.0.3.76": 1617.0013}}, "TFT: Teamfight Tactics": {"localIpCount": 5, "localIpFrequency": {"10.0.3.47": 1, "10.0.4.176": 1, "10.0.3.69": 1, "10.0.3.101": 1, "10.0.2.248": 1}, "localIpTotalDuration": 1439.0459, "localIpDuration": {"10.0.3.47": 28.0034, "10.0.4.176": 135.0009, "10.0.3.69": 531.9724, "10.0.3.101": 197.9927, "10.0.2.248": 546.0765}}}