{"Roblox": {"localIpCount": 85, "localIpFrequency": {"10.0.0.212": 8, "10.0.0.98": 15, "10.0.0.203": 2, "10.0.0.223": 1, "10.0.0.23": 10, "10.0.0.35": 41, "10.0.0.209": 1, "10.0.0.216": 1, "10.0.0.93": 2, "10.0.0.71": 7, "10.0.0.166": 7, "10.0.0.214": 6, "10.0.0.231": 9, "10.0.0.130": 19, "10.0.0.6": 23, "10.0.0.218": 1, "10.0.0.244": 1, "10.0.0.220": 3, "10.0.0.245": 2, "10.0.0.179": 1, "10.0.0.146": 5, "10.0.0.225": 1, "10.0.0.190": 15, "10.0.0.82": 1, "10.0.0.83": 8, "10.0.0.77": 36, "10.0.0.70": 19, "10.0.0.95": 2, "10.0.0.248": 9, "10.0.0.28": 16, "10.0.0.193": 2, "10.0.0.163": 1, "10.0.0.241": 1, "10.0.0.242": 33, "10.0.0.34": 1, "10.0.0.24": 8, "10.0.0.138": 8, "10.0.1.0": 1, "10.0.1.2": 2, "10.0.0.78": 9, "10.0.1.10": 3, "10.0.0.8": 3, "10.0.1.6": 2, "10.0.1.14": 7, "10.0.0.187": 2, "10.0.1.29": 7, "10.0.1.37": 68, "10.0.1.20": 3, "10.0.0.2": 3, "10.0.1.51": 1, "10.0.1.53": 1, "10.0.1.21": 1, "10.0.1.23": 1, "10.0.0.104": 1, "10.0.0.42": 1, "10.0.1.56": 2, "10.0.1.25": 1, "10.0.1.61": 1, "10.0.1.62": 2, "10.0.0.134": 1, "10.0.0.165": 2, "10.0.1.17": 4, "10.0.1.65": 1, "10.0.1.67": 2, "10.0.0.33": 46, "10.0.1.28": 10, "10.0.1.78": 1, "10.0.0.41": 1, "10.0.1.79": 2, "10.0.1.70": 1, "10.0.1.87": 10, "10.0.1.89": 1, "10.0.1.69": 1, "10.0.1.98": 1, "10.0.0.87": 5, "10.0.1.31": 8, "10.0.0.10": 1, "10.0.1.105": 1, "10.0.1.35": 1, "10.0.1.81": 2, "10.0.0.136": 1, "10.0.0.164": 1, "10.0.0.85": 1, "10.0.0.38": 1, "10.0.0.97": 1}, "localIpTotalDuration": 976802.1492999999, "localIpDuration": {"10.0.0.212": 14152.928, "10.0.0.98": 24891.4147, "10.0.0.203": 3588.3439, "10.0.0.223": 1798.7667, "10.0.0.23": 17985.962799999998, "10.0.0.35": 72707.03510000001, "10.0.0.209": 1798.5827, "10.0.0.216": 1798.7527, "10.0.0.93": 3596.9809, "10.0.0.71": 12595.344000000001, "10.0.0.166": 12584.5278, "10.0.0.214": 10794.0575, "10.0.0.231": 16188.985100000002, "10.0.0.130": 34174.388699999996, "10.0.0.6": 40091.5508, "10.0.0.218": 1798.6106, "10.0.0.244": 1798.7818, "10.0.0.220": 5396.619299999999, "10.0.0.245": 3597.4952000000003, "10.0.0.179": 1788.7198, "10.0.0.146": 8944.4313, "10.0.0.225": 1799.1033, "10.0.0.190": 25463.004699999994, "10.0.0.82": 1799.1263, "10.0.0.83": 14382.3792, "10.0.0.77": 64748.32999999999, "10.0.0.70": 34176.418099999995, "10.0.0.95": 3599.0892999999996, "10.0.0.248": 16181.8183, "10.0.0.28": 27190.113800000003, "10.0.0.193": 3597.4871, "10.0.0.163": 1798.7794, "10.0.0.241": 1799.9995, "10.0.0.242": 59312.921500000004, "10.0.0.34": 1798.7556, "10.0.0.24": 14389.326299999999, "10.0.0.138": 14311.3906, "10.0.1.0": 1799.2051, "10.0.1.2": 3597.5514, "10.0.0.78": 16186.822199999999, "10.0.1.10": 5396.2462, "10.0.0.8": 5396.4333, "10.0.1.6": 3598.2093, "10.0.1.14": 12590.471300000001, "10.0.0.187": 3597.5671, "10.0.1.29": 12583.9357, "10.0.1.37": 122074.8946, "10.0.1.20": 5396.308, "10.0.0.2": 5395.9034, "10.0.1.51": 1798.5066, "10.0.1.53": 1798.6053, "10.0.1.21": 1448.7723, "10.0.1.23": 1771.0018, "10.0.0.104": 0.0001, "10.0.0.42": 1231.9963, "10.0.1.56": 2229.9978, "10.0.1.25": 825.9999, "10.0.1.61": 1390.0093, "10.0.1.62": 2638.7906, "10.0.0.134": 549.9999, "10.0.0.165": 3599.2237, "10.0.1.17": 7194.8846, "10.0.1.65": 1790.0019, "10.0.1.67": 3599.1825, "10.0.0.33": 82171.1912, "10.0.1.28": 17987.9935, "10.0.1.78": 1788.6801, "10.0.0.41": 1799.1679, "10.0.1.79": 3598.7219999999998, "10.0.1.70": 90.0015, "10.0.1.87": 17986.602400000003, "10.0.1.89": 1799.0135, "10.0.1.69": 1798.7043, "10.0.1.98": 1798.6301, "10.0.0.87": 8985.5116, "10.0.1.31": 13942.5231, "10.0.0.10": 1798.7026, "10.0.1.105": 1798.9665, "10.0.1.35": 1540.0046, "10.0.1.81": 2667.5111, "10.0.0.136": 153.9998, "10.0.0.164": 1798.7097, "10.0.0.85": 1798.7953, "10.0.0.38": 1798.767, "10.0.0.97": 1799.1089}}, "Honkai: Star Rail": {"localIpCount": 1, "localIpFrequency": {"10.0.0.205": 1}, "localIpTotalDuration": 10.0019, "localIpDuration": {"10.0.0.205": 10.0019}}, "FIFA ONLINE 4 M": {"localIpCount": 1, "localIpFrequency": {"10.0.1.52": 2}, "localIpTotalDuration": 1860.075, "localIpDuration": {"10.0.1.52": 1860.075}}, "League of Legends: Wild Rift": {"localIpCount": 11, "localIpFrequency": {"10.0.0.226": 1, "10.0.0.238": 1, "10.0.0.38": 1, "10.0.1.9": 1, "10.0.1.6": 2, "10.0.0.252": 2, "10.0.1.27": 1, "10.0.0.213": 1, "10.0.1.88": 1, "10.0.1.91": 1, "10.0.1.125": 1}, "localIpTotalDuration": 2669.9716999999996, "localIpDuration": {"10.0.0.226": 369.9949, "10.0.0.238": 9.9979, "10.0.0.38": 294.0285, "10.0.1.9": 398.9958, "10.0.1.6": 589.9981, "10.0.0.252": 180.0051, "10.0.1.27": 118.9617, "10.0.0.213": 247.9813, "10.0.1.88": 90.0072, "10.0.1.91": 210.0026, "10.0.1.125": 159.9986}}, "Minecraft": {"localIpCount": 5, "localIpFrequency": {"10.0.0.211": 1, "10.0.0.182": 1, "10.0.1.39": 4, "10.0.1.106": 1, "10.0.1.123": 2}, "localIpTotalDuration": 7622.036, "localIpDuration": {"10.0.0.211": 91.0034, "10.0.0.182": 112.0133, "10.0.1.39": 5650.0131, "10.0.1.106": 0.0001, "10.0.1.123": 1769.0061}}, "TFT: Teamfight Tactics": {"localIpCount": 4, "localIpFrequency": {"10.0.0.11": 1, "10.0.0.239": 1, "10.0.0.142": 1, "10.0.0.85": 1}, "localIpTotalDuration": 469.996, "localIpDuration": {"10.0.0.11": 139.9977, "10.0.0.239": 10.0049, "10.0.0.142": 149.9908, "10.0.0.85": 170.0026}}}