{"Roblox (Adopt Me!)": {"localIpCount": 9, "localIpFrequency": {"10.0.0.127": 1, "10.0.0.178": 3, "10.0.0.33": 4, "10.0.0.179": 1, "10.0.0.128": 1, "10.0.0.182": 1, "10.0.0.187": 5, "10.0.0.138": 2, "10.0.0.196": 1}, "localIpTotalDuration": 21909.2538, "localIpDuration": {"10.0.0.127": 0.4075, "10.0.0.178": 3721.5422, "10.0.0.33": 5971.7600999999995, "10.0.0.179": 1734.9752, "10.0.0.128": 50.7444, "10.0.0.182": 19.0524, "10.0.0.187": 5430.869100000001, "10.0.0.138": 3229.4493, "10.0.0.196": 1750.4536}}, "Minecraft": {"localIpCount": 1, "localIpFrequency": {"10.0.0.125": 1}, "localIpTotalDuration": 3235.0507, "localIpDuration": {"10.0.0.125": 3235.0507}}, "Gunship Battle: Crypto Conflict": {"localIpCount": 1, "localIpFrequency": {"10.0.0.186": 1}, "localIpTotalDuration": 931.9507, "localIpDuration": {"10.0.0.186": 931.9507}}, "Hero Blaze: Three Kingdoms": {"localIpCount": 1, "localIpFrequency": {"10.0.0.117": 1}, "localIpTotalDuration": 125.0014, "localIpDuration": {"10.0.0.117": 125.0014}}, "Roblox": {"localIpCount": 13, "localIpFrequency": {"10.0.0.45": 4, "10.0.0.127": 1, "10.0.0.178": 4, "10.0.0.33": 5, "10.0.0.179": 1, "10.0.0.128": 1, "10.0.0.182": 1, "10.0.0.184": 1, "10.0.0.18": 1, "10.0.0.187": 7, "10.0.0.138": 3, "10.0.0.195": 1, "10.0.0.196": 1}, "localIpTotalDuration": 374308.5781, "localIpDuration": {"10.0.0.45": 183114.84609999997, "10.0.0.127": 5097.5627, "10.0.0.178": 9861.187, "10.0.0.33": 54794.4155, "10.0.0.179": 2102.2505, "10.0.0.128": 6943.1293, "10.0.0.182": 28154.0497, "10.0.0.184": 21007.4107, "10.0.0.18": 124.998, "10.0.0.187": 25338.7087, "10.0.0.138": 25297.6662, "10.0.0.195": 10671.999, "10.0.0.196": 1800.3547}}}