{"League of Legends: Wild Rift": {"localIpCount": 3, "localIpFrequency": {"10.0.0.37": 4, "10.0.0.79": 1, "10.0.0.8": 1}, "localIpTotalDuration": 7788.643599999999, "localIpDuration": {"10.0.0.37": 6595.8805999999995, "10.0.0.79": 1069.459, "10.0.0.8": 123.304}}, "Roblox": {"localIpCount": 6, "localIpFrequency": {"10.0.0.62": 16, "10.0.0.66": 40, "10.0.0.45": 12, "10.0.0.52": 1, "10.0.0.69": 72, "10.0.0.50": 4}, "localIpTotalDuration": 1004506.8467, "localIpDuration": {"10.0.0.62": 28867.469300000008, "10.0.0.66": 185291.4781, "10.0.0.45": 312621.61100000003, "10.0.0.52": 123382.1985, "10.0.0.69": 341284.45769999997, "10.0.0.50": 13059.632099999999}}, "Roblox (Adopt Me!)": {"localIpCount": 6, "localIpFrequency": {"10.0.0.62": 13, "10.0.0.66": 20, "10.0.0.45": 4, "10.0.0.52": 1, "10.0.0.69": 37, "10.0.0.50": 4}, "localIpTotalDuration": 77347.67859999998, "localIpDuration": {"10.0.0.62": 17285.6533, "10.0.0.66": 22813.237500000003, "10.0.0.45": 280.3699, "10.0.0.52": 78.8967, "10.0.0.69": 34874.74120000001, "10.0.0.50": 2014.78}}}