{"PUBG Mobile": {"localIpCount": 1, "localIpFrequency": {"10.0.0.121": 3}, "totalDuration": 702.0011, "localIpDuration": {"10.0.0.121": 702.0011}}, "Roblox (Game)": {"localIpCount": 17, "localIpFrequency": {"10.0.0.90": 1, "10.0.0.51": 6, "10.0.0.103": 1, "10.0.0.69": 50, "10.0.0.109": 12, "10.0.0.84": 2, "10.0.0.115": 1, "10.0.0.122": 2, "10.0.0.125": 1, "10.0.0.53": 1, "10.0.0.113": 1, "10.0.0.135": 3, "10.0.0.141": 1, "10.0.0.167": 2, "10.0.0.15": 4, "10.0.0.17": 1, "10.0.0.25": 1}, "totalDuration": 87232.91940000003, "localIpDuration": {"10.0.0.90": 8.003, "10.0.0.51": 8006.0005, "10.0.0.103": 490.0011, "10.0.0.69": 61388.87969999998, "10.0.0.109": 8074.0114, "10.0.0.84": 62.0037, "10.0.0.115": 209.9993, "10.0.0.122": 0.0012000000000000001, "10.0.0.125": 202.0003, "10.0.0.53": 51.9973, "10.0.0.113": 13.9997, "10.0.0.135": 3116.0012, "10.0.0.141": 0.0006, "10.0.0.167": 906.0053, "10.0.0.15": 4634.0202, "10.0.0.17": 0.0001, "10.0.0.25": 69.9948}}, "League of Legends: Wild Rift": {"localIpCount": 2, "localIpFrequency": {"10.0.0.118": 1, "10.0.0.126": 1}, "totalDuration": 1258.0016, "localIpDuration": {"10.0.0.118": 152.0014, "10.0.0.126": 1106.0002}}, "Roblox": {"localIpCount": 35, "localIpFrequency": {"10.0.0.43": 3, "10.0.0.90": 1, "10.0.0.51": 7, "10.0.0.103": 2, "10.0.0.69": 63, "10.0.0.84": 6, "10.0.0.108": 1, "10.0.0.109": 26, "10.0.0.113": 2, "10.0.0.114": 1, "10.0.0.115": 1, "10.0.0.116": 2, "10.0.0.118": 1, "10.0.0.120": 1, "10.0.0.122": 2, "10.0.0.125": 1, "10.0.0.124": 4, "10.0.0.129": 1, "10.0.0.53": 1, "10.0.0.135": 4, "10.0.0.136": 1, "10.0.0.138": 1, "10.0.0.141": 2, "10.0.0.149": 1, "10.0.0.150": 1, "10.0.0.161": 1, "10.0.0.165": 1, "10.0.0.167": 3, "10.0.0.9": 3, "10.0.0.15": 4, "10.0.0.17": 1, "10.0.0.19": 1, "10.0.0.22": 1, "10.0.0.25": 1, "10.0.0.2": 2}, "totalDuration": 185539.31379999995, "localIpDuration": {"10.0.0.43": 612.0001, "10.0.0.90": 420.0, "10.0.0.51": 11008.020599999998, "10.0.0.103": 1704.0016, "10.0.0.69": 90305.01090000002, "10.0.0.84": 3306.0019, "10.0.0.108": 274.0003, "10.0.0.109": 43614.048299999995, "10.0.0.113": 1934.0012, "10.0.0.114": 1796.0001, "10.0.0.115": 1033.9996, "10.0.0.116": 446.0001, "10.0.0.118": 140.0001, "10.0.0.120": 152.0, "10.0.0.122": 2419.9999, "10.0.0.125": 1072.0002, "10.0.0.124": 2993.9999000000003, "10.0.0.129": 0.0047, "10.0.0.53": 373.9997, "10.0.0.135": 4241.9984, "10.0.0.136": 157.9996, "10.0.0.138": 156.0004, "10.0.0.141": 847.9991, "10.0.0.149": 241.9999, "10.0.0.150": 469.995, "10.0.0.161": 4.0017, "10.0.0.165": 169.9991, "10.0.0.167": 4161.1605, "10.0.0.9": 2435.1967, "10.0.0.15": 6562.8758, "10.0.0.17": 587.9987, "10.0.0.19": 209.9993, "10.0.0.22": 343.0016, "10.0.0.25": 350.0009, "10.0.0.2": 993.9979}}, "Minecraft": {"localIpCount": 4, "localIpFrequency": {"10.0.0.51": 1, "10.0.0.110": 5, "10.0.0.157": 1, "10.0.0.12": 1}, "totalDuration": 8354.998300000001, "localIpDuration": {"10.0.0.51": 357.9997, "10.0.0.110": 6869.999900000001, "10.0.0.157": 923.9996, "10.0.0.12": 202.9991}}}