{"Minecraft": {"localIpCount": 5, "localIpFrequency": {"10.0.0.51": 1, "10.0.0.110": 5, "10.0.0.157": 1, "10.0.0.12": 1, "10.0.0.114": 8}, "totalDuration": 15900.9955, "localIpDuration": {"10.0.0.51": 357.9997, "10.0.0.110": 6869.999900000001, "10.0.0.157": 923.9996, "10.0.0.12": 202.9991, "10.0.0.114": 7545.997200000001}}, "Free Fire": {"localIpCount": 1, "localIpFrequency": {"10.0.0.119": 2}, "totalDuration": 755.9825000000001, "localIpDuration": {"10.0.0.119": 755.9825000000001}}, "PUBG Mobile": {"localIpCount": 2, "localIpFrequency": {"10.0.0.121": 3, "10.0.0.238": 10}, "totalDuration": 6407.001899999999, "localIpDuration": {"10.0.0.121": 702.0011, "10.0.0.238": 5705.0008}}, "Roblox": {"localIpCount": 110, "localIpFrequency": {"10.0.0.43": 3, "10.0.0.90": 1, "10.0.0.51": 8, "10.0.0.103": 2, "10.0.0.69": 82, "10.0.0.84": 10, "10.0.0.108": 1, "10.0.0.109": 26, "10.0.0.113": 2, "10.0.0.114": 2, "10.0.0.115": 1, "10.0.0.116": 3, "10.0.0.118": 1, "10.0.0.120": 1, "10.0.0.122": 2, "10.0.0.125": 2, "10.0.0.124": 4, "10.0.0.129": 1, "10.0.0.53": 2, "10.0.0.135": 4, "10.0.0.136": 1, "10.0.0.138": 1, "10.0.0.141": 4, "10.0.0.149": 1, "10.0.0.150": 1, "10.0.0.161": 1, "10.0.0.165": 1, "10.0.0.167": 3, "10.0.0.9": 3, "10.0.0.15": 4, "10.0.0.17": 1, "10.0.0.19": 1, "10.0.0.22": 1, "10.0.0.25": 9, "10.0.0.2": 2, "10.0.0.33": 2, "10.0.0.38": 4, "10.0.0.42": 1, "10.0.0.45": 3, "10.0.0.46": 11, "10.0.0.48": 1, "10.0.0.54": 1, "10.0.0.55": 1, "10.0.0.56": 2, "10.0.0.66": 2, "10.0.0.67": 1, "10.0.0.68": 1, "10.0.0.76": 1, "10.0.0.79": 2, "10.0.0.81": 1, "10.0.0.87": 1, "10.0.0.5": 3, "10.0.0.92": 1, "10.0.0.52": 1, "10.0.0.94": 1, "10.0.0.96": 1, "10.0.0.97": 1, "10.0.0.99": 4, "10.0.0.104": 2, "10.0.0.106": 1, "10.0.0.111": 2, "10.0.0.121": 3, "10.0.0.131": 1, "10.0.0.132": 2, "10.0.0.20": 1, "10.0.0.133": 2, "10.0.0.143": 1, "10.0.0.144": 1, "10.0.0.152": 1, "10.0.0.155": 10, "10.0.0.159": 1, "10.0.0.162": 1, "10.0.0.166": 2, "10.0.0.178": 5, "10.0.0.180": 1, "10.0.0.185": 80, "10.0.0.186": 1, "10.0.0.187": 1, "10.0.0.189": 1, "10.0.0.190": 1, "10.0.0.192": 1, "10.0.0.194": 125, "10.0.0.195": 39, "10.0.0.205": 27, "10.0.0.209": 1, "10.0.0.214": 11, "10.0.0.217": 2, "10.0.0.218": 3, "10.0.0.219": 21, "10.0.0.220": 1, "10.0.0.227": 1, "10.0.0.229": 1, "10.0.0.230": 1, "10.0.0.233": 2, "10.0.0.239": 1, "10.0.0.241": 1, "10.0.0.243": 1, "10.0.0.248": 17, "10.0.0.252": 1, "10.0.1.1": 1, "10.0.1.13": 1, "10.0.1.17": 1, "10.0.1.19": 1, "10.0.1.20": 1, "10.0.1.22": 3, "10.0.1.23": 1, "10.0.1.32": 1, "10.0.1.35": 2, "10.0.1.40": 8, "10.0.1.44": 1}, "totalDuration": 865376.0554999992, "localIpDuration": {"10.0.0.43": 612.0001, "10.0.0.90": 420.0, "10.0.0.51": 11274.019699999997, "10.0.0.103": 1704.0016, "10.0.0.69": 122055.5991, "10.0.0.84": 10226.7385, "10.0.0.108": 274.0003, "10.0.0.109": 43614.048299999995, "10.0.0.113": 1934.0012, "10.0.0.114": 3567.0020999999997, "10.0.0.115": 1033.9996, "10.0.0.116": 747.0014, "10.0.0.118": 140.0001, "10.0.0.120": 152.0, "10.0.0.122": 2419.9999, "10.0.0.125": 1940.0043999999998, "10.0.0.124": 2993.9999000000003, "10.0.0.129": 0.0047, "10.0.0.53": 548.9959, "10.0.0.135": 4241.9984, "10.0.0.136": 157.9996, "10.0.0.138": 156.0004, "10.0.0.141": 3515.0104, "10.0.0.149": 241.9999, "10.0.0.150": 469.995, "10.0.0.161": 4.0017, "10.0.0.165": 169.9991, "10.0.0.167": 4161.1605, "10.0.0.9": 2435.1967, "10.0.0.15": 6562.8758, "10.0.0.17": 587.9987, "10.0.0.19": 209.9993, "10.0.0.22": 343.0016, "10.0.0.25": 7362.9204, "10.0.0.2": 993.9979, "10.0.0.33": 356.999, "10.0.0.38": 2869.1778, "10.0.0.42": 770.007, "10.0.0.45": 3100.9973, "10.0.0.46": 12932.2819, "10.0.0.48": 1799.0012, "10.0.0.54": 1035.9981, "10.0.0.55": 259.0009, "10.0.0.56": 2680.9995, "10.0.0.66": 2265.9918, "10.0.0.67": 1799.0054, "10.0.0.68": 1797.8935, "10.0.0.76": 6.9995, "10.0.0.79": 2233.0037, "10.0.0.81": 6.9988, "10.0.0.87": 230.9853, "10.0.0.5": 518.0049, "10.0.0.92": 1259.9989, "10.0.0.52": 671.9994, "10.0.0.94": 301.0006, "10.0.0.96": 28.0015, "10.0.0.97": 147.0005, "10.0.0.99": 2415.0022, "10.0.0.104": 2148.9984999999997, "10.0.0.106": 539.0016, "10.0.0.111": 2098.9882000000002, "10.0.0.121": 2280.6861, "10.0.0.131": 133.0069, "10.0.0.132": 2513.0074, "10.0.0.20": 356.9864, "10.0.0.133": 2279.6737, "10.0.0.143": 294.005, "10.0.0.144": 258.999, "10.0.0.152": 161.0014, "10.0.0.155": 13584.776699999999, "10.0.0.159": 1797.9084, "10.0.0.162": 1777.115, "10.0.0.166": 1259.9995, "10.0.0.178": 7401.611500000001, "10.0.0.180": 1777.999, "10.0.0.185": 135056.0422, "10.0.0.186": 349.9995, "10.0.0.187": 140.0032, "10.0.0.189": 476.0, "10.0.0.190": 412.9943, "10.0.0.192": 1769.7808, "10.0.0.194": 206214.22379999998, "10.0.0.195": 65239.88340000001, "10.0.0.205": 48433.743, "10.0.0.209": 1799.0169, "10.0.0.214": 13382.248400000002, "10.0.0.217": 2142.0027999999998, "10.0.0.218": 4450.8726, "10.0.0.219": 27580.850700000003, "10.0.0.220": 406.0019, "10.0.0.227": 490.0004, "10.0.0.229": 1777.0873, "10.0.0.230": 448.0, "10.0.0.233": 2762.8541, "10.0.0.239": 791.0059, "10.0.0.241": 1797.7896, "10.0.0.243": 1197.0051, "10.0.0.248": 15147.158599999999, "10.0.0.252": 629.9968, "10.0.1.1": 468.9984, "10.0.1.13": 105.0016, "10.0.1.17": 335.998, "10.0.1.19": 188.9999, "10.0.1.20": 28.0005, "10.0.1.22": 3841.3669, "10.0.1.23": 350.0008, "10.0.1.32": 0.012, "10.0.1.35": 462.00020000000006, "10.0.1.40": 9265.4342, "10.0.1.44": 13.9965}}, "FIFA ONLINE 4 M": {"localIpCount": 1, "localIpFrequency": {"10.0.1.23": 2}, "totalDuration": 1378.9995, "localIpDuration": {"10.0.1.23": 1378.9995}}, "League of Legends: Wild Rift": {"localIpCount": 12, "localIpFrequency": {"10.0.0.118": 1, "10.0.0.126": 1, "10.0.0.184": 1, "10.0.0.4": 2, "10.0.0.219": 3, "10.0.0.30": 1, "10.0.0.185": 1, "10.0.0.229": 1, "10.0.0.194": 1, "10.0.1.21": 1, "10.0.1.33": 1, "10.0.1.41": 1}, "totalDuration": 4268.1215, "localIpDuration": {"10.0.0.118": 152.0014, "10.0.0.126": 1106.0002, "10.0.0.184": 349.9953, "10.0.0.4": 133.0044, "10.0.0.219": 462.11129999999997, "10.0.0.30": 188.9881, "10.0.0.185": 119.0118, "10.0.0.229": 13.9973, "10.0.0.194": 958.9949, "10.0.1.21": 350.0076, "10.0.1.33": 287.0106, "10.0.1.41": 146.9986}}, "Roblox (Game)": {"localIpCount": 70, "localIpFrequency": {"10.0.0.90": 1, "10.0.0.51": 6, "10.0.0.103": 1, "10.0.0.69": 68, "10.0.0.109": 12, "10.0.0.84": 6, "10.0.0.115": 1, "10.0.0.122": 2, "10.0.0.125": 1, "10.0.0.53": 2, "10.0.0.113": 1, "10.0.0.135": 3, "10.0.0.141": 3, "10.0.0.167": 2, "10.0.0.15": 4, "10.0.0.17": 1, "10.0.0.25": 2, "10.0.0.33": 2, "10.0.0.38": 4, "10.0.0.42": 1, "10.0.0.45": 3, "10.0.0.46": 10, "10.0.0.48": 1, "10.0.0.55": 1, "10.0.0.56": 2, "10.0.0.66": 1, "10.0.0.68": 1, "10.0.0.92": 1, "10.0.0.52": 1, "10.0.0.94": 1, "10.0.0.97": 1, "10.0.0.99": 3, "10.0.0.104": 1, "10.0.0.106": 1, "10.0.0.111": 2, "10.0.0.132": 2, "10.0.0.20": 1, "10.0.0.133": 2, "10.0.0.143": 1, "10.0.0.152": 1, "10.0.0.155": 9, "10.0.0.72": 1, "10.0.0.166": 1, "10.0.0.178": 3, "10.0.0.179": 1, "10.0.0.180": 1, "10.0.0.185": 64, "10.0.0.186": 1, "10.0.0.187": 1, "10.0.0.189": 1, "10.0.0.190": 1, "10.0.0.193": 1, "10.0.0.194": 85, "10.0.0.195": 32, "10.0.0.205": 29, "10.0.0.121": 2, "10.0.0.214": 6, "10.0.0.217": 1, "10.0.0.219": 18, "10.0.0.220": 1, "10.0.0.227": 1, "10.0.0.218": 1, "10.0.0.229": 1, "10.0.0.239": 1, "10.0.0.248": 3, "10.0.0.252": 1, "10.0.0.233": 2, "10.0.1.1": 1, "10.0.1.2": 1, "10.0.1.8": 1}, "totalDuration": 489076.5578, "localIpDuration": {"10.0.0.90": 8.003, "10.0.0.51": 8006.0005, "10.0.0.103": 490.0011, "10.0.0.69": 90515.0027, "10.0.0.109": 8074.0114, "10.0.0.84": 4401.9919, "10.0.0.115": 209.9993, "10.0.0.122": 0.0012000000000000001, "10.0.0.125": 202.0003, "10.0.0.53": 51.999100000000006, "10.0.0.113": 13.9997, "10.0.0.135": 3116.0012, "10.0.0.141": 2150.1877, "10.0.0.167": 906.0053, "10.0.0.15": 4634.0202, "10.0.0.17": 0.0001, "10.0.0.25": 433.9956, "10.0.0.33": 104.99870000000001, "10.0.0.38": 2191.002, "10.0.0.42": 91.0025, "10.0.0.45": 2603.9982, "10.0.0.46": 8392.990600000001,