{"Minecraft": {"localIpCount": 1, "localIpFrequency": {"10.0.0.110": 4}, "localIpTotalDuration": 5811.999400000001, "localIpDuration": {"10.0.0.110": 5811.999400000001}}, "Roblox": {"localIpCount": 4, "localIpFrequency": {"10.0.0.69": 41, "10.0.0.84": 2, "10.0.0.108": 1, "10.0.0.109": 26}, "localIpTotalDuration": 101868.6032, "localIpDuration": {"10.0.0.69": 56334.553700000004, "10.0.0.84": 1646.0009, "10.0.0.108": 274.0003, "10.0.0.109": 43614.048299999995}}, "Roblox (Game)": {"localIpCount": 3, "localIpFrequency": {"10.0.0.69": 30, "10.0.0.109": 12, "10.0.0.84": 1}, "localIpTotalDuration": 47026.0186, "localIpDuration": {"10.0.0.69": 38890.006799999996, "10.0.0.109": 8074.0114, "10.0.0.84": 62.0004}}}