{"Roblox": {"localIpCount": 16, "localIpFrequency": {"10.0.0.33": 2, "10.0.0.38": 3, "10.0.0.42": 1, "10.0.0.45": 3, "10.0.0.46": 8, "10.0.0.48": 1, "10.0.0.51": 1, "10.0.0.25": 1, "10.0.0.53": 1, "10.0.0.54": 1, "10.0.0.55": 1, "10.0.0.56": 2, "10.0.0.66": 2, "10.0.0.67": 1, "10.0.0.68": 1, "10.0.0.69": 19}, "localIpTotalDuration": 60918.92819999999, "localIpDuration": {"10.0.0.33": 356.999, "10.0.0.38": 2694.1767, "10.0.0.42": 770.007, "10.0.0.45": 3100.9973, "10.0.0.46": 9649.274000000001, "10.0.0.48": 1799.0012, "10.0.0.51": 265.9991, "10.0.0.25": 518.0003, "10.0.0.53": 174.9962, "10.0.0.54": 1035.9981, "10.0.0.55": 259.0009, "10.0.0.56": 2680.9995, "10.0.0.66": 2265.9918, "10.0.0.67": 1799.0054, "10.0.0.68": 1797.8935, "10.0.0.69": 31750.588200000002}}, "Roblox (Game)": {"localIpCount": 13, "localIpFrequency": {"10.0.0.33": 2, "10.0.0.38": 3, "10.0.0.42": 1, "10.0.0.45": 3, "10.0.0.46": 8, "10.0.0.48": 1, "10.0.0.25": 1, "10.0.0.53": 1, "10.0.0.55": 1, "10.0.0.56": 2, "10.0.0.66": 1, "10.0.0.68": 1, "10.0.0.69": 18}, "localIpTotalDuration": 45729.1442, "localIpDuration": {"10.0.0.33": 104.99870000000001, "10.0.0.38": 2190.9971, "10.0.0.42": 91.0025, "10.0.0.45": 2603.9982, "10.0.0.46": 6195.0017, "10.0.0.48": 1687.0019, "10.0.0.25": 364.0008, "10.0.0.53": 0.0018, "10.0.0.55": 13.9955, "10.0.0.56": 1189.0194000000001, "10.0.0.66": 1519.0036, "10.0.0.68": 644.0, "10.0.0.69": 29126.123000000007}}}