{"Roblox": {"localIpCount": 5, "localIpFrequency": {"10.0.0.59": 26, "10.0.0.60": 26, "10.0.0.38": 3, "10.0.0.63": 7, "10.0.0.68": 2}, "localIpTotalDuration": 106747.30990000002, "localIpDuration": {"10.0.0.59": 41932.31599999999, "10.0.0.60": 46723.00760000001, "10.0.0.38": 4887.7665, "10.0.0.63": 10765.886600000002, "10.0.0.68": 2438.3332}}, "PUBG Mobile": {"localIpCount": 1, "localIpFrequency": {"10.0.0.7": 5}, "localIpTotalDuration": 2819.9854, "localIpDuration": {"10.0.0.7": 2819.9854}}, "Minecraft": {"localIpCount": 1, "localIpFrequency": {"10.0.0.68": 2}, "localIpTotalDuration": 1528.3806, "localIpDuration": {"10.0.0.68": 1528.3806}}}