{"PUBG Mobile": {"localIpCount": 1, "localIpFrequency": {"10.0.0.7": 4}, "localIpTotalDuration": 1530.0003, "localIpDuration": {"10.0.0.7": 1530.0003}}, "Minecraft": {"localIpCount": 1, "localIpFrequency": {"10.0.0.68": 2}, "localIpTotalDuration": 1528.3806, "localIpDuration": {"10.0.0.68": 1528.3806}}, "Roblox": {"localIpCount": 5, "localIpFrequency": {"10.0.0.59": 17, "10.0.0.60": 26, "10.0.0.38": 2, "10.0.0.63": 6, "10.0.0.68": 2}, "localIpTotalDuration": 92042.29880000002, "localIpDuration": {"10.0.0.59": 30315.7535, "10.0.0.60": 46723.00760000001, "10.0.0.38": 3597.768, "10.0.0.63": 8967.436500000002, "10.0.0.68": 2438.3332}}}