{"Roblox": {"localIpCount": 8, "localIpFrequency": {"10.0.0.99": 1, "10.0.0.104": 2, "10.0.0.106": 1, "10.0.0.111": 2, "10.0.0.116": 1, "10.0.0.38": 1, "10.0.0.25": 2, "10.0.0.121": 1}, "localIpTotalDuration": 8671.987800000003, "localIpDuration": {"10.0.0.99": 392.0004, "10.0.0.104": 2148.9984999999997, "10.0.0.106": 539.0016, "10.0.0.111": 2098.9882000000002, "10.0.0.116": 301.0013, "10.0.0.38": 175.0011, "10.0.0.25": 2834.9994, "10.0.0.121": 181.9973}}, "TFT: Teamfight Tactics": {"localIpCount": 1, "localIpFrequency": {"10.0.0.4": 1}, "localIpTotalDuration": 147.0021, "localIpDuration": {"10.0.0.4": 147.0021}}, "Free Fire": {"localIpCount": 1, "localIpFrequency": {"10.0.0.119": 1}, "localIpTotalDuration": 118.9972, "localIpDuration": {"10.0.0.119": 118.9972}}, "Minecraft": {"localIpCount": 1, "localIpFrequency": {"10.0.0.114": 4}, "localIpTotalDuration": 2246.9967, "localIpDuration": {"10.0.0.114": 2246.9967}}, "Roblox (Game)": {"localIpCount": 5, "localIpFrequency": {"10.0.0.99": 1, "10.0.0.104": 1, "10.0.0.106": 1, "10.0.0.111": 2, "10.0.0.38": 1}, "localIpTotalDuration": 2184.0049, "localIpDuration": {"10.0.0.99": 84.0062, "10.0.0.104": 125.997, "10.0.0.106": 258.9965, "10.0.0.111": 1715.0003, "10.0.0.38": 0.0049}}}