{"Roblox": {"localIpCount": 20, "localIpFrequency": {"10.0.0.25": 2, "10.0.0.141": 2, "10.0.0.143": 1, "10.0.0.46": 2, "10.0.0.144": 1, "10.0.0.152": 1, "10.0.0.155": 10, "10.0.0.159": 1, "10.0.0.162": 1, "10.0.0.166": 2, "10.0.0.178": 4, "10.0.0.180": 1, "10.0.0.185": 10, "10.0.0.186": 1, "10.0.0.187": 1, "10.0.0.189": 1, "10.0.0.190": 1, "10.0.0.192": 1, "10.0.0.194": 9, "10.0.0.195": 13}, "localIpTotalDuration": 88892.87670000001, "localIpDuration": {"10.0.0.25": 1755.904, "10.0.0.141": 2667.0113, "10.0.0.143": 294.005, "10.0.0.46": 3283.0078000000003, "10.0.0.144": 258.999, "10.0.0.152": 161.0014, "10.0.0.155": 13584.776699999999, "10.0.0.159": 1797.9084, "10.0.0.162": 1777.115, "10.0.0.166": 1259.9995, "10.0.0.178": 6526.612800000001, "10.0.0.180": 1777.999, "10.0.0.185": 15473.7949, "10.0.0.186": 349.9995, "10.0.0.187": 140.0032, "10.0.0.189": 476.0, "10.0.0.190": 412.9943, "10.0.0.192": 1769.7808, "10.0.0.194": 13746.698999999999, "10.0.0.195": 21379.2651}}, "Roblox (Game)": {"localIpCount": 18, "localIpFrequency": {"10.0.0.141": 2, "10.0.0.143": 1, "10.0.0.46": 2, "10.0.0.152": 1, "10.0.0.155": 9, "10.0.0.72": 1, "10.0.0.166": 1, "10.0.0.178": 2, "10.0.0.179": 1, "10.0.0.180": 1, "10.0.0.185": 5, "10.0.0.186": 1, "10.0.0.187": 1, "10.0.0.189": 1, "10.0.0.190": 1, "10.0.0.193": 1, "10.0.0.194": 6, "10.0.0.195": 14}, "localIpTotalDuration": 52563.937999999995, "localIpDuration": {"10.0.0.141": 2150.1871, "10.0.0.143": 0.0019, "10.0.0.46": 2197.9889000000003, "10.0.0.152": 35.0, "10.0.0.155": 8987.998599999999, "10.0.0.72": 112.0045, "10.0.0.166": 825.9997, "10.0.0.178": 2148.9989, "10.0.0.179": 6.9975, "10.0.0.180": 1532.9961, "10.0.0.185": 4655.0266, "10.0.0.186": 167.9937, "10.0.0.187": 0.0001, "10.0.0.189": 154.0112, "10.0.0.190": 258.9915, "10.0.0.193": 41.9967, "10.0.0.194": 7390.8798000000015, "10.0.0.195": 21896.8652}}, "Summoners War: Chronicles": {"localIpCount": 1, "localIpFrequency": {"10.0.0.142": 1}, "localIpTotalDuration": 42.0068, "localIpDuration": {"10.0.0.142": 42.0068}}, "League of Legends: Wild Rift": {"localIpCount": 2, "localIpFrequency": {"10.0.0.184": 1, "10.0.0.4": 1}, "localIpTotalDuration": 461.9989, "localIpDuration": {"10.0.0.184": 349.9953, "10.0.0.4": 112.0036}}, "TFT: Teamfight Tactics": {"localIpCount": 1, "localIpFrequency": {"10.0.0.4": 1}, "localIpTotalDuration": 398.9084, "localIpDuration": {"10.0.0.4": 398.9084}}}