{"League of Legends: Wild Rift": {"localIpCount": 2, "localIpFrequency": {"10.0.0.229": 1, "10.0.0.219": 2}, "localIpTotalDuration": 469.0857, "localIpDuration": {"10.0.0.229": 13.9973, "10.0.0.219": 455.0884}}, "Roblox (Game)": {"localIpCount": 10, "localIpFrequency": {"10.0.0.194": 34, "10.0.0.185": 31, "10.0.0.239": 1, "10.0.0.219": 9, "10.0.0.178": 1, "10.0.0.248": 3, "10.0.0.252": 1, "10.0.0.233": 2, "10.0.1.1": 1, "10.0.1.2": 1}, "localIpTotalDuration": 106088.29110000002, "localIpDuration": {"10.0.0.194": 46352.0755, "10.0.0.185": 43090.22920000001, "10.0.0.239": 111.9983, "10.0.0.219": 10653.978000000001, "10.0.0.178": 189.0055, "10.0.0.248": 1301.99, "10.0.0.252": 308.0142, "10.0.0.233": 1994.9932, "10.0.1.1": 301.0057, "10.0.1.2": 1785.0015}}, "PUBG Mobile": {"localIpCount": 1, "localIpFrequency": {"10.0.0.238": 8}, "localIpTotalDuration": 4591.996, "localIpDuration": {"10.0.0.238": 4591.996}}, "Roblox": {"localIpCount": 14, "localIpFrequency": {"10.0.0.230": 1, "10.0.0.194": 47, "10.0.0.185": 32, "10.0.0.233": 2, "10.0.0.239": 1, "10.0.0.99": 1, "10.0.0.241": 1, "10.0.0.243": 1, "10.0.0.219": 11, "10.0.0.178": 1, "10.0.0.46": 1, "10.0.0.248": 10, "10.0.0.252": 1, "10.0.1.1": 1}, "localIpTotalDuration": 167336.34269999998, "localIpDuration": {"10.0.0.230": 448.0, "10.0.0.194": 80071.55519999999, "10.0.0.185": 53894.836100000015, "10.0.0.233": 2762.8541, "10.0.0.239": 791.0059, "10.0.0.99": 132.9986, "10.0.0.241": 1797.7896, "10.0.0.243": 1197.0051, "10.0.0.219": 14866.1428, "10.0.0.178": 874.9987, "10.0.0.46": 0.0001, "10.0.0.248": 9400.1613, "10.0.0.252": 629.9968, "10.0.1.1": 468.9984}}, "TFT: Teamfight Tactics": {"localIpCount": 2, "localIpFrequency": {"10.0.0.229": 1, "10.0.0.219": 7}, "localIpTotalDuration": 4458.9908000000005, "localIpDuration": {"10.0.0.229": 35.0035, "10.0.0.219": 4423.9873}}}