{"Roblox (Game)": {"localIpCount": 12, "localIpFrequency": {"10.0.0.195": 18, "10.0.0.205": 29, "10.0.0.194": 35, "10.0.0.121": 2, "10.0.0.214": 6, "10.0.0.217": 1, "10.0.0.219": 9, "10.0.0.220": 1, "10.0.0.185": 28, "10.0.0.227": 1, "10.0.0.218": 1, "10.0.0.229": 1}, "localIpTotalDuration": 175672.08700000006, "localIpDuration": {"10.0.0.195": 30306.1936, "10.0.0.205": 44139.098, "10.0.0.194": 44201.7237, "10.0.0.121": 1755.4116999999999, "10.0.0.214": 6573.0248, "10.0.0.217": 77.006, "10.0.0.219": 9198.0283, "10.0.0.220": 196.0103, "10.0.0.185": 35816.5772, "10.0.0.227": 189.0002, "10.0.0.218": 1610.0019, "10.0.0.229": 1610.0113}}, "Overwatch 2": {"localIpCount": 1, "localIpFrequency": {"10.0.0.114": 3}, "localIpTotalDuration": 2751.0026, "localIpDuration": {"10.0.0.114": 2751.0026}}, "League of Legends: Wild Rift": {"localIpCount": 4, "localIpFrequency": {"10.0.0.219": 1, "10.0.0.30": 1, "10.0.0.185": 1, "10.0.0.4": 1}, "localIpTotalDuration": 336.0236, "localIpDuration": {"10.0.0.219": 7.0229, "10.0.0.30": 188.9881, "10.0.0.185": 119.0118, "10.0.0.4": 21.0008}}, "Minecraft": {"localIpCount": 1, "localIpFrequency": {"10.0.0.114": 4}, "localIpTotalDuration": 5299.0005, "localIpDuration": {"10.0.0.114": 5299.0005}}, "TFT: Teamfight Tactics": {"localIpCount": 1, "localIpFrequency": {"10.0.0.219": 5}, "localIpTotalDuration": 980.0043000000001, "localIpDuration": {"10.0.0.219": 980.0043000000001}}, "Roblox": {"localIpCount": 15, "localIpFrequency": {"10.0.0.195": 26, "10.0.0.205": 27, "10.0.0.194": 45, "10.0.0.121": 2, "10.0.0.209": 1, "10.0.0.214": 11, "10.0.0.217": 2, "10.0.0.218": 2, "10.0.0.219": 7, "10.0.0.220": 1, "10.0.0.185": 38, "10.0.0.114": 1, "10.0.0.25": 1, "10.0.0.227": 1, "10.0.0.229": 1}, "localIpTotalDuration": 267537.27520000003, "localIpDuration": {"10.0.0.195": 43860.6183, "10.0.0.205": 48433.743, "10.0.0.194": 72330.9527, "10.0.0.121": 2098.6888, "10.0.0.209": 1799.0169, "10.0.0.214": 13382.248400000002, "10.0.0.217": 2142.0027999999998, "10.0.0.218": 3596.8725, "10.0.0.219": 9404.6286, "10.0.0.220": 406.0019, "10.0.0.185": 65687.41119999999, "10.0.0.114": 1771.002, "10.0.0.25": 357.0004, "10.0.0.227": 490.0004, "10.0.0.229": 1777.0873}}}