{"League of Legends: Wild Rift": {"localIpCount": 5, "localIpFrequency": {"10.0.1.41": 1, "10.0.0.219": 1, "10.0.1.23": 1, "10.0.1.52": 1, "10.0.1.64": 1}, "localIpTotalDuration": 672.0010000000001, "localIpDuration": {"10.0.1.41": 146.9986, "10.0.0.219": 126.0032, "10.0.1.23": 70.0016, "10.0.1.52": 307.9999, "10.0.1.64": 20.9977}}, "Roblox": {"localIpCount": 15, "localIpFrequency": {"10.0.0.25": 1, "10.0.0.219": 7, "10.0.0.248": 3, "10.0.1.40": 4, "10.0.1.44": 1, "10.0.1.22": 1, "10.0.0.217": 5, "10.0.1.50": 1, "10.0.0.237": 1, "10.0.1.51": 1, "10.0.1.57": 1, "10.0.1.58": 1, "10.0.1.59": 1, "10.0.1.63": 1, "10.0.1.65": 1}, "localIpTotalDuration": 30443.20989999999, "localIpDuration": {"10.0.0.25": 1392.9999, "10.0.0.219": 10573.177499999998, "10.0.0.248": 790.9973, "10.0.1.40": 5179.0931, "10.0.1.44": 13.9965, "10.0.1.22": 217.0014, "10.0.0.217": 6913.957899999999, "10.0.1.50": 608.9986, "10.0.0.237": 328.9992, "10.0.1.51": 272.9996, "10.0.1.57": 258.9886, "10.0.1.58": 1602.999, "10.0.1.59": 294.0005, "10.0.1.63": 196.0009, "10.0.1.65": 1798.9999}}, "PUBG Mobile": {"localIpCount": 1, "localIpFrequency": {"10.0.0.238": 3}, "localIpTotalDuration": 1175.9892, "localIpDuration": {"10.0.0.238": 1175.9892}}, "TFT: Teamfight Tactics": {"localIpCount": 2, "localIpFrequency": {"10.0.0.219": 2, "10.0.1.23": 1}, "localIpTotalDuration": 2799.9952000000003, "localIpDuration": {"10.0.0.219": 1596.0082, "10.0.1.23": 1203.987}}}