{"PUBG Mobile": {"localIpCount": 1, "localIpFrequency": {"10.0.0.238": 2}, "localIpTotalDuration": 1113.0048000000002, "localIpDuration": {"10.0.0.238": 1113.0048000000002}}, "Roblox": {"localIpCount": 14, "localIpFrequency": {"10.0.0.248": 4, "10.0.0.194": 24, "10.0.1.13": 1, "10.0.0.25": 1, "10.0.1.17": 1, "10.0.1.19": 1, "10.0.1.20": 1, "10.0.1.22": 3, "10.0.1.23": 1, "10.0.1.32": 1, "10.0.0.218": 1, "10.0.1.35": 2, "10.0.0.219": 2, "10.0.1.40": 4}, "localIpTotalDuration": 57826.834400000014, "localIpDuration": {"10.0.0.248": 4956.0, "10.0.0.194": 40065.0169, "10.0.1.13": 105.0016, "10.0.0.25": 154.0155, "10.0.1.17": 335.998, "10.0.1.19": 188.9999, "10.0.1.20": 28.0005, "10.0.1.22": 3841.3669, "10.0.1.23": 350.0008, "10.0.1.32": 0.012, "10.0.0.218": 854.0001, "10.0.1.35": 462.00020000000006, "10.0.0.219": 2400.0809, "10.0.1.40": 4086.3411}}, "Roblox (Game)": {"localIpCount": 2, "localIpFrequency": {"10.0.0.194": 10, "10.0.1.8": 1}, "localIpTotalDuration": 9275.831, "localIpDuration": {"10.0.0.194": 7931.819799999999, "10.0.1.8": 1344.0112}}, "FIFA ONLINE 4 M": {"localIpCount": 1, "localIpFrequency": {"10.0.1.23": 2}, "localIpTotalDuration": 1378.9995, "localIpDuration": {"10.0.1.23": 1378.9995}}, "League of Legends: Wild Rift": {"localIpCount": 3, "localIpFrequency": {"10.0.0.194": 1, "10.0.1.21": 1, "10.0.1.33": 1}, "localIpTotalDuration": 1596.0131000000001, "localIpDuration": {"10.0.0.194": 958.9949, "10.0.1.21": 350.0076, "10.0.1.33": 287.0106}}}