{"Roblox": {"localIpCount": 11, "localIpFrequency": {"10.0.0.32": 11, "10.0.0.29": 3, "10.0.0.38": 1, "10.0.0.13": 2, "10.0.0.41": 1, "10.0.0.42": 1, "10.0.0.45": 1, "10.0.0.49": 1, "10.0.0.58": 1, "10.0.0.24": 2, "10.0.0.59": 8}, "localIpTotalDuration": 44108.128099999994, "localIpDuration": {"10.0.0.32": 16962.405, "10.0.0.29": 3739.9994, "10.0.0.38": 1489.9992, "10.0.0.13": 2659.9941, "10.0.0.41": 179.9994, "10.0.0.42": 160.0006, "10.0.0.45": 489.9987, "10.0.0.49": 1060.0006, "10.0.0.58": 1070.0003, "10.0.0.24": 3569.1686, "10.0.0.59": 12726.5622}}, "Odin: Valhalla Rising": {"localIpCount": 1, "localIpFrequency": {"10.0.0.32": 1}, "localIpTotalDuration": 0.0006, "localIpDuration": {"10.0.0.32": 0.0006}}, "League of Legends: Wild Rift": {"localIpCount": 3, "localIpFrequency": {"10.0.0.32": 1, "10.0.0.8": 2, "10.0.0.52": 1}, "localIpTotalDuration": 1249.9965, "localIpDuration": {"10.0.0.32": 129.9996, "10.0.0.8": 939.9985, "10.0.0.52": 179.9984}}, "PUBG Mobile": {"localIpCount": 3, "localIpFrequency": {"10.0.0.11": 9, "10.0.0.7": 21, "10.0.0.4": 4}, "localIpTotalDuration": 31669.146300000004, "localIpDuration": {"10.0.0.11": 8749.951400000002, "10.0.0.7": 20919.1925, "10.0.0.4": 2000.0023999999999}}}