{"Roblox": {"localIpCount": 3, "localIpFrequency": {"10.0.0.217": 24, "10.0.1.69": 1, "10.0.1.70": 1}, "localIpTotalDuration": 41757.160599999996, "localIpDuration": {"10.0.0.217": 40595.172999999995, "10.0.1.69": 20.9883, "10.0.1.70": 1140.9993}}}