{"Roblox (Game)": {"localIpCount": 1, "localIpFrequency": {"10.0.0.69": 14}, "localIpTotalDuration": 17418.006699999998, "localIpDuration": {"10.0.0.69": 17418.006699999998}}, "Roblox": {"localIpCount": 2, "localIpFrequency": {"10.0.0.69": 20, "10.0.0.84": 1}, "localIpTotalDuration": 25475.5716, "localIpDuration": {"10.0.0.69": 24305.5719, "10.0.0.84": 1169.9997}}}