{"Minecraft": {"localIpCount": 13, "localIpFrequency": {"10.0.51.186": 2, "10.0.21.205": 8, "10.0.52.103": 1, "10.0.52.147": 1, "10.0.52.204": 11, "10.0.52.223": 1, "10.0.52.238": 3, "10.0.52.165": 1, "10.0.22.30": 4, "10.0.53.57": 1, "10.0.53.45": 1, "10.0.53.84": 2, "10.0.53.96": 2}, "localIpTotalDuration": 53745.7861, "localIpDuration": {"10.0.51.186": 2491.9997, "10.0.21.205": 11402.2831, "10.0.52.103": 1799.1876, "10.0.52.147": 1435.0147, "10.0.52.204": 15050.3499, "10.0.52.223": 0.0, "10.0.52.238": 4970.5927, "10.0.52.165": 1673.1724, "10.0.22.30": 4724.837100000001, "10.0.53.57": 1798.9472, "10.0.53.45": 1770.4819, "10.0.53.84": 3227.1355, "10.0.53.96": 3401.7843000000003}}, "FIFA ONLINE 4 M": {"localIpCount": 6, "localIpFrequency": {"10.0.52.82": 1, "10.0.52.217": 1, "10.0.52.228": 4, "10.0.21.250": 1, "10.0.52.182": 3, "10.0.53.80": 1}, "localIpTotalDuration": 7833.302599999999, "localIpDuration": {"10.0.52.82": 1386.0266, "10.0.52.217": 147.1127, "10.0.52.228": 3395.2706, "10.0.21.250": 860.9988, "10.0.52.182": 1217.877, "10.0.53.80": 826.0169}}, "Honkai: Star Rail": {"localIpCount": 1, "localIpFrequency": {"10.0.53.15": 1}, "localIpTotalDuration": 147.1653, "localIpDuration": {"10.0.53.15": 147.1653}}, "Modern Combat": {"localIpCount": 1, "localIpFrequency": {"10.0.52.85": 3}, "localIpTotalDuration": 315.23380000000003, "localIpDuration": {"10.0.52.85": 315.23380000000003}}, "League of Legends: Wild Rift": {"localIpCount": 21, "localIpFrequency": {"10.0.51.141": 1, "10.0.51.165": 3, "10.0.21.160": 1, "10.0.52.94": 1, "10.0.52.136": 2, "10.0.52.142": 10, "10.0.52.183": 1, "10.0.21.209": 1, "10.0.52.160": 1, "10.0.21.226": 8, "10.0.52.195": 5, "10.0.52.250": 3, "10.0.52.184": 1, "10.0.52.102": 2, "10.0.21.250": 2, "10.0.53.64": 1, "10.0.53.68": 1, "10.0.53.86": 5, "10.0.22.46": 1, "10.0.22.43": 1, "10.0.53.151": 1}, "localIpTotalDuration": 78594.17030000001, "localIpDuration": {"10.0.51.141": 1798.1392, "10.0.51.165": 3883.6405999999997, "10.0.21.160": 21.1064, "10.0.52.94": 1799.0523, "10.0.52.136": 3170.9696999999996, "10.0.52.142": 16984.5641, "10.0.52.183": 1714.7201, "10.0.21.209": 34.9693, "10.0.52.160": 1792.013, "10.0.21.226": 12605.556, "10.0.52.195": 8678.034099999999, "10.0.52.250": 5289.2507000000005, "10.0.52.184": 1756.3891, "10.0.52.102": 3577.0617, "10.0.21.250": 1294.614, "10.0.53.64": 1797.7222, "10.0.53.68": 1798.9992, "10.0.53.86": 8651.2313, "10.0.22.46": 7.0017, "10.0.22.43": 154.2235, "10.0.53.151": 1784.9121}}, "Asphalt 9: Legends": {"localIpCount": 1, "localIpFrequency": {"10.0.52.85": 5}, "localIpTotalDuration": 4583.9872000000005, "localIpDuration": {"10.0.52.85": 4583.9872000000005}}, "Cookie Run: Kingdom": {"localIpCount": 1, "localIpFrequency": {"10.0.53.15": 1}, "localIpTotalDuration": 1540.0744, "localIpDuration": {"10.0.53.15": 1540.0744}}, "Roblox": {"localIpCount": 76, "localIpFrequency": {"10.0.51.209": 1, "10.0.21.179": 2, "10.0.52.63": 1, "10.0.21.191": 1, "10.0.51.85": 1, "10.0.51.173": 1, "10.0.21.193": 2, "10.0.21.196": 2, "10.0.52.83": 2, "10.0.21.198": 1, "10.0.52.86": 1, "10.0.21.200": 1, "10.0.52.96": 2, "10.0.21.203": 1, "10.0.21.205": 3, "10.0.52.135": 1, "10.0.21.204": 1, "10.0.52.93": 1, "10.0.21.210": 1, "10.0.52.154": 1, "10.0.21.208": 2, "10.0.52.95": 1, "10.0.21.217": 2, "10.0.52.198": 1, "10.0.21.209": 1, "10.0.52.133": 2, "10.0.52.168": 1, "10.0.21.222": 1, "10.0.52.152": 1, "10.0.52.141": 1, "10.0.21.228": 1, "10.0.52.185": 1, "10.0.21.233": 1, "10.0.52.226": 1, "10.0.21.236": 4, "10.0.52.204": 1, "10.0.21.239": 1, "10.0.52.119": 1, "10.0.21.237": 3, "10.0.21.219": 1, "10.0.52.218": 2, "10.0.21.241": 1, "10.0.53.16": 1, "10.0.21.201": 1, "10.0.53.25": 1, "10.0.21.240": 1, "10.0.52.94": 1, "10.0.53.47": 1, "10.0.22.16": 9, "10.0.53.40": 1, "10.0.53.0": 1, "10.0.53.38": 1, "10.0.21.250": 1, "10.0.53.24": 1, "10.0.52.140": 1, "10.0.53.69": 1, "10.0.21.221": 3, "10.0.52.153": 1, "10.0.52.207": 1, "10.0.22.30": 3, "10.0.22.34": 2, "10.0.53.76": 1, "10.0.22.35": 1, "10.0.53.83": 1, "10.0.22.36": 2, "10.0.53.88": 1, "10.0.22.38": 1, "10.0.53.98": 1, "10.0.22.41": 1, "10.0.53.109": 1, "10.0.22.43": 1, "10.0.53.93": 1, "10.0.53.168": 1, "10.0.22.45": 1, "10.0.53.95": 1, "10.0.22.55": 1}, "localIpTotalDuration": 188747.1241999999, "localIpDuration": {"10.0.51.209": 1798.4224, "10.0.21.179": 3597.2992000000004, "10.0.52.63": 1798.4855, "10.0.21.191": 1798.5971, "10.0.51.85": 1798.4698, "10.0.51.173": 1798.1987, "10.0.21.193": 3596.8813, "10.0.21.196": 1709.0096, "10.0.52.83": 3598.0252, "10.0.21.198": 1799.0235, "10.0.52.86": 1798.6167, "10.0.21.200": 1798.7677, "10.0.52.96": 3597.9283, "10.0.21.203": 1798.595, "10.0.21.205": 5396.4127, "10.0.52.135": 1799.2351, "10.0.21.204": 1798.5951, "10.0.52.93": 1798.6404, "10.0.21.210": 1798.6025, "10.0.52.154": 1798.3572, "10.0.21.208": 3597.2299000000003, "10.0.52.95": 1798.004, "10.0.21.217": 3597.2318999999998, "10.0.52.198": 1797.6604, "10.0.21.209": 1798.5696, "10.0.52.133": 3597.4932, "10.0.52.168": 1799.0029, "10.0.21.222": 1798.5634, "10.0.52.152": 1798.4573, "10.0.52.141": 1798.6631, "10.0.21.228": 1798.9366, "10.0.52.185": 1798.5418, "10.0.21.233": 1798.5975, "10.0.52.226": 1798.4761, "10.0.21.236": 7187.3629, "10.0.52.204": 1798.6424, "10.0.21.239": 1798.5559, "10.0.52.119": 1798.6291, "10.0.21.237": 5395.1699, "10.0.21.219": 1798.1005, "10.0.52.218": 3597.2436, "10.0.21.241": 1798.6492, "10.0.53.16": 1798.2744, "10.0.21.201": 1798.4861, "10.0.53.25": 1798.3775, "10.0.21.240": 1798.7341, "10.0.52.94": 1799.3926, "10.0.53.47": 1798.5554, "10.0.22.16": 16187.1825, "10.0.53.40": 1798.9411, "10.0.53.0": 1798.3234, "10.0.53.38": 1798.4948, "10.0.21.250": 1798.5304, "10.0.53.24": 1798.2295, "10.0.52.140": 1798.3949, "10.0.53.69": 1798.4639, "10.0.21.221": 5395.7970000000005, "10.0.52.153": 1797.9105, "10.0.52.207": 1798.5063, "10.0.22.30": 5394.929099999999, "10.0.22.34": 3590.2505, "10.0.53.76": 1799.0158, "10.0.22.35": 1798.9991, "10.0.53.83": 1798.8166, "10.0.22.36": 3597.6179, "10.0.53.88": 1798.7635, "10.0.22.38": 1798.5436, "10.0.53.98": 1798.5916, "10.0.22.41": 1798.6272, "10.0.53.109": 1798.493, "10.0.22.43": 1798.7272, "10.0.53.93": 1798.1168, "10.0.53.168": 1797.6816, "10.0.22.45": 1798.1197, "10.0.53.95": 1798.5555, "10.0.22.55": 1798.7369}}, "TFT: Teamfight Tactics": {"localIpCount": 10, "localIpFrequency": {"10.0.52.37": 1, "10.0.52.39": 2, "10.0.52.92": 5, "10.0.21.209": 3, "10.0.52.203": 2, "10.0.52.153": 9, "10.0.21.242": 5, "10.0.52.181": 3, "10.0.53.45": 2, "10.0.21.250": 2}, "localIpTotalDuration": 47557.295000000006, "localIpDuration": {"10.0.52.37": 1679.8636, "10.0.52.39": 2660.0488, "10.0.52.92": 6740.339599999999, "10.0.21.209": 2975.0269000000003, "10.0.52.203": 3199.3129, "10.0.52.153": 13538.488399999998, "10.0.21.242": 7398.1585000000005, "10.0.52.181": 4438.0148, "10.0.53.45": 3234.0612, "10.0.21.250": 1693.9803}}, "Overwatch 2": {"localIpCount": 1, "localIpFrequency": {"10.0.52.181": 1}, "localIpTotalDuration": 286.973, "localIpDuration": {"10.0.52.181": 286.973}}, "Genshin Impact": {"localIpCount": 3, "localIpFrequency": {"10.0.53.15": 1, "10.0.53.45": 2, "10.0.21.250": 1}, "localIpTotalDuration": 4250.3112, "localIpDuration": {"10.0.53.15": 1652.5408, "10.0.53.45": 2338.5596, "10.0.21.250": 259.2108}}}