{"Brawl Stars": {"localIpCount": 2, "localIpFrequency": {"10.0.0.62": 1, "10.0.5.89": 3}, "localIpTotalDuration": 2779.0367, "localIpDuration": {"10.0.0.62": 304.0215, "10.0.5.89": 2475.0152000000003}}, "Roblox (Game)": {"localIpCount": 107, "localIpFrequency": {"10.0.2.32": 9, "10.0.6.192": 1, "10.0.5.94": 1, "10.0.0.142": 2, "10.0.6.212": 2, "10.0.6.193": 1, "10.0.6.142": 1, "10.0.6.205": 5, "10.0.3.93": 1, "10.0.5.124": 1, "10.0.4.206": 1, "10.0.1.4": 1, "10.0.2.18": 1, "10.0.2.233": 1, "10.0.4.45": 1, "10.0.5.128": 1, "10.0.1.105": 1, "10.0.1.100": 1, "10.0.6.64": 2, "10.0.5.83": 11, "10.0.1.36": 1, "10.0.1.47": 3, "10.0.3.136": 2, "10.0.2.183": 2, "10.0.6.181": 2, "10.0.4.48": 2, "10.0.2.208": 2, "10.0.1.154": 2, "10.0.5.138": 2, "10.0.1.247": 2, "10.0.1.113": 5, "10.0.2.99": 1, "10.0.0.155": 1, "10.0.3.6": 1, "10.0.0.144": 1, "10.0.6.254": 2, "10.0.0.202": 1, "10.0.6.225": 3, "10.0.2.48": 4, "10.0.1.199": 1, "10.0.0.227": 2, "10.0.0.200": 2, "10.0.1.233": 1, "10.0.5.107": 1, "10.0.6.104": 2, "10.0.0.203": 1, "10.0.4.222": 1, "10.0.4.40": 1, "10.0.0.97": 1, "10.0.0.90": 2, "10.0.1.251": 1, "10.0.5.176": 1, "10.0.0.103": 1, "10.0.1.98": 2, "10.0.7.35": 1, "10.0.7.59": 1, "10.0.0.110": 1, "10.0.1.194": 5, "10.0.6.122": 2, "10.0.4.81": 1, "10.0.7.63": 1, "10.0.2.184": 2, "10.0.6.233": 1, "10.0.2.107": 2, "10.0.6.47": 4, "10.0.5.157": 1, "10.0.1.254": 1, "10.0.5.156": 1, "10.0.2.196": 3, "10.0.0.163": 2, "10.0.6.178": 2, "10.0.6.197": 1, "10.0.7.66": 1, "10.0.6.144": 1, "10.0.1.151": 1, "10.0.2.77": 1, "10.0.2.85": 1, "10.0.0.204": 4, "10.0.7.28": 1, "10.0.5.91": 1, "10.0.6.89": 1, "10.0.1.34": 2, "10.0.1.115": 1, "10.0.2.14": 2, "10.0.6.20": 1, "10.0.7.10": 2, "10.0.4.128": 1, "10.0.3.187": 1, "10.0.3.172": 2, "10.0.5.86": 2, "10.0.7.82": 1, "10.0.7.84": 2, "10.0.7.85": 1, "10.0.7.32": 2, "10.0.2.210": 1, "10.0.7.61": 1, "10.0.1.239": 1, "10.0.0.68": 1, "10.0.7.31": 1, "10.0.1.170": 2, "10.0.3.200": 1, "10.0.7.68": 1, "10.0.4.187": 1, "10.0.0.135": 1, "10.0.1.11": 1, "10.0.7.81": 1, "10.0.5.220": 2}, "localIpTotalDuration": 310981.93189999997, "localIpDuration": {"10.0.2.32": 14847.7303, "10.0.6.192": 1798.4167, "10.0.5.94": 1799.5388, "10.0.0.142": 3596.5253000000002, "10.0.6.212": 3598.6612999999998, "10.0.6.193": 1797.0238, "10.0.6.142": 1797.0032, "10.0.6.205": 8996.843499999999, "10.0.3.93": 1796.9754, "10.0.5.124": 1799.9916, "10.0.4.206": 1799.9953, "10.0.1.4": 1783.9175, "10.0.2.18": 1798.0614, "10.0.2.233": 1798.3818, "10.0.4.45": 1799.023, "10.0.5.128": 1799.1452, "10.0.1.105": 1799.0662, "10.0.1.100": 1799.1282, "10.0.6.64": 3598.2214999999997, "10.0.5.83": 15868.302899999999, "10.0.1.36": 1799.258, "10.0.1.47": 5112.952, "10.0.3.136": 3300.0366000000004, "10.0.2.183": 2954.5725, "10.0.6.181": 3584.3169, "10.0.4.48": 3240.0115, "10.0.2.208": 3583.5542, "10.0.1.154": 3569.3378000000002, "10.0.5.138": 3570.0098, "10.0.1.247": 3074.2003999999997, "10.0.1.113": 7845.0178000000005, "10.0.2.99": 1784.6266, "10.0.0.155": 1799.9956, "10.0.3.6": 1799.2639, "10.0.0.144": 1799.596, "10.0.6.254": 3599.0847999999996, "10.0.0.202": 1799.7416, "10.0.6.225": 4965.4345, "10.0.2.48": 5009.9891, "10.0.1.199": 1755.0022, "10.0.0.227": 3540.0383, "10.0.0.200": 3089.6897, "10.0.1.233": 1740.0044, "10.0.5.107": 1799.9993, "10.0.6.104": 3584.9728, "10.0.0.203": 1799.7017, "10.0.4.222": 1799.635, "10.0.4.40": 1799.5999, "10.0.0.97": 1785.149, "10.0.0.90": 3599.0652, "10.0.1.251": 1799.522, "10.0.5.176": 1799.5216, "10.0.0.103": 1799.473, "10.0.1.98": 3568.408, "10.0.7.35": 1799.5773, "10.0.7.59": 1799.6627, "10.0.0.110": 1799.8972, "10.0.1.194": 8968.164, "10.0.6.122": 3569.2273999999998, "10.0.4.81": 1799.5286, "10.0.7.63": 1799.9871, "10.0.2.184": 3090.0073, "10.0.6.233": 1365.0106, "10.0.2.107": 3404.9956, "10.0.6.47": 6375.057200000001, "10.0.5.157": 1785.0059, "10.0.1.254": 1560.5636, "10.0.5.156": 1725.0185, "10.0.2.196": 5234.096100000001, "10.0.0.163": 3568.6977, "10.0.6.178": 3569.6488, "10.0.6.197": 1799.5772, "10.0.7.66": 1769.5745, "10.0.6.144": 1799.6655, "10.0.1.151": 1799.775, "10.0.2.77": 1799.6781, "10.0.2.85": 1799.3642, "10.0.0.204": 7198.3706, "10.0.7.28": 1799.5684, "10.0.5.91": 1799.7061, "10.0.6.89": 1799.5446, "10.0.1.34": 3598.7978000000003, "10.0.1.115": 1799.6987, "10.0.2.14": 3598.6509, "10.0.6.20": 1619.2886, "10.0.7.10": 2474.6434, "10.0.4.128": 1785.0135, "10.0.3.187": 1785.0597, "10.0.3.172": 3554.1969, "10.0.5.86": 3283.3247, "10.0.7.82": 480.0082, "10.0.7.84": 3388.7509, "10.0.7.85": 1799.9983, "10.0.7.32": 3540.0588, "10.0.2.210": 1769.2023, "10.0.7.61": 1798.7225, "10.0.1.239": 1799.4815, "10.0.0.68": 1799.7898, "10.0.7.31": 1799.6849, "10.0.1.170": 3584.0534, "10.0.3.200": 1799.6222, "10.0.7.68": 1799.848, "10.0.4.187": 1785.1141, "10.0.0.135": 1799.672, "10.0.1.11": 1798.7093, "10.0.7.81": 1589.22, "10.0.5.220": 3449.6171}}, "FIFA ONLINE 4 M": {"localIpCount": 8, "localIpFrequency": {"10.0.6.100": 1, "10.0.2.234": 4, "10.0.0.106": 1, "10.0.0.110": 1, "10.0.5.228": 1, "10.0.0.98": 3, "10.0.6.143": 1, "10.0.7.94": 3}, "localIpTotalDuration": 20955.3675, "localIpDuration": {"10.0.6.100": 1754.9253, "10.0.2.234": 6390.0322, "10.0.0.106": 660.0374, "10.0.0.110": 1065.0525, "10.0.5.228": 360.2244, "10.0.0.98": 5115.4203, "10.0.6.143": 1410.0607, "10.0.7.94": 4199.6147}}, "Modern Combat": {"localIpCount": 1, "localIpFrequency": {"10.0.6.212": 1}, "localIpTotalDuration": 15.0662, "localIpDuration": {"10.0.6.212": 15.0662}}, "FIFA Mobile": {"localIpCount": 1, "localIpFrequency": {"10.0.6.64": 1}, "localIpTotalDuration": 840.0557, "localIpDuration": {"10.0.6.64": 840.0557}}, "League of Legends: Wild Rift": {"localIpCount": 31, "localIpFrequency": {"10.0.6.232": 1, "10.0.0.4": 34, "10.0.2.25": 1, "10.0.5.225": 2, "10.0.7.22": 4, "10.0.4.8": 2, "10.0.0.15": 2, "10.0.5.199": 1, "10.0.0.227": 8, "10.0.0.16": 2, "10.0.3.157": 1, "10.0.1.247": 2, "10.0.1.209": 1, "10.0.5.205": 1, "10.0.5.156": 1, "10.0.1.188": 3, "10.0.5.181": 1, "10.0.4.40": 1, "10.0.6.192": 2, "10.0.1.45": 1, "10.0.6.47": 11, "10.0.6.62": 5, "10.0.5.242": 9, "10.0.2.210": 12, "10.0.3.93": 4, "10.0.2.107": 1, "10.0.5.211": 1, "10.0.0.13": 2, "10.0.7.31": 4, "10.0.6.127": 13, "10.0.7.96": 1}, "localIpTotalDuration": 207867.6615, "localIpDuration": {"10.0.6.232": 1748.9869, "10.0.0.4": 56867.1325, "10.0.2.25": 1793.9907, "10.0.5.225": 3288.0098, "10.0.7.22": 1968.1129999999998, "10.0.4.8": 3480.0543, "10.0.0.15": 3479.6533, "10.0.5.199": 1454.9383, "10.0.0.227": 10469.331100000001, "10.0.0.16": 3449.9327000000003, "10.0.3.157": 570.0894, "10.0.1.247": 2535.0088, "10.0.1.209": 630.0321, "10.0.5.205": 1740.0495, "10.0.5.156": 1725.0041, "10.0.1.188": 4634.9673999999995, "10.0.5.181": 104.9932, "10.0.4.40": 825.0154, "10.0.6.192": 2940.1297999999997, "10.0.1.45": 495.0412, "10.0.6.47": 17909.8915, "10.0.6.62": 8893.341, "10.0.5.242": 14832.524500000001, "10.0.2.210": 21265.7786, "10.0.3.93": 1965.0336999999997, "10.0.2.107": 1726.05, "10.0.5.211": 1725.2027, "10.0.0.13": 3419.8695, "10.0.7.31": 7063.2401, "10.0.6.127": 23141.2537, "10.0.7.96": 1725.0027}}, "The Lord of the Rings: War": {"localIpCount": 1, "localIpFrequency": {"10.0.1.219": 1}, "localIpTotalDuration": 929.9882, "localIpDuration": {"10.0.1.219": 929.9882}}, "Minecraft": {"localIpCount": 17, "localIpFrequency": {"10.0.6.242": 18, "10.0.0.98": 1, "10.0.2.219": 5, "10.0.0.163": 7, "10.0.7.25": 1, "10.0.6.233": 1, "10.0.1.239": 2, "10.0.1.170": 1, "10.0.7.56": 1, "10.0.3.30": 6, "10.0.1.142": 2, "10.0.2.107": 5, "10.0.6.122": 2, "10.0.0.88": 1, "10.0.2.195": 1, "10.0.6.127": 1, "10.0.6.64": 2}, "localIpTotalDuration": 61881.59319999999, "localIpDuration": {"10.0.6.242": 14406.277399999995, "10.0.0.98": 339.0778, "10.0.2.219": 5605.0262, "10.0.0.163": 9016.4328, "10.0.7.25": 1645.9895, "10.0.6.233": 1095.0057, "10.0.1.239": 1590.146, "10.0.1.170": 1695.1071, "10.0.7.56": 1484.9914, "10.0.3.30": 8578.8751, "10.0.1.142": 1904.4984, "10.0.2.107": 6824.6235, "10.0.6.122": 1785.1849, "10.0.0.88": 540.0406,