{"Roblox (Adopt Me!)": {"localIpCount": 3, "localIpFrequency": {"10.0.0.78": 4, "10.0.0.55": 26, "10.0.0.84": 13}, "localIpTotalDuration": 66807.87479999999, "localIpDuration": {"10.0.0.78": 6166.816400000001, "10.0.0.55": 42571.675299999995, "10.0.0.84": 18069.383099999995}}, "Minecraft": {"localIpCount": 1, "localIpFrequency": {"10.0.0.38": 1}, "localIpTotalDuration": 445.2052, "localIpDuration": {"10.0.0.38": 445.2052}}, "Roblox": {"localIpCount": 3, "localIpFrequency": {"10.0.0.78": 9, "10.0.0.55": 19, "10.0.0.84": 20}, "localIpTotalDuration": 85850.34689999999, "localIpDuration": {"10.0.0.78": 16239.032099999999, "10.0.0.55": 34249.586599999995, "10.0.0.84": 35361.728200000005}}, "Genshin Impact": {"localIpCount": 1, "localIpFrequency": {"10.0.0.53": 17}, "localIpTotalDuration": 29406.2714, "localIpDuration": {"10.0.0.53": 29406.2714}}, "FIFA ONLINE 4 M": {"localIpCount": 2, "localIpFrequency": {"10.0.0.73": 2, "10.0.0.55": 1}, "localIpTotalDuration": 2517.1436, "localIpDuration": {"10.0.0.73": 2337.2965, "10.0.0.55": 179.8471}}, "League of Legends: Wild Rift": {"localIpCount": 5, "localIpFrequency": {"10.0.0.53": 11, "10.0.0.54": 2, "10.0.0.84": 10, "10.0.0.55": 1, "10.0.0.38": 5}, "localIpTotalDuration": 45959.772699999994, "localIpDuration": {"10.0.0.53": 18565.0361, "10.0.0.54": 1841.0504, "10.0.0.84": 15757.8267, "10.0.0.55": 1599.0507, "10.0.0.38": 8196.8088}}}