{"Brawl Stars": {"localIpCount": 1, "localIpFrequency": {"10.0.2.55": 3}, "localIpTotalDuration": 2562.0088, "localIpDuration": {"10.0.2.55": 2562.0088}}, "Honkai: Star Rail": {"localIpCount": 2, "localIpFrequency": {"10.0.0.142": 2, "10.0.0.242": 1}, "localIpTotalDuration": 735.0273, "localIpDuration": {"10.0.0.142": 581.0185, "10.0.0.242": 154.0088}}, "Random Dice: Defense": {"localIpCount": 1, "localIpFrequency": {"10.0.0.178": 1}, "localIpTotalDuration": 896.0653, "localIpDuration": {"10.0.0.178": 896.0653}}, "DRAGON BALL LEGENDS": {"localIpCount": 1, "localIpFrequency": {"10.0.2.63": 1}, "localIpTotalDuration": 314.9722, "localIpDuration": {"10.0.2.63": 314.9722}}, "Minecraft": {"localIpCount": 22, "localIpFrequency": {"10.0.0.84": 13, "10.0.0.180": 1, "10.0.0.30": 8, "10.0.0.241": 3, "10.0.0.90": 1, "10.0.1.169": 1, "10.0.0.168": 2, "10.0.1.177": 1, "10.0.1.141": 1, "10.0.0.74": 14, "10.0.1.252": 9, "10.0.0.65": 2, "10.0.0.224": 1, "10.0.0.70": 2, "10.0.2.18": 1, "10.0.0.16": 2, "10.0.0.14": 2, "10.0.1.220": 1, "10.0.1.221": 3, "10.0.2.39": 2, "10.0.0.81": 1, "10.0.0.166": 2}, "localIpTotalDuration": 76389.11609999997, "localIpDuration": {"10.0.0.84": 15420.4774, "10.0.0.180": 252.0017, "10.0.0.30": 9512.9354, "10.0.0.241": 3283.0853999999995, "10.0.0.90": 868.0065, "10.0.1.169": 21.0106, "10.0.0.168": 790.8987999999999, "10.0.1.177": 1638.185, "10.0.1.141": 0.0809, "10.0.0.74": 20544.0589, "10.0.1.252": 12969.893199999999, "10.0.0.65": 1792.3004, "10.0.0.224": 1393.0183, "10.0.0.70": 2162.5502, "10.0.2.18": 413.0261, "10.0.0.16": 363.971, "10.0.0.14": 1267.1122, "10.0.1.220": 161.0377, "10.0.1.221": 280.0301, "10.0.2.39": 1610.1671999999999, "10.0.0.81": 224.1017, "10.0.0.166": 1421.1674}}, "League of Legends: Wild Rift": {"localIpCount": 59, "localIpFrequency": {"10.0.0.40": 32, "10.0.0.202": 1, "10.0.0.63": 6, "10.0.1.109": 4, "10.0.0.18": 8, "10.0.0.193": 10, "10.0.0.205": 3, "10.0.1.97": 19, "10.0.0.93": 17, "10.0.1.196": 13, "10.0.1.181": 2, "10.0.0.124": 4, "10.0.0.162": 6, "10.0.0.16": 1, "10.0.1.213": 17, "10.0.1.22": 4, "10.0.0.187": 2, "10.0.0.132": 1, "10.0.1.203": 4, "10.0.0.130": 4, "10.0.1.211": 2, "10.0.0.36": 1, "10.0.0.125": 1, "10.0.0.209": 1, "10.0.0.129": 1, "10.0.0.49": 6, "10.0.0.85": 2, "10.0.0.146": 1, "10.0.1.134": 4, "10.0.1.142": 26, "10.0.0.242": 1, "10.0.0.224": 2, "10.0.0.70": 7, "10.0.2.34": 1, "10.0.1.126": 2, "10.0.0.103": 4, "10.0.0.247": 9, "10.0.1.65": 1, "10.0.2.48": 2, "10.0.2.41": 1, "10.0.2.1": 7, "10.0.0.246": 1, "10.0.0.90": 1, "10.0.2.63": 1, "10.0.2.64": 1, "10.0.2.72": 1, "10.0.1.2": 1, "10.0.0.27": 2, "10.0.2.2": 1, "10.0.2.11": 5, "10.0.2.44": 1, "10.0.1.231": 1, "10.0.0.217": 3, "10.0.2.39": 1, "10.0.0.97": 1, "10.0.0.170": 1, "10.0.0.143": 3, "10.0.0.151": 4, "10.0.2.132": 3}, "localIpTotalDuration": 370167.11470000003, "localIpDuration": {"10.0.0.40": 52570.5166, "10.0.0.202": 139.9932, "10.0.0.63": 5572.3258, "10.0.1.109": 6551.6093, "10.0.0.18": 10604.838099999999, "10.0.0.193": 17419.0328, "10.0.0.205": 1861.9827000000002, "10.0.1.97": 33071.7946, "10.0.0.93": 25260.315, "10.0.1.196": 17510.753399999998, "10.0.1.181": 3471.449, "10.0.0.124": 6607.3778999999995, "10.0.0.162": 7950.762299999999, "10.0.0.16": 1771.027, "10.0.1.213": 18668.533000000003, "10.0.1.22": 6454.7147, "10.0.0.187": 944.9667999999999, "10.0.0.132": 1742.9993, "10.0.1.203": 4123.1047, "10.0.0.130": 4452.085, "10.0.1.211": 3206.0534, "10.0.0.36": 308.1382, "10.0.0.125": 35.0153, "10.0.0.209": 924.0538, "10.0.0.129": 13.996, "10.0.0.49": 9743.7389, "10.0.0.85": 1379.0095, "10.0.0.146": 13.9824, "10.0.1.134": 7153.2537999999995, "10.0.1.142": 44717.886600000005, "10.0.0.242": 1771.1116, "10.0.0.224": 3506.5433000000003, "10.0.0.70": 8687.551399999998, "10.0.2.34": 189.0214, "10.0.1.126": 118.9922, "10.0.0.103": 1281.01, "10.0.0.247": 6531.285599999999, "10.0.1.65": 1784.9904, "10.0.2.48": 1595.9967, "10.0.2.41": 0.0001, "10.0.2.1": 12325.4074, "10.0.0.246": 742.069, "10.0.0.90": 805.0684, "10.0.2.63": 48.9517, "10.0.2.64": 1309.019, "10.0.2.72": 707.0209, "10.0.1.2": 1757.0045, "10.0.0.27": 923.9353, "10.0.2.2": 1749.8424, "10.0.2.11": 8978.2578, "10.0.2.44": 748.9698, "10.0.1.231": 1763.5942, "10.0.0.217": 3444.0002999999997, "10.0.2.39": 1161.9615, "10.0.0.97": 13.9989, "10.0.0.170": 328.3167, "10.0.0.143": 2085.9958, "10.0.0.151": 7069.2808, "10.0.2.132": 4492.6085}}, "FIFA ONLINE 4 M": {"localIpCount": 16, "localIpFrequency": {"10.0.1.194": 3, "10.0.0.12": 1, "10.0.0.184": 3, "10.0.1.203": 10, "10.0.0.146": 2, "10.0.1.118": 1, "10.0.0.181": 1, "10.0.0.247": 21, "10.0.2.16": 2, "10.0.0.103": 4, "10.0.0.255": 4, "10.0.2.29": 1, "10.0.2.2": 1, "10.0.2.48": 1, "10.0.0.205": 1, "10.0.0.139": 1}, "localIpTotalDuration": 48616.2286, "localIpDuration": {"10.0.1.194": 1897.0189, "10.0.0.12": 160.9955, "10.0.0.184": 2275.121, "10.0.1.203": 9527.6156, "10.0.0.146": 1099.0433, "10.0.1.118": 560.0284, "10.0.0.181": 300.424, "10.0.0.247": 19621.950999999997, "10.0.2.16": 2008.8004999999998, "10.0.0.103": 2274.9303999999997, "10.0.0.255": 3990.0052000000005, "10.0.2.29": 1799.0194, "10.0.2.2": 280.013, "10.0.2.48": 1183.1315, "10.0.0.205": 0.0079, "10.0.0.139": 1638.123}}, "Roblox": {"localIpCount": 183, "localIpFrequency": {"10.0.0.93": 3, "10.0.1.164": 2, "10.0.0.234": 3, "10.0.0.31": 2, "10.0.0.12": 5, "10.0.1.141": 14, "10.0.1.95": 2, "10.0.0.201": 3, "10.0.0.91": 1, "10.0.0.63": 3, "10.0.0.57": 9, "10.0.0.41": 9, "10.0.0.90": 31, "10.0.1.152": 10, "10.0.1.189": 1, "10.0.0.5": 1, "10.0.0.72": 1, "10.0.0.18": 5, "10.0.0.17": 3, "10.0.1.9": 6, "10.0.0.140": 1, "10.0.0.46": 6, "10.0.0.229": 5, "10.0.1.99": 1, "10.0.1.101": 3, "10.0.0.59": 2, "10.0.1.123": 6, "10.0.0.181": 2, "10.0.0.16": 2, "10.0.1.159": 4, "10.0.0.8": 10, "10.0.0.22": 1, "10.0.1.142": 2, "10.0.0.14": 5, "10.0.0.51": 3, "10.0.0.180": 3, "10.0.1.171": 8, "10.0.0.42": 2, "10.0.1.173": 1, "10.0.0.40": 11, "10.0.1.172": 2, "10.0.0.244": 2, "10.0.0.60": 4, "10.0.0.105": 2, "10.0.0.82": 1, "10.0.0.238": 5, "10.0.0.52": 3, "10.0.0.78": 1, "10.0.1.193": 6, "10.0.0.23": 7, "10.0.0.190": 2, "10.0.1.197": 1, "10.0.0.70": 9, "10.0.1.203": 7, "10.0.1.194": 10, "10.0.1.126": 4, "10.0.0.144": 2, "10.0.1.77": 3, "10.0.0.184": 2, "10.0.0.240": 3, "10.0.0.170": 3, "10.0.1.204": 4, "10.0.1.218": 5, "10.0.1.191": 1, "10.0.1.188": 6, "10.0.0.120": 2, "10.0.0.131": 1, "10.0.0.171": 2, "10.0.0.196": 2, "10.0.0.74": 2, "10.0.1.206": 3, "10.0.0.130": 2, "10.0.0.188": 1, "10.0.0.204": 6, "10.0.0.132": 2, "10.0.1.226": 1, "10.0.0.48": 1, "10.0.0.209": 1, "10.0.0.62": 1, "10.0.0.88": 1, "10.0.0.166": 11, "10.0.1.198": 1, "10.0.0.111": 3, "10.0.1.91": 20, "10.0.0.101": 5, "10.0.0.205": 5, "10.0.1.46": 1, "10.0.0.202": 3, "10.0.1.242": 1, "10.0.1.93": 2, "10.0.0.97": 1, "10.0.0.193": 4, "10.0.0.160": 6, "10.0.0.35": 2, "10.0.0.65": 4, "10.0.1.240": 1, "10.0.0.36": 5, "10.0.1.239": 6, "10.0.1.53": 1, "10.0.1.113": 1, "10.0.0.49": 1, "10.0.0.85": 1, "10.0.1.114": 1, "10.0.1.12": 1, "10.0.0.153": 1, "10.0.2.4": 1, "10.0.2.14": 1, "10.0.2.20": 3, "10.0.1.253": 1, "10.0.0.112": 4, "10.0.0.183": 5, "10.0.0.53": 3, "10.0.2.31": 1, "10.0.1.163": 1, "10.0.0.157": 1, "10.0.2.1": 25, "10.0.0.143": 3, "10.0.2.39": 5, "10.0.0.109": 14, "10.0.2.45": 1, "10.0.2.49": 2, "10.0.0.168": 3, "10.0.0.58": 1, "10.0.1.252": 1, "10.0.1.57": 3, "10.0.1.117": 2, "10.0.0.98": 2, "10.0.2.35": 1, "10.0.1.98": 2, "10.0.0.81": 1, "10.0.0.133": 40, "10.0.2.26": 1, "10.0.0.176": 2, "10.0.1.115": 1, "10.0.0.73": 3, "10.0.0.246": 1, "10.0.2.28": 6, "10.0.2.62": 2, "10.0.2.55": 1, "10.0.1.180": 1, "10.0.0.47": 1, "10.0.2.7": 1, "10.0.0.32": 1, "10.0.2.15": 2, "10.0.1.22": 4, "10.0.1.37": 2, "10.0.2.81": 5, "10.0.1.36": 1, "10.0.1.161": 1, "10.0.1.232": 3, "10.0.2.91": 1, "10.0.2.23": 1, "10.0.2.42": 5, "10.0.2.93": 3, "10.0.2.36": 1, "10.0.0.116": 1, "10.0.1.176": 1, "10.0.1.76": 2, "10.0.2.11": 1, "10.0.2.59": 2, "10.0.1.107": 1, "10.0.2.52": 1, "10.0.0.92": 2, "10.0.1.221": 2, "10.0.0.75": 1, "10.0.1.196": 2, "10.0.0.95": 10,