{"FIFA ONLINE 4 M": {"localIpCount": 9, "localIpFrequency": {"10.0.73.217": 1, "10.0.74.132": 3, "10.0.29.139": 1, "10.0.75.71": 1, "10.0.75.85": 1, "10.0.29.168": 1, "10.0.75.95": 3, "10.0.29.180": 1, "10.0.75.168": 1}, "localIpTotalDuration": 8603.416599999999, "localIpDuration": {"10.0.73.217": 147.0254, "10.0.74.132": 3017.3836, "10.0.29.139": 986.9592, "10.0.75.71": 762.9925, "10.0.75.85": 476.0255, "10.0.29.168": 945.0038, "10.0.75.95": 1834.1066999999998, "10.0.29.180": 146.9981, "10.0.75.168": 286.9218}}, "Mafia42: Mafia Party Game": {"localIpCount": 1, "localIpFrequency": {"10.0.74.145": 1}, "localIpTotalDuration": 588.5184, "localIpDuration": {"10.0.74.145": 588.5184}}, "Overwatch 2": {"localIpCount": 4, "localIpFrequency": {"10.0.73.155": 2, "10.0.75.4": 5, "10.0.74.213": 2, "10.0.75.191": 1}, "localIpTotalDuration": 15056.4925, "localIpDuration": {"10.0.73.155": 3128.7957, "10.0.75.4": 8448.5723, "10.0.74.213": 2226.0115, "10.0.75.191": 1253.113}}, "League of Legends: Wild Rift": {"localIpCount": 23, "localIpFrequency": {"10.0.74.70": 1, "10.0.73.217": 3, "10.0.74.87": 1, "10.0.74.132": 6, "10.0.74.134": 2, "10.0.74.106": 1, "10.0.74.81": 2, "10.0.74.147": 1, "10.0.74.185": 1, "10.0.74.111": 1, "10.0.74.215": 1, "10.0.74.218": 3, "10.0.29.83": 1, "10.0.29.125": 3, "10.0.75.21": 5, "10.0.74.133": 1, "10.0.75.84": 4, "10.0.75.123": 4, "10.0.75.144": 3, "10.0.75.153": 6, "10.0.75.168": 1, "10.0.75.98": 1, "10.0.75.148": 1}, "localIpTotalDuration": 81911.42339999997, "localIpDuration": {"10.0.74.70": 1750.1433, "10.0.73.217": 3471.515, "10.0.74.87": 280.0156, "10.0.74.132": 10432.823300000002, "10.0.74.134": 2939.8858, "10.0.74.106": 1784.8357, "10.0.74.81": 1799.3804, "10.0.74.147": 1757.1026, "10.0.74.185": 1722.3058, "10.0.74.111": 1728.8084, "10.0.74.215": 1791.9181, "10.0.74.218": 5157.3777, "10.0.29.83": 77.0727, "10.0.29.125": 3752.1486, "10.0.75.21": 8810.3433, "10.0.74.133": 1798.987, "10.0.75.84": 6502.011200000001, "10.0.75.123": 6999.3606, "10.0.75.144": 5235.2053, "10.0.75.153": 10655.1938, "10.0.75.168": 1715.0507, "10.0.75.98": 503.9902, "10.0.75.148": 1245.9483}}, "Minecraft": {"localIpCount": 15, "localIpFrequency": {"10.0.74.70": 1, "10.0.74.124": 1, "10.0.29.74": 1, "10.0.74.98": 2, "10.0.74.122": 1, "10.0.74.233": 1, "10.0.74.205": 1, "10.0.75.5": 4, "10.0.75.90": 1, "10.0.75.120": 2, "10.0.75.116": 6, "10.0.75.146": 1, "10.0.75.159": 2, "10.0.75.171": 2, "10.0.75.173": 1}, "localIpTotalDuration": 25068.242000000002, "localIpDuration": {"10.0.74.70": 490.0827, "10.0.74.124": 1280.9729, "10.0.29.74": 7.0003, "10.0.74.98": 959.2983, "10.0.74.122": 238.0761, "10.0.74.233": 1693.9336, "10.0.74.205": 1799.0337, "10.0.75.5": 6426.3661999999995, "10.0.75.90": 133.0151, "10.0.75.120": 1323.0644, "10.0.75.116": 6979.1607, "10.0.75.146": 483.0755, "10.0.75.159": 819.0899000000001, "10.0.75.171": 952.0048, "10.0.75.173": 1484.0678}}, "TFT: Teamfight Tactics": {"localIpCount": 7, "localIpFrequency": {"10.0.29.71": 1, "10.0.74.87": 6, "10.0.74.134": 1, "10.0.29.132": 1, "10.0.75.63": 2, "10.0.75.79": 1, "10.0.75.98": 10}, "localIpTotalDuration": 21922.378300000004, "localIpDuration": {"10.0.29.71": 216.9997, "10.0.74.87": 6165.6507, "10.0.74.134": 399.3119, "10.0.29.132": 294.0232, "10.0.75.63": 2722.46, "10.0.75.79": 749.012, "10.0.75.98": 11374.920800000004}}, "Roblox": {"localIpCount": 88, "localIpFrequency": {"10.0.74.39": 1, "10.0.29.58": 1, "10.0.73.203": 1, "10.0.29.62": 1, "10.0.73.196": 1, "10.0.29.65": 3, "10.0.73.167": 1, "10.0.29.48": 1, "10.0.29.10": 4, "10.0.29.72": 1, "10.0.74.81": 1, "10.0.29.73": 1, "10.0.74.85": 1, "10.0.29.74": 9, "10.0.74.86": 2, "10.0.74.110": 1, "10.0.74.105": 1, "10.0.74.125": 1, "10.0.74.95": 1, "10.0.74.133": 3, "10.0.74.103": 1, "10.0.74.106": 1, "10.0.29.80": 1, "10.0.74.134": 1, "10.0.29.82": 1, "10.0.74.149": 1, "10.0.29.83": 4, "10.0.74.159": 2, "10.0.74.181": 1, "10.0.29.90": 1, "10.0.29.97": 1, "10.0.74.104": 1, "10.0.74.186": 1, "10.0.74.88": 1, "10.0.29.103": 2, "10.0.74.140": 1, "10.0.29.106": 1, "10.0.74.130": 1, "10.0.29.105": 1, "10.0.74.228": 1, "10.0.74.253": 1, "10.0.29.108": 1, "10.0.75.21": 1, "10.0.29.123": 2, "10.0.74.137": 1, "10.0.75.44": 1, "10.0.29.107": 1, "10.0.74.124": 1, "10.0.29.121": 1, "10.0.29.153": 1, "10.0.74.163": 1, "10.0.29.157": 1, "10.0.29.161": 1, "10.0.74.97": 1, "10.0.29.158": 1, "10.0.75.35": 1, "10.0.29.95": 3, "10.0.74.205": 1, "10.0.75.84": 2, "10.0.75.90": 2, "10.0.29.169": 1, "10.0.75.106": 1, "10.0.29.171": 6, "10.0.75.92": 2, "10.0.29.172": 2, "10.0.75.122": 1, "10.0.29.173": 5, "10.0.75.129": 1, "10.0.29.179": 1, "10.0.75.87": 2, "10.0.75.150": 1, "10.0.75.112": 1, "10.0.75.99": 1, "10.0.75.154": 1, "10.0.75.98": 2, "10.0.29.185": 1, "10.0.75.148": 1, "10.0.75.107": 1, "10.0.75.178": 1, "10.0.75.165": 1, "10.0.75.195": 1, "10.0.29.191": 1, "10.0.29.189": 1, "10.0.75.181": 1, "10.0.75.139": 1, "10.0.29.195": 1, "10.0.76.2": 1, "10.0.29.193": 1}, "localIpTotalDuration": 226129.42979999993, "localIpDuration": {"10.0.74.39": 1798.5966, "10.0.29.58": 1791.6153, "10.0.73.203": 1798.6833, "10.0.29.62": 1798.0386, "10.0.73.196": 1798.3586, "10.0.29.65": 5305.844300000001, "10.0.73.167": 1798.3916, "10.0.29.48": 1798.3073, "10.0.29.10": 7179.6881, "10.0.29.72": 1798.361, "10.0.74.81": 1799.1521, "10.0.29.73": 1448.9902, "10.0.74.85": 1798.0567, "10.0.29.74": 16149.2688, "10.0.74.86": 3597.1454000000003, "10.0.74.110": 1798.2612, "10.0.74.105": 1798.6409, "10.0.74.125": 1798.2456, "10.0.74.95": 1797.9173, "10.0.74.133": 5394.3333, "10.0.74.103": 1798.2996, "10.0.74.106": 1796.7754, "10.0.29.80": 1798.569, "10.0.74.134": 1797.878, "10.0.29.82": 1797.1624, "10.0.74.149": 1797.026, "10.0.29.83": 7192.9859, "10.0.74.159": 3594.892, "10.0.74.181": 1797.7881, "10.0.29.90": 1798.6237, "10.0.29.97": 1798.6359, "10.0.74.104": 1797.0297, "10.0.74.186": 1797.8587, "10.0.74.88": 1797.9606, "10.0.29.103": 3597.2146000000002, "10.0.74.140": 1797.2088, "10.0.29.106": 1798.0335, "10.0.74.130": 1797.7446, "10.0.29.105": 1797.9499, "10.0.74.228": 1799.3411, "10.0.74.253": 1797.3298, "10.0.29.108": 1797.5015, "10.0.75.21": 1799.2121, "10.0.29.123": 3597.5301, "10.0.74.137": 1798.3297, "10.0.75.44": 1798.2679, "10.0.29.107": 1798.0396, "10.0.74.124": 1798.2729, "10.0.29.121": 1798.4818, "10.0.29.153": 1798.6514, "10.0.74.163": 1798.27, "10.0.29.157": 1798.0097, "10.0.29.161": 1797.5365, "10.0.74.97": 1798.5138, "10.0.29.158": 1797.9757, "10.0.75.35": 1798.2735, "10.0.29.95": 5107.5064999999995, "10.0.74.205": 1798.4851, "10.0.75.84": 3597.0824000000002, "10.0.75.90": 3597.1893, "10.0.29.169": 832.9991, "10.0.75.106": 1798.5675, "10.0.29.171": 10770.0981, "10.0.75.92": 3596.4401, "10.0.29.172": 3597.3112, "10.0.75.122": 1798.3939, "10.0.29.173": 8510.6415, "10.0.75.129": 1797.3492, "10.0.29.179": 1798.5666, "10.0.75.87": 3595.9079, "10.0.75.150": 1797.8809, "10.0.75.112": 1797.9401, "10.0.75.99": 1798.5422, "10.0.75.154": 1798.4942, "10.0.75.98": 3596.8997, "10.0.29.185": 1798.9965, "10.0.75.148": 1797.601, "10.0.75.107": 1798.7711, "10.0.75.178": 1797.9442, "10.0.75.165": 1797.3365, "10.0.75.195": 1797.9824, "10.0.29.191": 1798.636, "10.0.29.189": 1798.2909, "10.0.75.181": 1797.3951, "10.0.75.139": 1799.5219, "10.0.29.195": 1798.9863, "10.0.76.2": 1797.9906, "10.0.29.193": 1798.6121}}, "Goddess of Victory: Nikke": {"localIpCount": 2, "localIpFrequency": {"10.0.74.84": 1, "10.0.75.110": 1}, "localIpTotalDuration": 91.05499999999999, "localIpDuration": {"10.0.74.84": 91.0538, "10.0.75.110": 0.0012}}}