{"Roblox (Game)": {"localIpCount": 52, "localIpFrequency": {"10.0.0.244": 2, "10.0.2.139": 2, "10.0.0.209": 3, "10.0.2.213": 1, "10.0.1.146": 3, "10.0.4.13": 1, "10.0.0.24": 1, "10.0.0.134": 2, "10.0.0.55": 6, "10.0.0.250": 2, "10.0.1.59": 4, "10.0.0.174": 8, "10.0.3.238": 1, "10.0.0.57": 3, "10.0.1.131": 1, "10.0.1.152": 2, "10.0.0.58": 1, "10.0.1.60": 1, "10.0.1.185": 4, "10.0.0.17": 1, "10.0.1.150": 2, "10.0.0.143": 1, "10.0.0.37": 1, "10.0.0.255": 2, "10.0.1.133": 2, "10.0.1.141": 1, "10.0.0.229": 3, "10.0.1.25": 4, "10.0.2.181": 1, "10.0.0.12": 1, "10.0.3.74": 1, "10.0.0.154": 3, "10.0.3.253": 1, "10.0.1.38": 1, "10.0.3.196": 2, "10.0.3.159": 1, "10.0.0.158": 1, "10.0.0.94": 1, "10.0.0.45": 1, "10.0.0.31": 1, "10.0.3.236": 1, "10.0.1.220": 1, "10.0.1.234": 1, "10.0.0.95": 1, "10.0.0.101": 1, "10.0.3.214": 2, "10.0.1.1": 1, "10.0.1.102": 1, "10.0.1.61": 2, "10.0.0.5": 1, "10.0.1.62": 1, "10.0.0.218": 1}, "localIpTotalDuration": 162442.7856, "localIpDuration": {"10.0.0.244": 3392.9974, "10.0.2.139": 3578.2533, "10.0.0.209": 5364.0202, "10.0.2.213": 1799.5649, "10.0.1.146": 5247.001, "10.0.4.13": 1799.3702, "10.0.0.24": 1799.7034, "10.0.0.134": 3545.607, "10.0.0.55": 10777.1906, "10.0.0.250": 3266.5945, "10.0.1.59": 6039.006, "10.0.0.174": 11124.035100000001, "10.0.3.238": 1729.5981, "10.0.0.57": 5049.6229, "10.0.1.131": 1701.0, "10.0.1.152": 3537.0239, "10.0.0.58": 1798.6068, "10.0.1.60": 1799.5002, "10.0.1.185": 6587.6265, "10.0.0.17": 1799.6408, "10.0.1.150": 3581.8934, "10.0.0.143": 1799.5556, "10.0.0.37": 1799.9152, "10.0.0.255": 3573.0065, "10.0.1.133": 3598.3575, "10.0.1.141": 1799.9531, "10.0.0.229": 5354.993399999999, "10.0.1.25": 7164.0089, "10.0.2.181": 1799.8639, "10.0.0.12": 1799.7573, "10.0.3.74": 1799.1963, "10.0.0.154": 5399.1709, "10.0.3.253": 1799.8632, "10.0.1.38": 1799.9161, "10.0.3.196": 3599.1432999999997, "10.0.3.159": 1799.669, "10.0.0.158": 1799.959, "10.0.0.94": 1799.5637, "10.0.0.45": 1799.3861, "10.0.0.31": 1799.9846, "10.0.3.236": 1798.3013, "10.0.1.220": 1773.1228, "10.0.1.234": 1799.298, "10.0.0.95": 1799.9613, "10.0.0.101": 1799.5427, "10.0.3.214": 3589.3149999999996, "10.0.1.1": 1798.9876, "10.0.1.102": 1790.6983, "10.0.1.61": 3510.0208000000002, "10.0.0.5": 1798.6078, "10.0.1.62": 1781.9999, "10.0.0.218": 1799.8103}}, "TFT: Teamfight Tactics": {"localIpCount": 10, "localIpFrequency": {"10.0.0.9": 21, "10.0.3.28": 1, "10.0.0.101": 2, "10.0.0.106": 4, "10.0.2.229": 3, "10.0.1.135": 4, "10.0.0.48": 2, "10.0.1.195": 1, "10.0.3.93": 1, "10.0.1.137": 3}, "localIpTotalDuration": 63653.70399999999, "localIpDuration": {"10.0.0.9": 31670.7151, "10.0.3.28": 1699.5158, "10.0.0.101": 2520.6977, "10.0.0.106": 6860.2252, "10.0.2.229": 4980.2669000000005, "10.0.1.135": 6902.0886, "10.0.0.48": 3360.5175, "10.0.1.195": 1340.0783, "10.0.3.93": 1420.6334, "10.0.1.137": 2898.9655000000002}}, "FIFA ONLINE 4 M": {"localIpCount": 5, "localIpFrequency": {"10.0.0.198": 1, "10.0.1.135": 7, "10.0.1.229": 2, "10.0.1.234": 1, "10.0.0.50": 1}, "localIpTotalDuration": 13318.7536, "localIpDuration": {"10.0.0.198": 70.5592, "10.0.1.135": 10029.4036, "10.0.1.229": 2309.0182, "10.0.1.234": 879.5751, "10.0.0.50": 30.1975}}, "FIFA Mobile": {"localIpCount": 2, "localIpFrequency": {"10.0.0.158": 1, "10.0.0.248": 1}, "localIpTotalDuration": 1620.2366000000002, "localIpDuration": {"10.0.0.158": 159.7468, "10.0.0.248": 1460.4898}}, "League of Legends: Wild Rift": {"localIpCount": 22, "localIpFrequency": {"10.0.1.152": 4, "10.0.1.135": 5, "10.0.3.28": 1, "10.0.0.101": 1, "10.0.0.9": 3, "10.0.2.106": 1, "10.0.0.255": 2, "10.0.3.19": 1, "10.0.2.229": 1, "10.0.4.18": 1, "10.0.1.180": 1, "10.0.3.155": 1, "10.0.0.48": 1, "10.0.1.195": 1, "10.0.3.93": 1, "10.0.3.53": 1, "10.0.1.187": 1, "10.0.1.137": 1, "10.0.3.222": 2, "10.0.0.106": 1, "10.0.0.82": 1, "10.0.0.31": 1}, "localIpTotalDuration": 30433.385099999992, "localIpDuration": {"10.0.1.152": 359.9896, "10.0.1.135": 4190.170399999999, "10.0.3.28": 1740.235, "10.0.0.101": 1660.0074, "10.0.0.9": 3150.0202, "10.0.2.106": 1470.0385, "10.0.0.255": 2304.0025, "10.0.3.19": 1780.4156, "10.0.2.229": 30.3456, "10.0.4.18": 1630.2605, "10.0.1.180": 1660.7978, "10.0.3.155": 1469.9022, "10.0.0.48": 10.2381, "10.0.1.195": 1060.0231, "10.0.3.93": 1449.9421, "10.0.3.53": 170.8035, "10.0.1.187": 404.9328, "10.0.1.137": 711.0064, "10.0.3.222": 2979.7623000000003, "10.0.0.106": 40.8572, "10.0.0.82": 719.2394, "10.0.0.31": 1440.3949}}, "Minecraft": {"localIpCount": 12, "localIpFrequency": {"10.0.0.21": 1, "10.0.0.5": 1, "10.0.2.210": 7, "10.0.4.6": 1, "10.0.1.76": 5, "10.0.0.15": 1, "10.0.0.64": 2, "10.0.0.103": 1, "10.0.1.55": 1, "10.0.0.62": 1, "10.0.1.157": 1, "10.0.0.250": 1}, "localIpTotalDuration": 26188.478699999996, "localIpDuration": {"10.0.0.21": 991.6533, "10.0.0.5": 477.0062, "10.0.2.210": 10610.054100000001, "10.0.4.6": 1080.1305, "10.0.1.76": 7020.187500000001, "10.0.0.15": 1730.2751, "10.0.0.64": 2053.0462, "10.0.0.103": 440.2312, "10.0.1.55": 90.8361, "10.0.0.62": 989.9813, "10.0.1.157": 21.0821, "10.0.0.250": 683.9951}}, "Among us": {"localIpCount": 1, "localIpFrequency": {"10.0.0.158": 1}, "localIpTotalDuration": 1110.2063, "localIpDuration": {"10.0.0.158": 1110.2063}}, "Roblox": {"localIpCount": 58, "localIpFrequency": {"10.0.0.5": 1, "10.0.0.244": 2, "10.0.3.28": 1, "10.0.1.131": 7, "10.0.0.42": 3, "10.0.0.174": 9, "10.0.1.234": 1, "10.0.0.250": 3, "10.0.3.158": 1, "10.0.4.9": 1, "10.0.4.13": 1, "10.0.1.59": 8, "10.0.2.139": 1, "10.0.3.238": 1, "10.0.0.33": 3, "10.0.0.143": 1, "10.0.4.6": 1, "10.0.0.57": 2, "10.0.1.38": 2, "10.0.0.15": 1, "10.0.1.209": 1, "10.0.0.254": 1, "10.0.0.229": 1, "10.0.0.111": 1, "10.0.1.190": 2, "10.0.3.74": 1, "10.0.1.25": 1, "10.0.0.21": 1, "10.0.1.146": 6, "10.0.1.97": 1, "10.0.0.215": 1, "10.0.0.134": 1, "10.0.1.180": 1, "10.0.1.150": 2, "10.0.2.174": 1, "10.0.2.245": 1, "10.0.2.20": 1, "10.0.1.229": 1, "10.0.0.157": 1, "10.0.4.23": 1, "10.0.1.46": 1, "10.0.0.6": 1, "10.0.0.94": 1, "10.0.2.210": 1, "10.0.3.214": 1, "10.0.3.80": 1, "10.0.2.213": 1, "10.0.1.198": 1, "10.0.0.72": 1, "10.0.0.255": 1, "10.0.0.45": 1, "10.0.3.29": 1, "10.0.1.223": 2, "10.0.0.102": 1, "10.0.0.112": 1, "10.0.1.61": 1, "10.0.4.24": 1, "10.0.0.16": 1}, "localIpTotalDuration": 172741.9277, "localIpDuration": {"10.0.0.5": 1799.5337, "10.0.0.244": 3599.2168, "10.0.3.28": 1798.882, "10.0.1.131": 12595.7236, "10.0.0.42": 5398.8854, "10.0.0.174": 16194.938300000002, "10.0.1.234": 1798.7895, "10.0.0.250": 5397.5825, "10.0.3.158": 1798.9759, "10.0.4.9": 1799.5336, "10.0.4.13": 1799.2279, "10.0.1.59": 14394.8132, "10.0.2.139": 1798.6275, "10.0.3.238": 1799.5679, "10.0.0.33": 5399.0868, "10.0.0.143": 1798.7325, "10.0.4.6": 1799.6222, "10.0.0.57": 3597.9102000000003, "10.0.1.38": 3597.8012, "10.0.0.15": 1799.6572, "10.0.1.209": 1799.6278, "10.0.0.254": 1799.7426, "10.0.0.229": 1799.595, "10.0.0.111": 1799.8211, "10.0.1.190": 3598.4202, "10.0.3.74": 1799.5558, "10.0.1.25": 1799.5856, "10.0.0.21": 1799.7776, "10.0.1.146": 10795.6566, "10.0.1.97": 1799.8001, "10.0.0.215": 1799.4879, "10.0.0.134": 1799.579, "10.0.1.180": 1799.7353, "10.0.1.150": 3599.1557000000003, "10.0.2.174": 1798.8507, "10.0.2.245": 1799.4289, "10.0.2.20": 1799.9995, "10.0.1.229": 1799.2439, "10.0.0.157": 1799.5969, "10.0.4.23": 1799.708, "10.0.1.46": 1799.5544, "10.0.0.6": 1799.9966, "10.0.0.94": 1799.558, "10.0.2.210": 1798.7794, "10.0.3.214": 1799.9988, "10.0.3.80": 1799.4914, "10.0.2.213": 1800.0001, "10.0.1.198": 1799.6068, "10.0.0.72": 1799.9833, "10.0.0.255": 1799.584, "10.0.0.45": 1799.9976, "10.0.3.29": 1798.5251, "10.0.1.223": 3596.1219, "10.0.0.102": 1799.7382, "10.0.0.112": 1799.4059, "10.0.1.61": 1798.8759, "10.0.4.24": 1799.6345, "10.0.0.16": 1799.5997}}, "Cookie Run: OvenBreak": {"localIpCount": 1, "localIpFrequency": {"10.0.0.94": 3}, "localIpTotalDuration": 4041.0046, "localIpDuration": {"10.0.0.94": 4041.0046}}, "Honkai: Star Rail": {"localIpCount": 1, "localIpFrequency": {"10.0.0.48": 1}, "localIpTotalDuration": 50.282,