{"FIFA ONLINE 4 M": {"localIpCount": 2, "localIpFrequency": {"10.0.0.54": 4, "10.0.0.70": 1}, "localIpTotalDuration": 5325.8732, "localIpDuration": {"10.0.0.54": 4913.8737, "10.0.0.70": 411.9995}}, "League of Legends: Wild Rift": {"localIpCount": 9, "localIpFrequency": {"10.0.0.38": 13, "10.0.0.53": 18, "10.0.0.9": 4, "10.0.0.54": 13, "10.0.0.57": 2, "10.0.0.56": 7, "10.0.0.66": 3, "10.0.0.46": 34, "10.0.0.64": 2}, "localIpTotalDuration": 344141.21769999986, "localIpDuration": {"10.0.0.38": 76081.51019999999, "10.0.0.53": 35541.63590000001, "10.0.0.9": 15035.0731, "10.0.0.54": 110162.47549999999, "10.0.0.57": 2789.3849999999998, "10.0.0.56": 11720.563699999999, "10.0.0.66": 12943.572900000001, "10.0.0.46": 78677.9987, "10.0.0.64": 1189.0027}}, "Minecraft": {"localIpCount": 1, "localIpFrequency": {"10.0.0.60": 10}, "localIpTotalDuration": 14723.418500000002, "localIpDuration": {"10.0.0.60": 14723.418500000002}}, "Genshin Impact": {"localIpCount": 1, "localIpFrequency": {"10.0.0.53": 11}, "localIpTotalDuration": 15669.212599999999, "localIpDuration": {"10.0.0.53": 15669.212599999999}}, "Roblox": {"localIpCount": 6, "localIpFrequency": {"10.0.0.55": 1, "10.0.0.58": 1, "10.0.0.54": 1, "10.0.0.62": 2, "10.0.0.78": 9, "10.0.0.81": 1}, "localIpTotalDuration": 20578.4986, "localIpDuration": {"10.0.0.55": 25.8984, "10.0.0.58": 163.0508, "10.0.0.54": 42.6641, "10.0.0.62": 2009.0536, "10.0.0.78": 15947.6883, "10.0.0.81": 2390.1434}}, "Roblox (Adopt Me!)": {"localIpCount": 3, "localIpFrequency": {"10.0.0.62": 1, "10.0.0.78": 4, "10.0.0.81": 2}, "localIpTotalDuration": 7263.7889000000005, "localIpDuration": {"10.0.0.62": 769.1296, "10.0.0.78": 4062.0708000000004, "10.0.0.81": 2432.5885}}}