{"FIFA ONLINE 4 M": {"localIpCount": 1, "localIpFrequency": {"10.0.0.42": 3}, "localIpTotalDuration": 4110.5182, "localIpDuration": {"10.0.0.42": 4110.5182}}, "Lineage W": {"localIpCount": 1, "localIpFrequency": {"10.0.0.114": 150}, "localIpTotalDuration": 295662.82730000006, "localIpDuration": {"10.0.0.114": 295662.82730000006}}, "Odin: Valhalla Rising": {"localIpCount": 1, "localIpFrequency": {"10.0.0.114": 2}, "localIpTotalDuration": 9.8998, "localIpDuration": {"10.0.0.114": 9.8998}}, "League of Legends: Wild Rift": {"localIpCount": 9, "localIpFrequency": {"10.0.0.110": 8, "10.0.0.78": 35, "10.0.0.117": 69, "10.0.0.120": 1, "10.0.0.122": 2, "10.0.0.17": 3, "10.0.0.42": 8, "10.0.0.74": 9, "10.0.0.105": 1}, "localIpTotalDuration": 234157.3461, "localIpDuration": {"10.0.0.110": 13546.2567, "10.0.0.78": 59328.6305, "10.0.0.117": 123966.97720000004, "10.0.0.120": 1732.9675, "10.0.0.122": 1131.6958, "10.0.0.17": 1519.6268999999998, "10.0.0.42": 16151.518800000003, "10.0.0.74": 15894.4686, "10.0.0.105": 885.2041}}, "Roblox": {"localIpCount": 2, "localIpFrequency": {"10.0.0.78": 102, "10.0.0.126": 4}, "localIpTotalDuration": 179201.97100000002, "localIpDuration": {"10.0.0.78": 171983.84850000002, "10.0.0.126": 7218.1225}}, "Lineage M": {"localIpCount": 1, "localIpFrequency": {"10.0.0.114": 4}, "localIpTotalDuration": 4899.6427, "localIpDuration": {"10.0.0.114": 4899.6427}}, "Roblox (Adopt Me!)": {"localIpCount": 1, "localIpFrequency": {"10.0.0.78": 69}, "localIpTotalDuration": 70227.70809999999, "localIpDuration": {"10.0.0.78": 70227.70809999999}}, "HIT 2": {"localIpCount": 1, "localIpFrequency": {"10.0.0.114": 1}, "localIpTotalDuration": 128.9475, "localIpDuration": {"10.0.0.114": 128.9475}}}