{"FIFA Mobile": {"localIpCount": 1, "localIpFrequency": {"10.0.39.58": 4}, "localIpTotalDuration": 5222.034599999999, "localIpDuration": {"10.0.39.58": 5222.034599999999}}, "Roblox": {"localIpCount": 73, "localIpFrequency": {"10.0.37.229": 2, "10.0.16.191": 2, "10.0.37.63": 2, "10.0.16.177": 2, "10.0.37.106": 2, "10.0.16.179": 4, "10.0.16.198": 2, "10.0.16.199": 8, "10.0.16.131": 4, "10.0.16.146": 2, "10.0.38.0": 2, "10.0.16.203": 6, "10.0.38.11": 4, "10.0.16.208": 4, "10.0.38.35": 2, "10.0.16.207": 2, "10.0.38.13": 2, "10.0.16.215": 4, "10.0.38.62": 2, "10.0.38.63": 2, "10.0.16.211": 2, "10.0.38.59": 4, "10.0.38.82": 2, "10.0.16.227": 2, "10.0.38.90": 2, "10.0.38.67": 2, "10.0.16.236": 2, "10.0.38.142": 2, "10.0.16.234": 2, "10.0.38.58": 4, "10.0.16.206": 2, "10.0.38.141": 2, "10.0.16.247": 2, "10.0.38.18": 2, "10.0.16.250": 2, "10.0.38.129": 2, "10.0.16.244": 4, "10.0.38.167": 2, "10.0.16.251": 2, "10.0.38.168": 2, "10.0.38.188": 4, "10.0.16.254": 2, "10.0.17.2": 2, "10.0.38.69": 2, "10.0.17.12": 2, "10.0.17.11": 2, "10.0.38.164": 2, "10.0.17.22": 2, "10.0.38.40": 2, "10.0.17.23": 2, "10.0.38.223": 2, "10.0.17.28": 2, "10.0.38.143": 2, "10.0.17.52": 2, "10.0.17.49": 24, "10.0.38.68": 2, "10.0.17.17": 2, "10.0.38.189": 2, "10.0.17.44": 2, "10.0.39.24": 2, "10.0.38.114": 2, "10.0.38.124": 2, "10.0.16.246": 2, "10.0.39.30": 10, "10.0.17.76": 6, "10.0.39.31": 2, "10.0.17.85": 2, "10.0.39.45": 2, "10.0.39.60": 4, "10.0.17.99": 2, "10.0.39.66": 4, "10.0.17.104": 2, "10.0.39.74": 2}, "localIpTotalDuration": 365896.95280000014, "localIpDuration": {"10.0.37.229": 3596.6404, "10.0.16.191": 3595.144, "10.0.37.63": 3596.9716, "10.0.16.177": 3597.0538, "10.0.37.106": 3596.6196, "10.0.16.179": 7194.7906, "10.0.16.198": 419.9908, "10.0.16.199": 13462.4634, "10.0.16.131": 7193.4612, "10.0.16.146": 3597.3354, "10.0.38.0": 3598.0968, "10.0.16.203": 10791.2146, "10.0.38.11": 7194.5802, "10.0.16.208": 7194.3912, "10.0.38.35": 3597.5216, "10.0.16.207": 3596.0834, "10.0.38.13": 3597.3262, "10.0.16.215": 7191.153200000001, "10.0.38.62": 3596.9686, "10.0.38.63": 3597.5968, "10.0.16.211": 3595.9214, "10.0.38.59": 7195.3632, "10.0.38.82": 3597.436, "10.0.16.227": 3597.282, "10.0.38.90": 3595.5186, "10.0.38.67": 3597.3536, "10.0.16.236": 3597.0972, "10.0.38.142": 3598.2262, "10.0.16.234": 3597.0208, "10.0.38.58": 7192.2994, "10.0.16.206": 3597.1182, "10.0.38.141": 3592.8796, "10.0.16.247": 3594.6132, "10.0.38.18": 3596.8492, "10.0.16.250": 3581.1902, "10.0.38.129": 3597.5894, "10.0.16.244": 7180.2228, "10.0.38.167": 3596.9258, "10.0.16.251": 3595.9356, "10.0.38.168": 3597.266, "10.0.38.188": 7193.4644, "10.0.16.254": 3597.1902, "10.0.17.2": 3597.103, "10.0.38.69": 3596.4382, "10.0.17.12": 3596.7934, "10.0.17.11": 3597.4804, "10.0.38.164": 3598.116, "10.0.17.22": 3597.1664, "10.0.38.40": 3598.3646, "10.0.17.23": 3597.9854, "10.0.38.223": 3596.9396, "10.0.17.28": 3597.2222, "10.0.38.143": 3595.9804, "10.0.17.52": 3596.5996, "10.0.17.49": 43148.92079999999, "10.0.38.68": 3596.906, "10.0.17.17": 3596.9324, "10.0.38.189": 3597.1786, "10.0.17.44": 3596.145, "10.0.39.24": 3596.9388, "10.0.38.114": 3597.1712, "10.0.38.124": 3595.7284, "10.0.16.246": 1455.2376, "10.0.39.30": 17601.156, "10.0.17.76": 5165.885200000001, "10.0.39.31": 3597.996, "10.0.17.85": 1987.9908, "10.0.39.45": 3597.2706, "10.0.39.60": 7192.858200000001, "10.0.17.99": 3598.0546, "10.0.39.66": 7194.2946, "10.0.17.104": 2126.5386, "10.0.39.74": 3597.3938}}, "Overwatch 2": {"localIpCount": 3, "localIpFrequency": {"10.0.36.233": 4, "10.0.38.209": 6, "10.0.38.195": 6}, "localIpTotalDuration": 23321.639800000004, "localIpDuration": {"10.0.36.233": 5780.2554, "10.0.38.209": 9463.7794, "10.0.38.195": 8077.605}}, "Minecraft": {"localIpCount": 19, "localIpFrequency": {"10.0.37.183": 2, "10.0.37.64": 2, "10.0.38.69": 2, "10.0.38.4": 4, "10.0.38.46": 2, "10.0.16.206": 12, "10.0.38.158": 2, "10.0.38.119": 2, "10.0.38.134": 2, "10.0.38.190": 6, "10.0.38.57": 2, "10.0.38.239": 10, "10.0.38.219": 4, "10.0.17.59": 4, "10.0.17.66": 2, "10.0.17.90": 2, "10.0.39.61": 2, "10.0.17.103": 2, "10.0.39.71": 2}, "localIpTotalDuration": 68320.4616, "localIpDuration": {"10.0.37.183": 28.2822, "10.0.37.64": 811.9466, "10.0.38.69": 3569.9144, "10.0.38.4": 3570.0270000000005, "10.0.38.46": 167.7476, "10.0.16.206": 16631.9516, "10.0.38.158": 1176.2762, "10.0.38.119": 266.456, "10.0.38.134": 0.3322, "10.0.38.190": 10316.528800000002, "10.0.38.57": 3136.7854, "10.0.38.239": 10808.5214, "10.0.38.219": 7069.727800000001, "10.0.17.59": 5348.0188, "10.0.17.66": 461.9666, "10.0.17.90": 3416.0072, "10.0.39.61": 195.9194, "10.0.17.103": 252.055, "10.0.39.71": 1091.9974}}, "League of Legends: Wild Rift": {"localIpCount": 36, "localIpFrequency": {"10.0.37.128": 4, "10.0.37.73": 2, "10.0.16.146": 2, "10.0.16.204": 2, "10.0.38.4": 6, "10.0.16.213": 8, "10.0.38.23": 10, "10.0.16.217": 2, "10.0.38.97": 6, "10.0.16.239": 2, "10.0.38.28": 4, "10.0.16.236": 2, "10.0.38.113": 4, "10.0.38.132": 2, "10.0.38.159": 4, "10.0.38.32": 4, "10.0.17.3": 2, "10.0.38.7": 4, "10.0.38.217": 2, "10.0.17.34": 2, "10.0.38.102": 2, "10.0.17.50": 2, "10.0.38.64": 2, "10.0.17.67": 2, "10.0.39.33": 2, "10.0.17.65": 2, "10.0.39.42": 2, "10.0.17.84": 2, "10.0.39.39": 8, "10.0.17.86": 2, "10.0.17.92": 2, "10.0.39.54": 6, "10.0.17.98": 2, "10.0.39.56": 2, "10.0.17.91": 2, "10.0.17.90": 2}, "localIpTotalDuration": 166384.60240000003, "localIpDuration": {"10.0.37.128": 7151.154, "10.0.37.73": 3568.1168, "10.0.16.146": 2324.1078, "10.0.16.204": 461.98, "10.0.38.4": 10485.32, "10.0.16.213": 14322.862600000002, "10.0.38.23": 17794.058599999997, "10.0.16.217": 2449.9568, "10.0.38.97": 10596.348999999998, "10.0.16.239": 924.1676, "10.0.38.28": 7128.2304, "10.0.16.236": 27.9776, "10.0.38.113": 7010.802, "10.0.38.132": 3513.631, "10.0.38.159": 5456.3207999999995, "10.0.38.32": 7055.9288, "10.0.17.3": 28.0144, "10.0.38.7": 7132.871800000001, "10.0.38.217": 3571.374, "10.0.17.34": 140.0064, "10.0.38.102": 3583.9108, "10.0.17.50": 405.7862, "10.0.38.64": 2953.8726, "10.0.17.67": 1343.986, "10.0.39.33": 3486.014, "10.0.17.65": 2478.0354, "10.0.39.42": 3513.9932, "10.0.17.84": 70.0192, "10.0.39.39": 12726.927999999998, "10.0.17.86": 2520.1502, "10.0.17.92": 672.0628, "10.0.39.54": 9824.310800000001, "10.0.17.98": 3444.0596, "10.0.39.56": 2968.1026, "10.0.17.91": 2352.1288, "10.0.17.90": 2898.0118}}, "TFT: Teamfight Tactics": {"localIpCount": 22, "localIpFrequency": {"10.0.37.244": 2, "10.0.38.47": 26, "10.0.38.64": 6, "10.0.38.98": 4, "10.0.38.45": 4, "10.0.17.3": 2, "10.0.38.200": 2, "10.0.39.23": 2, "10.0.17.67": 2, "10.0.39.33": 2, "10.0.39.35": 2, "10.0.17.65": 8, "10.0.39.44": 4, "10.0.17.84": 4, "10.0.39.42": 2, "10.0.39.53": 2, "10.0.39.55": 2, "10.0.39.59": 2, "10.0.39.65": 6, "10.0.17.88": 2, "10.0.17.101": 2, "10.0.17.92": 2}, "localIpTotalDuration": 132900.70540000004, "localIpDuration": {"10.0.37.244": 630.1382, "10.0.38.47": 34574.78320000001, "10.0.38.64": 10290.1582, "10.0.38.98": 7029.1684000000005, "10.0.38.45": 5973.085799999999, "10.0.17.3": 279.8932, "10.0.38.200": 3135.8598, "10.0.39.23": 1161.9102, "10.0.17.67": 2407.9428, "10.0.39.33": 3514.0034, "10.0.39.35": 3598.0228, "10.0.17.65": 12249.535399999999, "10.0.39.44": 7152.13, "10.0.17.84": 6664.0128, "10.0.39.42": 3401.6224, "10.0.39.53": 3524.4162, "10.0.39.55": 3527.9046, "10.0.39.59": 3135.9704, "10.0.39.65": 10626.0982, "10.0.17.88": 3570.0938, "10.0.17.101": 3051.9416, "10.0.17.92": 3402.014}}, "Genshin Impact": {"localIpCount": 1, "localIpFrequency": {"10.0.38.120": 6}, "localIpTotalDuration": 4447.1494, "localIpDuration": {"10.0.38.120": 4447.1494}}, "Honkai: Star Rail": {"localIpCount": 1, "localIpFrequency": {"10.0.17.45": 4}, "localIpTotalDuration": 601.9726, "localIpDuration": {"10.0.17.45": 601.9726}}, "FIFA ONLINE 4 M": {"localIpCount": 9, "localIpFrequency": {"10.0.37.250": 2, "10.0.38.18": 6, "10.0.38.37": 4, "10.0.16.227": 2, "10.0.38.89": 2, "10.0.38.97": 2, "10.0.16.245": 6, "10.0.17.68": 4, "10.0.39.38": 8},