{"Genshin Impact": {"localIpCount": 5, "localIpFrequency": {"10.0.1.194": 18, "10.0.4.177": 1, "10.0.1.169": 1, "10.0.1.176": 2, "10.0.2.44": 10}, "localIpTotalDuration": 49105.44359999999, "localIpDuration": {"10.0.1.194": 27600.329899999993, "10.0.4.177": 1725.0051, "10.0.1.169": 1665.1636, "10.0.1.176": 1800.1575, "10.0.2.44": 16314.787499999999}}, "Roblox (Game)": {"localIpCount": 127, "localIpFrequency": {"10.0.4.179": 7, "10.0.1.176": 1, "10.0.8.12": 5, "10.0.3.136": 5, "10.0.1.246": 1, "10.0.5.83": 13, "10.0.3.168": 5, "10.0.3.131": 1, "10.0.1.247": 4, "10.0.7.142": 3, "10.0.1.170": 5, "10.0.6.146": 1, "10.0.7.141": 3, "10.0.7.62": 1, "10.0.0.89": 1, "10.0.6.252": 2, "10.0.0.124": 1, "10.0.7.75": 3, "10.0.6.58": 1, "10.0.1.187": 5, "10.0.5.161": 2, "10.0.1.143": 2, "10.0.4.158": 2, "10.0.4.68": 1, "10.0.5.124": 2, "10.0.0.98": 2, "10.0.2.234": 2, "10.0.5.193": 1, "10.0.7.223": 4, "10.0.8.46": 2, "10.0.6.20": 2, "10.0.1.227": 1, "10.0.4.110": 1, "10.0.0.237": 1, "10.0.7.128": 1, "10.0.1.98": 2, "10.0.8.52": 7, "10.0.2.197": 1, "10.0.0.178": 13, "10.0.1.44": 9, "10.0.2.32": 3, "10.0.6.234": 2, "10.0.7.134": 2, "10.0.3.107": 1, "10.0.5.154": 2, "10.0.7.130": 4, "10.0.4.45": 2, "10.0.6.54": 4, "10.0.2.79": 4, "10.0.8.38": 3, "10.0.2.233": 1, "10.0.0.200": 1, "10.0.0.204": 1, "10.0.8.8": 2, "10.0.6.13": 1, "10.0.0.138": 4, "10.0.7.161": 1, "10.0.7.63": 2, "10.0.2.190": 1, "10.0.8.62": 26, "10.0.1.4": 2, "10.0.7.37": 1, "10.0.3.138": 1, "10.0.6.213": 1, "10.0.1.46": 2, "10.0.7.86": 4, "10.0.2.184": 3, "10.0.0.62": 2, "10.0.6.254": 1, "10.0.7.186": 2, "10.0.6.104": 3, "10.0.7.164": 1, "10.0.8.18": 1, "10.0.5.184": 2, "10.0.5.182": 2, "10.0.7.93": 2, "10.0.3.187": 1, "10.0.2.108": 7, "10.0.5.156": 2, "10.0.7.41": 1, "10.0.5.37": 1, "10.0.6.89": 2, "10.0.8.4": 1, "10.0.1.140": 1, "10.0.1.229": 1, "10.0.1.127": 2, "10.0.1.194": 1, "10.0.3.60": 1, "10.0.8.54": 1, "10.0.8.70": 5, "10.0.6.225": 1, "10.0.5.220": 1, "10.0.1.126": 1, "10.0.0.250": 1, "10.0.8.77": 4, "10.0.1.85": 1, "10.0.2.120": 1, "10.0.3.77": 2, "10.0.5.138": 1, "10.0.5.94": 1, "10.0.3.242": 1, "10.0.0.142": 3, "10.0.7.248": 1, "10.0.0.106": 1, "10.0.8.81": 1, "10.0.7.54": 2, "10.0.0.213": 1, "10.0.0.48": 1, "10.0.0.195": 2, "10.0.7.124": 3, "10.0.3.57": 2, "10.0.8.79": 1, "10.0.3.109": 1, "10.0.7.28": 1, "10.0.8.93": 1, "10.0.2.113": 1, "10.0.3.55": 1, "10.0.7.94": 1, "10.0.5.204": 1, "10.0.8.92": 1, "10.0.6.233": 1, "10.0.3.192": 1, "10.0.3.216": 1, "10.0.1.137": 1, "10.0.7.215": 1, "10.0.1.188": 1, "10.0.8.22": 1}, "localIpTotalDuration": 517078.8767000004, "localIpDuration": {"10.0.4.179": 11909.0589, "10.0.1.176": 1799.1507, "10.0.8.12": 8577.601, "10.0.3.136": 8666.6207, "10.0.1.246": 1799.9945, "10.0.5.83": 19797.714900000003, "10.0.3.168": 8952.8815, "10.0.3.131": 1784.9862, "10.0.1.247": 6748.8274, "10.0.7.142": 5399.1824, "10.0.1.170": 8982.7238, "10.0.6.146": 1799.6558, "10.0.7.141": 5399.127399999999, "10.0.7.62": 1799.0429, "10.0.0.89": 1799.6909, "10.0.6.252": 3599.715, "10.0.0.124": 1799.6918, "10.0.7.75": 5397.2805, "10.0.6.58": 1799.4222, "10.0.1.187": 8863.411900000001, "10.0.5.161": 3599.7643, "10.0.1.143": 3599.3943, "10.0.4.158": 3595.6606, "10.0.4.68": 1799.8442, "10.0.5.124": 3599.5349, "10.0.0.98": 3584.4432, "10.0.2.234": 3583.2047000000002, "10.0.5.193": 1799.7696, "10.0.7.223": 7199.1848, "10.0.8.46": 3598.7309, "10.0.6.20": 3584.7529999999997, "10.0.1.227": 1799.8547, "10.0.4.110": 1799.2726, "10.0.0.237": 1799.7386, "10.0.7.128": 1798.9313, "10.0.1.98": 3584.5591, "10.0.8.52": 12568.0285, "10.0.2.197": 1739.2964, "10.0.0.178": 22483.405699999996, "10.0.1.44": 15161.121899999998, "10.0.2.32": 5114.562599999999, "10.0.6.234": 3583.9617, "10.0.7.134": 3253.6256999999996, "10.0.3.107": 1784.6512, "10.0.5.154": 3598.6733999999997, "10.0.7.130": 7124.6435, "10.0.4.45": 3598.6543, "10.0.6.54": 7063.5379, "10.0.2.79": 7198.9735, "10.0.8.38": 5398.3903, "10.0.2.233": 1799.6774, "10.0.0.200": 1799.5521, "10.0.0.204": 1785.862, "10.0.8.8": 3599.0411999999997, "10.0.6.13": 1799.0576, "10.0.0.138": 6088.2483, "10.0.7.161": 1798.8111, "10.0.7.63": 3464.6269, "10.0.2.190": 1770.0122, "10.0.8.62": 44546.692899999995, "10.0.1.4": 2924.9948, "10.0.7.37": 1784.6373, "10.0.3.138": 1785.0401, "10.0.6.213": 1710.0065, "10.0.1.46": 3598.898, "10.0.7.86": 6883.7293, "10.0.2.184": 5219.6767, "10.0.0.62": 3599.4101, "10.0.6.254": 1799.7579, "10.0.7.186": 3599.007, "10.0.6.104": 5398.6623, "10.0.7.164": 1799.6348, "10.0.8.18": 1695.0516, "10.0.5.184": 2970.0667999999996, "10.0.5.182": 3449.5756, "10.0.7.93": 3523.0699999999997, "10.0.3.187": 1799.9909, "10.0.2.108": 12282.025099999999, "10.0.5.156": 3584.6318, "10.0.7.41": 1799.595, "10.0.5.37": 1799.7442, "10.0.6.89": 3599.3106, "10.0.8.4": 1799.171, "10.0.1.140": 1799.9473, "10.0.1.229": 1799.0622, "10.0.1.127": 3599.4668, "10.0.1.194": 1799.8333, "10.0.3.60": 1769.21, "10.0.8.54": 1709.9479, "10.0.8.70": 8039.6977, "10.0.6.225": 1799.557, "10.0.5.220": 1770.0203, "10.0.1.126": 1785.0043, "10.0.0.250": 1755.0637, "10.0.8.77": 6569.2636999999995, "10.0.1.85": 1799.6716, "10.0.2.120": 1799.9991, "10.0.3.77": 3599.7131, "10.0.5.138": 1799.7363, "10.0.5.94": 1799.6573, "10.0.3.242": 1799.6604, "10.0.0.142": 5384.208, "10.0.7.248": 1799.9889, "10.0.0.106": 1799.9334, "10.0.8.81": 1799.7018, "10.0.7.54": 2549.578, "10.0.0.213": 675.6827, "10.0.0.48": 1785.0328, "10.0.0.195": 3599.2561, "10.0.7.124": 5039.0118, "10.0.3.57": 3598.7047000000002, "10.0.8.79": 1799.8194, "10.0.3.109": 1799.595, "10.0.7.28": 1799.8077, "10.0.8.93": 1799.0719, "10.0.2.113": 1799.7169, "10.0.3.55": 1785.0346, "10.0.7.94": 1799.5973, "10.0.5.204": 1754.5947, "10.0.8.92": 1799.9973, "10.0.6.233": 1798.0429, "10.0.3.192": 1793.4193, "10.0.3.216": 1799.4065, "10.0.1.137": 1799.9965, "10.0.7.215": 1799.3866, "10.0.1.188": 1795.347, "10.0.8.22": 1799.216}}, "Roblox": {"localIpCount": 131, "localIpFrequency": {"10.0.4.99": 1, "10.0.3.168": 6, "10.0.4.158": 5, "10.0.0.48": 8, "10.0.4.179": 3, "10.0.1.170": 16, "10.0.8.12": 2, "10.0.0.204": 2, "10.0.7.130": 9, "10.0.2.18": 1, "10.0.7.211": 1, "10.0.1.247": 2, "10.0.5.191": 1, "10.0.6.252": 2, "10.0.6.249": 1, "10.0.0.89": 1, "10.0.6.146": 1, "10.0.0.106": 3, "10.0.1.229": 2, "10.0.2.85": 1, "10.0.3.124": 1, "10.0.2.233": 1, "10.0.2.72": 1, "10.0.1.177": 1, "10.0.7.22": 1, "10.0.7.105": 1, "10.0.5.193": 2, "10.0.7.128": 2, "10.0.0.98": 4, "10.0.5.161": 2, "10.0.2.190": 1, "10.0.8.52": 6, "10.0.7.186": 1, "10.0.1.168": 1, "10.0.0.124": 1, "10.0.8.38": 2, "10.0.2.48": 2, "10.0.1.169": 1, "10.0.1.44": 21, "10.0.0.178": 5, "10.0.3.131": 2, "10.0.8.54": 3, "10.0.5.83": 13, "10.0.2.99": 2, "10.0.7.86": 2, "10.0.4.46": 1, "10.0.6.19": 1, "10.0.8.48": 2, "10.0.7.134": 1, "10.0.0.68": 2, "10.0.6.54": 2, "10.0.4.45": 1, "10.0.6.63": 3, "10.0.6.89": 3, "10.0.0.142": 3, "10.0.8.8": 1, "10.0.7.35": 1, "10.0.3.138": 4, "10.0.3.146": 1, "10.0.5.101": 1, "10.0.1.66": 1, "10.0.8.18": 1, "10.0.8.62": 21, "10.0.6.234": 1, "10.0.2.184": 3, "10.0.7.149": 1, "10.0.7.237": 1, "10.0.5.138": 2, "10.0.7.129": 1, "10.0.6.104": 3, "10.0.7.142": 2, "10.0.1.127": 2, "10.0.8.69": 1, "10.0.1.137": 1, "10.0.8.70": 6, "10.0.8.20": 2, "10.0.4.87": 1, "10.0.8.67": 4, "10.0.1.112": 1, "10.0.6.178": 1, "10.0.6.225": 2, "10.0.6.233": 1, "10.0.5.182": 5, "10.0.7.93": 1, "10.0.0.138": 6, "10.0.2.108": 3, "10.0.2.120": 1, "10.0.7.75": 2, "10.0.1.188": 2, "10.0.0.76": 1, "10.0.1.194": 1, "10.0.1.98": 1, "10.0.7.234": 1, "10.0.0.200": 1, "10.0.0.83": 1, "10.0.3.55": 1, "10.0.7.28": 2, "10.0.6.197": 2, "10.0.0.250": 2, "10.0.5.156": 1, "10.0.5.220": 1, "10.0.7.223": 4, "10.0.7.141": 1, "10.0.5.124": 1, "10.0.7.47": 1, "10.0.8.11": 1, "10.0.3.148": 1, "10.0.2.63": 1, "10.0.4.214": 1, "10.0.1.101": 1, "10.0.7.54": 1, "10.0.3.187": 1, "10.0.8.76": 2, "10.0.8.77": 2, "10.0.8.87": 1, "10.0.2.79": 1, "10.0.5.37": 2, "10.0.1.205": 1, "10.0.7.122": 1, "10.0.7.236": 1, "10.0.3.218": 1, "10.0.0.56": 1, "10.0.5.150": 1, "10.0.5.204": 1, "10.0.3.136": 2, "10.0.1.200": 2,