{"League of Legends: Wild Rift": {"localIpCount": 7, "localIpFrequency": {"10.0.0.21": 20, "10.0.0.22": 6, "10.0.0.16": 3, "10.0.0.3": 3, "10.0.0.38": 5, "10.0.0.9": 2, "10.0.0.46": 7}, "localIpTotalDuration": 318188.24710000004, "localIpDuration": {"10.0.0.21": 62272.16110000001, "10.0.0.22": 17841.3565, "10.0.0.16": 14778.5989, "10.0.0.3": 35975.7986, "10.0.0.38": 147267.9063, "10.0.0.9": 18246.4541, "10.0.0.46": 21805.9716}}, "Roblox": {"localIpCount": 2, "localIpFrequency": {"10.0.0.17": 1, "10.0.0.27": 1}, "localIpTotalDuration": 321.4896, "localIpDuration": {"10.0.0.17": 315.6963, "10.0.0.27": 5.7933}}, "FIFA ONLINE 4 M": {"localIpCount": 2, "localIpFrequency": {"10.0.0.22": 14, "10.0.0.47": 1}, "localIpTotalDuration": 19025.5623, "localIpDuration": {"10.0.0.22": 19016.3005, "10.0.0.47": 9.2618}}}