{"TFT: Teamfight Tactics": {"localIpCount": 8, "localIpFrequency": {"10.0.0.9": 9, "10.0.0.25": 3, "10.0.3.63": 1, "10.0.2.126": 1, "10.0.1.98": 1, "10.0.1.176": 5, "10.0.2.74": 2, "10.0.2.127": 1}, "localIpTotalDuration": 30226.1978, "localIpDuration": {"10.0.0.9": 12297.6986, "10.0.0.25": 4851.2076, "10.0.3.63": 1650.0293, "10.0.2.126": 144.0365, "10.0.1.98": 1616.9934, "10.0.1.176": 6894.130099999999, "10.0.2.74": 1521.1152, "10.0.2.127": 1250.9871}}, "Roblox": {"localIpCount": 40, "localIpFrequency": {"10.0.3.199": 1, "10.0.3.165": 1, "10.0.1.59": 4, "10.0.5.144": 1, "10.0.3.62": 1, "10.0.6.227": 2, "10.0.1.0": 3, "10.0.3.110": 1, "10.0.1.193": 3, "10.0.2.14": 1, "10.0.1.157": 1, "10.0.3.179": 1, "10.0.1.65": 5, "10.0.6.170": 1, "10.0.0.33": 1, "10.0.7.128": 2, "10.0.1.197": 3, "10.0.1.231": 1, "10.0.4.189": 3, "10.0.3.137": 1, "10.0.1.185": 4, "10.0.0.17": 1, "10.0.5.242": 1, "10.0.3.65": 1, "10.0.1.176": 4, "10.0.1.1": 2, "10.0.0.196": 1, "10.0.0.229": 1, "10.0.3.25": 2, "10.0.0.133": 1, "10.0.0.141": 1, "10.0.2.191": 1, "10.0.0.166": 1, "10.0.3.73": 1, "10.0.1.170": 1, "10.0.0.255": 1, "10.0.3.155": 1, "10.0.3.198": 2, "10.0.1.18": 1, "10.0.1.94": 2}, "localIpTotalDuration": 120441.62840000003, "localIpDuration": {"10.0.3.199": 1799.4317, "10.0.3.165": 1792.8398, "10.0.1.59": 7198.4035, "10.0.5.144": 1792.5421, "10.0.3.62": 1799.6817, "10.0.6.227": 3585.2789, "10.0.1.0": 5398.8041, "10.0.3.110": 1792.1629, "10.0.1.193": 5398.8355, "10.0.2.14": 1792.6109, "10.0.1.157": 1799.5583, "10.0.3.179": 1793.7139, "10.0.1.65": 8998.123399999999, "10.0.6.170": 1792.5478, "10.0.0.33": 1792.5518, "10.0.7.128": 3585.2891, "10.0.1.197": 5398.7684, "10.0.1.231": 1792.7913, "10.0.4.189": 5377.7889, "10.0.3.137": 1792.5787, "10.0.1.185": 7198.4238, "10.0.0.17": 1793.2994, "10.0.5.242": 1793.0317, "10.0.3.65": 1799.621, "10.0.1.176": 7191.0680999999995, "10.0.1.1": 3599.2441, "10.0.0.196": 1799.6183, "10.0.0.229": 1799.6132, "10.0.3.25": 3599.1471, "10.0.0.133": 1799.5824, "10.0.0.141": 1799.6232, "10.0.2.191": 1799.6364, "10.0.0.166": 1799.7096, "10.0.3.73": 1799.5902, "10.0.1.170": 1799.8249, "10.0.0.255": 1799.5204, "10.0.3.155": 1799.6515, "10.0.3.198": 3598.4919, "10.0.1.18": 1799.5548, "10.0.1.94": 3599.0737}}, "Genshin Impact": {"localIpCount": 3, "localIpFrequency": {"10.0.1.187": 1, "10.0.0.25": 1, "10.0.0.48": 2}, "localIpTotalDuration": 3383.0325000000003, "localIpDuration": {"10.0.1.187": 170.965, "10.0.0.25": 692.9464, "10.0.0.48": 2519.1211}}, "League of Legends: Wild Rift": {"localIpCount": 9, "localIpFrequency": {"10.0.6.141": 2, "10.0.1.130": 4, "10.0.5.230": 1, "10.0.0.25": 1, "10.0.1.135": 1, "10.0.5.174": 2, "10.0.0.15": 1, "10.0.0.176": 16, "10.0.1.176": 1}, "localIpTotalDuration": 45000.9662, "localIpDuration": {"10.0.6.141": 2814.9489999999996, "10.0.1.130": 6218.1219, "10.0.5.230": 945.5628, "10.0.0.25": 1628.0029, "10.0.1.135": 1793.0058, "10.0.5.174": 1968.2349000000002, "10.0.0.15": 1738.1541, "10.0.0.176": 26139.8986, "10.0.1.176": 1755.0362}}, "Zombie High School": {"localIpCount": 2, "localIpFrequency": {"10.0.1.187": 2, "10.0.4.102": 1}, "localIpTotalDuration": 337.87719999999996, "localIpDuration": {"10.0.1.187": 62.9032, "10.0.4.102": 274.974}}, "Roblox (Game)": {"localIpCount": 45, "localIpFrequency": {"10.0.0.131": 1, "10.0.2.126": 1, "10.0.3.238": 1, "10.0.1.173": 1, "10.0.0.25": 1, "10.0.2.157": 1, "10.0.3.110": 1, "10.0.3.62": 4, "10.0.1.98": 1, "10.0.0.5": 1, "10.0.2.0": 1, "10.0.7.128": 3, "10.0.3.155": 2, "10.0.1.231": 1, "10.0.1.197": 4, "10.0.1.31": 1, "10.0.0.48": 1, "10.0.1.65": 2, "10.0.3.236": 1, "10.0.1.59": 5, "10.0.6.227": 2, "10.0.6.213": 1, "10.0.0.41": 1, "10.0.0.162": 1, "10.0.3.65": 2, "10.0.0.229": 1, "10.0.3.161": 1, "10.0.2.74": 1, "10.0.2.156": 1, "10.0.2.58": 2, "10.0.3.100": 2, "10.0.1.0": 1, "10.0.1.46": 1, "10.0.1.1": 1, "10.0.2.127": 1, "10.0.1.211": 2, "10.0.3.203": 2, "10.0.3.6": 1, "10.0.3.70": 1, "10.0.2.75": 2, "10.0.3.25": 1, "10.0.0.196": 1, "10.0.1.94": 1, "10.0.3.217": 1, "10.0.1.25": 1}, "localIpTotalDuration": 117538.41639999999, "localIpDuration": {"10.0.0.131": 1792.7796, "10.0.2.126": 1799.5302, "10.0.3.238": 1792.5815, "10.0.1.173": 1799.4761, "10.0.0.25": 1793.3042, "10.0.2.157": 1799.9362, "10.0.3.110": 1792.7116, "10.0.3.62": 7198.3616, "10.0.1.98": 1792.8658, "10.0.0.5": 1792.5891, "10.0.2.0": 1799.9802, "10.0.7.128": 5334.3429, "10.0.3.155": 3581.4762, "10.0.1.231": 1792.5359, "10.0.1.197": 7118.5647, "10.0.1.31": 1792.6189, "10.0.0.48": 1792.4616, "10.0.1.65": 3294.0179, "10.0.3.236": 1748.4817, "10.0.1.59": 8828.7233, "10.0.6.227": 3541.6202999999996, "10.0.6.213": 1770.6144, "10.0.0.41": 1792.7052, "10.0.0.162": 1792.7416, "10.0.3.65": 3572.5416, "10.0.0.229": 1773.1273, "10.0.3.161": 1781.6533, "10.0.2.74": 1799.9777, "10.0.2.156": 1799.4658, "10.0.2.58": 3599.0617, "10.0.3.100": 3572.1567999999997, "10.0.1.0": 1754.5586, "10.0.1.46": 1799.9962, "10.0.1.1": 1799.4796, "10.0.2.127": 1790.542, "10.0.1.211": 3599.2354, "10.0.3.203": 3599.4054, "10.0.3.6": 1799.531, "10.0.3.70": 1799.7042, "10.0.2.75": 3598.2821000000004, "10.0.3.25": 1799.5598, "10.0.0.196": 1799.5697, "10.0.1.94": 1673.5373, "10.0.3.217": 1746.0186, "10.0.1.25": 1745.9916}}, "Ares: Rise of Guardians": {"localIpCount": 1, "localIpFrequency": {"10.0.4.233": 16}, "localIpTotalDuration": 17046.7557, "localIpDuration": {"10.0.4.233": 17046.7557}}, "Overwatch 2": {"localIpCount": 1, "localIpFrequency": {"10.0.1.130": 1}, "localIpTotalDuration": 980.5377, "localIpDuration": {"10.0.1.130": 980.5377}}, "Odin: Valhalla Rising": {"localIpCount": 1, "localIpFrequency": {"10.0.2.5": 1}, "localIpTotalDuration": 0.0011, "localIpDuration": {"10.0.2.5": 0.0011}}, "Minecraft": {"localIpCount": 2, "localIpFrequency": {"10.0.5.132": 1, "10.0.0.5": 1}, "localIpTotalDuration": 398.0521, "localIpDuration": {"10.0.5.132": 110.0254, "10.0.0.5": 288.0267}}, "Pok\u00e9mon Unite": {"localIpCount": 1, "localIpFrequency": {"10.0.1.187": 1}, "localIpTotalDuration": 719.9319, "localIpDuration": {"10.0.1.187": 719.9319}}, "FIFA ONLINE 4 M": {"localIpCount": 5, "localIpFrequency": {"10.0.5.230": 2, "10.0.1.135": 3, "10.0.2.127": 4, "10.0.3.168": 5, "10.0.1.94": 1}, "localIpTotalDuration": 19864.328500000003, "localIpDuration": {"10.0.5.230": 1803.9337, "10.0.1.135": 5378.860699999999, "10.0.2.127": 6930.0782, "10.0.3.168": 5670.3016, "10.0.1.94": 81.1543}}}