{"Minecraft": {"localIpCount": 1, "localIpFrequency": {"10.0.0.82": 1}, "localIpTotalDuration": 364.0272, "localIpDuration": {"10.0.0.82": 364.0272}}, "Among us": {"localIpCount": 1, "localIpFrequency": {"10.0.0.158": 3}, "localIpTotalDuration": 3324.9840000000004, "localIpDuration": {"10.0.0.158": 3324.9840000000004}}, "Roblox": {"localIpCount": 32, "localIpFrequency": {"10.0.0.36": 4, "10.0.0.50": 2, "10.0.0.48": 1, "10.0.0.55": 2, "10.0.0.33": 5, "10.0.0.44": 3, "10.0.0.116": 5, "10.0.0.15": 8, "10.0.0.63": 2, "10.0.0.7": 1, "10.0.0.10": 1, "10.0.0.58": 2, "10.0.0.40": 1, "10.0.0.122": 2, "10.0.0.64": 1, "10.0.0.31": 1, "10.0.0.100": 1, "10.0.0.129": 2, "10.0.0.111": 1, "10.0.0.21": 1, "10.0.0.74": 1, "10.0.0.45": 1, "10.0.0.127": 1, "10.0.0.133": 2, "10.0.0.8": 1, "10.0.0.77": 1, "10.0.0.157": 1, "10.0.0.134": 2, "10.0.0.162": 1, "10.0.0.135": 5, "10.0.0.4": 2, "10.0.0.20": 1}, "localIpTotalDuration": 109801.4749, "localIpDuration": {"10.0.0.36": 7194.1419, "10.0.0.50": 3597.6050999999998, "10.0.0.48": 1798.5314, "10.0.0.55": 3597.1027000000004, "10.0.0.33": 8992.7755, "10.0.0.44": 5395.5634, "10.0.0.116": 8993.2631, "10.0.0.15": 12513.607, "10.0.0.63": 3596.8368, "10.0.0.7": 1798.5606, "10.0.0.10": 1798.6191, "10.0.0.58": 3598.1308, "10.0.0.40": 1797.7912, "10.0.0.122": 2855.6295, "10.0.0.64": 1799.0505, "10.0.0.31": 1797.1404, "10.0.0.100": 1798.6599, "10.0.0.129": 2386.9989, "10.0.0.111": 950.677, "10.0.0.21": 1798.6596, "10.0.0.74": 1798.2963, "10.0.0.45": 1798.2662, "10.0.0.127": 1799.471, "10.0.0.133": 1825.548, "10.0.0.8": 1799.0719, "10.0.0.77": 1797.9063, "10.0.0.157": 1798.104, "10.0.0.134": 2952.9701, "10.0.0.162": 1798.2114, "10.0.0.135": 8978.8992, "10.0.0.4": 3596.8014000000003, "10.0.0.20": 1798.5847}}, "League of Legends: Wild Rift": {"localIpCount": 10, "localIpFrequency": {"10.0.0.48": 3, "10.0.0.9": 10, "10.0.0.68": 1, "10.0.0.4": 1, "10.0.0.31": 2, "10.0.0.63": 2, "10.0.0.106": 1, "10.0.0.15": 1, "10.0.0.125": 1, "10.0.0.156": 1}, "localIpTotalDuration": 30722.472100000006, "localIpDuration": {"10.0.0.48": 5242.5138, "10.0.0.9": 14055.709799999999, "10.0.0.68": 147.0003, "10.0.0.4": 1163.4953, "10.0.0.31": 3414.7476, "10.0.0.63": 3528.0016, "10.0.0.106": 1140.9733, "10.0.0.15": 146.9995, "10.0.0.125": 1750.0599, "10.0.0.156": 132.971}}, "Roblox (Game)": {"localIpCount": 28, "localIpFrequency": {"10.0.0.5": 1, "10.0.0.50": 1, "10.0.0.55": 3, "10.0.0.33": 10, "10.0.0.36": 2, "10.0.0.44": 2, "10.0.0.116": 5, "10.0.0.15": 6, "10.0.0.60": 1, "10.0.0.66": 1, "10.0.0.17": 1, "10.0.0.79": 1, "10.0.0.122": 2, "10.0.0.31": 2, "10.0.0.40": 1, "10.0.0.129": 2, "10.0.0.82": 3, "10.0.0.111": 1, "10.0.0.97": 1, "10.0.0.21": 1, "10.0.0.59": 1, "10.0.0.102": 1, "10.0.0.133": 1, "10.0.0.96": 1, "10.0.0.20": 2, "10.0.0.134": 2, "10.0.0.135": 3, "10.0.0.6": 1}, "localIpTotalDuration": 94588.27059999999, "localIpDuration": {"10.0.0.5": 1798.5543, "10.0.0.50": 1798.5704, "10.0.0.55": 5355.0095, "10.0.0.33": 17427.4571, "10.0.0.36": 3464.5414, "10.0.0.44": 3513.6101, "10.0.0.116": 8120.3521, "10.0.0.15": 10009.9931, "10.0.0.60": 1798.9977, "10.0.0.66": 1798.6279, "10.0.0.17": 1799.0053, "10.0.0.79": 1797.7649, "10.0.0.122": 720.9983, "10.0.0.31": 3588.3012, "10.0.0.40": 1798.6426, "10.0.0.129": 1267.0016, "10.0.0.82": 5396.4321, "10.0.0.111": 21.0019, "10.0.0.97": 1793.052, "10.0.0.21": 1799.3342, "10.0.0.59": 1798.4767, "10.0.0.102": 1798.9823, "10.0.0.133": 1714.2766, "10.0.0.96": 1797.848, "10.0.0.20": 3591.4237999999996, "10.0.0.134": 2862.9977, "10.0.0.135": 4164.9992999999995, "10.0.0.6": 1792.0185}}}