{"Roblox (Game)": {"localIpCount": 25, "localIpFrequency": {"10.0.0.48": 4, "10.0.0.5": 3, "10.0.0.15": 6, "10.0.0.52": 1, "10.0.0.4": 1, "10.0.0.63": 2, "10.0.9.19": 1, "10.0.0.214": 1, "10.0.1.157": 2, "10.0.7.89": 1, "10.0.0.24": 1, "10.0.3.162": 1, "10.0.1.243": 1, "10.0.6.122": 1, "10.0.8.22": 1, "10.0.9.103": 1, "10.0.0.46": 5, "10.0.7.178": 1, "10.0.0.121": 1, "10.0.3.109": 1, "10.0.6.234": 1, "10.0.6.146": 1, "10.0.4.219": 3, "10.0.3.130": 3, "10.0.0.57": 1}, "localIpTotalDuration": 71777.38389999999, "localIpDuration": {"10.0.0.48": 3220.3677, "10.0.0.5": 4080.3545000000004, "10.0.0.15": 9254.002999999999, "10.0.0.52": 1526.0027, "10.0.0.4": 1777.9999, "10.0.0.63": 3072.9989, "10.0.9.19": 1792.1006, "10.0.0.214": 1797.5684, "10.0.1.157": 3595.2654, "10.0.7.89": 1798.1097, "10.0.0.24": 1715.0014, "10.0.3.162": 1798.0847, "10.0.1.243": 1798.069, "10.0.6.122": 1798.0274, "10.0.8.22": 1798.1719, "10.0.9.103": 1799.5695, "10.0.0.46": 7735.0069, "10.0.7.178": 1799.1515, "10.0.0.121": 1799.4789, "10.0.3.109": 1799.0118, "10.0.6.234": 1799.0807, "10.0.6.146": 1791.5319, "10.0.4.219": 5376.0034, "10.0.3.130": 5306.0213, "10.0.0.57": 1750.4028}}, "Minecraft": {"localIpCount": 2, "localIpFrequency": {"10.0.0.5": 10, "10.0.9.33": 1}, "localIpTotalDuration": 11487.014200000001, "localIpDuration": {"10.0.0.5": 11130.0022, "10.0.9.33": 357.012}}, "League of Legends: Wild Rift": {"localIpCount": 11, "localIpFrequency": {"10.0.4.214": 1, "10.0.9.100": 1, "10.0.0.63": 1, "10.0.1.169": 5, "10.0.9.101": 1, "10.0.5.123": 2, "10.0.3.109": 1, "10.0.9.95": 2, "10.0.5.242": 2, "10.0.0.68": 1, "10.0.3.157": 1}, "localIpTotalDuration": 25617.571800000005, "localIpDuration": {"10.0.4.214": 1792.0619, "10.0.9.100": 1799.0322, "10.0.0.63": 140.0001, "10.0.1.169": 8951.5381, "10.0.9.101": 1799.141, "10.0.5.123": 1813.0119, "10.0.3.109": 1799.0389, "10.0.9.95": 3590.4186, "10.0.5.242": 3366.3251, "10.0.0.68": 147.0007, "10.0.3.157": 420.0033}}, "Roblox": {"localIpCount": 27, "localIpFrequency": {"10.0.0.48": 2, "10.0.0.5": 4, "10.0.0.15": 7, "10.0.0.46": 7, "10.0.0.52": 1, "10.0.0.4": 1, "10.0.0.62": 1, "10.0.0.63": 3, "10.0.9.19": 2, "10.0.2.124": 1, "10.0.1.120": 1, "10.0.0.121": 1, "10.0.0.24": 2, "10.0.1.243": 1, "10.0.3.128": 1, "10.0.8.20": 1, "10.0.7.178": 1, "10.0.3.130": 3, "10.0.4.158": 1, "10.0.3.118": 1, "10.0.3.109": 1, "10.0.8.189": 1, "10.0.1.194": 2, "10.0.7.54": 1, "10.0.2.108": 1, "10.0.4.219": 1, "10.0.0.57": 1}, "localIpTotalDuration": 84335.76000000001, "localIpDuration": {"10.0.0.48": 2001.6453999999999, "10.0.0.5": 6004.9727, "10.0.0.15": 12584.511199999999, "10.0.0.46": 11899.312700000002, "10.0.0.52": 1673.0012, "10.0.0.4": 1799.0013, "10.0.0.62": 1798.2633, "10.0.0.63": 5354.2743, "10.0.9.19": 3597.3465, "10.0.2.124": 1797.5702, "10.0.1.120": 1797.5773, "10.0.0.121": 1798.111, "10.0.0.24": 1658.6157, "10.0.1.243": 1798.1562, "10.0.3.128": 1798.0837, "10.0.8.20": 1797.7581, "10.0.7.178": 1798.0438, "10.0.3.130": 5395.093, "10.0.4.158": 1798.5402, "10.0.3.118": 1798.4437, "10.0.3.109": 1798.0442, "10.0.8.189": 1798.5352, "10.0.1.194": 3597.1048, "10.0.7.54": 1798.5605, "10.0.2.108": 1798.5887, "10.0.4.219": 1798.6046, "10.0.0.57": 1798.0005}}}