{"Roblox": {"localIpCount": 4, "localIpFrequency": {"10.0.0.152": 2, "10.0.0.159": 3, "10.0.0.162": 1, "10.0.0.150": 32}, "localIpTotalDuration": 63760.288900000014, "localIpDuration": {"10.0.0.152": 3604.6799, "10.0.0.159": 4131.7853, "10.0.0.162": 20.4084, "10.0.0.150": 56003.41530000001}}, "Roblox (Adopt Me!)": {"localIpCount": 1, "localIpFrequency": {"10.0.0.150": 16}, "localIpTotalDuration": 11877.6816, "localIpDuration": {"10.0.0.150": 11877.6816}}, "League of Legends: Wild Rift": {"localIpCount": 3, "localIpFrequency": {"10.0.0.151": 115, "10.0.0.12": 4, "10.0.0.120": 2}, "localIpTotalDuration": 342096.666, "localIpDuration": {"10.0.0.151": 309228.9849000001, "10.0.0.12": 29082.9057, "10.0.0.120": 3784.7754}}, "FIFA ONLINE 4 M": {"localIpCount": 2, "localIpFrequency": {"10.0.0.12": 2, "10.0.0.42": 1}, "localIpTotalDuration": 2126.1567, "localIpDuration": {"10.0.0.12": 1810.0011, "10.0.0.42": 316.1556}}}