{"Overwatch 2": {"localIpCount": 1, "localIpFrequency": {"10.0.7.232": 9}, "localIpTotalDuration": 14876.1619, "localIpDuration": {"10.0.7.232": 14876.1619}}, "League of Legends: Wild Rift": {"localIpCount": 28, "localIpFrequency": {"10.0.7.69": 1, "10.0.11.91": 1, "10.0.7.50": 1, "10.0.7.134": 2, "10.0.7.228": 1, "10.0.7.225": 5, "10.0.8.9": 2, "10.0.7.234": 2, "10.0.7.252": 13, "10.0.7.241": 1, "10.0.7.222": 1, "10.0.8.214": 4, "10.0.8.233": 1, "10.0.8.3": 1, "10.0.8.249": 1, "10.0.11.129": 1, "10.0.8.254": 1, "10.0.11.133": 1, "10.0.9.1": 1, "10.0.9.9": 1, "10.0.11.134": 1, "10.0.9.7": 1, "10.0.9.4": 1, "10.0.11.141": 1, "10.0.9.5": 4, "10.0.11.143": 1, "10.0.11.147": 1, "10.0.9.8": 1}, "localIpTotalDuration": 67161.01830000001, "localIpDuration": {"10.0.7.69": 1302.0456, "10.0.11.91": 0.0829, "10.0.7.50": 273.0357, "10.0.7.134": 2372.7861, "10.0.7.228": 1770.9491, "10.0.7.225": 8895.1703, "10.0.8.9": 3541.617, "10.0.7.234": 3485.5775, "10.0.7.252": 22868.864799999996, "10.0.7.241": 1673.0451, "10.0.7.222": 727.6688, "10.0.8.214": 2827.9265, "10.0.8.233": 14.0149, "10.0.8.3": 993.9972, "10.0.8.249": 98.0095, "10.0.11.129": 1344.2445, "10.0.8.254": 1764.0041, "10.0.11.133": 62.994, "10.0.9.1": 1617.0626, "10.0.9.9": 832.7328, "10.0.11.134": 1203.9863, "10.0.9.7": 1771.0602, "10.0.9.4": 1791.9965, "10.0.11.141": 21.016, "10.0.9.5": 5893.1238, "10.0.11.143": 0.0001, "10.0.11.147": 0.0001, "10.0.9.8": 14.0063}}, "FIFA Mobile": {"localIpCount": 1, "localIpFrequency": {"10.0.8.79": 2}, "localIpTotalDuration": 952.3248000000001, "localIpDuration": {"10.0.8.79": 952.3248000000001}}, "Genshin Impact": {"localIpCount": 2, "localIpFrequency": {"10.0.8.29": 1, "10.0.8.182": 1}, "localIpTotalDuration": 1351.5563, "localIpDuration": {"10.0.8.29": 308.2891, "10.0.8.182": 1043.2672}}, "Free Fire": {"localIpCount": 1, "localIpFrequency": {"10.0.8.252": 1}, "localIpTotalDuration": 7.261, "localIpDuration": {"10.0.8.252": 7.261}}, "Lineage M": {"localIpCount": 2, "localIpFrequency": {"10.0.7.77": 1, "10.0.8.93": 1}, "localIpTotalDuration": 7.085500000000001, "localIpDuration": {"10.0.7.77": 7.006, "10.0.8.93": 0.0795}}, "Roblox": {"localIpCount": 58, "localIpFrequency": {"10.0.7.121": 1, "10.0.11.29": 1, "10.0.7.198": 1, "10.0.11.118": 1, "10.0.7.25": 1, "10.0.11.58": 3, "10.0.7.179": 2, "10.0.7.123": 1, "10.0.7.28": 1, "10.0.11.91": 1, "10.0.11.60": 7, "10.0.7.128": 1, "10.0.7.134": 2, "10.0.7.99": 1, "10.0.7.202": 2, "10.0.7.16": 3, "10.0.11.62": 1, "10.0.11.127": 1, "10.0.7.116": 1, "10.0.11.44": 1, "10.0.7.208": 1, "10.0.7.227": 1, "10.0.7.237": 3, "10.0.7.219": 1, "10.0.8.20": 1, "10.0.7.250": 1, "10.0.8.5": 1, "10.0.8.2": 1, "10.0.8.42": 1, "10.0.7.211": 2, "10.0.7.216": 4, "10.0.8.101": 2, "10.0.8.69": 1, "10.0.7.239": 1, "10.0.8.21": 1, "10.0.8.31": 1, "10.0.7.247": 1, "10.0.8.39": 1, "10.0.8.44": 1, "10.0.8.148": 1, "10.0.7.235": 1, "10.0.8.55": 2, "10.0.8.167": 1, "10.0.8.60": 1, "10.0.8.151": 5, "10.0.8.139": 1, "10.0.8.123": 1, "10.0.8.86": 2, "10.0.8.135": 2, "10.0.8.112": 2, "10.0.8.3": 1, "10.0.8.246": 7, "10.0.11.131": 5, "10.0.9.4": 2, "10.0.8.253": 2, "10.0.9.19": 2, "10.0.11.145": 2, "10.0.11.152": 1}, "localIpTotalDuration": 172732.2415000001, "localIpDuration": {"10.0.7.121": 1798.3378, "10.0.11.29": 1799.0291, "10.0.7.198": 1798.0412, "10.0.11.118": 1798.4624, "10.0.7.25": 1798.5123, "10.0.11.58": 5395.1741, "10.0.7.179": 3596.5105, "10.0.7.123": 1797.9863, "10.0.7.28": 1798.5342, "10.0.11.91": 1799.4846, "10.0.11.60": 9239.9018, "10.0.7.128": 1797.9629, "10.0.7.134": 3597.897, "10.0.7.99": 1798.7179, "10.0.7.202": 3597.1016, "10.0.7.16": 5394.967699999999, "10.0.11.62": 1350.5236, "10.0.11.127": 1798.3888, "10.0.7.116": 1798.5807, "10.0.11.44": 1798.6316, "10.0.7.208": 1799.0465, "10.0.7.227": 1798.7779, "10.0.7.237": 5395.9052, "10.0.7.219": 1798.666, "10.0.8.20": 1798.5595, "10.0.7.250": 1798.5441, "10.0.8.5": 1798.167, "10.0.8.2": 1797.8016, "10.0.8.42": 1798.3409, "10.0.7.211": 3596.4572, "10.0.7.216": 7194.5257, "10.0.8.101": 3597.0987999999998, "10.0.8.69": 1799.4315, "10.0.7.239": 1798.4832, "10.0.8.21": 1798.4829, "10.0.8.31": 1798.8441, "10.0.7.247": 1798.6821, "10.0.8.39": 1798.9087, "10.0.8.44": 1798.7842, "10.0.8.148": 1798.0222, "10.0.7.235": 1798.4386, "10.0.8.55": 3597.2502, "10.0.8.167": 1799.3914, "10.0.8.60": 1798.5932, "10.0.8.151": 8992.0109, "10.0.8.139": 1798.1917, "10.0.8.123": 1798.5365, "10.0.8.86": 3597.1889, "10.0.8.135": 3597.1126, "10.0.8.112": 3597.2901, "10.0.8.3": 1798.5541, "10.0.8.246": 12583.7546, "10.0.11.131": 8055.5554999999995, "10.0.9.4": 3597.036, "10.0.8.253": 3597.444, "10.0.9.19": 3597.276, "10.0.11.145": 2741.3846, "10.0.11.152": 272.9572}}, "FIFA ONLINE 4 M": {"localIpCount": 11, "localIpFrequency": {"10.0.7.83": 1, "10.0.11.91": 3, "10.0.7.251": 1, "10.0.8.94": 5, "10.0.8.137": 5, "10.0.8.32": 1, "10.0.8.214": 3, "10.0.8.238": 1, "10.0.8.248": 2, "10.0.8.247": 5, "10.0.9.11": 1}, "localIpTotalDuration": 25208.1163, "localIpDuration": {"10.0.7.83": 63.047, "10.0.11.91": 3646.8264, "10.0.7.251": 461.8504, "10.0.8.94": 3857.5011000000004, "10.0.8.137": 5810.0997, "10.0.8.32": 538.9515, "10.0.8.214": 2800.0370000000003, "10.0.8.238": 1771.0131, "10.0.8.248": 1799.1634, "10.0.8.247": 2975.5667, "10.0.9.11": 1484.06}}, "Brawl Stars": {"localIpCount": 1, "localIpFrequency": {"10.0.11.132": 1}, "localIpTotalDuration": 1602.9838, "localIpDuration": {"10.0.11.132": 1602.9838}}, "Minecraft": {"localIpCount": 9, "localIpFrequency": {"10.0.7.125": 2, "10.0.7.243": 1, "10.0.8.80": 1, "10.0.8.126": 1, "10.0.8.133": 26, "10.0.8.16": 1, "10.0.11.135": 1, "10.0.11.136": 1, "10.0.9.4": 1}, "localIpTotalDuration": 46778.669099999985, "localIpDuration": {"10.0.7.125": 1148.098, "10.0.7.243": 63.2151, "10.0.8.80": 622.8298, "10.0.8.126": 1238.9542, "10.0.8.133": 39351.6446, "10.0.8.16": 1665.9628, "10.0.11.135": 1778.0107, "10.0.11.136": 671.9689, "10.0.9.4": 237.985}}, "TFT: Teamfight Tactics": {"localIpCount": 19, "localIpFrequency": {"10.0.8.7": 2, "10.0.8.23": 1, "10.0.8.77": 5, "10.0.7.234": 3, "10.0.8.64": 3, "10.0.8.193": 1, "10.0.8.214": 8, "10.0.7.252": 2, "10.0.8.233": 2, "10.0.8.249": 4, "10.0.11.129": 1, "10.0.8.250": 5, "10.0.11.134": 3, "10.0.9.9": 1, "10.0.11.139": 5, "10.0.9.3": 1, "10.0.11.143": 1, "10.0.9.22": 1, "10.0.9.8": 1}, "localIpTotalDuration": 74199.53320000002, "localIpDuration": {"10.0.8.7": 3457.844, "10.0.8.23": 1756.2249, "10.0.8.77": 8344.563100000001, "10.0.7.234": 4668.6921999999995, "10.0.8.64": 3584.6872000000003, "10.0.8.193": 1750.4397, "10.0.8.214": 10310.913600000002, "10.0.7.252": 3436.7961, "10.0.8.233": 1687.2011, "10.0.8.249": 6831.7299, "10.0.11.129": 378.0048, "10.0.8.250": 8911.4228, "10.0.11.134": 4206.8805, "10.0.9.9": 1778.0, "10.0.11.139": 6552.098, "10.0.9.3": 1638.0135, "10.0.11.143": 1392.0066, "10.0.9.22": 1721.9929, "10.0.9.8": 1792.0223}}, "Odin: Valhalla Rising": {"localIpCount": 1, "localIpFrequency": {"10.0.11.136": 1}, "localIpTotalDuration": 0.0003, "localIpDuration": {"10.0.11.136": 0.0003}}}