{"Honkai: Star Rail": {"localIpCount": 1, "localIpFrequency": {"10.0.65.99": 1}, "localIpTotalDuration": 140.0229, "localIpDuration": {"10.0.65.99": 140.0229}}, "Asphalt 9: Legends": {"localIpCount": 2, "localIpFrequency": {"10.0.65.48": 2, "10.0.65.118": 9}, "localIpTotalDuration": 13109.4441, "localIpDuration": {"10.0.65.48": 2030.5283, "10.0.65.118": 11078.9158}}, "Overwatch 2": {"localIpCount": 2, "localIpFrequency": {"10.0.64.2": 2, "10.0.64.189": 3}, "localIpTotalDuration": 7160.5479000000005, "localIpDuration": {"10.0.64.2": 2323.584, "10.0.64.189": 4836.9639}}, "Genshin Impact": {"localIpCount": 2, "localIpFrequency": {"10.0.64.240": 1, "10.0.65.99": 1}, "localIpTotalDuration": 202.9848, "localIpDuration": {"10.0.64.240": 28.0076, "10.0.65.99": 174.9772}}, "Minecraft": {"localIpCount": 9, "localIpFrequency": {"10.0.64.201": 1, "10.0.64.197": 1, "10.0.65.37": 4, "10.0.26.44": 1, "10.0.65.23": 1, "10.0.64.182": 1, "10.0.26.20": 1, "10.0.65.94": 2, "10.0.65.123": 3}, "localIpTotalDuration": 13040.837900000002, "localIpDuration": {"10.0.64.201": 293.9948, "10.0.64.197": 35.1031, "10.0.65.37": 6474.668, "10.0.26.44": 587.9819, "10.0.65.23": 111.9552, "10.0.64.182": 0.001, "10.0.26.20": 147.0047, "10.0.65.94": 938.0572, "10.0.65.123": 4452.072}}, "League of Legends: Wild Rift": {"localIpCount": 14, "localIpFrequency": {"10.0.64.117": 1, "10.0.64.51": 2, "10.0.64.194": 1, "10.0.64.196": 3, "10.0.64.227": 7, "10.0.26.18": 1, "10.0.64.185": 1, "10.0.65.33": 6, "10.0.26.27": 1, "10.0.65.26": 1, "10.0.26.25": 1, "10.0.26.52": 1, "10.0.65.113": 5, "10.0.65.149": 4}, "localIpTotalDuration": 50503.2307, "localIpDuration": {"10.0.64.117": 1728.4849, "10.0.64.51": 3444.0047, "10.0.64.194": 0.001, "10.0.64.196": 4571.2651, "10.0.64.227": 10421.0162, "10.0.26.18": 189.0109, "10.0.64.185": 20.9656, "10.0.65.33": 10680.0882, "10.0.26.27": 14.9949, "10.0.65.26": 1792.1635, "10.0.26.25": 1735.9968, "10.0.26.52": 686.9426, "10.0.65.113": 8298.3207, "10.0.65.149": 6919.9756}}, "Clash Royale": {"localIpCount": 2, "localIpFrequency": {"10.0.64.182": 1, "10.0.65.9": 1}, "localIpTotalDuration": 14.0327, "localIpDuration": {"10.0.64.182": 14.0307, "10.0.65.9": 0.002}}, "NBA NOW 23": {"localIpCount": 1, "localIpFrequency": {"10.0.65.135": 2}, "localIpTotalDuration": 287.1068, "localIpDuration": {"10.0.65.135": 287.1068}}, "TFT: Teamfight Tactics": {"localIpCount": 3, "localIpFrequency": {"10.0.26.27": 1, "10.0.65.26": 1, "10.0.65.141": 2}, "localIpTotalDuration": 3087.3378000000002, "localIpDuration": {"10.0.26.27": 217.1578, "10.0.65.26": 315.0652, "10.0.65.141": 2555.1148000000003}}, "Modern Combat": {"localIpCount": 2, "localIpFrequency": {"10.0.65.48": 1, "10.0.65.118": 3}, "localIpTotalDuration": 825.9694999999999, "localIpDuration": {"10.0.65.48": 13.9933, "10.0.65.118": 811.9762000000001}}, "FIFA ONLINE 4 M": {"localIpCount": 5, "localIpFrequency": {"10.0.64.168": 1, "10.0.64.185": 1, "10.0.65.131": 1, "10.0.65.102": 1, "10.0.65.101": 1}, "localIpTotalDuration": 4340.0109999999995, "localIpDuration": {"10.0.64.168": 147.0612, "10.0.64.185": 1778.0191, "10.0.65.131": 300.9727, "10.0.65.102": 391.9316, "10.0.65.101": 1722.0264}}, "Roblox": {"localIpCount": 73, "localIpFrequency": {"10.0.64.167": 1, "10.0.25.234": 1, "10.0.64.90": 1, "10.0.25.226": 4, "10.0.64.54": 1, "10.0.64.113": 1, "10.0.25.219": 4, "10.0.64.179": 2, "10.0.26.6": 1, "10.0.64.180": 2, "10.0.26.7": 4, "10.0.64.186": 1, "10.0.64.196": 1, "10.0.26.14": 1, "10.0.64.202": 1, "10.0.26.16": 3, "10.0.64.209": 4, "10.0.26.21": 1, "10.0.64.187": 1, "10.0.26.20": 2, "10.0.26.22": 3, "10.0.64.206": 1, "10.0.64.249": 1, "10.0.64.224": 1, "10.0.64.239": 1, "10.0.64.184": 1, "10.0.26.25": 1, "10.0.65.7": 2, "10.0.26.13": 1, "10.0.64.250": 1, "10.0.26.33": 2, "10.0.65.14": 1, "10.0.26.36": 1, "10.0.65.8": 1, "10.0.26.34": 2, "10.0.65.40": 1, "10.0.65.54": 1, "10.0.26.43": 1, "10.0.65.66": 1, "10.0.26.45": 2, "10.0.64.200": 1, "10.0.65.58": 1, "10.0.26.50": 1, "10.0.65.49": 1, "10.0.26.53": 2, "10.0.65.76": 1, "10.0.64.238": 1, "10.0.26.54": 1, "10.0.65.43": 1, "10.0.26.52": 7, "10.0.65.26": 1, "10.0.65.82": 1, "10.0.26.59": 2, "10.0.26.60": 1, "10.0.65.94": 1, "10.0.26.62": 2, "10.0.65.93": 1, "10.0.26.65": 1, "10.0.65.92": 1, "10.0.26.66": 2, "10.0.65.114": 1, "10.0.65.110": 1, "10.0.65.112": 1, "10.0.26.69": 2, "10.0.65.119": 3, "10.0.26.71": 3, "10.0.65.148": 1, "10.0.65.132": 2, "10.0.26.76": 1, "10.0.26.77": 1, "10.0.26.63": 1, "10.0.65.157": 1, "10.0.65.160": 1}, "localIpTotalDuration": 196548.38840000003, "localIpDuration": {"10.0.64.167": 1798.3907, "10.0.25.234": 1791.526, "10.0.64.90": 1798.5782, "10.0.25.226": 7174.2536, "10.0.64.54": 1798.5224, "10.0.64.113": 1798.5692, "10.0.25.219": 5347.3829, "10.0.64.179": 3596.8743, "10.0.26.6": 1791.996, "10.0.64.180": 3597.324, "10.0.26.7": 7195.1977, "10.0.64.186": 1798.5946, "10.0.64.196": 1798.6094, "10.0.26.14": 1798.653, "10.0.64.202": 1798.4961, "10.0.26.16": 5388.209199999999, "10.0.64.209": 7193.8069, "10.0.26.21": 1798.6174, "10.0.64.187": 1797.9776, "10.0.26.20": 3596.8261, "10.0.26.22": 5395.8755, "10.0.64.206": 1798.7333, "10.0.64.249": 1798.1145, "10.0.64.224": 1798.6216, "10.0.64.239": 1798.477, "10.0.64.184": 1798.3303, "10.0.26.25": 1799.3508, "10.0.65.7": 3596.8035, "10.0.26.13": 1798.4439, "10.0.64.250": 1797.4243, "10.0.26.33": 3597.2144, "10.0.65.14": 1798.5213, "10.0.26.36": 1798.5939, "10.0.65.8": 1798.6419, "10.0.26.34": 3597.2738, "10.0.65.40": 1798.5343, "10.0.65.54": 1798.6656, "10.0.26.43": 1797.9448, "10.0.65.66": 1799.0945, "10.0.26.45": 3597.3618, "10.0.64.200": 1797.311, "10.0.65.58": 1798.4631, "10.0.26.50": 1798.5854, "10.0.65.49": 1798.1711, "10.0.26.53": 3596.5621, "10.0.65.76": 1797.8005, "10.0.64.238": 1797.6603, "10.0.26.54": 1784.6141, "10.0.65.43": 1798.2217, "10.0.26.52": 11295.3464, "10.0.65.26": 1797.9586, "10.0.65.82": 1798.5013, "10.0.26.59": 1917.6336000000001, "10.0.26.60": 1799.0013, "10.0.65.94": 1799.0177, "10.0.26.62": 3590.6135999999997, "10.0.65.93": 1798.7262, "10.0.26.65": 1799.0147, "10.0.65.92": 1798.7092, "10.0.26.66": 3596.656, "10.0.65.114": 1798.5532, "10.0.65.110": 1798.625, "10.0.65.112": 1799.0099, "10.0.26.69": 3597.2481, "10.0.65.119": 5395.275299999999, "10.0.26.71": 5395.6076, "10.0.65.148": 1798.5074, "10.0.65.132": 3596.1535, "10.0.26.76": 1798.6174, "10.0.26.77": 1798.6191, "10.0.26.63": 1798.6738, "10.0.65.157": 1796.4153, "10.0.65.160": 1798.0886}}}