{"Roblox": {"localIpCount": 65, "localIpFrequency": {"10.0.22.218": 2, "10.0.11.103": 2, "10.0.22.220": 2, "10.0.11.155": 2, "10.0.22.245": 2, "10.0.11.56": 2, "10.0.11.160": 4, "10.0.11.43": 2, "10.0.11.51": 2, "10.0.11.107": 6, "10.0.23.143": 2, "10.0.11.172": 6, "10.0.23.148": 2, "10.0.11.174": 4, "10.0.23.175": 2, "10.0.11.178": 2, "10.0.23.155": 4, "10.0.11.183": 4, "10.0.23.207": 2, "10.0.11.190": 2, "10.0.23.204": 2, "10.0.11.193": 6, "10.0.23.179": 2, "10.0.23.223": 2, "10.0.11.184": 2, "10.0.23.192": 2, "10.0.11.201": 8, "10.0.24.35": 2, "10.0.11.215": 4, "10.0.24.55": 2, "10.0.11.173": 6, "10.0.23.176": 2, "10.0.11.181": 2, "10.0.23.248": 2, "10.0.11.208": 2, "10.0.24.77": 2, "10.0.23.244": 2, "10.0.11.230": 6, "10.0.23.177": 2, "10.0.11.221": 2, "10.0.23.153": 2, "10.0.24.50": 2, "10.0.24.114": 2, "10.0.11.236": 2, "10.0.24.68": 2, "10.0.24.127": 2, "10.0.23.184": 2, "10.0.12.8": 4, "10.0.23.230": 2, "10.0.24.53": 2, "10.0.12.46": 2, "10.0.23.238": 2, "10.0.23.166": 2, "10.0.12.52": 2, "10.0.23.144": 2, "10.0.23.151": 2, "10.0.23.181": 2, "10.0.24.200": 2, "10.0.24.159": 2, "10.0.24.216": 12, "10.0.12.74": 2, "10.0.24.219": 2, "10.0.24.231": 6, "10.0.12.75": 2, "10.0.24.232": 2}, "localIpTotalDuration": 320715.20299999963, "localIpDuration": {"10.0.22.218": 3596.0858, "10.0.11.103": 3596.986, "10.0.22.220": 3597.0846, "10.0.11.155": 3597.305, "10.0.22.245": 3596.1152, "10.0.11.56": 3593.5876, "10.0.11.160": 7152.275, "10.0.11.43": 3485.156, "10.0.11.51": 3051.995, "10.0.11.107": 10792.842, "10.0.23.143": 3598.1452, "10.0.11.172": 10791.7376, "10.0.23.148": 3597.271, "10.0.11.174": 7195.9238000000005, "10.0.23.175": 3597.667, "10.0.11.178": 3597.284, "10.0.23.155": 7193.507799999999, "10.0.11.183": 7193.755, "10.0.23.207": 3597.5446, "10.0.11.190": 3596.991, "10.0.23.204": 3597.2628, "10.0.11.193": 10790.895999999999, "10.0.23.179": 3596.4498, "10.0.23.223": 3597.4074, "10.0.11.184": 3597.192, "10.0.23.192": 3598.2904, "10.0.11.201": 13605.0458, "10.0.24.35": 3597.899, "10.0.11.215": 7194.045999999999, "10.0.24.55": 3598.1576, "10.0.11.173": 10789.7072, "10.0.23.176": 3597.3086, "10.0.11.181": 3597.1776, "10.0.23.248": 3599.0314, "10.0.11.208": 3598.6844, "10.0.24.77": 3597.1786, "10.0.23.244": 3593.67, "10.0.11.230": 10791.4892, "10.0.23.177": 3596.6892, "10.0.11.221": 3597.0696, "10.0.23.153": 3595.6612, "10.0.24.50": 3598.2622, "10.0.24.114": 3596.2254, "10.0.11.236": 3596.9858, "10.0.24.68": 3597.478, "10.0.24.127": 3599.9958, "10.0.23.184": 3596.6656, "10.0.12.8": 7195.1994, "10.0.23.230": 3600.0002, "10.0.24.53": 3595.5978, "10.0.12.46": 3596.4114, "10.0.23.238": 3596.6658, "10.0.23.166": 3595.9194, "10.0.12.52": 3597.1058, "10.0.23.144": 3596.5302, "10.0.23.151": 3594.6482, "10.0.23.181": 3596.6932, "10.0.24.200": 3597.3126, "10.0.24.159": 3595.8672, "10.0.24.216": 21583.5998, "10.0.12.74": 391.15, "10.0.24.219": 3596.1802, "10.0.24.231": 10791.8832, "10.0.12.75": 1666.0346, "10.0.24.232": 3597.2182}}, "Odin: Valhalla Rising": {"localIpCount": 2, "localIpFrequency": {"10.0.23.163": 2, "10.0.12.56": 2}, "localIpTotalDuration": 0.022199999999999998, "localIpDuration": {"10.0.23.163": 0.022, "10.0.12.56": 0.0002}}, "FIFA ONLINE 4 M": {"localIpCount": 10, "localIpFrequency": {"10.0.23.64": 2, "10.0.23.212": 2, "10.0.23.232": 14, "10.0.24.35": 4, "10.0.23.206": 2, "10.0.24.136": 2, "10.0.23.177": 2, "10.0.23.165": 2, "10.0.12.59": 8, "10.0.12.68": 4}, "localIpTotalDuration": 38681.8306, "localIpDuration": {"10.0.23.64": 1257.2148, "10.0.23.212": 3485.809, "10.0.23.232": 14088.8992, "10.0.24.35": 3487.1852, "10.0.23.206": 584.1374, "10.0.24.136": 3152.2664, "10.0.23.177": 1090.8206, "10.0.23.165": 1483.489, "10.0.12.59": 7265.940999999999, "10.0.12.68": 2786.068}}, "Minecraft": {"localIpCount": 11, "localIpFrequency": {"10.0.22.217": 6, "10.0.23.152": 2, "10.0.11.182": 10, "10.0.23.168": 2, "10.0.23.249": 38, "10.0.11.188": 10, "10.0.24.32": 2, "10.0.24.76": 2, "10.0.23.244": 2, "10.0.24.128": 2, "10.0.11.214": 2}, "localIpTotalDuration": 108231.96800000005, "localIpDuration": {"10.0.22.217": 10553.5514, "10.0.23.152": 13.982, "10.0.11.182": 8428.1372, "10.0.23.168": 2729.7222, "10.0.23.249": 60565.367999999995, "10.0.11.188": 14336.181, "10.0.24.32": 2940.009, "10.0.24.76": 1064.9278, "10.0.23.244": 2912.568, "10.0.24.128": 3147.4766, "10.0.11.214": 1540.0448}}, "Genshin Impact": {"localIpCount": 3, "localIpFrequency": {"10.0.24.103": 4, "10.0.11.214": 2, "10.0.24.240": 2}, "localIpTotalDuration": 5923.033399999999, "localIpDuration": {"10.0.24.103": 2478.9809999999998, "10.0.11.214": 714.0608, "10.0.24.240": 2729.9916}}, "Clash Royale": {"localIpCount": 2, "localIpFrequency": {"10.0.23.168": 2, "10.0.12.79": 2}, "localIpTotalDuration": 590.0251999999999, "localIpDuration": {"10.0.23.168": 518.0284, "10.0.12.79": 71.9968}}, "Overwatch 2": {"localIpCount": 2, "localIpFrequency": {"10.0.23.167": 10, "10.0.23.193": 6}, "localIpTotalDuration": 20635.6178, "localIpDuration": {"10.0.23.167": 13329.481199999998, "10.0.23.193": 7306.1366}}, "Goddess of Victory: Nikke": {"localIpCount": 2, "localIpFrequency": {"10.0.23.200": 14, "10.0.11.225": 2}, "localIpTotalDuration": 17223.341199999995, "localIpDuration": {"10.0.23.200": 17209.302999999996, "10.0.11.225": 14.0382}}, "League of Legends: Wild Rift": {"localIpCount": 29, "localIpFrequency": {"10.0.22.140": 2, "10.0.11.161": 2, "10.0.23.109": 4, "10.0.11.55": 2, "10.0.23.160": 2, "10.0.11.177": 2, "10.0.23.180": 4, "10.0.23.140": 4, "10.0.23.171": 6, "10.0.11.181": 10, "10.0.23.194": 4, "10.0.24.12": 2, "10.0.11.214": 2, "10.0.23.192": 4, "10.0.24.81": 6, "10.0.11.172": 2, "10.0.23.213": 2, "10.0.24.68": 4, "10.0.23.169": 4, "10.0.24.56": 2, "10.0.23.198": 4, "10.0.12.6": 2, "10.0.24.108": 4, "10.0.23.204": 4, "10.0.12.61": 2, "10.0.24.214": 6, "10.0.12.70": 8, "10.0.24.223": 8, "10.0.12.65": 2}, "localIpTotalDuration": 162961.2149999999, "localIpDuration": {"10.0.22.140": 3598.1482, "10.0.11.161": 28.0088, "10.0.23.109": 7194.3396, "10.0.11.55": 3583.9694, "10.0.23.160": 2198.1126, "10.0.11.177": 1302.4442, "10.0.23.180": 7141.2332, "10.0.23.140": 7182.228, "10.0.23.171": 10726.8662, "10.0.11.181": 17639.3044, "10.0.23.194": 7123.6314, "10.0.24.12": 3595.6774, "10.0.11.214": 182.3378, "10.0.23.192": 7194.3892, "10.0.24.81": 8927.55, "10.0.11.172": 2659.9566, "10.0.23.213": 3598.6932, "10.0.24.68": 6969.1082, "10.0.23.169": 7193.5192, "10.0.24.56": 3582.2768, "10.0.23.198": 7180.515800000001, "10.0.12.6": 3024.0968, "10.0.24.108": 7112.747799999999, "10.0.23.204": 7044.4628, "10.0.12.61": 2156.0182, "10.0.24.214": 4788.0576, "10.0.12.70": 7952.548199999999, "10.0.24.223": 12080.973199999999, "10.0.12.65": 0.0002}}, "TFT: Teamfight Tactics": {"localIpCount": 18, "localIpFrequency": {"10.0.11.161": 4, "10.0.23.61": 4, "10.0.23.160": 2, "10.0.23.166": 14, "10.0.23.156": 2, "10.0.23.144": 8, "10.0.24.35": 2, "10.0.23.248": 4, "10.0.24.57": 6, "10.0.24.164": 4, "10.0.24.195": 2, "10.0.12.61": 2, "10.0.24.215": 2, "10.0.12.66": 4, "10.0.24.214": 2, "10.0.24.217": 8, "10.0.12.72": 8, "10.0.12.65": 2}, "localIpTotalDuration": 100166.87620000003, "localIpDuration": {"10.0.11.161": 1008.1419999999999, "10.0.23.61": 6846.2502, "10.0.23.160": 223.9266, "10.0.23.166": 15709.4482, "10.0.23.156": 3415.6156, "10.0.23.144": 10713.4306, "10.0.24.35": 3375.034, "10.0.23.248": 7070.669, "10.0.24.57": 9467.7684, "10.0.24.164": 5379.1124, "10.0.24.195": 1806.0966, "10.0.12.61": 3542.028, "10.0.24.215": 321.9988, "10.0.12.66": 6888.0304, "10.0.24.214": 2016.0014, "10.0.24.217": 10472.187399999999, "10.0.12.72": 11001.146399999998, "10.0.12.65": 909.9902}}}