{"Roblox": {"localIpCount": 45, "localIpFrequency": {"10.0.1.38": 2, "10.0.0.255": 2, "10.0.0.252": 10, "10.0.1.141": 1, "10.0.1.144": 2, "10.0.1.150": 1, "10.0.1.151": 1, "10.0.1.155": 3, "10.0.1.179": 1, "10.0.1.189": 1, "10.0.1.201": 2, "10.0.1.194": 1, "10.0.1.185": 1, "10.0.1.202": 2, "10.0.1.226": 1, "10.0.1.224": 1, "10.0.1.160": 2, "10.0.1.253": 1, "10.0.1.249": 1, "10.0.2.16": 1, "10.0.2.20": 1, "10.0.1.163": 1, "10.0.1.157": 1, "10.0.2.63": 1, "10.0.2.74": 1, "10.0.1.171": 2, "10.0.2.17": 4, "10.0.2.91": 1, "10.0.2.70": 13, "10.0.2.99": 1, "10.0.2.106": 5, "10.0.2.115": 4, "10.0.2.121": 1, "10.0.2.123": 1, "10.0.2.127": 2, "10.0.2.125": 1, "10.0.2.122": 1, "10.0.2.139": 1, "10.0.2.145": 2, "10.0.2.153": 1, "10.0.2.179": 1, "10.0.2.124": 1, "10.0.2.135": 1, "10.0.2.194": 2, "10.0.2.200": 1}, "localIpTotalDuration": 157312.77320000003, "localIpDuration": {"10.0.1.38": 3597.1507, "10.0.0.255": 3597.1409, "10.0.0.252": 17959.5087, "10.0.1.141": 1798.7246, "10.0.1.144": 3589.9759000000004, "10.0.1.150": 1798.992, "10.0.1.151": 1798.6658, "10.0.1.155": 5396.2849, "10.0.1.179": 1798.4784, "10.0.1.189": 1798.2344, "10.0.1.201": 3597.2340999999997, "10.0.1.194": 1797.3349, "10.0.1.185": 1798.616, "10.0.1.202": 3596.8306000000002, "10.0.1.226": 1798.5673, "10.0.1.224": 1799.2542, "10.0.1.160": 3597.0397000000003, "10.0.1.253": 1796.8614, "10.0.1.249": 1796.6513, "10.0.2.16": 1795.409, "10.0.2.20": 1798.3395, "10.0.1.163": 1798.4819, "10.0.1.157": 1798.6402, "10.0.2.63": 1797.3929, "10.0.2.74": 1799.2166, "10.0.1.171": 3597.7263000000003, "10.0.2.17": 7194.423600000001, "10.0.2.91": 1798.5807, "10.0.2.70": 23074.6538, "10.0.2.99": 1189.9868, "10.0.2.106": 8993.1594, "10.0.2.115": 7194.75, "10.0.2.121": 1798.0634, "10.0.2.123": 1798.4025, "10.0.2.127": 3594.5550000000003, "10.0.2.125": 1797.7051, "10.0.2.122": 1798.1222, "10.0.2.139": 1798.0036, "10.0.2.145": 3596.5188, "10.0.2.153": 1798.0306, "10.0.2.179": 1798.9795, "10.0.2.124": 1798.582, "10.0.2.135": 1797.6409, "10.0.2.194": 3597.2742, "10.0.2.200": 1798.5889}}, "Honkai: Star Rail": {"localIpCount": 1, "localIpFrequency": {"10.0.1.249": 1}, "localIpTotalDuration": 847.0167, "localIpDuration": {"10.0.1.249": 847.0167}}, "FIFA ONLINE 4 M": {"localIpCount": 6, "localIpFrequency": {"10.0.2.47": 3, "10.0.2.100": 1, "10.0.2.104": 1, "10.0.2.96": 5, "10.0.2.120": 1, "10.0.2.183": 2}, "localIpTotalDuration": 10068.146099999998, "localIpDuration": {"10.0.2.47": 2071.9784, "10.0.2.100": 1631.0107, "10.0.2.104": 28.0058, "10.0.2.96": 5048.9946, "10.0.2.120": 133.1465, "10.0.2.183": 1155.0101}}, "League of Legends: Wild Rift": {"localIpCount": 17, "localIpFrequency": {"10.0.1.143": 1, "10.0.1.163": 1, "10.0.1.185": 1, "10.0.1.214": 1, "10.0.1.219": 1, "10.0.2.15": 1, "10.0.2.55": 1, "10.0.2.95": 1, "10.0.2.102": 2, "10.0.2.109": 1, "10.0.2.112": 1, "10.0.2.120": 1, "10.0.2.110": 1, "10.0.2.126": 1, "10.0.2.148": 1, "10.0.2.145": 1, "10.0.2.188": 1}, "localIpTotalDuration": 11173.0528, "localIpDuration": {"10.0.1.143": 7.0049, "10.0.1.163": 720.9909, "10.0.1.185": 56.0457, "10.0.1.214": 1679.8258, "10.0.1.219": 14.0642, "10.0.2.15": 412.9934, "10.0.2.55": 175.0031, "10.0.2.95": 56.8531, "10.0.2.102": 581.0001, "10.0.2.109": 1470.0266, "10.0.2.112": 476.1199, "10.0.2.120": 1757.2872, "10.0.2.110": 132.9281, "10.0.2.126": 391.9849, "10.0.2.148": 0.0001, "10.0.2.145": 1728.9764, "10.0.2.188": 1511.9484}}, "Minecraft": {"localIpCount": 4, "localIpFrequency": {"10.0.1.142": 2, "10.0.2.69": 1, "10.0.2.98": 3, "10.0.2.166": 1}, "localIpTotalDuration": 5002.9497, "localIpDuration": {"10.0.1.142": 244.9975, "10.0.2.69": 139.977, "10.0.2.98": 3938.9387, "10.0.2.166": 679.0365}}, "TFT: Teamfight Tactics": {"localIpCount": 12, "localIpFrequency": {"10.0.1.182": 1, "10.0.1.185": 9, "10.0.2.28": 1, "10.0.2.95": 1, "10.0.2.102": 3, "10.0.2.109": 1, "10.0.2.112": 1, "10.0.2.116": 1, "10.0.2.110": 5, "10.0.2.145": 2, "10.0.2.130": 1, "10.0.2.193": 1}, "localIpTotalDuration": 34913.492600000005, "localIpDuration": {"10.0.1.182": 1469.9017, "10.0.1.185": 11963.367800000002, "10.0.2.28": 1316.0303, "10.0.2.95": 944.993, "10.0.2.102": 4535.9672, "10.0.2.109": 1799.4089, "10.0.2.112": 1735.9904, "10.0.2.116": 1566.5086, "10.0.2.110": 4689.981, "10.0.2.145": 2980.3467, "10.0.2.130": 1029.0166, "10.0.2.193": 881.9804}}, "Overwatch 2": {"localIpCount": 1, "localIpFrequency": {"10.0.2.150": 2}, "localIpTotalDuration": 2807.0559, "localIpDuration": {"10.0.2.150": 2807.0559}}}