{"TFT: Teamfight Tactics": {"localIpCount": 1, "localIpFrequency": {"10.0.50.54": 1}, "localIpTotalDuration": 70.0077, "localIpDuration": {"10.0.50.54": 70.0077}}, "Odin: Valhalla Rising": {"localIpCount": 1, "localIpFrequency": {"10.0.50.126": 1}, "localIpTotalDuration": 0.0001, "localIpDuration": {"10.0.50.126": 0.0001}}, "Genshin Impact": {"localIpCount": 1, "localIpFrequency": {"10.0.50.134": 1}, "localIpTotalDuration": 7.0045, "localIpDuration": {"10.0.50.134": 7.0045}}, "Roblox": {"localIpCount": 45, "localIpFrequency": {"10.0.9.151": 1, "10.0.49.219": 1, "10.0.9.135": 8, "10.0.49.247": 3, "10.0.9.176": 3, "10.0.50.9": 2, "10.0.9.136": 4, "10.0.50.10": 15, "10.0.50.15": 1, "10.0.50.17": 1, "10.0.50.18": 2, "10.0.50.26": 1, "10.0.50.20": 2, "10.0.50.32": 1, "10.0.50.35": 1, "10.0.50.37": 1, "10.0.50.40": 1, "10.0.50.43": 2, "10.0.50.45": 1, "10.0.50.61": 9, "10.0.50.69": 1, "10.0.50.66": 1, "10.0.50.75": 2, "10.0.50.79": 2, "10.0.50.74": 3, "10.0.50.81": 1, "10.0.50.73": 3, "10.0.50.86": 1, "10.0.50.92": 1, "10.0.50.72": 2, "10.0.50.97": 1, "10.0.50.102": 1, "10.0.50.101": 1, "10.0.50.107": 6, "10.0.50.113": 2, "10.0.50.109": 6, "10.0.50.118": 2, "10.0.50.123": 2, "10.0.50.130": 2, "10.0.50.138": 1, "10.0.50.139": 3, "10.0.50.147": 1, "10.0.50.154": 2, "10.0.50.140": 1, "10.0.50.143": 1}, "localIpTotalDuration": 191485.9887, "localIpDuration": {"10.0.9.151": 1798.9943, "10.0.49.219": 1791.9923, "10.0.9.135": 14053.210400000002, "10.0.49.247": 5339.2334, "10.0.9.176": 5395.371300000001, "10.0.50.9": 2007.8631, "10.0.9.136": 7186.5899, "10.0.50.10": 26802.431899999996, "10.0.50.15": 1756.6708, "10.0.50.17": 1790.4962, "10.0.50.18": 3597.6963, "10.0.50.26": 1791.7121, "10.0.50.20": 3597.4181, "10.0.50.32": 1756.6735, "10.0.50.35": 1798.9908, "10.0.50.37": 1798.6256, "10.0.50.40": 1791.6914, "10.0.50.43": 3331.995, "10.0.50.45": 1035.9879, "10.0.50.61": 16106.489999999998, "10.0.50.69": 1798.6084, "10.0.50.66": 1798.6896, "10.0.50.75": 3598.3842, "10.0.50.79": 3597.4208, "10.0.50.74": 5396.5109, "10.0.50.81": 1798.6352, "10.0.50.73": 5396.3517, "10.0.50.86": 1798.7521, "10.0.50.92": 1798.6754, "10.0.50.72": 2456.7877, "10.0.50.97": 1798.5981, "10.0.50.102": 1798.6509, "10.0.50.101": 1770.7159, "10.0.50.107": 10790.779100000002, "10.0.50.113": 3597.6735, "10.0.50.109": 10785.4222, "10.0.50.118": 3597.7961999999998, "10.0.50.123": 3598.3142, "10.0.50.130": 3598.267, "10.0.50.138": 1798.964, "10.0.50.139": 5394.8116, "10.0.50.147": 1791.8077, "10.0.50.154": 3597.4972, "10.0.50.140": 1799.1193, "10.0.50.143": 1798.6215}}, "Overwatch 2": {"localIpCount": 1, "localIpFrequency": {"10.0.50.11": 24}, "localIpTotalDuration": 40883.447599999985, "localIpDuration": {"10.0.50.11": 40883.447599999985}}, "FIFA ONLINE 4 M": {"localIpCount": 6, "localIpFrequency": {"10.0.50.11": 2, "10.0.50.16": 1, "10.0.50.46": 1, "10.0.50.49": 5, "10.0.50.51": 4, "10.0.50.150": 1}, "localIpTotalDuration": 12411.724999999999, "localIpDuration": {"10.0.50.11": 1799.9247, "10.0.50.16": 139.4249, "10.0.50.46": 1679.9952, "10.0.50.49": 5789.35, "10.0.50.51": 2779.0152, "10.0.50.150": 224.015}}, "Minecraft": {"localIpCount": 3, "localIpFrequency": {"10.0.49.250": 2, "10.0.50.127": 4, "10.0.50.108": 3}, "localIpTotalDuration": 5432.262000000001, "localIpDuration": {"10.0.49.250": 2792.9992, "10.0.50.127": 2275.0696, "10.0.50.108": 364.1932}}, "League of Legends: Wild Rift": {"localIpCount": 9, "localIpFrequency": {"10.0.50.16": 1, "10.0.50.24": 1, "10.0.50.54": 1, "10.0.50.49": 1, "10.0.50.87": 3, "10.0.50.115": 1, "10.0.50.127": 1, "10.0.50.114": 1, "10.0.50.161": 1}, "localIpTotalDuration": 8119.717199999999, "localIpDuration": {"10.0.50.16": 804.993, "10.0.50.24": 0.0095, "10.0.50.54": 0.0052, "10.0.50.49": 273.0118, "10.0.50.87": 4479.7156, "10.0.50.115": 384.9926, "10.0.50.127": 6.994, "10.0.50.114": 377.9923, "10.0.50.161": 1792.0032}}}