{"Roblox (Game)": {"localIpCount": 14, "localIpFrequency": {"10.0.0.3": 1, "10.0.0.193": 3, "10.0.0.105": 9, "10.0.0.150": 5, "10.0.0.159": 1, "10.0.0.168": 3, "10.0.0.112": 2, "10.0.0.183": 1, "10.0.0.197": 14, "10.0.0.94": 2, "10.0.0.199": 1, "10.0.0.201": 1, "10.0.0.196": 1, "10.0.0.179": 1}, "localIpTotalDuration": 65312.917199999996, "localIpDuration": {"10.0.0.3": 1252.6242, "10.0.0.193": 5250.0053, "10.0.0.105": 15426.432799999999, "10.0.0.150": 8400.0, "10.0.0.159": 1764.0032, "10.0.0.168": 5180.0018, "10.0.0.112": 3520.6195, "10.0.0.183": 1791.5475, "10.0.0.197": 12103.013099999998, "10.0.0.94": 3499.0978, "10.0.0.199": 1798.5624, "10.0.0.201": 1763.9997, "10.0.0.196": 1770.9998, "10.0.0.179": 1792.0101}}, "TFT: Teamfight Tactics": {"localIpCount": 1, "localIpFrequency": {"10.0.0.179": 11}, "localIpTotalDuration": 7875.0184, "localIpDuration": {"10.0.0.179": 7875.0184}}, "Roblox": {"localIpCount": 13, "localIpFrequency": {"10.0.0.3": 1, "10.0.0.193": 3, "10.0.0.105": 6, "10.0.0.150": 5, "10.0.0.179": 1, "10.0.0.94": 5, "10.0.0.112": 1, "10.0.0.168": 3, "10.0.0.55": 1, "10.0.0.196": 5, "10.0.0.158": 1, "10.0.0.199": 6, "10.0.0.197": 13}, "localIpTotalDuration": 89500.64710000002, "localIpDuration": {"10.0.0.3": 1490.6244, "10.0.0.193": 3912.2522999999997, "10.0.0.105": 10792.0697, "10.0.0.150": 8992.968400000002, "10.0.0.179": 1798.609, "10.0.0.94": 8992.729, "10.0.0.112": 1798.6224, "10.0.0.168": 5395.8138, "10.0.0.55": 1798.6207, "10.0.0.196": 8992.8903, "10.0.0.158": 1798.5277, "10.0.0.199": 10777.6253, "10.0.0.197": 22959.2941}}, "Blue Archive": {"localIpCount": 1, "localIpFrequency": {"10.0.0.94": 2}, "localIpTotalDuration": 1413.9997, "localIpDuration": {"10.0.0.94": 1413.9997}}, "Cookie Run: OvenBreak": {"localIpCount": 1, "localIpFrequency": {"10.0.0.94": 4}, "localIpTotalDuration": 5733.0041, "localIpDuration": {"10.0.0.94": 5733.0041}}, "FIFA ONLINE 4 M": {"localIpCount": 1, "localIpFrequency": {"10.0.0.3": 1}, "localIpTotalDuration": 826.0004, "localIpDuration": {"10.0.0.3": 826.0004}}, "Minecraft": {"localIpCount": 1, "localIpFrequency": {"10.0.0.189": 2}, "localIpTotalDuration": 0.0, "localIpDuration": {"10.0.0.189": 0.0}}, "League of Legends: Wild Rift": {"localIpCount": 4, "localIpFrequency": {"10.0.0.105": 1, "10.0.0.179": 1, "10.0.0.78": 2, "10.0.0.168": 3}, "localIpTotalDuration": 3059.0101, "localIpDuration": {"10.0.0.105": 1701.0019, "10.0.0.179": 13.9977, "10.0.0.78": 14.006599999999999, "10.0.0.168": 1330.0039000000002}}}