{"Mech Arena": {"localIpCount": 1, "localIpFrequency": {"10.0.5.31": 1}, "localIpTotalDuration": 0.0001, "localIpDuration": {"10.0.5.31": 0.0001}}, "Minecraft": {"localIpCount": 7, "localIpFrequency": {"10.0.5.3": 1, "10.0.5.19": 2, "10.0.5.27": 1, "10.0.5.45": 2, "10.0.5.9": 2, "10.0.5.103": 3, "10.0.5.157": 2}, "localIpTotalDuration": 10584.296199999999, "localIpDuration": {"10.0.5.3": 84.0072, "10.0.5.19": 2597.1386, "10.0.5.27": 0.0621, "10.0.5.45": 2709.0386, "10.0.5.9": 2141.9511, "10.0.5.103": 1428.0857999999998, "10.0.5.157": 1624.0128}}, "Roblox": {"localIpCount": 29, "localIpFrequency": {"10.0.4.169": 1, "10.0.4.251": 1, "10.0.4.254": 1, "10.0.4.135": 2, "10.0.4.247": 2, "10.0.4.128": 9, "10.0.5.5": 2, "10.0.5.8": 2, "10.0.5.14": 3, "10.0.5.26": 1, "10.0.5.31": 2, "10.0.5.42": 2, "10.0.5.40": 1, "10.0.5.13": 1, "10.0.5.49": 1, "10.0.5.33": 1, "10.0.5.62": 1, "10.0.5.60": 2, "10.0.5.74": 1, "10.0.5.58": 1, "10.0.5.97": 2, "10.0.5.103": 1, "10.0.5.134": 1, "10.0.5.27": 1, "10.0.5.136": 2, "10.0.5.99": 2, "10.0.5.152": 1, "10.0.5.147": 9, "10.0.5.23": 1}, "localIpTotalDuration": 99055.22589999998, "localIpDuration": {"10.0.4.169": 1798.588, "10.0.4.251": 1797.5697, "10.0.4.254": 1798.8015, "10.0.4.135": 3555.1382000000003, "10.0.4.247": 3534.5789, "10.0.4.128": 15665.354299999999, "10.0.5.5": 3597.6279999999997, "10.0.5.8": 3597.3212000000003, "10.0.5.14": 5395.6323, "10.0.5.26": 1798.6401, "10.0.5.31": 3597.326, "10.0.5.42": 3596.6405, "10.0.5.40": 1798.5271, "10.0.5.13": 1798.8266, "10.0.5.49": 1798.6104, "10.0.5.33": 1797.5299, "10.0.5.62": 1798.7452, "10.0.5.60": 3597.2762000000002, "10.0.5.74": 1799.3114, "10.0.5.58": 1797.5063, "10.0.5.97": 3595.7802, "10.0.5.103": 1798.0833, "10.0.5.134": 1799.0453, "10.0.5.27": 1797.6667, "10.0.5.136": 3596.5869000000002, "10.0.5.99": 3597.0162, "10.0.5.152": 1798.6074, "10.0.5.147": 15152.8037, "10.0.5.23": 0.0844}}, "FIFA ONLINE 4 M": {"localIpCount": 5, "localIpFrequency": {"10.0.4.247": 1, "10.0.5.128": 1, "10.0.5.158": 1, "10.0.5.161": 2, "10.0.5.162": 1}, "localIpTotalDuration": 5810.0292, "localIpDuration": {"10.0.4.247": 1162.0041, "10.0.5.128": 14.0169, "10.0.5.158": 1728.9926, "10.0.5.161": 2520.0048, "10.0.5.162": 385.0108}}, "League of Legends: Wild Rift": {"localIpCount": 7, "localIpFrequency": {"10.0.4.247": 4, "10.0.5.18": 1, "10.0.5.27": 1, "10.0.5.14": 6, "10.0.5.60": 1, "10.0.5.86": 3, "10.0.5.164": 3}, "localIpTotalDuration": 28102.663, "localIpDuration": {"10.0.4.247": 6389.4816, "10.0.5.18": 1070.9763, "10.0.5.27": 14.0415, "10.0.5.14": 10072.191700000001, "10.0.5.60": 217.0263, "10.0.5.86": 5284.9059, "10.0.5.164": 5054.0397}}, "TFT: Teamfight Tactics": {"localIpCount": 2, "localIpFrequency": {"10.0.5.27": 5, "10.0.5.167": 3}, "localIpTotalDuration": 8868.9284, "localIpDuration": {"10.0.5.27": 3864.6371, "10.0.5.167": 5004.2913}}, "Mafia42: Mafia Party Game": {"localIpCount": 1, "localIpFrequency": {"10.0.5.143": 1}, "localIpTotalDuration": 6.9888, "localIpDuration": {"10.0.5.143": 6.9888}}}