{"Roblox": {"localIpCount": 4, "localIpFrequency": {"10.0.0.161": 28, "10.0.0.55": 21, "10.0.0.143": 8, "10.0.0.78": 1}, "localIpTotalDuration": 119710.42949999995, "localIpDuration": {"10.0.0.161": 51487.79239999999, "10.0.0.55": 52339.6158, "10.0.0.143": 14074.476000000002, "10.0.0.78": 1808.5453}}, "Roblox (Adopt Me!)": {"localIpCount": 3, "localIpFrequency": {"10.0.0.55": 16, "10.0.0.161": 12, "10.0.0.143": 7}, "localIpTotalDuration": 40848.383200000004, "localIpDuration": {"10.0.0.55": 21927.126, "10.0.0.161": 10499.612299999999, "10.0.0.143": 8421.6449}}, "Minecraft": {"localIpCount": 1, "localIpFrequency": {"10.0.0.55": 3}, "localIpTotalDuration": 2291.2844, "localIpDuration": {"10.0.0.55": 2291.2844}}, "FIFA ONLINE 4 M": {"localIpCount": 1, "localIpFrequency": {"10.0.0.186": 1}, "localIpTotalDuration": 414.2043, "localIpDuration": {"10.0.0.186": 414.2043}}, "League of Legends: Wild Rift": {"localIpCount": 4, "localIpFrequency": {"10.0.0.161": 3, "10.0.0.148": 1, "10.0.0.183": 2, "10.0.0.142": 12}, "localIpTotalDuration": 26538.051099999997, "localIpDuration": {"10.0.0.161": 4530.3309, "10.0.0.148": 503.1025, "10.0.0.183": 1868.9497, "10.0.0.142": 19635.667999999998}}}