{"League of Legends: Wild Rift": {"localIpCount": 29, "localIpFrequency": {"10.0.8.229": 75, "10.0.5.181": 3, "10.0.7.227": 1, "10.0.1.48": 5, "10.0.8.248": 2, "10.0.5.220": 45, "10.0.0.4": 41, "10.0.3.162": 2, "10.0.7.75": 2, "10.0.3.77": 1, "10.0.0.15": 5, "10.0.8.94": 1, "10.0.7.54": 7, "10.0.2.77": 2, "10.0.6.122": 2, "10.0.4.48": 1, "10.0.9.39": 12, "10.0.8.62": 1, "10.0.6.181": 4, "10.0.3.66": 1, "10.0.2.210": 2, "10.0.2.245": 1, "10.0.6.88": 1, "10.0.9.46": 1, "10.0.0.6": 1, "10.0.1.188": 1, "10.0.7.248": 2, "10.0.6.117": 1, "10.0.3.168": 2}, "localIpTotalDuration": 364311.3769999998, "localIpDuration": {"10.0.8.229": 131130.2035000001, "10.0.5.181": 5145.0143, "10.0.7.227": 1714.8662, "10.0.1.48": 8917.537, "10.0.8.248": 3577.1892, "10.0.5.220": 67096.68810000001, "10.0.0.4": 67450.06109999999, "10.0.3.162": 1820.0363, "10.0.7.75": 714.0138, "10.0.3.77": 1547.0854, "10.0.0.15": 8609.3348, "10.0.8.94": 1778.0324, "10.0.7.54": 11785.406, "10.0.2.77": 3562.36, "10.0.6.122": 2359.0716, "10.0.4.48": 1589.03, "10.0.9.39": 20926.833300000006, "10.0.8.62": 1785.0291, "10.0.6.181": 7132.7137999999995, "10.0.3.66": 1791.6223, "10.0.2.210": 3597.0484, "10.0.2.245": 1617.008, "10.0.6.88": 1750.0069, "10.0.9.46": 210.0595, "10.0.0.6": 7.0005, "10.0.1.188": 1694.0067, "10.0.7.248": 2645.0919, "10.0.6.117": 55.9986, "10.0.3.168": 2303.0283}}, "Odin: Valhalla Rising": {"localIpCount": 2, "localIpFrequency": {"10.0.1.154": 1, "10.0.2.197": 1}, "localIpTotalDuration": 139.2463, "localIpDuration": {"10.0.1.154": 6.2671, "10.0.2.197": 132.9792}}, "Genshin Impact": {"localIpCount": 4, "localIpFrequency": {"10.0.1.194": 20, "10.0.8.229": 1, "10.0.1.176": 4, "10.0.2.44": 5}, "localIpTotalDuration": 35864.914500000006, "localIpDuration": {"10.0.1.194": 23938.185999999994, "10.0.8.229": 245.0891, "10.0.1.176": 5285.0998, "10.0.2.44": 6396.5396}}, "Roblox (Game)": {"localIpCount": 85, "localIpFrequency": {"10.0.2.14": 2, "10.0.8.248": 2, "10.0.3.7": 27, "10.0.6.225": 2, "10.0.6.234": 2, "10.0.8.187": 21, "10.0.2.197": 8, "10.0.1.187": 1, "10.0.0.204": 1, "10.0.7.5": 1, "10.0.8.79": 9, "10.0.7.130": 1, "10.0.0.246": 3, "10.0.1.194": 6, "10.0.7.101": 7, "10.0.0.71": 2, "10.0.0.250": 3, "10.0.2.82": 2, "10.0.7.223": 4, "10.0.0.98": 4, "10.0.3.57": 1, "10.0.2.210": 2, "10.0.4.110": 3, "10.0.7.178": 5, "10.0.3.66": 2, "10.0.9.22": 3, "10.0.3.218": 4, "10.0.7.54": 4, "10.0.7.47": 5, "10.0.2.32": 4, "10.0.2.108": 11, "10.0.8.141": 4, "10.0.3.162": 2, "10.0.7.75": 7, "10.0.8.244": 2, "10.0.7.86": 11, "10.0.8.9": 2, "10.0.0.56": 9, "10.0.7.41": 4, "10.0.0.230": 2, "10.0.6.181": 5, "10.0.8.66": 6, "10.0.9.21": 2, "10.0.2.79": 1, "10.0.1.200": 9, "10.0.8.8": 1, "10.0.9.19": 3, "10.0.8.136": 2, "10.0.5.150": 2, "10.0.1.130": 1, "10.0.5.154": 8, "10.0.3.138": 1, "10.0.7.32": 1, "10.0.8.208": 1, "10.0.8.153": 3, "10.0.5.112": 1, "10.0.3.47": 2, "10.0.7.63": 3, "10.0.5.220": 6, "10.0.8.86": 2, "10.0.6.254": 1, "10.0.4.116": 2, "10.0.7.39": 2, "10.0.9.41": 1, "10.0.5.22": 2, "10.0.1.101": 1, "10.0.9.33": 3, "10.0.9.39": 1, "10.0.3.12": 1, "10.0.1.168": 2, "10.0.8.62": 2, "10.0.7.38": 1, "10.0.6.13": 1, "10.0.0.3": 2, "10.0.0.4": 5, "10.0.3.136": 1, "10.0.6.227": 2, "10.0.2.48": 1, "10.0.8.61": 1, "10.0.5.205": 1, "10.0.3.107": 1, "10.0.7.183": 1, "10.0.0.116": 1, "10.0.7.122": 1, "10.0.0.13": 1}, "localIpTotalDuration": 481703.85229999974, "localIpDuration": {"10.0.2.14": 3562.107, "10.0.8.248": 3521.0346, "10.0.3.7": 44524.5012, "10.0.6.225": 2428.9965, "10.0.6.234": 2870.0312999999996, "10.0.8.187": 35845.0278, "10.0.2.197": 14312.121499999997, "10.0.1.187": 1791.5305, "10.0.0.204": 1792.0163, "10.0.7.5": 1798.2609, "10.0.8.79": 16136.610200000001, "10.0.7.130": 1798.3522, "10.0.0.246": 5388.2045, "10.0.1.194": 10735.3141, "10.0.7.101": 8476.2237, "10.0.0.71": 3597.2549, "10.0.0.250": 5396.3575, "10.0.2.82": 3597.0279, "10.0.7.223": 7179.9103, "10.0.0.98": 7180.5458, "10.0.3.57": 1798.1498, "10.0.2.210": 3589.8846000000003, "10.0.4.110": 5374.0392, "10.0.7.178": 8992.6312, "10.0.3.66": 3590.279, "10.0.9.22": 5387.6810000000005, "10.0.3.218": 6990.1449, "10.0.7.54": 7111.624099999999, "10.0.7.47": 7818.516600000001, "10.0.2.32": 5564.222299999999, "10.0.2.108": 14630.116, "10.0.8.141": 7166.6902, "10.0.3.162": 3359.9961000000003, "10.0.7.75": 10547.7901, "10.0.8.244": 3338.9631, "10.0.7.86": 15803.536600000001, "10.0.8.9": 3597.6288, "10.0.0.56": 13005.3607, "10.0.7.41": 6880.5545999999995, "10.0.0.230": 3374.0501, "10.0.6.181": 8938.189999999999, "10.0.8.66": 10309.7685, "10.0.9.21": 3295.7878, "10.0.2.79": 1791.3481, "10.0.1.200": 15630.287100000001, "10.0.8.8": 1798.3318, "10.0.9.19": 4997.6077, "10.0.8.136": 3491.5818, "10.0.5.150": 3528.014, "10.0.1.130": 145.9823, "10.0.5.154": 11682.614899999999, "10.0.3.138": 1392.9762, "10.0.7.32": 1393.0093, "10.0.8.208": 1798.9939, "10.0.8.153": 5320.171, "10.0.5.112": 1798.5681, "10.0.3.47": 3590.0537, "10.0.7.63": 4822.9672, "10.0.5.220": 10191.6645, "10.0.8.86": 2037.0121, "10.0.6.254": 1798.5971, "10.0.4.116": 3597.5848, "10.0.7.39": 3597.6405, "10.0.9.41": 1798.4548, "10.0.5.22": 3590.099, "10.0.1.101": 1792.0266, "10.0.9.33": 5166.0126, "10.0.9.39": 1792.0233, "10.0.3.12": 1798.5914, "10.0.1.168": 3584.0604000000003, "10.0.8.62": 3471.5657, "10.0.7.38": 1778.0353, "10.0.6.13": 280.0012, "10.0.0.3": 3233.9935, "10.0.0.4": 7384.6429, "10.0.3.136": 1791.6141, "10.0.6.227": 3590.5781, "10.0.2.48": 1798.5182, "10.0.8.61": 1784.4792, "10.0.5.205": 1799.0277, "10.0.3.107": 1798.596, "10.0.7.183": 1798.3031, "10.0.0.116": 1798.1764, "10.0.7.122": 1792.0146, "10.0.0.13": 1280.9981}}, "Roblox": {"localIpCount": 86, "localIpFrequency": {"10.0.6.234": 4, "10.0.5.112": 3, "10.0.7.54": 29, "10.0.3.7": 17, "10.0.5.220": 7, "10.0.7.101": 10, "10.0.2.108": 25, "10.0.8.141": 5, "10.0.2.197": 5, "10.0.1.69": 1, "10.0.1.176": 2, "10.0.8.20": 1, "10.0.2.196": 1, "10.0.1.194": 2, "10.0.0.250": 4, "10.0.2.220": 2, "10.0.3.57": 2, "10.0.0.56": 21, "10.0.7.223": 2, "10.0.3.107": 2, "10.0.7.241": 4, "10.0.9.19": 9, "10.0.7.178": 3, "10.0.0.71": 1, "10.0.8.187": 7, "10.0.7.47": 2, "10.0.8.79": 2, "10.0.9.35": 1, "10.0.8.218": 1, "10.0.2.32": 4, "10.0.5.154": 5, "10.0.3.162": 2, "10.0.7.75": 5, "10.0.7.86": 14, "10.0.6.119": 2, "10.0.3.77": 3, "10.0.7.192": 8, "10.0.0.246": 3, "10.0.1.130": 1, "10.0.1.200": 11, "10.0.0.98": 1, "10.0.7.22": 1, "10.0.5.150": 3, "10.0.8.153": 2, "10.0.8.208": 1, "10.0.6.254": 1, "10.0.2.82": 2, "10.0.7.39": 1, "10.0.8.130": 2, "10.0.3.47": 1, "10.0.6.181": 3, "10.0.1.101": 1, "10.0.9.33": 4, "10.0.9.39": 6, "10.0.8.136": 1, "10.0.8.135": 1, "10.0.1.48": 2, "10.0.2.77": 1, "10.0.8.22": 1, "10.0.7.41": 4, "10.0.7.32": 4, "10.0.8.66": 5, "10.0.1.168": 2, "10.0.1.187": 1, "10.0.5.83": 1, "10.0.6.225": 2, "10.0.7.121": 4, "10.0.0.3": 3, "10.0.1.205": 1, "10.0.0.4": 6, "10.0.7.248": 3, "10.0.8.62": 3, "10.0.6.227": 1, "10.0.2.210": 2, "10.0.4.110": 2, "10.0.5.189": 2, "10.0.7.62": 1, "10.0.0.106": 1, "10.0.0.116": 2, "10.0.0.7": 1, "10.0.7.183": 1, "10.0.7.122": 1, "10.0.1.185": 1, "10.0.1.154": 1, "10.0.0.48": 1, "10.0.8.155": 1}, "localIpTotalDuration": 579942.0686000003, "localIpDuration": {"10.0.6.234": 7194.110299999999, "10.0.5.112": 5395.3355, "10.0.7.54": 52152.227699999996, "10.0.3.7": 30567.573099999998, "10.0.5.220": 12590.205000000002, "10.0.7.101": 17985.1249, "10.0.2.108": 44964.11219999998, "10.0.8.141": 8992.2365, "10.0.2.197": 8992.449200000001, "10.0.1.69": 1798.6042, "10.0.1.176": 3597.2277999999997, "10.0.8.20": 1798.6579, "10.0.2.196": 1798.5946, "10.0.1.194": 3596.8251, "10.0.0.250": 7193.6821, "10.0.2.220": 3596.7987000000003, "10.0.3.57": 3597.321, "10.0.0.56": 37762.468799999995, "10.0.7.223": 3596.0499, "10.0.3.107": 3597.3946, "10.0.7.241": 7194.293100000001, "10.0.9.19": 16160.212099999999, "10.0.7.178": 5395.2304, "10.0.0.71": 1798.5811, "10.0.8.187": 12590.0121, "10.0.7.47": 3596.5476, "10.0.8.79": 3596.9744, "10.0.9.35": 1798.5794, "10.0.8.218": 1798.5799, "10.0.2.32": 7193.1654,