{"League of Legends: Wild Rift": {"localIpCount": 27, "localIpFrequency": {"10.0.3.222": 4, "10.0.2.122": 10, "10.0.4.144": 1, "10.0.0.9": 4, "10.0.1.130": 3, "10.0.4.250": 1, "10.0.3.245": 2, "10.0.0.16": 1, "10.0.3.32": 4, "10.0.1.176": 1, "10.0.5.59": 8, "10.0.1.231": 1, "10.0.0.82": 1, "10.0.3.64": 1, "10.0.1.195": 1, "10.0.6.21": 3, "10.0.3.77": 1, "10.0.0.176": 6, "10.0.4.102": 2, "10.0.2.46": 2, "10.0.4.77": 1, "10.0.1.135": 6, "10.0.0.77": 1, "10.0.5.156": 1, "10.0.3.112": 1, "10.0.4.192": 1, "10.0.6.70": 1}, "localIpTotalDuration": 105500.95449999999, "localIpDuration": {"10.0.3.222": 6968.879999999999, "10.0.2.122": 17440.694199999998, "10.0.4.144": 20.0521, "10.0.0.9": 60.073600000000006, "10.0.1.130": 4751.5762, "10.0.4.250": 10.0538, "10.0.3.245": 3450.4164, "10.0.0.16": 1750.1142, "10.0.3.32": 7071.6557999999995, "10.0.1.176": 18.0151, "10.0.5.59": 14297.1836, "10.0.1.231": 1728.1062, "10.0.0.82": 1678.6037, "10.0.3.64": 900.0143, "10.0.1.195": 1789.6067, "10.0.6.21": 5303.1287, "10.0.3.77": 1799.9838, "10.0.0.176": 10590.6287, "10.0.4.102": 3519.307, "10.0.2.46": 3573.1696, "10.0.4.77": 1799.6662, "10.0.1.135": 10347.8131, "10.0.0.77": 1771.0838, "10.0.5.156": 1789.8875, "10.0.3.112": 261.0018, "10.0.4.192": 1080.1319, "10.0.6.70": 1730.1065}}, "Mech Arena": {"localIpCount": 1, "localIpFrequency": {"10.0.3.113": 1}, "localIpTotalDuration": 738.1663, "localIpDuration": {"10.0.3.113": 738.1663}}, "TFT: Teamfight Tactics": {"localIpCount": 14, "localIpFrequency": {"10.0.0.9": 16, "10.0.1.98": 3, "10.0.5.172": 3, "10.0.1.130": 1, "10.0.4.144": 1, "10.0.0.16": 4, "10.0.1.176": 2, "10.0.1.135": 4, "10.0.1.217": 5, "10.0.6.182": 1, "10.0.3.104": 2, "10.0.0.35": 1, "10.0.0.233": 1, "10.0.1.253": 1}, "localIpTotalDuration": 63299.05890000001, "localIpDuration": {"10.0.0.9": 23710.504800000002, "10.0.1.98": 5170.3198, "10.0.5.172": 4679.0247, "10.0.1.130": 270.0238, "10.0.4.144": 1690.0931, "10.0.0.16": 5270.6337, "10.0.1.176": 2817.0596, "10.0.1.135": 6130.1257000000005, "10.0.1.217": 6481.660000000001, "10.0.6.182": 1229.4727, "10.0.3.104": 909.1594, "10.0.0.35": 1760.5708, "10.0.0.233": 1600.3821, "10.0.1.253": 1580.0287}}, "Among us": {"localIpCount": 1, "localIpFrequency": {"10.0.1.196": 4}, "localIpTotalDuration": 5681.5427, "localIpDuration": {"10.0.1.196": 5681.5427}}, "Genshin Impact": {"localIpCount": 1, "localIpFrequency": {"10.0.4.37": 1}, "localIpTotalDuration": 1120.074, "localIpDuration": {"10.0.4.37": 1120.074}}, "Odin: Valhalla Rising": {"localIpCount": 1, "localIpFrequency": {"10.0.1.131": 1}, "localIpTotalDuration": 0.0001, "localIpDuration": {"10.0.1.131": 0.0001}}, "FIFA Mobile": {"localIpCount": 1, "localIpFrequency": {"10.0.4.99": 1}, "localIpTotalDuration": 739.0051, "localIpDuration": {"10.0.4.99": 739.0051}}, "Cookie Run: Kingdom": {"localIpCount": 1, "localIpFrequency": {"10.0.0.72": 8}, "localIpTotalDuration": 12326.2068, "localIpDuration": {"10.0.0.72": 12326.2068}}, "FIFA ONLINE 4 M": {"localIpCount": 12, "localIpFrequency": {"10.0.6.28": 9, "10.0.1.135": 6, "10.0.1.229": 2, "10.0.5.121": 2, "10.0.2.242": 2, "10.0.2.125": 5, "10.0.6.205": 2, "10.0.1.225": 2, "10.0.3.112": 1, "10.0.0.22": 1, "10.0.2.102": 1, "10.0.1.89": 1}, "localIpTotalDuration": 48680.063799999996, "localIpDuration": {"10.0.6.28": 11249.8029, "10.0.1.135": 10489.535300000001, "10.0.1.229": 2460.147, "10.0.5.121": 3431.1702999999998, "10.0.2.242": 3558.8675000000003, "10.0.2.125": 6596.5125, "10.0.6.205": 3570.2055, "10.0.1.225": 3340.2123, "10.0.3.112": 153.0281, "10.0.0.22": 252.0142, "10.0.2.102": 1778.9394, "10.0.1.89": 1799.6288}}, "Roblox": {"localIpCount": 82, "localIpFrequency": {"10.0.2.122": 4, "10.0.3.66": 1, "10.0.3.236": 1, "10.0.1.193": 1, "10.0.1.98": 1, "10.0.3.52": 2, "10.0.0.5": 1, "10.0.3.36": 1, "10.0.5.204": 1, "10.0.1.197": 8, "10.0.0.42": 3, "10.0.3.37": 2, "10.0.0.149": 1, "10.0.2.165": 1, "10.0.5.112": 3, "10.0.0.33": 7, "10.0.1.167": 1, "10.0.1.234": 3, "10.0.1.131": 6, "10.0.4.43": 2, "10.0.4.39": 1, "10.0.4.252": 1, "10.0.3.63": 1, "10.0.1.60": 1, "10.0.1.176": 2, "10.0.0.17": 3, "10.0.2.75": 1, "10.0.5.176": 1, "10.0.0.176": 2, "10.0.4.251": 1, "10.0.1.83": 1, "10.0.1.224": 1, "10.0.2.77": 1, "10.0.5.95": 1, "10.0.3.16": 2, "10.0.0.65": 1, "10.0.0.221": 1, "10.0.2.46": 3, "10.0.1.138": 1, "10.0.0.55": 1, "10.0.1.0": 1, "10.0.6.55": 1, "10.0.2.126": 1, "10.0.6.115": 1, "10.0.2.58": 1, "10.0.0.254": 1, "10.0.2.11": 1, "10.0.2.243": 1, "10.0.0.37": 1, "10.0.5.133": 1, "10.0.2.103": 2, "10.0.5.174": 1, "10.0.1.1": 1, "10.0.3.110": 1, "10.0.6.0": 1, "10.0.0.150": 1, "10.0.3.29": 1, "10.0.4.233": 1, "10.0.3.113": 3, "10.0.1.76": 1, "10.0.1.51": 1, "10.0.3.157": 1, "10.0.1.231": 1, "10.0.3.90": 1, "10.0.0.233": 1, "10.0.2.190": 1, "10.0.3.118": 1, "10.0.5.242": 1, "10.0.3.119": 2, "10.0.3.165": 1, "10.0.2.0": 4, "10.0.1.237": 2, "10.0.4.23": 3, "10.0.1.94": 1, "10.0.5.169": 1, "10.0.3.238": 1, "10.0.1.84": 1, "10.0.2.191": 1, "10.0.3.62": 3, "10.0.5.156": 1, "10.0.6.92": 1, "10.0.2.115": 1}, "localIpTotalDuration": 235654.32610000003, "localIpDuration": {"10.0.2.122": 7197.5513, "10.0.3.66": 1798.9948, "10.0.3.236": 1799.2073, "10.0.1.193": 1799.5769, "10.0.1.98": 1799.5666, "10.0.3.52": 3599.1495999999997, "10.0.0.5": 1799.9968, "10.0.3.36": 1799.5976, "10.0.5.204": 1799.251, "10.0.1.197": 14386.7915, "10.0.0.42": 5399.0309, "10.0.3.37": 3598.5574, "10.0.0.149": 1799.804, "10.0.2.165": 1799.5811, "10.0.5.112": 5398.9498, "10.0.0.33": 12596.809099999999, "10.0.1.167": 1799.6032, "10.0.1.234": 5398.6283, "10.0.1.131": 10796.8883, "10.0.4.43": 3599.3253, "10.0.4.39": 1799.1064, "10.0.4.252": 1799.6588, "10.0.3.63": 1799.5841, "10.0.1.60": 1799.8951, "10.0.1.176": 3599.2830000000004, "10.0.0.17": 5399.7517, "10.0.2.75": 1799.5784, "10.0.5.176": 1799.6009, "10.0.0.176": 3599.1642, "10.0.4.251": 1799.9997, "10.0.1.83": 1799.6381, "10.0.1.224": 1799.9997, "10.0.2.77": 1799.6969, "10.0.5.95": 1799.9987, "10.0.3.16": 3599.1918, "10.0.0.65": 1799.9994, "10.0.0.221": 1799.9195, "10.0.2.46": 5396.956099999999, "10.0.1.138": 1799.9995, "10.0.0.55": 1799.9994, "10.0.1.0": 1799.4157, "10.0.6.55": 1799.031, "10.0.2.126": 1799.5429, "10.0.6.115": 1799.9987, "10.0.2.58": 1799.5777, "10.0.0.254": 1799.7648, "10.0.2.11": 1799.4955, "10.0.2.243": 1799.9958, "10.0.0.37": 1799.9954, "10.0.5.133": 1799.6184, "10.0.2.103": 3599.0506, "10.0.5.174": 1800.0, "10.0.1.1": 1799.5296, "10.0.3.110": 1799.7843, "10.0.6.0": 1800.0, "10.0.0.150": 1799.6761, "10.0.3.29": 1799.9993, "10.0.4.233": 1799.8101, "10.0.3.113": 5398.9223, "10.0.1.76": 1800.0001, "10.0.1.51": 1799.3977, "10.0.3.157": 1799.6033, "10.0.1.231": 1798.5738, "10.0.3.90": 1799.6166, "10.0.0.233": 1798.4281, "10.0.2.190": 1799.3433, "10.0.3.118": 1799.6027, "10.0.5.242": 1799.8333, "10.0.3.119": 3598.456, "10.0.3.165": 1799.6625, "10.0.2.0": 7189.2921, "10.0.1.237": 3599.3114, "10.0.4.23": 5399.037, "10.0.1.94": 1798.692, "10.0.5.169": 1799.674, "10.0.3.238": 1799.7105, "10.0.1.84": 1799.6451, "10.0.2.191": 1798.9777, "10.0.3.62": 5327.2402999999995, "10.0.5.156": 1799.7202, "10.0.6.92": 1799.814, "10.0.2.115": 1799.604}}, "Ares: Rise of Guardians": {"localIpCount": 2, "localIpFrequency": {"10.0.4.43": 31, "10.0.4.233": 24}, "localIpTotalDuration": 87609.26470000001, "localIpDuration": {"10.0.4.43": 51773.120699999985, "10.0.4.233": 35836.14399999999}}, "Minecraft": {"localIpCount": 8, "localIpFrequency": {"10.0.0.64": 6, "10.0.5.132": 1, "10.0.6.221": 1, "10.0.1.55": 9, "10.0.1.1": 1, "10.0.0.164": 2, "10.0.3.42": 2, "10.0.1.76": 1}, "localIpTotalDuration": 19605.742899999994, "localIpDuration": {"10.0.0.64": 1780.1462, "10.0.5.132": 1790.3787, "10.0.6.221": 1760.5057, "10.0.1.55": 10575.475400000001, "10.0.1.1": 378.0034, "10.0.0.164": 590.7824, "10.0.3.42": 2528.9803, "10.0.1.76": 201.4708}}, "Roblox (Game)": {"localIpCount": 83, "localIpFrequency": {"10.0.2.210": 1, "10.0.2.225": 1, "10.0.1.185": 1, "10.0.4.144": 2, "10.0.3.94": 2, "10.0.4.27": 1, "10.0.1.157": 1, "10.0.0.5": 3,