{"Blue Archive": {"localIpCount": 1, "localIpFrequency": {"10.0.0.53": 5}, "localIpTotalDuration": 0.0005, "localIpDuration": {"10.0.0.53": 0.0005}}, "Minecraft": {"localIpCount": 2, "localIpFrequency": {"10.0.0.53": 1, "10.0.0.148": 2}, "localIpTotalDuration": 1176.708, "localIpDuration": {"10.0.0.53": 370.1971, "10.0.0.148": 806.5109}}, "Roblox (Adopt Me!)": {"localIpCount": 7, "localIpFrequency": {"10.0.0.55": 90, "10.0.0.147": 49, "10.0.0.143": 9, "10.0.0.148": 3, "10.0.0.78": 8, "10.0.0.110": 6, "10.0.0.161": 9}, "localIpTotalDuration": 229807.50310000003, "localIpDuration": {"10.0.0.55": 129668.19989999998, "10.0.0.147": 61545.36019999999, "10.0.0.143": 11260.6767, "10.0.0.148": 4979.8189999999995, "10.0.0.78": 6871.7205, "10.0.0.110": 6068.311299999999, "10.0.0.161": 9413.4155}}, "Roblox": {"localIpCount": 7, "localIpFrequency": {"10.0.0.55": 94, "10.0.0.147": 141, "10.0.0.143": 7, "10.0.0.148": 1, "10.0.0.78": 9, "10.0.0.110": 6, "10.0.0.161": 16}, "localIpTotalDuration": 484929.64140000026, "localIpDuration": {"10.0.0.55": 167133.90660000005, "10.0.0.147": 251099.23140000005, "10.0.0.143": 12459.6303, "10.0.0.148": 1800.1353, "10.0.0.78": 16233.1845, "10.0.0.110": 9512.7227, "10.0.0.161": 26690.830599999998}}, "FIFA ONLINE 4 M": {"localIpCount": 2, "localIpFrequency": {"10.0.0.148": 1, "10.0.0.55": 1}, "localIpTotalDuration": 402.2046, "localIpDuration": {"10.0.0.148": 222.4069, "10.0.0.55": 179.7977}}, "Genshin Impact": {"localIpCount": 2, "localIpFrequency": {"10.0.0.53": 17, "10.0.0.148": 1}, "localIpTotalDuration": 23263.379800000002, "localIpDuration": {"10.0.0.53": 22890.328700000002, "10.0.0.148": 373.0511}}, "FIFA Mobile": {"localIpCount": 1, "localIpFrequency": {"10.0.0.148": 1}, "localIpTotalDuration": 877.305, "localIpDuration": {"10.0.0.148": 877.305}}, "Modern Combat": {"localIpCount": 1, "localIpFrequency": {"10.0.0.148": 1}, "localIpTotalDuration": 6.876, "localIpDuration": {"10.0.0.148": 6.876}}, "League of Legends: Wild Rift": {"localIpCount": 13, "localIpFrequency": {"10.0.0.142": 98, "10.0.0.147": 28, "10.0.0.148": 5, "10.0.0.143": 1, "10.0.0.78": 2, "10.0.0.55": 16, "10.0.0.139": 39, "10.0.0.53": 14, "10.0.0.124": 3, "10.0.0.157": 15, "10.0.0.110": 2, "10.0.0.161": 7, "10.0.0.166": 2}, "localIpTotalDuration": 378949.9724999999, "localIpDuration": {"10.0.0.142": 161782.4597, "10.0.0.147": 46243.3584, "10.0.0.148": 6155.0334, "10.0.0.143": 1125.8466, "10.0.0.78": 1248.8975, "10.0.0.55": 26439.143, "10.0.0.139": 67277.13869999998, "10.0.0.53": 21966.4158, "10.0.0.124": 5181.0509, "10.0.0.157": 24419.554300000003, "10.0.0.110": 3708.4031, "10.0.0.161": 12368.6212, "10.0.0.166": 1034.0499}}, "Odin: Valhalla Rising": {"localIpCount": 1, "localIpFrequency": {"10.0.0.53": 1}, "localIpTotalDuration": 12.0003, "localIpDuration": {"10.0.0.53": 12.0003}}, "Asphalt 9: Legends": {"localIpCount": 1, "localIpFrequency": {"10.0.0.148": 1}, "localIpTotalDuration": 470.6673, "localIpDuration": {"10.0.0.148": 470.6673}}}