{"Among us": {"localIpCount": 1, "localIpFrequency": {"10.0.1.238": 6}, "localIpTotalDuration": 5759.2828, "localIpDuration": {"10.0.1.238": 5759.2828}}, "Cookie Run: Kingdom": {"localIpCount": 2, "localIpFrequency": {"10.0.3.200": 9, "10.0.1.81": 4}, "localIpTotalDuration": 14943.3214, "localIpDuration": {"10.0.3.200": 9776.5614, "10.0.1.81": 5166.76}}, "Minecraft": {"localIpCount": 14, "localIpFrequency": {"10.0.4.1": 2, "10.0.4.5": 4, "10.0.2.63": 8, "10.0.0.237": 12, "10.0.2.164": 2, "10.0.1.238": 3, "10.0.1.95": 1, "10.0.2.155": 14, "10.0.2.234": 6, "10.0.0.163": 20, "10.0.2.240": 3, "10.0.2.157": 1, "10.0.0.146": 1, "10.0.0.250": 1}, "localIpTotalDuration": 98759.887, "localIpDuration": {"10.0.4.1": 2214.1522999999997, "10.0.4.5": 1610.8247, "10.0.2.63": 10647.649800000001, "10.0.0.237": 15610.916399999998, "10.0.2.164": 1601.3236, "10.0.1.238": 3164.9667000000004, "10.0.1.95": 1.2507, "10.0.2.155": 20410.140199999998, "10.0.2.234": 8531.0159, "10.0.0.163": 28393.480700000004, "10.0.2.240": 2551.7766, "10.0.2.157": 1543.2514, "10.0.0.146": 1589.1555, "10.0.0.250": 889.9825}}, "FIFA ONLINE 4 M": {"localIpCount": 7, "localIpFrequency": {"10.0.2.27": 28, "10.0.2.102": 10, "10.0.4.5": 1, "10.0.0.202": 4, "10.0.1.49": 2, "10.0.1.86": 3, "10.0.0.132": 1}, "localIpTotalDuration": 65288.669599999994, "localIpDuration": {"10.0.2.27": 40266.2441, "10.0.2.102": 11224.0572, "10.0.4.5": 349.3637, "10.0.0.202": 6730.0168, "10.0.1.49": 1432.869, "10.0.1.86": 5284.6386999999995, "10.0.0.132": 1.4801}}, "Roblox": {"localIpCount": 112, "localIpFrequency": {"10.0.3.237": 2, "10.0.2.125": 1, "10.0.3.136": 1, "10.0.3.130": 5, "10.0.3.128": 5, "10.0.2.13": 3, "10.0.3.138": 1, "10.0.1.137": 1, "10.0.3.131": 4, "10.0.0.228": 4, "10.0.2.45": 3, "10.0.0.152": 1, "10.0.2.108": 3, "10.0.0.48": 4, "10.0.2.255": 1, "10.0.3.1": 1, "10.0.1.214": 4, "10.0.1.220": 4, "10.0.0.103": 2, "10.0.3.254": 1, "10.0.1.95": 1, "10.0.3.174": 2, "10.0.1.198": 2, "10.0.2.220": 2, "10.0.2.186": 2, "10.0.1.146": 1, "10.0.2.85": 1, "10.0.2.196": 3, "10.0.0.62": 3, "10.0.0.114": 1, "10.0.1.239": 1, "10.0.0.165": 1, "10.0.0.205": 1, "10.0.2.5": 1, "10.0.1.4": 1, "10.0.0.89": 2, "10.0.3.75": 1, "10.0.0.146": 1, "10.0.3.234": 1, "10.0.0.200": 1, "10.0.2.148": 1, "10.0.2.68": 2, "10.0.2.164": 1, "10.0.3.53": 1, "10.0.3.246": 1, "10.0.3.93": 1, "10.0.0.204": 3, "10.0.1.170": 2, "10.0.3.216": 1, "10.0.2.245": 1, "10.0.0.98": 1, "10.0.3.146": 1, "10.0.3.0": 1, "10.0.3.47": 1, "10.0.2.32": 3, "10.0.1.24": 2, "10.0.1.11": 3, "10.0.2.202": 1, "10.0.2.56": 1, "10.0.1.180": 1, "10.0.2.124": 1, "10.0.1.34": 4, "10.0.0.227": 1, "10.0.2.120": 1, "10.0.1.194": 1, "10.0.2.107": 3, "10.0.2.72": 1, "10.0.2.82": 1, "10.0.3.103": 2, "10.0.1.167": 1, "10.0.4.50": 1, "10.0.3.168": 1, "10.0.2.79": 1, "10.0.1.177": 1, "10.0.2.166": 1, "10.0.2.39": 1, "10.0.4.52": 1, "10.0.1.56": 1, "10.0.1.176": 1, "10.0.3.72": 1, "10.0.1.140": 1, "10.0.3.242": 1, "10.0.3.200": 1, "10.0.1.10": 1, "10.0.1.113": 2, "10.0.1.131": 1, "10.0.4.54": 1, "10.0.2.25": 1, "10.0.2.115": 1, "10.0.3.127": 1, "10.0.3.12": 1, "10.0.4.45": 2, "10.0.4.46": 1, "10.0.1.127": 2, "10.0.1.98": 2, "10.0.0.167": 1, "10.0.1.245": 1, "10.0.4.20": 1, "10.0.1.238": 1, "10.0.3.69": 1, "10.0.0.85": 1, "10.0.1.66": 1, "10.0.1.15": 1, "10.0.3.180": 1, "10.0.2.41": 1, "10.0.0.194": 1, "10.0.0.110": 1, "10.0.0.132": 1, "10.0.1.205": 1, "10.0.2.66": 1, "10.0.0.216": 1, "10.0.1.163": 1}, "localIpTotalDuration": 307730.5125000002, "localIpDuration": {"10.0.3.237": 3599.9314, "10.0.2.125": 1800.0231, "10.0.3.136": 1800.0453, "10.0.3.130": 8999.1922, "10.0.3.128": 8998.839800000002, "10.0.2.13": 5399.7919, "10.0.3.138": 1800.0044, "10.0.1.137": 1798.9351, "10.0.3.131": 7199.109200000001, "10.0.0.228": 7199.905299999999, "10.0.2.45": 5400.100200000001, "10.0.0.152": 1799.9369, "10.0.2.108": 5399.977, "10.0.0.48": 7199.558499999999, "10.0.2.255": 1800.0276, "10.0.3.1": 1779.7532, "10.0.1.214": 7199.790499999999, "10.0.1.220": 7199.0128, "10.0.0.103": 3599.8653999999997, "10.0.3.254": 1799.7973, "10.0.1.95": 1799.9206, "10.0.3.174": 3562.3059, "10.0.1.198": 3599.9475, "10.0.2.220": 3599.8153, "10.0.2.186": 3599.9813999999997, "10.0.1.146": 1800.0271, "10.0.2.85": 1800.0205, "10.0.2.196": 5399.929700000001, "10.0.0.62": 5399.6088, "10.0.0.114": 1800.0467, "10.0.1.239": 1799.9154, "10.0.0.165": 1799.9909, "10.0.0.205": 1799.9108, "10.0.2.5": 1800.0155, "10.0.1.4": 1799.9742, "10.0.0.89": 3599.928, "10.0.3.75": 1799.9069, "10.0.0.146": 1799.8861, "10.0.3.234": 1800.0424, "10.0.0.200": 1799.6091, "10.0.2.148": 1799.9763, "10.0.2.68": 3600.0083999999997, "10.0.2.164": 1799.9503, "10.0.3.53": 1799.9408, "10.0.3.246": 1800.04, "10.0.3.93": 1799.9702, "10.0.0.204": 5399.987800000001, "10.0.1.170": 3599.9551, "10.0.3.216": 1800.0488, "10.0.2.245": 1800.0442, "10.0.0.98": 1798.7146, "10.0.3.146": 1800.0431, "10.0.3.0": 1800.0022, "10.0.3.47": 1799.4009, "10.0.2.32": 5399.9869, "10.0.1.24": 3600.0499, "10.0.1.11": 5399.9992, "10.0.2.202": 1799.9511, "10.0.2.56": 1799.984, "10.0.1.180": 1799.7174, "10.0.2.124": 1799.9832, "10.0.1.34": 7199.810600000001, "10.0.0.227": 1799.8976, "10.0.2.120": 1799.9759, "10.0.1.194": 1800.0246, "10.0.2.107": 5400.0449, "10.0.2.72": 1800.0003, "10.0.2.82": 1799.9567, "10.0.3.103": 3599.8966, "10.0.1.167": 1799.9032, "10.0.4.50": 1799.8931, "10.0.3.168": 1800.0238, "10.0.2.79": 1800.028, "10.0.1.177": 1800.0461, "10.0.2.166": 1800.024, "10.0.2.39": 1800.045, "10.0.4.52": 1800.0219, "10.0.1.56": 1799.9821, "10.0.1.176": 1799.9978, "10.0.3.72": 1800.0308, "10.0.1.140": 1799.9872, "10.0.3.242": 1800.0446, "10.0.3.200": 1800.0155, "10.0.1.10": 1799.9615, "10.0.1.113": 3599.6264, "10.0.1.131": 1800.026, "10.0.4.54": 1800.0304, "10.0.2.25": 1800.0132, "10.0.2.115": 1799.8963, "10.0.3.127": 1799.8937, "10.0.3.12": 1800.0148, "10.0.4.45": 3599.8891999999996, "10.0.4.46": 1800.0362, "10.0.1.127": 3599.8433, "10.0.1.98": 3600.0294, "10.0.0.167": 1799.7053, "10.0.1.245": 1800.0226, "10.0.4.20": 1800.0076, "10.0.1.238": 1799.9765, "10.0.3.69": 1799.9521, "10.0.0.85": 1800.0052, "10.0.1.66": 1800.0282, "10.0.1.15": 1799.9422, "10.0.3.180": 1800.0182, "10.0.2.41": 1799.88, "10.0.0.194": 1799.9488, "10.0.0.110": 1799.9881, "10.0.0.132": 1800.0179, "10.0.1.205": 1800.0153, "10.0.2.66": 1799.9322, "10.0.0.216": 1800.0136, "10.0.1.163": 1800.0137}}, "League of Legends: Wild Rift": {"localIpCount": 25, "localIpFrequency": {"10.0.0.3": 40, "10.0.0.4": 36, "10.0.1.137": 1, "10.0.2.25": 4, "10.0.4.4": 1, "10.0.4.3": 2, "10.0.2.107": 5, "10.0.2.210": 15, "10.0.4.8": 7, "10.0.3.76": 1, "10.0.3.112": 1, "10.0.0.15": 3, "10.0.2.47": 3, "10.0.1.246": 1, "10.0.0.29": 2, "10.0.1.169": 1, "10.0.3.255": 1, "10.0.0.20": 2, "10.0.3.134": 1, "10.0.1.151": 1, "10.0.4.55": 3, "10.0.4.56": 2, "10.0.0.13": 1, "10.0.1.85": 2, "10.0.2.187": 1}, "localIpTotalDuration": 220271.03840000008, "localIpDuration": {"10.0.0.3": 66041.3681, "10.0.0.4": 57867.85860000001, "10.0.1.137": 420.8065, "10.0.2.25": 3423.725, "10.0.4.4": 1719.7743, "10.0.4.3": 3517.5258, "10.0.2.107": 6497.7513, "10.0.2.210": 25552.9768, "10.0.4.8": 11973.2406, "10.0.3.76": 1730.1368, "10.0.3.112": 1731.683, "10.0.0.15": 5086.0678, "10.0.2.47": 5102.151, "10.0.1.246": 1796.9324, "10.0.0.29": 3463.2748, "10.0.1.169": 1731.2049, "10.0.3.255": 1708.5503, "10.0.0.20": 3564.1206, "10.0.3.134": 1760.3101, "10.0.1.151": 1555.3409, "10.0.4.55": 4454.2991999999995, "10.0.4.56": 3552.2706, "10.0.0.13": 1615.3491, "10.0.1.85": 2914.7715, "10.0.2.187": 1489.5484}}, "Genshin Impact": {"localIpCount": 3, "localIpFrequency": {"10.0.1.176": 3, "10.0.0.152": 1, "10.0.4.64": 4}, "localIpTotalDuration": 10458.6615, "localIpDuration": {"10.0.1.176": 2995.5271, "10.0.0.152": 1717.6457, "10.0.4.64": 5745.4887}}, "Roblox (Adopt Me!)": {"localIpCount": 101, "localIpFrequency": {"10.0.3.128": 6, "10.0.3.130": 15, "10.0.2.125": 5, "10.0.3.138": 5, "10.0.0.228": 2, "10.0.0.152": 2, "10.0.2.108": 2, "10.0.2.206": 1, "10.0.2.129": 1, "10.0.0.205": 3,