{"Pok\u00e9mon GO": {"localIpCount": 2, "localIpFrequency": {"10.0.1.252": 2, "10.0.2.190": 2}, "totalDuration": 19495.7963, "localIpDuration": {"10.0.1.252": 2104.9984000000004, "10.0.2.190": 17390.7979}}, "MIR4": {"localIpCount": 2, "localIpFrequency": {"10.0.1.129": 1, "10.0.0.232": 1}, "totalDuration": 487.7614, "localIpDuration": {"10.0.1.129": 307.7614, "10.0.0.232": 180.0}}, "ZEPETO": {"localIpCount": 1, "localIpFrequency": {"10.0.0.18": 183}, "totalDuration": 456638.3296000001, "localIpDuration": {"10.0.0.18": 456638.3296000001}}, "World of Tanks": {"localIpCount": 2, "localIpFrequency": {"10.0.1.210": 1, "10.0.0.112": 1}, "totalDuration": 627.5095, "localIpDuration": {"10.0.1.210": 313.1027, "10.0.0.112": 314.4068}}, "Minecraft": {"localIpCount": 3, "localIpFrequency": {"10.0.1.104": 1, "10.0.0.9": 1, "10.0.0.150": 1}, "totalDuration": 1428.2811, "localIpDuration": {"10.0.1.104": 32.3566, "10.0.0.9": 77.5609, "10.0.0.150": 1318.3636}}, "New State Mobile": {"localIpCount": 1, "localIpFrequency": {"10.0.1.96": 4}, "totalDuration": 8054.2026, "localIpDuration": {"10.0.1.96": 8054.2026}}, "Brawl Stars": {"localIpCount": 2, "localIpFrequency": {"10.0.1.48": 5, "10.0.2.208": 1}, "totalDuration": 4110.7618, "localIpDuration": {"10.0.1.48": 3332.7609, "10.0.2.208": 778.0009}}, "Odin: Valhalla Rising": {"localIpCount": 3, "localIpFrequency": {"10.0.1.32": 2, "10.0.0.183": 1, "10.0.0.74": 22}, "totalDuration": 2798.556, "localIpDuration": {"10.0.1.32": 280.8997, "10.0.0.183": 649.9003, "10.0.0.74": 1867.7559999999994}}, "Gunship Battle: Crypto Conflict": {"localIpCount": 15, "localIpFrequency": {"10.0.1.26": 1, "10.0.0.193": 1, "10.0.1.166": 2, "10.0.1.169": 22, "10.0.1.194": 2, "10.0.1.96": 1, "10.0.0.112": 1, "10.0.0.233": 2, "10.0.0.78": 1, "10.0.0.65": 5, "10.0.0.81": 23, "10.0.1.65": 5, "10.0.1.101": 1, "10.0.0.126": 1, "10.0.0.44": 6}, "totalDuration": 264857.96679999994, "localIpDuration": {"10.0.1.26": 1158.9497, "10.0.0.193": 1605.6054, "10.0.1.166": 1856.1002, "10.0.1.169": 39598.39980000001, "10.0.1.194": 1258.0992, "10.0.1.96": 338.05, "10.0.0.112": 392.0511, "10.0.0.233": 2772.1527, "10.0.0.78": 1863.8484, "10.0.0.65": 22633.5853, "10.0.0.81": 167931.94869999998, "10.0.1.65": 17530.359399999998, "10.0.1.101": 671.9998, "10.0.0.126": 409.7485, "10.0.0.44": 4837.0686000000005}}, "Among us": {"localIpCount": 2, "localIpFrequency": {"10.0.0.112": 1, "10.0.0.18": 1}, "totalDuration": 1133.0005, "localIpDuration": {"10.0.0.112": 607.0, "10.0.0.18": 526.0005}}, "Cookie Run: Kingdom": {"localIpCount": 1, "localIpFrequency": {"10.0.1.48": 1}, "totalDuration": 33.8976, "localIpDuration": {"10.0.1.48": 33.8976}}, "Roblox": {"localIpCount": 45, "localIpFrequency": {"10.0.0.118": 2, "10.0.0.154": 9, "10.0.0.215": 1, "10.0.0.229": 1, "10.0.0.238": 3, "10.0.0.252": 1, "10.0.1.12": 2, "10.0.1.25": 1, "10.0.1.48": 23, "10.0.0.153": 2, "10.0.2.216": 7, "10.0.2.221": 5, "10.0.2.228": 4, "10.0.2.241": 1, "10.0.3.19": 4, "10.0.3.30": 2, "10.0.0.4": 60, "10.0.0.5": 84, "10.0.0.17": 232, "10.0.0.18": 396, "10.0.0.19": 2, "10.0.0.36": 9, "10.0.0.49": 2, "10.0.0.111": 11, "10.0.0.112": 78, "10.0.0.168": 3, "10.0.1.61": 1, "10.0.1.110": 10, "10.0.1.162": 2, "10.0.1.182": 3, "10.0.1.187": 1, "10.0.1.104": 2, "10.0.0.20": 14, "10.0.0.38": 6, "10.0.0.59": 12, "10.0.0.61": 2, "10.0.0.62": 4, "10.0.0.81": 1, "10.0.0.76": 1, "10.0.0.93": 2, "10.0.0.9": 1, "10.0.0.113": 7, "10.0.0.115": 1, "10.0.0.137": 1, "10.0.0.141": 1}, "totalDuration": 4244367.122000008, "localIpDuration": {"10.0.0.118": 600.4123999999999, "10.0.0.154": 14200.902400000003, "10.0.0.215": 1685.0516, "10.0.0.229": 1329.0004, "10.0.0.238": 1260.024, "10.0.0.252": 992.5591, "10.0.1.12": 1184.0004, "10.0.1.25": 450.0011, "10.0.1.48": 122190.9224, "10.0.0.153": 3336.6682, "10.0.2.216": 33779.592300000004, "10.0.2.221": 11077.3462, "10.0.2.228": 6301.1038, "10.0.2.241": 403.9499, "10.0.3.19": 6760.9467, "10.0.3.30": 13476.8067, "10.0.0.4": 405789.86800000037, "10.0.0.5": 516467.5440999999, "10.0.0.17": 608021.2862, "10.0.0.18": 1819660.1723999984, "10.0.0.19": 988.2346, "10.0.0.36": 93206.12940000002, "10.0.0.49": 5628.6662, "10.0.0.111": 18575.8507, "10.0.0.112": 400381.4370000001, "10.0.0.168": 4436.999, "10.0.1.61": 123.083, "10.0.1.110": 15179.6874, "10.0.1.162": 4185.272199999999, "10.0.1.182": 5838.1029, "10.0.1.187": 1800.7987, "10.0.1.104": 8099.7693, "10.0.0.20": 32808.88310000001, "10.0.0.38": 14084.6554, "10.0.0.59": 27943.171799999996, "10.0.0.61": 5583.5004, "10.0.0.62": 11675.1408, "10.0.0.81": 450.8549, "10.0.0.76": 6738.349, "10.0.0.93": 1100.6168, "10.0.0.9": 423.9161, "10.0.0.113": 14375.6421, "10.0.0.115": 401.0, "10.0.0.137": 878.8978, "10.0.0.141": 490.3051}}, "Hero Blaze: Three Kingdoms": {"localIpCount": 14, "localIpFrequency": {"10.0.0.113": 1, "10.0.1.34": 12, "10.0.1.214": 2, "10.0.1.10": 1, "10.0.2.245": 1, "10.0.0.69": 11, "10.0.0.126": 3, "10.0.0.199": 17, "10.0.1.11": 1, "10.0.0.225": 3, "10.0.1.65": 2, "10.0.1.208": 1, "10.0.0.13": 6, "10.0.0.44": 1}, "totalDuration": 267744.52859999985, "localIpDuration": {"10.0.0.113": 485.0498, "10.0.1.34": 109135.19039999999, "10.0.1.214": 22325.4529, "10.0.1.10": 270.9495, "10.0.2.245": 5.0015, "10.0.0.69": 336.17210000000006, "10.0.0.126": 1057.0514, "10.0.0.199": 114270.6624, "10.0.1.11": 321.0, "10.0.0.225": 23.8851, "10.0.1.65": 432.1172, "10.0.1.208": 94.9971, "10.0.0.13": 15297.897600000002, "10.0.0.44": 3689.1016}}, "Apex Legends Mobile": {"localIpCount": 2, "localIpFrequency": {"10.0.1.135": 7, "10.0.1.63": 5}, "totalDuration": 46375.4994, "localIpDuration": {"10.0.1.135": 27329.8158, "10.0.1.63": 19045.683599999997}}, "FIFA ONLINE 4 M": {"localIpCount": 1, "localIpFrequency": {"10.0.0.192": 4}, "totalDuration": 25635.102899999998, "localIpDuration": {"10.0.0.192": 25635.102899999998}}, "Genshin Impact": {"localIpCount": 6, "localIpFrequency": {"10.0.1.62": 122, "10.0.0.12": 38, "10.0.3.32": 1, "10.0.0.9": 54, "10.0.0.169": 7, "10.0.1.104": 2}, "totalDuration": 1529118.1940000004, "localIpDuration": {"10.0.1.62": 1264532.3984000003, "10.0.0.12": 57274.07149999999, "10.0.3.32": 1273.9494, "10.0.0.9": 178777.12769999998, "10.0.0.169": 26840.457900000005, "10.0.1.104": 420.1891}}, "Diablo Immortal": {"localIpCount": 1, "localIpFrequency": {"10.0.0.223": 1}, "totalDuration": 146.9995, "localIpDuration": {"10.0.0.223": 146.9995}}, "Blue Archive": {"localIpCount": 1, "localIpFrequency": {"10.0.0.25": 1}, "totalDuration": 833.3403, "localIpDuration": {"10.0.0.25": 833.3403}}, "Roblox (Adopt Me!)": {"localIpCount": 37, "localIpFrequency": {"10.0.0.154": 8, "10.0.0.215": 1, "10.0.0.229": 1, "10.0.0.238": 3, "10.0.0.252": 1, "10.0.1.12": 1, "10.0.1.48": 19, "10.0.0.153": 2, "10.0.2.216": 4, "10.0.2.221": 3, "10.0.2.228": 3, "10.0.3.19": 4, "10.0.3.30": 1, "10.0.0.5": 66, "10.0.0.4": 24, "10.0.0.17": 126, "10.0.0.19": 2, "10.0.0.18": 262, "10.0.0.36": 10, "10.0.0.49": 2, "10.0.0.111": 11, "10.0.0.112": 42, "10.0.0.168": 2, "10.0.1.110": 5, "10.0.1.162": 2, "10.0.1.182": 3, "10.0.1.187": 3, "10.0.0.20": 8, "10.0.0.38": 2, "10.0.0.59": 11, "10.0.0.61": 2, "10.0.0.62": 3, "10.0.0.93": 2, "10.0.0.9": 1, "10.0.0.113": 7, "10.0.0.115": 1, "10.0.0.141": 1}, "totalDuration": 606240.8182000015, "localIpDuration": {"10.0.0.154": 4577.3414, "10.0.0.215": 382.0003, "10.0.0.229": 41.7976, "10.0.0.238": 26.7159, "10.0.0.252": 249.0516, "10.0.1.12": 105.0008, "10.0.1.48": 21988.577999999998, "10.0.0.153": 1931.021, "10.0.2.216": 2431.3835, "10.0.2.221": 3383.7795, "10.0.2.228": 3346.0746, "10.0.3.19": 1746.8258999999998, "10.0.3.30": 1603.9998, "10.0.0.5": 38542.955300000016, "10.0.0.4": 9858.365199999991, "10.0.0.17": 177616.76149999994, "10.0.0.19": 2574.2042, "10.0.0.18": 255199.26380000002, "10.0.0.36": 3150.2736000000004, "10.0.0.49": 81.63, "10.0.0.111": 10375.608100000001, "10.0.0.112": 32132.858300000004, "10.0.0.168": 1670.1524, "10.0.1.110": 2498.814, "10.0.1.162": 1355.4598, "10.0.1.182": 2138.7135, "10.0.1.187": 1914.5915,