{"Pok\u00e9mon GO": {"localIpCount": 2, "localIpFrequency": {"10.0.177.74": 1, "10.0.179.129": 1}, "localIpTotalDuration": 979.9142, "localIpDuration": {"10.0.177.74": 419.9057, "10.0.179.129": 560.0085}}, "League of Legends: Wild Rift": {"localIpCount": 4, "localIpFrequency": {"10.0.177.84": 8, "10.0.179.44": 9, "10.0.180.54": 1, "10.0.181.219": 4}, "localIpTotalDuration": 33879.910200000006, "localIpDuration": {"10.0.177.84": 12823.7978, "10.0.179.44": 13860.2752, "10.0.180.54": 1476.9513, "10.0.181.219": 5718.885899999999}}, "Cookie Run: Kingdom": {"localIpCount": 3, "localIpFrequency": {"10.0.179.49": 2, "10.0.179.72": 2, "10.0.179.35": 1}, "localIpTotalDuration": 3864.0998, "localIpDuration": {"10.0.179.49": 2555.0431, "10.0.179.72": 924.0398, "10.0.179.35": 385.0169}}, "The Lord of the Rings: War": {"localIpCount": 2, "localIpFrequency": {"10.0.180.231": 4, "10.0.182.53": 2}, "localIpTotalDuration": 6160.0144, "localIpDuration": {"10.0.180.231": 4396.0029, "10.0.182.53": 1764.0115}}, "WePlay - Party Game & Chat": {"localIpCount": 1, "localIpFrequency": {"10.0.180.177": 1}, "localIpTotalDuration": 0.0, "localIpDuration": {"10.0.180.177": 0.0}}, "HATSUNE MIKU: COLORFUL STAGE!": {"localIpCount": 1, "localIpFrequency": {"10.0.179.196": 1}, "localIpTotalDuration": 245.1724, "localIpDuration": {"10.0.179.196": 245.1724}}, "Roblox": {"localIpCount": 31, "localIpFrequency": {"10.0.176.180": 1, "10.0.177.212": 1, "10.0.178.124": 3, "10.0.177.103": 1, "10.0.177.206": 3, "10.0.176.173": 3, "10.0.178.236": 3, "10.0.177.74": 1, "10.0.179.35": 5, "10.0.179.37": 11, "10.0.179.58": 4, "10.0.179.39": 2, "10.0.179.103": 2, "10.0.179.46": 2, "10.0.179.64": 1, "10.0.179.72": 3, "10.0.179.95": 1, "10.0.179.223": 1, "10.0.179.250": 1, "10.0.179.215": 1, "10.0.180.53": 1, "10.0.179.109": 1, "10.0.179.228": 3, "10.0.180.15": 2, "10.0.181.163": 1, "10.0.181.231": 2, "10.0.181.245": 1, "10.0.182.15": 1, "10.0.182.27": 1, "10.0.182.19": 2, "10.0.182.21": 5}, "localIpTotalDuration": 119696.83539999997, "localIpDuration": {"10.0.176.180": 1798.8498, "10.0.177.212": 1798.5582, "10.0.178.124": 5396.3042000000005, "10.0.177.103": 1798.9938, "10.0.177.206": 5298.2959, "10.0.176.173": 5018.7554, "10.0.178.236": 5368.412, "10.0.177.74": 1799.0102, "10.0.179.35": 7433.377799999999, "10.0.179.37": 19501.588999999996, "10.0.179.58": 7195.070600000001, "10.0.179.39": 3597.5119, "10.0.179.103": 3590.4742, "10.0.179.46": 3597.4986, "10.0.179.64": 1799.0016, "10.0.179.72": 5396.2255000000005, "10.0.179.95": 1798.7318, "10.0.179.223": 1799.0946, "10.0.179.250": 1785.9385, "10.0.179.215": 1798.7476, "10.0.180.53": 1798.8105, "10.0.179.109": 1792.2466, "10.0.179.228": 5311.6452, "10.0.180.15": 3583.4741999999997, "10.0.181.163": 245.007, "10.0.181.231": 2631.8067, "10.0.181.245": 581.0024, "10.0.182.15": 1799.1371, "10.0.182.27": 1798.8265, "10.0.182.19": 3597.4635, "10.0.182.21": 8986.9745}}, "Free Fire": {"localIpCount": 8, "localIpFrequency": {"10.0.178.94": 1, "10.0.178.117": 1, "10.0.177.180": 1, "10.0.178.246": 1, "10.0.179.130": 2, "10.0.182.40": 1, "10.0.182.65": 2, "10.0.182.112": 1}, "localIpTotalDuration": 6132.1386, "localIpDuration": {"10.0.178.94": 1770.8969, "10.0.178.117": 1490.7031, "10.0.177.180": 210.285, "10.0.178.246": 0.0068, "10.0.179.130": 462.0136, "10.0.182.40": 119.0, "10.0.182.65": 1939.0155, "10.0.182.112": 140.2177}}, "New State Mobile": {"localIpCount": 3, "localIpFrequency": {"10.0.179.121": 3, "10.0.179.218": 1, "10.0.182.1": 2}, "localIpTotalDuration": 1504.7392, "localIpDuration": {"10.0.179.121": 580.9753, "10.0.179.218": 98.0016, "10.0.182.1": 825.7623}}, "ZEPETO": {"localIpCount": 1, "localIpFrequency": {"10.0.179.204": 1}, "localIpTotalDuration": 0.0, "localIpDuration": {"10.0.179.204": 0.0}}, "Massive Warfare": {"localIpCount": 3, "localIpFrequency": {"10.0.178.193": 1, "10.0.179.144": 1, "10.0.179.47": 1}, "localIpTotalDuration": 2506.0088, "localIpDuration": {"10.0.178.193": 833.0206, "10.0.179.144": 195.9831, "10.0.179.47": 1477.0051}}, "PUBG Mobile": {"localIpCount": 35, "localIpFrequency": {"10.0.176.219": 1, "10.0.177.90": 1, "10.0.178.143": 1, "10.0.178.166": 3, "10.0.178.169": 1, "10.0.178.246": 1, "10.0.178.248": 1, "10.0.179.26": 1, "10.0.179.73": 1, "10.0.179.81": 1, "10.0.179.109": 1, "10.0.179.132": 1, "10.0.179.145": 1, "10.0.179.98": 1, "10.0.179.244": 1, "10.0.179.176": 2, "10.0.180.84": 1, "10.0.180.92": 1, "10.0.179.181": 1, "10.0.180.164": 1, "10.0.180.188": 2, "10.0.180.224": 1, "10.0.181.1": 2, "10.0.181.21": 1, "10.0.181.24": 2, "10.0.181.46": 1, "10.0.181.71": 1, "10.0.181.162": 4, "10.0.181.137": 1, "10.0.181.188": 2, "10.0.181.207": 1, "10.0.181.192": 1, "10.0.182.40": 1, "10.0.182.91": 1, "10.0.182.152": 1}, "localIpTotalDuration": 51721.123600000006, "localIpDuration": {"10.0.176.219": 1721.9565, "10.0.177.90": 1798.9447, "10.0.178.143": 399.018, "10.0.178.166": 2099.6562, "10.0.178.169": 1799.0132, "10.0.178.246": 0.0, "10.0.178.248": 0.0101, "10.0.179.26": 1553.9864, "10.0.179.73": 161.005, "10.0.179.81": 1777.7578, "10.0.179.109": 1069.9429, "10.0.179.132": 475.9772, "10.0.179.145": 1455.9663, "10.0.179.98": 958.988, "10.0.179.244": 230.9961, "10.0.179.176": 973.0138999999999, "10.0.180.84": 1680.0172, "10.0.180.92": 1764.0075, "10.0.179.181": 1505.005, "10.0.180.164": 1799.025, "10.0.180.188": 3422.9719999999998, "10.0.180.224": 1204.0011, "10.0.181.1": 3514.1211000000003, "10.0.181.21": 1799.0294, "10.0.181.24": 3429.9987, "10.0.181.46": 1469.9809, "10.0.181.71": 525.009, "10.0.181.162": 5130.9802, "10.0.181.137": 342.9951, "10.0.181.188": 1274.0029, "10.0.181.207": 1554.0152, "10.0.181.192": 1784.9854, "10.0.182.40": 650.7369, "10.0.182.91": 664.9998, "10.0.182.152": 1729.0089}}, "FIFA ONLINE 4 M": {"localIpCount": 1, "localIpFrequency": {"10.0.179.64": 1}, "localIpTotalDuration": 0.0, "localIpDuration": {"10.0.179.64": 0.0}}, "\ud0d5\ud0d5\ud2b9\uacf5\ub300": {"localIpCount": 2, "localIpFrequency": {"10.0.179.250": 1, "10.0.180.79": 1}, "localIpTotalDuration": 1036.0069, "localIpDuration": {"10.0.179.250": 1036.0059, "10.0.180.79": 0.001}}, "Brawl Stars": {"localIpCount": 13, "localIpFrequency": {"10.0.178.124": 1, "10.0.177.74": 1, "10.0.179.72": 3, "10.0.179.103": 3, "10.0.179.108": 1, "10.0.179.37": 1, "10.0.179.35": 3, "10.0.179.204": 2, "10.0.180.158": 1, "10.0.179.242": 1, "10.0.179.58": 1, "10.0.182.19": 1, "10.0.182.77": 2}, "localIpTotalDuration": 21637.569400000004, "localIpDuration": {"10.0.178.124": 1644.9958, "10.0.177.74": 496.9886, "10.0.179.72": 4354.2129, "10.0.179.103": 3528.0615999999995, "10.0.179.108": 854.0296, "10.0.179.37": 763.0167, "10.0.179.35": 4830.2309000000005, "10.0.179.204": 1694.0132, "10.0.180.158": 651.042, "10.0.179.242": 671.9339, "10.0.179.58": 440.9989, "10.0.182.19": 56.0453, "10.0.182.77": 1652.0}}}