{"NBA NOW 23": {"localIpCount": 1, "localIpFrequency": {"10.0.39.132": 1}, "localIpTotalDuration": 0.0, "localIpDuration": {"10.0.39.132": 0.0}}, "Minecraft": {"localIpCount": 1, "localIpFrequency": {"10.0.40.112": 1}, "localIpTotalDuration": 21.002, "localIpDuration": {"10.0.40.112": 21.002}}, "Free Fire": {"localIpCount": 15, "localIpFrequency": {"10.0.38.227": 1, "10.0.38.254": 1, "10.0.39.8": 1, "10.0.38.230": 4, "10.0.39.212": 1, "10.0.39.179": 1, "10.0.40.37": 2, "10.0.40.144": 3, "10.0.40.167": 1, "10.0.40.32": 1, "10.0.40.145": 2, "10.0.40.177": 1, "10.0.41.18": 1, "10.0.41.12": 1, "10.0.41.112": 2}, "localIpTotalDuration": 21034.840999999997, "localIpDuration": {"10.0.38.227": 1638.0004, "10.0.38.254": 419.9936, "10.0.39.8": 538.9999, "10.0.38.230": 5907.6271, "10.0.39.212": 245.0028, "10.0.39.179": 532.1599, "10.0.40.37": 1029.0006, "10.0.40.144": 3423.0036999999998, "10.0.40.167": 1700.9996, "10.0.40.32": 273.0526, "10.0.40.145": 1869.0003, "10.0.40.177": 482.9972, "10.0.41.18": 181.9993, "10.0.41.12": 1064.0023, "10.0.41.112": 1729.0017}}, "League of Legends: Wild Rift": {"localIpCount": 2, "localIpFrequency": {"10.0.38.239": 1, "10.0.40.41": 18}, "localIpTotalDuration": 18858.0181, "localIpDuration": {"10.0.38.239": 1574.9981, "10.0.40.41": 17283.020000000004}}, "Cookie Run: Kingdom": {"localIpCount": 1, "localIpFrequency": {"10.0.39.101": 1}, "localIpTotalDuration": 385.0037, "localIpDuration": {"10.0.39.101": 385.0037}}, "Brawl Stars": {"localIpCount": 13, "localIpFrequency": {"10.0.39.98": 1, "10.0.39.101": 1, "10.0.39.83": 3, "10.0.39.144": 3, "10.0.39.171": 2, "10.0.39.121": 1, "10.0.40.117": 2, "10.0.40.152": 1, "10.0.40.33": 1, "10.0.40.182": 1, "10.0.40.188": 1, "10.0.41.21": 1, "10.0.41.105": 2}, "localIpTotalDuration": 12929.5963, "localIpDuration": {"10.0.39.98": 1694.0039, "10.0.39.101": 364.5634, "10.0.39.83": 1686.9983000000002, "10.0.39.144": 3213.0144, "10.0.39.171": 2464.0054, "10.0.39.121": 153.9957, "10.0.40.117": 1714.9987999999998, "10.0.40.152": 405.9989, "10.0.40.33": 0.0039, "10.0.40.182": 7.0061, "10.0.40.188": 147.0028, "10.0.41.21": 357.0013, "10.0.41.105": 721.0033999999999}}, "Pok\u00e9mon GO": {"localIpCount": 3, "localIpFrequency": {"10.0.39.101": 1, "10.0.38.225": 6, "10.0.40.19": 3}, "localIpTotalDuration": 3024.473, "localIpDuration": {"10.0.39.101": 91.0033, "10.0.38.225": 2527.4031, "10.0.40.19": 406.0666}}, "PUBG Mobile": {"localIpCount": 36, "localIpFrequency": {"10.0.38.228": 4, "10.0.38.245": 1, "10.0.38.255": 4, "10.0.39.3": 2, "10.0.39.15": 1, "10.0.39.35": 1, "10.0.39.48": 1, "10.0.39.59": 1, "10.0.39.91": 2, "10.0.39.120": 1, "10.0.39.127": 1, "10.0.39.138": 1, "10.0.39.154": 2, "10.0.39.157": 1, "10.0.39.119": 1, "10.0.39.214": 1, "10.0.39.252": 1, "10.0.40.6": 1, "10.0.40.8": 4, "10.0.40.35": 4, "10.0.40.43": 6, "10.0.40.64": 1, "10.0.40.13": 2, "10.0.40.91": 1, "10.0.40.100": 1, "10.0.40.137": 1, "10.0.40.164": 1, "10.0.40.187": 1, "10.0.40.202": 1, "10.0.40.220": 1, "10.0.41.13": 1, "10.0.41.19": 2, "10.0.41.52": 2, "10.0.41.59": 2, "10.0.41.85": 1, "10.0.41.111": 1}, "localIpTotalDuration": 71615.77670000002, "localIpDuration": {"10.0.38.228": 6132.3149, "10.0.38.245": 1526.0009, "10.0.38.255": 5117.0052, "10.0.39.3": 1995.0564, "10.0.39.15": 1519.0029, "10.0.39.35": 0.0, "10.0.39.48": 1021.9986, "10.0.39.59": 378.0015, "10.0.39.91": 2498.9877, "10.0.39.120": 1029.0032, "10.0.39.127": 0.0025, "10.0.39.138": 1406.9978, "10.0.39.154": 805.0064, "10.0.39.157": 1701.0037, "10.0.39.119": 1799.001, "10.0.39.214": 1799.0017, "10.0.39.252": 1652.0036, "10.0.40.6": 1693.9999, "10.0.40.8": 4577.9535, "10.0.40.35": 6579.171700000001, "10.0.40.43": 7314.545799999999, "10.0.40.64": 1742.5046, "10.0.40.13": 1631.0071, "10.0.40.91": 41.9984, "10.0.40.100": 447.9993, "10.0.40.137": 266.002, "10.0.40.164": 1106.0039, "10.0.40.187": 1784.4241, "10.0.40.202": 923.9995, "10.0.40.220": 315.0042, "10.0.41.13": 1631.0038, "10.0.41.19": 2701.9999, "10.0.41.52": 3570.0027, "10.0.41.59": 3472.7715, "10.0.41.85": 1315.9958, "10.0.41.111": 119.001}}, "Clash Royale": {"localIpCount": 2, "localIpFrequency": {"10.0.40.126": 1, "10.0.41.109": 1}, "localIpTotalDuration": 0.0, "localIpDuration": {"10.0.40.126": 0.0, "10.0.41.109": 0.0}}, "Asphalt 9: Legends": {"localIpCount": 1, "localIpFrequency": {"10.0.40.116": 4}, "localIpTotalDuration": 3010.0048999999995, "localIpDuration": {"10.0.40.116": 3010.0048999999995}}, "Roblox": {"localIpCount": 46, "localIpFrequency": {"10.0.38.220": 3, "10.0.38.225": 4, "10.0.38.250": 4, "10.0.39.25": 9, "10.0.39.82": 1, "10.0.39.98": 1, "10.0.39.88": 2, "10.0.39.99": 1, "10.0.39.102": 1, "10.0.39.97": 2, "10.0.39.150": 2, "10.0.39.151": 1, "10.0.39.146": 1, "10.0.39.137": 1, "10.0.39.144": 1, "10.0.39.131": 1, "10.0.39.170": 2, "10.0.39.121": 1, "10.0.39.163": 2, "10.0.38.224": 1, "10.0.39.139": 1, "10.0.39.111": 2, "10.0.40.3": 1, "10.0.40.19": 1, "10.0.40.46": 1, "10.0.40.25": 1, "10.0.40.73": 19, "10.0.40.128": 1, "10.0.40.129": 3, "10.0.40.146": 1, "10.0.40.160": 2, "10.0.40.186": 1, "10.0.40.188": 1, "10.0.40.152": 1, "10.0.40.175": 1, "10.0.40.33": 1, "10.0.40.221": 1, "10.0.40.182": 2, "10.0.40.205": 1, "10.0.40.192": 2, "10.0.41.11": 2, "10.0.41.21": 5, "10.0.41.22": 12, "10.0.41.96": 1, "10.0.41.101": 1, "10.0.41.105": 2}, "localIpTotalDuration": 191460.04080000002, "localIpDuration": {"10.0.38.220": 5395.8966, "10.0.38.225": 7186.7771999999995, "10.0.38.250": 7194.7106, "10.0.39.25": 16179.797799999998, "10.0.39.82": 1798.6054, "10.0.39.98": 1798.5645, "10.0.39.88": 3595.8806999999997, "10.0.39.99": 1798.3496, "10.0.39.102": 1799.0082, "10.0.39.97": 3596.8787, "10.0.39.150": 3597.2066, "10.0.39.151": 1798.3261, "10.0.39.146": 1799.006, "10.0.39.137": 1798.0281, "10.0.39.144": 1798.6395, "10.0.39.131": 1798.238, "10.0.39.170": 3597.2354, "10.0.39.121": 1798.6411, "10.0.39.163": 3597.4527, "10.0.38.224": 1798.649, "10.0.39.139": 1798.5272, "10.0.39.111": 3597.2327999999998, "10.0.40.3": 1120.0019, "10.0.40.19": 1567.9998, "10.0.40.46": 1575.0047, "10.0.40.25": 1127.004, "10.0.40.73": 33277.5285, "10.0.40.128": 1798.9997, "10.0.40.129": 5347.3072, "10.0.40.146": 1798.6521, "10.0.40.160": 3597.3081, "10.0.40.186": 1798.6388, "10.0.40.188": 1798.0436, "10.0.40.152": 1798.6345, "10.0.40.175": 1798.6395, "10.0.40.33": 1798.6141, "10.0.40.221": 1798.6482, "10.0.40.182": 3596.3005000000003, "10.0.40.205": 1798.6413, "10.0.40.192": 3597.2644, "10.0.41.11": 3597.0958, "10.0.41.21": 8976.016500000002, "10.0.41.22": 21579.652199999997, "10.0.41.96": 1798.4767, "10.0.41.101": 1797.8082, "10.0.41.105": 3596.1086999999998}}, "Call of Duty: Mobile": {"localIpCount": 1, "localIpFrequency": {"10.0.40.130": 1}, "localIpTotalDuration": 0.0, "localIpDuration": {"10.0.40.130": 0.0}}, "KartRider: Drift": {"localIpCount": 1, "localIpFrequency": {"10.0.39.101": 1}, "localIpTotalDuration": 692.9957, "localIpDuration": {"10.0.39.101": 692.9957}}, "WePlay - Party Game & Chat": {"localIpCount": 1, "localIpFrequency": {"10.0.39.121": 1}, "localIpTotalDuration": 146.995, "localIpDuration": {"10.0.39.121": 146.995}}, "\ucef4\ud22c\uc2a4\ud504\ub85c\uc57c\uad6cV22": {"localIpCount": 1, "localIpFrequency": {"10.0.40.118": 2}, "localIpTotalDuration": 644.35, "localIpDuration": {"10.0.40.118": 644.35}}, "Among us": {"localIpCount": 1, "localIpFrequency": {"10.0.40.234": 2}, "localIpTotalDuration": 1316.0321000000001, "localIpDuration": {"10.0.40.234": 1316.0321000000001}}, "The Lord of the Rings: War": {"localIpCount": 2, "localIpFrequency": {"10.0.39.173": 1, "10.0.39.174": 1}, "localIpTotalDuration": 980.0169999999999, "localIpDuration": {"10.0.39.173": 56.0029, "10.0.39.174": 924.0141}}, "FIFA ONLINE 4 M": {"localIpCount": 1, "localIpFrequency": {"10.0.40.132": 1}, "localIpTotalDuration": 63.0014, "localIpDuration": {"10.0.40.132": 63.0014}}, "World of Tanks": {"localIpCount": 1, "localIpFrequency": {"10.0.38.241": 1}, "localIpTotalDuration": 153.9992, "localIpDuration": {"10.0.38.241": 153.9992}},