{"Cookie Run: Kingdom": {"localIpCount": 1, "localIpFrequency": {"10.0.1.48": 1}, "localIpTotalDuration": 33.8976, "localIpDuration": {"10.0.1.48": 33.8976}}, "Hero Blaze: Three Kingdoms": {"localIpCount": 4, "localIpFrequency": {"10.0.0.225": 1, "10.0.1.65": 2, "10.0.1.208": 1, "10.0.0.126": 1}, "localIpTotalDuration": 729.2622000000001, "localIpDuration": {"10.0.0.225": 7.1988, "10.0.1.65": 432.1172, "10.0.1.208": 94.9971, "10.0.0.126": 194.9491}}, "MIR4": {"localIpCount": 1, "localIpFrequency": {"10.0.0.232": 1}, "localIpTotalDuration": 180.0, "localIpDuration": {"10.0.0.232": 180.0}}, "Gunship Battle: Crypto Conflict": {"localIpCount": 4, "localIpFrequency": {"10.0.0.65": 1, "10.0.1.65": 3, "10.0.1.101": 1, "10.0.0.126": 1}, "localIpTotalDuration": 1997.2418999999998, "localIpDuration": {"10.0.0.65": 780.8474, "10.0.1.65": 134.6462, "10.0.1.101": 671.9998, "10.0.0.126": 409.7485}}, "Genshin Impact": {"localIpCount": 2, "localIpFrequency": {"10.0.0.9": 3, "10.0.1.104": 1}, "localIpTotalDuration": 2422.0881, "localIpDuration": {"10.0.0.9": 2211.3914000000004, "10.0.1.104": 210.6967}}, "Brawl Stars": {"localIpCount": 1, "localIpFrequency": {"10.0.1.48": 2}, "localIpTotalDuration": 1614.2527, "localIpDuration": {"10.0.1.48": 1614.2527}}, "Sonic Forces": {"localIpCount": 2, "localIpFrequency": {"10.0.1.104": 14, "10.0.0.9": 2}, "localIpTotalDuration": 40911.997599999995, "localIpDuration": {"10.0.1.104": 37002.2242, "10.0.0.9": 3909.7734}}, "Roblox (Adopt Me!)": {"localIpCount": 7, "localIpFrequency": {"10.0.0.112": 13, "10.0.1.162": 2, "10.0.1.182": 3, "10.0.1.187": 3, "10.0.0.5": 3, "10.0.1.48": 6, "10.0.0.20": 8}, "localIpTotalDuration": 32264.858600000003, "localIpDuration": {"10.0.0.112": 11102.015800000001, "10.0.1.162": 1355.4598, "10.0.1.182": 2138.7135, "10.0.1.187": 1914.5915, "10.0.0.5": 1736.0469999999998, "10.0.1.48": 7841.0857, "10.0.0.20": 6176.9453}}, "Roblox": {"localIpCount": 9, "localIpFrequency": {"10.0.0.112": 19, "10.0.1.162": 2, "10.0.1.182": 3, "10.0.1.187": 1, "10.0.1.104": 2, "10.0.0.5": 5, "10.0.0.36": 1, "10.0.1.48": 9, "10.0.0.20": 14}, "localIpTotalDuration": 145396.80769999998, "localIpDuration": {"10.0.0.112": 62039.830599999994, "10.0.1.162": 4185.272199999999, "10.0.1.182": 5838.1029, "10.0.1.187": 1800.7987, "10.0.1.104": 8099.7693, "10.0.0.5": 11244.318200000002, "10.0.0.36": 2811.9511, "10.0.1.48": 16567.881599999997, "10.0.0.20": 32808.88310000001}}, "World of Tanks": {"localIpCount": 1, "localIpFrequency": {"10.0.0.112": 1}, "localIpTotalDuration": 314.4068, "localIpDuration": {"10.0.0.112": 314.4068}}, "PUBG Mobile": {"localIpCount": 2, "localIpFrequency": {"10.0.1.138": 5, "10.0.1.150": 1}, "localIpTotalDuration": 73375.29900000001, "localIpDuration": {"10.0.1.138": 73056.32010000001, "10.0.1.150": 318.9789}}}