{"Ninja Must Die": {"localIpCount": 1, "localIpFrequency": {"10.0.2.172": 1}, "localIpTotalDuration": 1.0017, "localIpDuration": {"10.0.2.172": 1.0017}}, "Roblox": {"localIpCount": 31, "localIpFrequency": {"10.0.2.255": 22, "10.0.3.31": 1, "10.0.2.172": 8, "10.0.3.3": 11, "10.0.3.21": 56, "10.0.2.142": 10, "10.0.3.18": 12, "10.0.2.53": 4, "10.0.2.65": 18, "10.0.2.112": 5, "10.0.3.38": 1, "10.0.1.99": 24, "10.0.1.102": 7, "10.0.3.50": 1, "10.0.2.144": 4, "10.0.3.13": 1, "10.0.3.61": 13, "10.0.3.58": 17, "10.0.3.66": 4, "10.0.2.46": 1, "10.0.3.42": 1, "10.0.3.86": 9, "10.0.3.54": 2, "10.0.3.89": 22, "10.0.3.102": 1, "10.0.3.107": 2, "10.0.3.117": 6, "10.0.3.104": 2, "10.0.3.132": 5, "10.0.2.165": 1, "10.0.3.8": 1}, "localIpTotalDuration": 465933.3123999998, "localIpDuration": {"10.0.2.255": 37276.4879, "10.0.3.31": 1799.6719, "10.0.2.172": 14277.296600000001, "10.0.3.3": 16295.2509, "10.0.3.21": 96653.7852, "10.0.2.142": 13248.6571, "10.0.3.18": 21587.3607, "10.0.2.53": 7192.2645, "10.0.2.65": 32372.764499999997, "10.0.2.112": 8995.9331, "10.0.3.38": 1799.0041, "10.0.1.99": 41479.27559999999, "10.0.1.102": 11624.4815, "10.0.3.50": 1799.9987, "10.0.2.144": 7007.6521, "10.0.3.13": 1799.6606, "10.0.3.61": 22271.2058, "10.0.3.58": 30555.6311, "10.0.3.66": 6928.9695, "10.0.2.46": 1799.0003, "10.0.3.42": 1797.999, "10.0.3.86": 15471.944800000001, "10.0.3.54": 2784.6419, "10.0.3.89": 39565.9578, "10.0.3.102": 1795.6414, "10.0.3.107": 2129.6572, "10.0.3.117": 9739.3027, "10.0.3.104": 3287.2598, "10.0.3.132": 8997.2664, "10.0.2.165": 1799.6437, "10.0.3.8": 1799.646}}, "\ud0d5\ud0d5\ud2b9\uacf5\ub300": {"localIpCount": 2, "localIpFrequency": {"10.0.3.109": 1, "10.0.2.162": 1}, "localIpTotalDuration": 1202.9978999999998, "localIpDuration": {"10.0.3.109": 611.9996, "10.0.2.162": 590.9983}}, "Minecraft": {"localIpCount": 3, "localIpFrequency": {"10.0.1.146": 2, "10.0.2.13": 1, "10.0.0.9": 1}, "localIpTotalDuration": 1891.0018, "localIpDuration": {"10.0.1.146": 1521.0006, "10.0.2.13": 338.0, "10.0.0.9": 32.0012}}, "DEEMO II": {"localIpCount": 1, "localIpFrequency": {"10.0.3.18": 1}, "localIpTotalDuration": 696.0015, "localIpDuration": {"10.0.3.18": 696.0015}}, "League of Legends: Wild Rift": {"localIpCount": 1, "localIpFrequency": {"10.0.2.144": 11}, "localIpTotalDuration": 13720.0163, "localIpDuration": {"10.0.2.144": 13720.0163}}, "Genshin Impact": {"localIpCount": 1, "localIpFrequency": {"10.0.0.9": 25}, "localIpTotalDuration": 10542.958999999999, "localIpDuration": {"10.0.0.9": 10542.958999999999}}, "Pok\u00e9mon GO": {"localIpCount": 3, "localIpFrequency": {"10.0.3.42": 1, "10.0.3.81": 1, "10.0.3.86": 1}, "localIpTotalDuration": 332.8927, "localIpDuration": {"10.0.3.42": 0.0, "10.0.3.81": 306.8976, "10.0.3.86": 25.9951}}, "WePlay - Party Game & Chat": {"localIpCount": 3, "localIpFrequency": {"10.0.3.86": 3, "10.0.3.58": 1, "10.0.3.145": 1}, "localIpTotalDuration": 2183.0145, "localIpDuration": {"10.0.3.86": 1210.0092, "10.0.3.58": 0.0, "10.0.3.145": 973.0053}}, "FIFA Mobile": {"localIpCount": 2, "localIpFrequency": {"10.0.2.162": 4, "10.0.3.79": 2}, "localIpTotalDuration": 2964.0018999999998, "localIpDuration": {"10.0.2.162": 1154.0002, "10.0.3.79": 1810.0017}}, "PUBG Mobile": {"localIpCount": 5, "localIpFrequency": {"10.0.3.31": 3, "10.0.3.42": 4, "10.0.3.54": 10, "10.0.3.94": 1, "10.0.3.56": 1}, "localIpTotalDuration": 15013.009900000005, "localIpDuration": {"10.0.3.31": 4013.0069000000003, "10.0.3.42": 3779.0025999999993, "10.0.3.54": 6154.0038, "10.0.3.94": 652.9986, "10.0.3.56": 413.998}}, "Clash Royale": {"localIpCount": 1, "localIpFrequency": {"10.0.2.255": 1}, "localIpTotalDuration": 869.9995, "localIpDuration": {"10.0.2.255": 869.9995}}, "KartRider Rush+": {"localIpCount": 1, "localIpFrequency": {"10.0.3.42": 5}, "localIpTotalDuration": 2072.0038000000004, "localIpDuration": {"10.0.3.42": 2072.0038000000004}}, "Brawl Stars": {"localIpCount": 4, "localIpFrequency": {"10.0.1.146": 2, "10.0.3.70": 1, "10.0.3.42": 2, "10.0.2.255": 1}, "localIpTotalDuration": 2818.0173000000004, "localIpDuration": {"10.0.1.146": 294.0068, "10.0.3.70": 919.9997, "10.0.3.42": 948.0055, "10.0.2.255": 656.0053}}, "Roblox (Game)": {"localIpCount": 27, "localIpFrequency": {"10.0.2.255": 23, "10.0.2.65": 8, "10.0.3.31": 1, "10.0.2.172": 5, "10.0.2.142": 16, "10.0.2.53": 6, "10.0.3.18": 9, "10.0.3.21": 45, "10.0.3.3": 9, "10.0.1.99": 14, "10.0.3.50": 2, "10.0.2.144": 7, "10.0.3.15": 1, "10.0.1.102": 4, "10.0.3.58": 4, "10.0.3.61": 9, "10.0.3.66": 4, "10.0.3.42": 3, "10.0.3.86": 5, "10.0.1.130": 1, "10.0.3.92": 1, "10.0.3.89": 21, "10.0.3.107": 1, "10.0.3.104": 2, "10.0.3.117": 1, "10.0.3.132": 1, "10.0.3.136": 1}, "localIpTotalDuration": 305917.6901999998, "localIpDuration": {"10.0.2.255": 34176.6881, "10.0.2.65": 13366.616100000001, "10.0.3.31": 1720.0, "10.0.2.172": 8075.9958, "10.0.2.142": 23933.0038, "10.0.2.53": 10084.6484, "10.0.3.18": 14601.0234, "10.0.3.21": 58896.94919999999, "10.0.3.3": 9683.024300000001, "10.0.1.99": 24235.0226, "10.0.3.50": 2099.007, "10.0.2.144": 11247.0023, "10.0.3.15": 1756.0032, "10.0.1.102": 6484.0009, "10.0.3.58": 7042.0164, "10.0.3.61": 14091.6154, "10.0.3.66": 5957.0116, "10.0.3.42": 4907.008699999999, "10.0.3.86": 6130.0156, "10.0.1.130": 1790.0046, "10.0.3.92": 630.0008, "10.0.3.89": 36778.0251, "10.0.3.107": 1556.0072, "10.0.3.104": 3541.9961, "10.0.3.117": 77.0021, "10.0.3.132": 1779.0016, "10.0.3.136": 1278.9999}}, "Hero Blaze: Three Kingdoms": {"localIpCount": 2, "localIpFrequency": {"10.0.1.186": 1, "10.0.0.155": 4}, "localIpTotalDuration": 3911.9987999999994, "localIpDuration": {"10.0.1.186": 137.9973, "10.0.0.155": 3774.0014999999994}}, "Free Fire": {"localIpCount": 2, "localIpFrequency": {"10.0.3.17": 3, "10.0.1.70": 1}, "localIpTotalDuration": 1029.9903, "localIpDuration": {"10.0.3.17": 1016.9904, "10.0.1.70": 12.9999}}, "Goddess of Victory: Nikke": {"localIpCount": 1, "localIpFrequency": {"10.0.3.90": 1}, "localIpTotalDuration": 1463.0018, "localIpDuration": {"10.0.3.90": 1463.0018}}, "\ucef4\ud22c\uc2a4\ud504\ub85c\uc57c\uad6cV22": {"localIpCount": 1, "localIpFrequency": {"10.0.1.146": 1}, "localIpTotalDuration": 116.9986, "localIpDuration": {"10.0.1.146": 116.9986}}, "Cookie Run: Kingdom": {"localIpCount": 2, "localIpFrequency": {"10.0.0.9": 12, "10.0.3.18": 2}, "localIpTotalDuration": 16640.9994, "localIpDuration": {"10.0.0.9": 13835.9986, "10.0.3.18": 2805.0008}}, "Odin: Valhalla Rising": {"localIpCount": 1, "localIpFrequency": {"10.0.0.128": 1}, "localIpTotalDuration": 53.9983, "localIpDuration": {"10.0.0.128": 53.9983}}}