{"ZEPETO": {"localIpCount": 1, "localIpFrequency": {"10.0.0.18": 5}, "localIpTotalDuration": 5883.9492, "localIpDuration": {"10.0.0.18": 5883.9492}}, "Roblox": {"localIpCount": 8, "localIpFrequency": {"10.0.3.19": 4, "10.0.3.30": 2, "10.0.0.4": 10, "10.0.0.5": 12, "10.0.0.17": 8, "10.0.0.18": 1, "10.0.0.19": 1, "10.0.0.36": 1}, "localIpTotalDuration": 174078.4961, "localIpDuration": {"10.0.3.19": 6760.9467, "10.0.3.30": 13476.8067, "10.0.0.4": 17923.514900000002, "10.0.0.5": 82219.0808, "10.0.0.17": 24624.786700000004, "10.0.0.18": 2023.8475, "10.0.0.19": 494.1173, "10.0.0.36": 26555.3955}}, "PUBG Mobile": {"localIpCount": 1, "localIpFrequency": {"10.0.3.20": 1}, "localIpTotalDuration": 194.9508, "localIpDuration": {"10.0.3.20": 194.9508}}, "Pok\u00e9mon GO": {"localIpCount": 1, "localIpFrequency": {"10.0.2.190": 2}, "localIpTotalDuration": 17390.7979, "localIpDuration": {"10.0.2.190": 17390.7979}}, "Roblox (Adopt Me!)": {"localIpCount": 8, "localIpFrequency": {"10.0.3.19": 4, "10.0.3.30": 1, "10.0.0.5": 6, "10.0.0.4": 4, "10.0.0.17": 2, "10.0.0.19": 1, "10.0.0.18": 3, "10.0.0.36": 2}, "localIpTotalDuration": 20052.727, "localIpDuration": {"10.0.3.19": 1746.8258999999998, "10.0.3.30": 1603.9998, "10.0.0.5": 3483.7135, "10.0.0.4": 4870.0155, "10.0.0.17": 2579.5106, "10.0.0.19": 1287.1021, "10.0.0.18": 4397.2017, "10.0.0.36": 84.3579}}, "Genshin Impact": {"localIpCount": 4, "localIpFrequency": {"10.0.1.62": 1, "10.0.3.32": 1, "10.0.0.9": 4, "10.0.0.12": 18}, "localIpTotalDuration": 41263.89719999999, "localIpDuration": {"10.0.1.62": 547.8478, "10.0.3.32": 1273.9494, "10.0.0.9": 11623.9987, "10.0.0.12": 27818.101300000002}}, "Hero Blaze: Three Kingdoms": {"localIpCount": 1, "localIpFrequency": {"10.0.1.34": 1}, "localIpTotalDuration": 29.0495, "localIpDuration": {"10.0.1.34": 29.0495}}}