{"Brawl Stars": {"localIpCount": 7, "localIpFrequency": {"10.0.0.68": 2, "10.0.7.226": 1, "10.0.8.13": 1, "10.0.4.236": 2, "10.0.7.110": 1, "10.0.8.236": 1, "10.0.8.48": 2}, "localIpTotalDuration": 9288.710399999998, "localIpDuration": {"10.0.0.68": 1841.0044, "10.0.7.226": 1638.0686, "10.0.8.13": 433.6051, "10.0.4.236": 1238.9629, "10.0.7.110": 1673.0531, "10.0.8.236": 448.0043, "10.0.8.48": 2016.012}}, "Minecraft": {"localIpCount": 2, "localIpFrequency": {"10.0.7.120": 9, "10.0.7.255": 2}, "localIpTotalDuration": 11808.9991, "localIpDuration": {"10.0.7.120": 8288.0057, "10.0.7.255": 3520.9934000000003}}, "ZEPETO": {"localIpCount": 1, "localIpFrequency": {"10.0.8.236": 2}, "localIpTotalDuration": 1420.9967, "localIpDuration": {"10.0.8.236": 1420.9967}}, "WePlay - Party Game & Chat": {"localIpCount": 1, "localIpFrequency": {"10.0.8.236": 1}, "localIpTotalDuration": 454.9969, "localIpDuration": {"10.0.8.236": 454.9969}}, "League of Legends: Wild Rift": {"localIpCount": 2, "localIpFrequency": {"10.0.8.189": 2, "10.0.7.83": 9}, "localIpTotalDuration": 15468.2878, "localIpDuration": {"10.0.8.189": 1196.9954, "10.0.7.83": 14271.2924}}, "Cookie Run: OvenBreak": {"localIpCount": 1, "localIpFrequency": {"10.0.4.236": 1}, "localIpTotalDuration": 406.0041, "localIpDuration": {"10.0.4.236": 406.0041}}, "Clash of Clan": {"localIpCount": 1, "localIpFrequency": {"10.0.3.7": 1}, "localIpTotalDuration": 679.0089, "localIpDuration": {"10.0.3.7": 679.0089}}, "Pok\u00e9mon GO": {"localIpCount": 1, "localIpFrequency": {"10.0.7.7": 1}, "localIpTotalDuration": 637.0155, "localIpDuration": {"10.0.7.7": 637.0155}}, "Cookie Run: Kingdom": {"localIpCount": 1, "localIpFrequency": {"10.0.8.175": 6}, "localIpTotalDuration": 8169.014699999999, "localIpDuration": {"10.0.8.175": 8169.014699999999}}, "FIFA ONLINE 4 M": {"localIpCount": 3, "localIpFrequency": {"10.0.7.91": 1, "10.0.4.32": 1, "10.0.6.199": 1}, "localIpTotalDuration": 371.0063, "localIpDuration": {"10.0.7.91": 140.001, "10.0.4.32": 139.9986, "10.0.6.199": 91.0067}}, "Roblox": {"localIpCount": 26, "localIpFrequency": {"10.0.1.245": 1, "10.0.6.73": 11, "10.0.8.62": 1, "10.0.8.6": 1, "10.0.8.54": 3, "10.0.8.199": 1, "10.0.0.68": 1, "10.0.8.154": 1, "10.0.7.111": 1, "10.0.7.255": 2, "10.0.7.192": 1, "10.0.8.198": 1, "10.0.8.81": 1, "10.0.8.13": 3, "10.0.8.214": 3, "10.0.6.92": 1, "10.0.7.110": 1, "10.0.1.43": 2, "10.0.7.91": 1, "10.0.8.217": 2, "10.0.8.178": 1, "10.0.8.223": 1, "10.0.8.237": 2, "10.0.6.99": 2, "10.0.7.35": 1, "10.0.8.243": 1}, "localIpTotalDuration": 84523.99179999999, "localIpDuration": {"10.0.1.245": 1798.6417, "10.0.6.73": 19772.0714, "10.0.8.62": 1798.609, "10.0.8.6": 1798.6344, "10.0.8.54": 5395.8496000000005, "10.0.8.199": 1798.6253, "10.0.0.68": 1798.5752, "10.0.8.154": 1798.6007, "10.0.7.111": 1798.6347, "10.0.7.255": 3597.2286, "10.0.7.192": 1798.6237, "10.0.8.198": 1798.6052, "10.0.8.81": 1798.6307, "10.0.8.13": 5397.597, "10.0.8.214": 5395.8492, "10.0.6.92": 1798.5874, "10.0.7.110": 1798.6344, "10.0.1.43": 3597.2250999999997, "10.0.7.91": 1798.6087, "10.0.8.217": 3597.2862999999998, "10.0.8.178": 1798.5908, "10.0.8.223": 1798.6164, "10.0.8.237": 3597.2290000000003, "10.0.6.99": 3597.1955, "10.0.7.35": 1798.6286, "10.0.8.243": 1798.6132}}, "PUBG Mobile": {"localIpCount": 1, "localIpFrequency": {"10.0.8.214": 3}, "localIpTotalDuration": 4493.6148, "localIpDuration": {"10.0.8.214": 4493.6148}}, "DRAGON BALL LEGENDS": {"localIpCount": 1, "localIpFrequency": {"10.0.7.84": 1}, "localIpTotalDuration": 140.0036, "localIpDuration": {"10.0.7.84": 140.0036}}, "Zombie High School": {"localIpCount": 1, "localIpFrequency": {"10.0.0.20": 1}, "localIpTotalDuration": 140.0116, "localIpDuration": {"10.0.0.20": 140.0116}}, "FIFA Mobile": {"localIpCount": 4, "localIpFrequency": {"10.0.7.91": 6, "10.0.8.199": 1, "10.0.4.32": 2, "10.0.3.69": 1}, "localIpTotalDuration": 10696.024800000001, "localIpDuration": {"10.0.7.91": 7917.0141, "10.0.8.199": 245.0022, "10.0.4.32": 2457.0116, "10.0.3.69": 76.9969}}}