{"Zombie High School": {"localIpCount": 1, "localIpFrequency": {"10.0.2.52": 1}, "localIpTotalDuration": 84.0016, "localIpDuration": {"10.0.2.52": 84.0016}}, "Random Dice: Defense": {"localIpCount": 1, "localIpFrequency": {"10.0.2.49": 1}, "localIpTotalDuration": 294.0064, "localIpDuration": {"10.0.2.49": 294.0064}}, "Genshin Impact": {"localIpCount": 1, "localIpFrequency": {"10.0.0.235": 6}, "localIpTotalDuration": 6663.999599999999, "localIpDuration": {"10.0.0.235": 6663.999599999999}}, "Ace Fishing Crew": {"localIpCount": 3, "localIpFrequency": {"10.0.0.12": 1, "10.0.1.169": 1, "10.0.0.63": 1}, "localIpTotalDuration": 1091.9981, "localIpDuration": {"10.0.0.12": 741.9986, "10.0.1.169": 174.9991, "10.0.0.63": 175.0004}}, "Honkai: Star Rail": {"localIpCount": 1, "localIpFrequency": {"10.0.2.3": 4}, "localIpTotalDuration": 1112.9995, "localIpDuration": {"10.0.2.3": 1112.9995}}, "PUBG Mobile": {"localIpCount": 5, "localIpFrequency": {"10.0.1.226": 2, "10.0.1.241": 3, "10.0.2.20": 1, "10.0.2.80": 1, "10.0.2.109": 1}, "localIpTotalDuration": 1407.0454000000002, "localIpDuration": {"10.0.1.226": 489.996, "10.0.1.241": 735.0, "10.0.2.20": 42.0006, "10.0.2.80": 140.0488, "10.0.2.109": 0.0}}, "DRAGON BALL LEGENDS": {"localIpCount": 1, "localIpFrequency": {"10.0.2.129": 2}, "localIpTotalDuration": 350.0085, "localIpDuration": {"10.0.2.129": 350.0085}}, "Clash Royale": {"localIpCount": 1, "localIpFrequency": {"10.0.1.243": 1}, "localIpTotalDuration": 14.0025, "localIpDuration": {"10.0.1.243": 14.0025}}, "Pok\u00e9mon Unite": {"localIpCount": 2, "localIpFrequency": {"10.0.0.61": 3, "10.0.1.112": 4}, "localIpTotalDuration": 5488.0142, "localIpDuration": {"10.0.0.61": 3479.0031, "10.0.1.112": 2009.0111}}, "FIFA ONLINE 4 M": {"localIpCount": 3, "localIpFrequency": {"10.0.0.87": 6, "10.0.2.125": 1, "10.0.2.145": 1}, "localIpTotalDuration": 1603.0078, "localIpDuration": {"10.0.0.87": 1435.0099, "10.0.2.125": 153.9998, "10.0.2.145": 13.9981}}, "KartRider Rush+": {"localIpCount": 2, "localIpFrequency": {"10.0.1.112": 2, "10.0.1.204": 2}, "localIpTotalDuration": 1854.9937, "localIpDuration": {"10.0.1.112": 83.99260000000001, "10.0.1.204": 1771.0011}}, "\ud0d5\ud0d5\ud2b9\uacf5\ub300": {"localIpCount": 2, "localIpFrequency": {"10.0.2.145": 2, "10.0.2.129": 1}, "localIpTotalDuration": 2016.0061, "localIpDuration": {"10.0.2.145": 413.0059, "10.0.2.129": 1603.0002}}, "Roblox (Game)": {"localIpCount": 74, "localIpFrequency": {"10.0.1.201": 19, "10.0.0.26": 8, "10.0.1.65": 4, "10.0.0.2": 10, "10.0.1.106": 2, "10.0.0.18": 13, "10.0.0.201": 2, "10.0.1.163": 1, "10.0.0.78": 2, "10.0.0.207": 1, "10.0.1.233": 4, "10.0.1.200": 2, "10.0.1.236": 1, "10.0.0.253": 1, "10.0.0.226": 1, "10.0.1.238": 1, "10.0.1.240": 1, "10.0.1.244": 1, "10.0.1.74": 1, "10.0.0.138": 6, "10.0.1.250": 9, "10.0.0.145": 9, "10.0.1.254": 1, "10.0.1.243": 1, "10.0.2.0": 3, "10.0.2.4": 1, "10.0.2.6": 1, "10.0.1.204": 4, "10.0.2.13": 2, "10.0.2.18": 1, "10.0.2.21": 1, "10.0.0.64": 19, "10.0.2.24": 1, "10.0.2.25": 4, "10.0.0.20": 1, "10.0.0.11": 1, "10.0.0.168": 1, "10.0.2.36": 1, "10.0.2.17": 1, "10.0.2.46": 1, "10.0.2.49": 1, "10.0.1.190": 2, "10.0.2.52": 1, "10.0.2.57": 1, "10.0.1.138": 1, "10.0.2.61": 4, "10.0.0.141": 1, "10.0.0.188": 4, "10.0.2.67": 1, "10.0.2.73": 1, "10.0.2.77": 2, "10.0.2.79": 20, "10.0.2.100": 1, "10.0.2.103": 4, "10.0.2.120": 1, "10.0.2.125": 4, "10.0.2.130": 1, "10.0.0.69": 1, "10.0.2.136": 1, "10.0.2.69": 2, "10.0.2.129": 2, "10.0.1.164": 1, "10.0.2.146": 1, "10.0.0.57": 1, "10.0.1.91": 4, "10.0.2.164": 1, "10.0.2.163": 1, "10.0.2.177": 4, "10.0.2.178": 1, "10.0.2.185": 1, "10.0.1.172": 1, "10.0.0.67": 1, "10.0.2.183": 1, "10.0.2.192": 1}, "localIpTotalDuration": 307764.0288, "localIpDuration": {"10.0.1.201": 28930.6321, "10.0.0.26": 9254.0103, "10.0.1.65": 3962.0199999999995, "10.0.0.2": 14316.1777, "10.0.1.106": 3562.9989, "10.0.0.18": 18408.8043, "10.0.0.201": 3507.0066, "10.0.1.163": 1756.9997, "10.0.0.78": 3569.6323, "10.0.0.207": 1679.5803, "10.0.1.233": 5396.0272, "10.0.1.200": 3366.9514, "10.0.1.236": 364.0039, "10.0.0.253": 84.0005, "10.0.0.226": 1064.0004, "10.0.1.238": 1519.0007, "10.0.1.240": 1141.0007, "10.0.1.244": 104.9997, "10.0.1.74": 1176.0007, "10.0.0.138": 8533.0627, "10.0.1.250": 9666.6391, "10.0.0.145": 13571.870300000002, "10.0.1.254": 1680.0007, "10.0.1.243": 21.0024, "10.0.2.0": 2954.6221, "10.0.2.4": 0.0019, "10.0.2.6": 1764.0024, "10.0.1.204": 6790.0064, "10.0.2.13": 2828.0099, "10.0.2.18": 1799.935, "10.0.2.21": 1784.9986, "10.0.0.64": 32500.979600000002, "10.0.2.24": 189.0095, "10.0.2.25": 2884.0111, "10.0.0.20": 595.0008, "10.0.0.11": 28.0031, "10.0.0.168": 77.0012, "10.0.2.36": 825.9998, "10.0.2.17": 1764.0018, "10.0.2.46": 140.0009, "10.0.2.49": 1588.9977, "10.0.1.190": 3584.0593, "10.0.2.52": 1568.0007, "10.0.2.57": 0.0033, "10.0.1.138": 1757.0016, "10.0.2.61": 6363.0015, "10.0.0.141": 1435.0, "10.0.0.188": 5634.647199999999, "10.0.2.67": 1652.0009, "10.0.2.73": 601.997, "10.0.2.77": 2751.0097, "10.0.2.79": 30715.642599999996, "10.0.2.100": 41.9997, "10.0.2.103": 5691.0044, "10.0.2.120": 167.9971, "10.0.2.125": 6531.0782, "10.0.2.130": 1358.0104, "10.0.0.69": 1777.9974, "10.0.2.136": 1798.6176, "10.0.2.69": 3569.9997000000003, "10.0.2.129": 3590.6174, "10.0.1.164": 1764.0114, "10.0.2.146": 1749.5906, "10.0.0.57": 1791.9725, "10.0.1.91": 6979.006299999999, "10.0.2.164": 1708.0, "10.0.2.163": 1567.9988, "10.0.2.177": 7006.1484, "10.0.2.178": 1735.6035, "10.0.2.185": 1610.002, "10.0.1.172": 1393.0012, "10.0.0.67": 1771.0002, "10.0.2.183": 1512.006, "10.0.2.192": 1434.9978}}, "HATSUNE MIKU: COLORFUL STAGE!": {"localIpCount": 2, "localIpFrequency": {"10.0.0.170": 1, "10.0.2.52": 2}, "localIpTotalDuration": 3303.9984999999997, "localIpDuration": {"10.0.0.170": 1652.0023, "10.0.2.52": 1651.9962}}, "Roblox": {"localIpCount": 67, "localIpFrequency": {"10.0.0.18": 15, "10.0.1.200": 3, "10.0.1.201": 16, "10.0.1.65": 11, "10.0.0.145": 50, "10.0.0.2": 14, "10.0.1.106": 2, "10.0.1.217": 1, "10.0.1.225": 1, "10.0.0.207": 1, "10.0.1.231": 3, "10.0.1.204": 7, "10.0.1.233": 5, "10.0.0.26": 46, "10.0.1.236": 4, "10.0.1.238": 2, "10.0.1.240": 2, "10.0.1.243": 3, "10.0.1.244": 1, "10.0.1.74": 1, "10.0.0.138": 16, "10.0.1.254": 1, "10.0.2.0": 2, "10.0.1.250": 3, "10.0.0.69": 1, "10.0.2.7": 1, "10.0.2.13": 3, "10.0.2.18": 1, "10.0.2.21": 1, "10.0.2.17": 4, "10.0.0.64": 11, "10.0.2.24": 1, "10.0.2.29": 1, "10.0.2.25": 5, "10.0.0.20": 1, "10.0.0.168": 1, "10.0.2.36": 1, "10.0.2.46": 1, "10.0.1.190": 1, "10.0.2.52": 1, "10.0.1.138": 1, "10.0.2.61": 2, "10.0.0.73": 1, "10.0.0.188": 2, "10.0.2.67": 3, "10.0.2.77": 2, "10.0.2.79": 13, "10.0.2.100": 1, "10.0.2.103": 1, "10.0.2.120": 1, "10.0.2.125": 5, "10.0.2.133": 1, "10.0.2.131": 1, "10.0.2.136": 1, "10.0.2.129": 5, "10.0.1.164": 3, "10.0.2.69": 2, "10.0.2.146": 1, "10.0.1.91": 6, "10.0.2.161": 1, "10.0.0.241": 1, "10.0.2.162": 1, "10.0.2.163": 3, "10.0.2.98": 1, "10.0.2.177": 2, "10.0.2.183": 1, "10.0.2.192": 1}, "localIpTotalDuration": 533864.7634, "localIpDuration": {"10.0.0.18": 26342.9318, "10.0.1.200": 5395.895, "10.0.1.201": 28779.3115, "10.0.1.65": 19785.3832, "10.0.0.145": 86350.25649999999, "10.0.0.2": 25084.896699999998, "10.0.1.106": 3597.2142, "10.0.1.217": 1798.6368, "10.0.1.225": 1798.6341, "10.0.0.207": 1798.6346, "10.0.1.231": 5081.2402999999995, "10.0.1.204": 12317.833400000001, "10.0.1.233": 8993.176899999999, "10.0.0.26": 82121.21259999998, "10.0.1.236": 5577.0205, "10.0.1.238": 3597.6348, "10.0.1.240": 1364.6122, "10.0.1.243": 5389.6455000000005, "10.0.1.244": 1798.6392, "10.0.1.74": 1413.6448, "10.0.0.138": 25446.689, "10.0.1.254": 1798.6117, "10.0.2.0": 3597.2923, "10.0.1.250": 5395.3057, "10.0.0.69": 1798.3366, "10.0.2.7": 1770.9994, "10.0.2.13": 4892.6408, "10.0.2.18": 1799.0032, "10.0.2.21": 1799.0019, "10.0.2.17": 7180.9013, "10.0.0.64": 19778.6741, "10.0.2.24": 272.6413, "10.0.2.29": 1505.0, "10.0.2.25": 8189.282, "10.0.0.20": 1798.6348, "10.0.0.168": 0.0, "10.0.2.36": 1078.0013,