{"Genshin Impact": {"localIpCount": 1, "localIpFrequency": {"10.0.0.9": 3}, "localIpTotalDuration": 849.0147, "localIpDuration": {"10.0.0.9": 849.0147}}, "PUBG Mobile": {"localIpCount": 1, "localIpFrequency": {"10.0.4.226": 1}, "localIpTotalDuration": 26.0004, "localIpDuration": {"10.0.4.226": 26.0004}}, "MIR4": {"localIpCount": 1, "localIpFrequency": {"10.0.2.189": 1}, "localIpTotalDuration": 369.9943, "localIpDuration": {"10.0.2.189": 369.9943}}, "Roblox (Game)": {"localIpCount": 13, "localIpFrequency": {"10.0.4.100": 4, "10.0.2.32": 2, "10.0.3.83": 2, "10.0.4.225": 1, "10.0.4.183": 1, "10.0.4.162": 1, "10.0.4.204": 4, "10.0.4.215": 1, "10.0.3.245": 3, "10.0.3.160": 6, "10.0.4.212": 1, "10.0.4.201": 3, "10.0.1.99": 2}, "localIpTotalDuration": 45629.105500000005, "localIpDuration": {"10.0.4.100": 5572.9978, "10.0.2.32": 2607.0053, "10.0.3.83": 1767.0073000000002, "10.0.4.225": 1719.0027, "10.0.4.183": 1479.0548, "10.0.4.162": 1733.0016, "10.0.4.204": 5165.013200000001, "10.0.4.215": 1799.0018, "10.0.3.245": 4762.0137, "10.0.3.160": 9754.0026, "10.0.4.212": 665.0018, "10.0.4.201": 5128.0052, "10.0.1.99": 3477.9977}}, "Roblox": {"localIpCount": 16, "localIpFrequency": {"10.0.4.212": 2, "10.0.4.223": 1, "10.0.2.32": 4, "10.0.1.183": 1, "10.0.3.83": 4, "10.0.4.183": 2, "10.0.4.204": 5, "10.0.4.206": 1, "10.0.1.99": 3, "10.0.3.160": 5, "10.0.3.245": 3, "10.0.3.132": 4, "10.0.4.209": 1, "10.0.4.162": 1, "10.0.4.100": 1, "10.0.1.102": 1}, "localIpTotalDuration": 65554.07500000001, "localIpDuration": {"10.0.4.212": 2181.0079, "10.0.4.223": 1798.0041, "10.0.2.32": 5878.9965, "10.0.1.183": 11.9966, "10.0.3.83": 7197.9514, "10.0.4.183": 3593.0059, "10.0.4.204": 8997.3211, "10.0.4.206": 1799.6447, "10.0.1.99": 5399.635, "10.0.3.160": 8915.2544, "10.0.3.245": 5388.0082999999995, "10.0.3.132": 7197.9368, "10.0.4.209": 1799.6649, "10.0.4.162": 1798.0016, "10.0.4.100": 1799.0011, "10.0.1.102": 1798.6447}}, "Cookie Run: Kingdom": {"localIpCount": 1, "localIpFrequency": {"10.0.0.9": 3}, "localIpTotalDuration": 3310.9998, "localIpDuration": {"10.0.0.9": 3310.9998}}, "FIFA Mobile": {"localIpCount": 2, "localIpFrequency": {"10.0.4.209": 1, "10.0.4.231": 1}, "localIpTotalDuration": 1557.994, "localIpDuration": {"10.0.4.209": 1556.9994, "10.0.4.231": 0.9946}}, "Pok\u00e9mon GO": {"localIpCount": 1, "localIpFrequency": {"10.0.0.9": 6}, "localIpTotalDuration": 6124.9994, "localIpDuration": {"10.0.0.9": 6124.9994}}}