{"Zombie High School": {"localIpCount": 2, "localIpFrequency": {"10.0.4.168": 1, "10.0.4.212": 1}, "localIpTotalDuration": 546.0241, "localIpDuration": {"10.0.4.168": 406.0072, "10.0.4.212": 140.0169}}, "Pok\u00e9mon Unite": {"localIpCount": 2, "localIpFrequency": {"10.0.0.201": 1, "10.0.2.185": 1}, "localIpTotalDuration": 1203.9976000000001, "localIpDuration": {"10.0.0.201": 286.9927, "10.0.2.185": 917.0049}}, "HATSUNE MIKU: COLORFUL STAGE!": {"localIpCount": 1, "localIpFrequency": {"10.0.5.79": 1}, "localIpTotalDuration": 315.0051, "localIpDuration": {"10.0.5.79": 315.0051}}, "TFT: Teamfight Tactics": {"localIpCount": 8, "localIpFrequency": {"10.0.4.56": 3, "10.0.4.26": 5, "10.0.3.177": 1, "10.0.0.130": 5, "10.0.0.165": 4, "10.0.5.129": 1, "10.0.3.162": 1, "10.0.0.117": 1}, "localIpTotalDuration": 18990.2298, "localIpDuration": {"10.0.4.56": 2162.6277, "10.0.4.26": 4746.0133000000005, "10.0.3.177": 391.9425, "10.0.0.130": 5782.0202, "10.0.0.165": 4074.0107, "10.0.5.129": 168.0062, "10.0.3.162": 0.0015, "10.0.0.117": 1665.6077}}, "PUBG Mobile": {"localIpCount": 9, "localIpFrequency": {"10.0.3.5": 23, "10.0.4.76": 1, "10.0.4.101": 1, "10.0.3.192": 1, "10.0.4.43": 3, "10.0.4.211": 1, "10.0.1.218": 3, "10.0.5.164": 3, "10.0.5.183": 1}, "localIpTotalDuration": 24339.121900000006, "localIpDuration": {"10.0.3.5": 17163.060699999998, "10.0.4.76": 238.0557, "10.0.4.101": 266.0021, "10.0.3.192": 252.0001, "10.0.4.43": 3220.0018, "10.0.4.211": 545.9998, "10.0.1.218": 637.3125, "10.0.5.164": 1736.6874, "10.0.5.183": 280.0018}}, "Clash of Clan": {"localIpCount": 2, "localIpFrequency": {"10.0.3.7": 21, "10.0.3.252": 1}, "localIpTotalDuration": 6020.1149, "localIpDuration": {"10.0.3.7": 5775.110099999999, "10.0.3.252": 245.0048}}, "Roblox": {"localIpCount": 88, "localIpFrequency": {"10.0.0.168": 17, "10.0.0.145": 20, "10.0.3.60": 10, "10.0.4.49": 10, "10.0.3.177": 3, "10.0.3.126": 6, "10.0.2.185": 10, "10.0.3.233": 2, "10.0.0.64": 12, "10.0.0.138": 5, "10.0.4.56": 11, "10.0.4.78": 1, "10.0.0.175": 7, "10.0.0.70": 3, "10.0.3.252": 4, "10.0.4.95": 1, "10.0.3.250": 3, "10.0.3.227": 2, "10.0.4.99": 4, "10.0.0.106": 4, "10.0.4.102": 1, "10.0.4.83": 4, "10.0.1.177": 1, "10.0.4.50": 4, "10.0.0.57": 1, "10.0.3.108": 4, "10.0.0.233": 10, "10.0.4.111": 1, "10.0.4.118": 3, "10.0.4.124": 4, "10.0.3.247": 3, "10.0.0.20": 1, "10.0.3.5": 3, "10.0.3.198": 1, "10.0.3.130": 1, "10.0.4.135": 1, "10.0.4.140": 1, "10.0.4.147": 1, "10.0.3.114": 3, "10.0.4.163": 2, "10.0.3.110": 1, "10.0.4.181": 1, "10.0.4.200": 1, "10.0.4.207": 1, "10.0.4.219": 1, "10.0.4.174": 7, "10.0.4.237": 1, "10.0.4.201": 1, "10.0.4.232": 1, "10.0.4.231": 11, "10.0.4.240": 1, "10.0.2.154": 1, "10.0.4.253": 3, "10.0.5.4": 2, "10.0.4.204": 3, "10.0.5.11": 1, "10.0.5.14": 1, "10.0.4.175": 1, "10.0.5.30": 1, "10.0.3.32": 1, "10.0.5.18": 1, "10.0.5.47": 1, "10.0.5.50": 5, "10.0.5.56": 1, "10.0.5.61": 3, "10.0.4.235": 11, "10.0.5.51": 13, "10.0.5.73": 3, "10.0.5.90": 1, "10.0.5.95": 1, "10.0.5.31": 2, "10.0.5.105": 2, "10.0.5.102": 2, "10.0.4.236": 8, "10.0.4.216": 2, "10.0.5.138": 1, "10.0.0.130": 2, "10.0.3.111": 1, "10.0.5.151": 1, "10.0.5.155": 3, "10.0.5.160": 2, "10.0.1.137": 1, "10.0.4.172": 4, "10.0.5.170": 1, "10.0.1.211": 2, "10.0.5.135": 1, "10.0.5.171": 5, "10.0.5.185": 1}, "localIpTotalDuration": 546658.4351, "localIpDuration": {"10.0.0.168": 30575.071900000003, "10.0.0.145": 35971.738000000005, "10.0.3.60": 17985.6582, "10.0.4.49": 17987.1951, "10.0.3.177": 5395.8534, "10.0.3.126": 10790.4488, "10.0.2.185": 17984.7421, "10.0.3.233": 3597.6002, "10.0.0.64": 21583.6162, "10.0.0.138": 8991.9078, "10.0.4.56": 19785.3111, "10.0.4.78": 1798.642, "10.0.0.175": 12589.799100000002, "10.0.0.70": 5388.3776, "10.0.3.252": 7194.8852, "10.0.4.95": 1798.6324, "10.0.3.250": 5388.4262, "10.0.3.227": 3598.0058, "10.0.4.99": 7193.679899999999, "10.0.0.106": 7194.5836, "10.0.4.102": 1791.6409, "10.0.4.83": 5465.5061, "10.0.1.177": 1799.0061, "10.0.4.50": 6907.5674, "10.0.0.57": 1798.642, "10.0.3.108": 7194.4804, "10.0.0.233": 17986.6391, "10.0.4.111": 1798.6689, "10.0.4.118": 5393.4692, "10.0.4.124": 7193.9166000000005, "10.0.3.247": 3597.2523, "10.0.0.20": 1798.6323, "10.0.3.5": 5395.89, "10.0.3.198": 1798.6177, "10.0.3.130": 1798.613, "10.0.4.135": 1798.6566, "10.0.4.140": 1798.602, "10.0.4.147": 1799.0081, "10.0.3.114": 5395.8738, "10.0.4.163": 3597.2061, "10.0.3.110": 1798.6385, "10.0.4.181": 1799.0071, "10.0.4.200": 1798.5787, "10.0.4.207": 1798.5844, "10.0.4.219": 1799.0141, "10.0.4.174": 12590.2936, "10.0.4.237": 1798.6113, "10.0.4.201": 1798.5766, "10.0.4.232": 1798.6047, "10.0.4.231": 19784.5098, "10.0.4.240": 1798.6307, "10.0.2.154": 1798.6299, "10.0.4.253": 5396.2586, "10.0.5.4": 3597.2443999999996, "10.0.4.204": 5388.8655, "10.0.5.11": 1798.634, "10.0.5.14": 1798.5943, "10.0.4.175": 1798.5886, "10.0.5.30": 1798.605, "10.0.3.32": 1798.5558, "10.0.5.18": 1799.6201, "10.0.5.47": 1798.593, "10.0.5.50": 8993.4453, "10.0.5.56": 1798.6328, "10.0.5.61": 5395.780199999999, "10.0.4.235": 19715.206299999998, "10.0.5.51": 21782.1823, "10.0.5.73": 5392.8603, "10.0.5.90": 1799.0131, "10.0.5.95": 1798.5621, "10.0.5.31": 3597.2502999999997, "10.0.5.105": 3597.6507, "10.0.5.102": 3597.2322999999997, "10.0.4.236": 14389.3825, "10.0.4.216": 3597.2556999999997, "10.0.5.138": 1798.634, "10.0.0.130": 3597.6457, "10.0.3.111": 1798.6249, "10.0.5.151": 1798.6372, "10.0.5.155": 5395.8299, "10.0.5.160": 3597.2606, "10.0.1.137": 1798.6323, "10.0.4.172": 7194.8634999999995, "10.0.5.170": 1798.6293, "10.0.1.211": 3597.6273, "10.0.5.135": 1798.5861, "10.0.5.171": 8993.0986, "10.0.5.185": 1798.6099}}, "ZEPETO": {"localIpCount": 2, "localIpFrequency": {"10.0.4.172": 4, "10.0.2.181": 1}, "localIpTotalDuration": 371.0147, "localIpDuration": {"10.0.4.172": 189.006, "10.0.2.181": 182.0087}}, "Roblox (Game)": {"localIpCount": 85, "localIpFrequency": {"10.0.3.177": 2, "10.0.4.38": 1, "10.0.3.60": 6, "10.0.2.185": 11, "10.0.4.50": 6, "10.0.0.175": 4, "10.0.0.168": 5, "10.0.0.64": 20, "10.0.3.247": 2, "10.0.2.125": 3, "10.0.4.56": 7, "10.0.4.49": 9, "10.0.0.138": 8, "10.0.3.5": 1, "10.0.0.145": 11, "10.0.3.142": 2, "10.0.3.250": 3, "10.0.4.83": 7, "10.0.0.106": 6, "10.0.4.99": 1, "10.0.3.252": 7, "10.0.3.150": 1, "10.0.3.108": 1, "10.0.0.233": 12, "10.0.4.78": 1, "10.0.4.112": 1, "10.0.4.81": 2, "10.0.4.124": 3, "10.0.0.70": 5, "10.0.3.126": 1, "10.0.3.198": 4, "10.0.3.130": 1, "10.0.4.135": 1, "10.0.4.141": 1, "10.0.3.163": 1, "10.0.4.154": 2, "10.0.0.147": 2, "10.0.4.159": 1, "10.0.0.57": 1, "10.0.3.32": 2, "10.0.4.174": 6, "10.0.4.200": 2, "10.0.4.209": 1, "10.0.3.109": 1, "10.0.4.201": 4, "10.0.4.240": 1, "10.0.4.253": 5, "10.0.3.235": 1, "10.0.4.231": 12, "10.0.5.5": 1, "10.0.4.184": 2, "10.0.5.11": 2, "10.0.5.18": 2, "10.0.5.31": 5, "10.0.5.13": 2, "10.0.5.51": 2, "10.0.3.69": 1, "10.0.4.204": 2, "10.0.4.235": 7, "10.0.5.87": 1, "10.0.4.42": 1, "10.0.5.95": 2, "10.0.5.61": 1, "10.0.5.112": 1, "10.0.5.105": 2, "10.0.5.102": 5, "10.0.5.125": 1, "10.0.5.73": 1, "10.0.5.124": 1, "10.0.0.130": 1, "10.0.5.140": 1, "10.0.5.50": 1, "10.0.5.126": 1, "10.0.3.111": 4, "10.0.4.198": 1, "10.0.4.236": 1, "10.0.5.155": 1, "10.0.3.112": 1, "10.0.1.137": 1, "10.0.0.2": 2, "10.0.4.172": 1, "10.0.5.170": 1, "10.0.5.174": 2, "10.0.5.171": 3, "10.0.4.32": 2}, "localIpTotalDuration": 432828.94740000006, "localIpDuration": {"10.0.3.177": 2737.0094, "10.0.4.38": 539.004, "10.0.3.60": 7349.6164, "10.0.2.185": 17255.2329, "10.0.4.50": 9268.4846, "10.0.0.175": 6972.4095, "10.0.0.168": 8623.6389, "10.0.0.64": 33760.41499999999, "10.0.3.247": 3472.0161, "10.0.2.125": 5186.6151, "10.0.4.56": 12061.0212, "10.0.4.49": 14476.023299999999, "10.0.0.138": 13334.6593, "10.0.3.5": 1792.0031, "10.0.0.145": 17660.2402, "10.0.3.142": 3247.996, "10.0.3.250": 4242.0094, "10.0.4.83": 9540.7184, "10.0.0.106": 9730.013, "10.0.4.99": 1462.9989, "10.0.3.252": 11647.634999999998, "10.0.3.150": 1799.008, "10.0.3.108": 1638.0025, "10.0.0.233": 20711.5116, "10.0.4.78": 1784.999,