{"New State Mobile": {"localIpCount": 1, "localIpFrequency": {"10.0.1.96": 2}, "localIpTotalDuration": 4027.1013, "localIpDuration": {"10.0.1.96": 4027.1013}}, "PUBG Mobile": {"localIpCount": 1, "localIpFrequency": {"10.0.1.163": 12}, "localIpTotalDuration": 32008.087100000004, "localIpDuration": {"10.0.1.163": 32008.087100000004}}, "Gunship Battle: Crypto Conflict": {"localIpCount": 2, "localIpFrequency": {"10.0.1.166": 1, "10.0.1.169": 4}, "localIpTotalDuration": 4682.8467, "localIpDuration": {"10.0.1.166": 928.0501, "10.0.1.169": 3754.7966}}, "Apex Legends Mobile": {"localIpCount": 1, "localIpFrequency": {"10.0.1.135": 2}, "localIpTotalDuration": 11866.507599999999, "localIpDuration": {"10.0.1.135": 11866.507599999999}}, "Genshin Impact": {"localIpCount": 1, "localIpFrequency": {"10.0.1.62": 11}, "localIpTotalDuration": 24493.933900000004, "localIpDuration": {"10.0.1.62": 24493.933900000004}}, "Hero Blaze: Three Kingdoms": {"localIpCount": 1, "localIpFrequency": {"10.0.1.34": 2}, "localIpTotalDuration": 42.5216, "localIpDuration": {"10.0.1.34": 42.5216}}, "Modern Combat": {"localIpCount": 1, "localIpFrequency": {"10.0.1.96": 1}, "localIpTotalDuration": 0.0001, "localIpDuration": {"10.0.1.96": 0.0001}}}