{"HATSUNE MIKU: COLORFUL STAGE!": {"localIpCount": 2, "localIpFrequency": {"10.0.1.90": 2, "10.0.9.62": 2}, "localIpTotalDuration": 2856.0085, "localIpDuration": {"10.0.1.90": 364.0168, "10.0.9.62": 2491.9917}}, "Random Dice: Defense": {"localIpCount": 1, "localIpFrequency": {"10.0.7.255": 1}, "localIpTotalDuration": 1106.0096, "localIpDuration": {"10.0.7.255": 1106.0096}}, "Roblox": {"localIpCount": 72, "localIpFrequency": {"10.0.1.245": 18, "10.0.6.73": 12, "10.0.8.62": 3, "10.0.8.6": 11, "10.0.8.54": 3, "10.0.8.199": 1, "10.0.0.68": 1, "10.0.8.154": 1, "10.0.7.111": 16, "10.0.7.255": 7, "10.0.7.192": 6, "10.0.8.198": 2, "10.0.8.81": 8, "10.0.8.13": 20, "10.0.8.214": 4, "10.0.6.92": 2, "10.0.7.110": 6, "10.0.1.43": 11, "10.0.7.91": 13, "10.0.8.217": 4, "10.0.8.178": 2, "10.0.8.223": 1, "10.0.8.237": 3, "10.0.6.99": 6, "10.0.7.35": 1, "10.0.8.243": 19, "10.0.7.226": 5, "10.0.8.169": 2, "10.0.8.208": 2, "10.0.4.135": 8, "10.0.7.137": 5, "10.0.8.3": 4, "10.0.7.136": 11, "10.0.9.7": 3, "10.0.8.164": 1, "10.0.7.187": 1, "10.0.7.224": 5, "10.0.7.167": 4, "10.0.6.174": 2, "10.0.3.109": 2, "10.0.9.32": 1, "10.0.9.20": 2, "10.0.9.6": 20, "10.0.4.163": 1, "10.0.9.5": 4, "10.0.0.170": 1, "10.0.7.48": 1, "10.0.9.67": 1, "10.0.0.70": 1, "10.0.9.28": 1, "10.0.9.74": 2, "10.0.3.112": 1, "10.0.7.33": 1, "10.0.9.80": 1, "10.0.8.48": 1, "10.0.8.182": 1, "10.0.0.90": 2, "10.0.9.93": 2, "10.0.8.31": 1, "10.0.7.157": 1, "10.0.9.107": 1, "10.0.1.90": 1, "10.0.8.215": 1, "10.0.9.63": 1, "10.0.1.44": 6, "10.0.9.34": 4, "10.0.1.65": 1, "10.0.0.2": 3, "10.0.9.127": 2, "10.0.8.187": 3, "10.0.1.59": 3, "10.0.9.135": 1}, "localIpTotalDuration": 538837.4953999999, "localIpDuration": {"10.0.1.245": 32368.308400000005, "10.0.6.73": 21571.0814, "10.0.8.62": 5388.8644, "10.0.8.6": 18896.962799999998, "10.0.8.54": 5395.8496000000005, "10.0.8.199": 1798.6253, "10.0.0.68": 1798.5752, "10.0.8.154": 1798.6007, "10.0.7.111": 28455.817099999997, "10.0.7.255": 12576.384600000001, "10.0.7.192": 10749.2726, "10.0.8.198": 3597.2237, "10.0.8.81": 14388.966299999998, "10.0.8.13": 29936.6508, "10.0.8.214": 7194.483, "10.0.6.92": 3597.2176, "10.0.7.110": 10792.8236, "10.0.1.43": 19784.841, "10.0.7.91": 23382.0835, "10.0.8.217": 7188.2926, "10.0.8.178": 3597.2209000000003, "10.0.8.223": 1798.6164, "10.0.8.237": 5395.8488, "10.0.6.99": 10790.907799999999, "10.0.7.35": 1798.6286, "10.0.8.243": 34162.1116, "10.0.7.226": 8985.606099999999, "10.0.8.169": 3597.202, "10.0.8.208": 3597.3104000000003, "10.0.4.135": 14389.3959, "10.0.7.137": 8993.083, "10.0.8.3": 7194.5525, "10.0.7.136": 19784.2506, "10.0.9.7": 5395.8586, "10.0.8.164": 1798.6321, "10.0.7.187": 1798.5768, "10.0.7.224": 8994.247299999999, "10.0.7.167": 7187.4478, "10.0.6.174": 3597.2247, "10.0.3.109": 3597.2733, "10.0.9.32": 1798.6354, "10.0.9.20": 3597.2498, "10.0.9.6": 35917.90320000001, "10.0.4.163": 1799.0076, "10.0.9.5": 2212.0065999999997, "10.0.0.170": 1799.0231, "10.0.7.48": 1799.0142, "10.0.9.67": 1553.6398, "10.0.0.70": 1792.0008, "10.0.9.28": 1798.6429, "10.0.9.74": 3485.2715, "10.0.3.112": 1798.6518, "10.0.7.33": 154.0027, "10.0.9.80": 1798.0351, "10.0.8.48": 1798.6044, "10.0.8.182": 1798.6171, "10.0.0.90": 2246.5826, "10.0.9.93": 3597.2042, "10.0.8.31": 1525.6397, "10.0.7.157": 917.004, "10.0.9.107": 1778.0028, "10.0.1.90": 1792.0022, "10.0.8.215": 1798.6244, "10.0.9.63": 1798.646, "10.0.1.44": 10792.1736, "10.0.9.34": 7194.346600000001, "10.0.1.65": 1798.5908, "10.0.0.2": 5395.8632, "10.0.9.127": 3597.1845000000003, "10.0.8.187": 5395.8868999999995, "10.0.1.59": 5395.9068, "10.0.9.135": 1798.6117}}, "FIFA Mobile": {"localIpCount": 11, "localIpFrequency": {"10.0.7.91": 11, "10.0.8.199": 1, "10.0.4.32": 2, "10.0.3.69": 1, "10.0.4.68": 1, "10.0.8.255": 1, "10.0.7.176": 35, "10.0.9.114": 1, "10.0.7.137": 1, "10.0.9.131": 9, "10.0.3.111": 1}, "localIpTotalDuration": 79470.3764, "localIpDuration": {"10.0.7.91": 13272.048200000001, "10.0.8.199": 245.0022, "10.0.4.32": 2457.0116, "10.0.3.69": 76.9969, "10.0.4.68": 1700.9995, "10.0.8.255": 272.9948, "10.0.7.176": 46297.34120000001, "10.0.9.114": 1211.013, "10.0.7.137": 1729.0155, "10.0.9.131": 10793.9723, "10.0.3.111": 1413.9812}}, "GUNS UP! Mobile": {"localIpCount": 1, "localIpFrequency": {"10.0.9.86": 1}, "localIpTotalDuration": 1273.9974, "localIpDuration": {"10.0.9.86": 1273.9974}}, "Clash of Clan": {"localIpCount": 2, "localIpFrequency": {"10.0.3.7": 24, "10.0.9.95": 1}, "localIpTotalDuration": 8434.436099999997, "localIpDuration": {"10.0.3.7": 6663.381400000001, "10.0.9.95": 1771.0547}}, "PUBG Mobile": {"localIpCount": 4, "localIpFrequency": {"10.0.8.214": 3, "10.0.8.13": 1, "10.0.0.121": 1, "10.0.7.150": 1}, "localIpTotalDuration": 6159.633500000001, "localIpDuration": {"10.0.8.214": 4493.6148, "10.0.8.13": 707.0068, "10.0.0.121": 517.9987, "10.0.7.150": 441.0132}}, "Cookie Run: Kingdom": {"localIpCount": 2, "localIpFrequency": {"10.0.8.175": 6, "10.0.8.81": 4}, "localIpTotalDuration": 11809.041299999999, "localIpDuration": {"10.0.8.175": 8169.014699999999, "10.0.8.81": 3640.0265999999997}}, "Cookie Run: OvenBreak": {"localIpCount": 1, "localIpFrequency": {"10.0.4.236": 1}, "localIpTotalDuration": 406.0041, "localIpDuration": {"10.0.4.236": 406.0041}}, "Minecraft": {"localIpCount": 4, "localIpFrequency": {"10.0.7.120": 9, "10.0.7.255": 2, "10.0.8.178": 1, "10.0.7.206": 1}, "localIpTotalDuration": 12089.010400000001, "localIpDuration": {"10.0.7.120": 8288.0057, "10.0.7.255": 3520.9934000000003, "10.0.8.178": 280.0113, "10.0.7.206": 0.0}}, "Goddess of Victory: Nikke": {"localIpCount": 1, "localIpFrequency": {"10.0.6.218": 1}, "localIpTotalDuration": 917.0048, "localIpDuration": {"10.0.6.218": 917.0048}}, "Pok\u00e9mon Unite": {"localIpCount": 1, "localIpFrequency": {"10.0.8.178": 1}, "localIpTotalDuration": 0.0, "localIpDuration": {"10.0.8.178": 0.0}}, "Genshin Impact": {"localIpCount": 1, "localIpFrequency": {"10.0.6.99": 1}, "localIpTotalDuration": 203.004, "localIpDuration": {"10.0.6.99": 203.004}}, "Free Fire": {"localIpCount": 1, "localIpFrequency": {"10.0.3.37": 1}, "localIpTotalDuration": 217.0119, "localIpDuration": {"10.0.3.37": 217.0119}}, "League of Legends: Wild Rift": {"localIpCount": 8, "localIpFrequency": {"10.0.8.189": 6, "10.0.7.83": 70, "10.0.0.117": 2, "10.0.3.46": 2, "10.0.8.73": 1, "10.0.9.25": 1, "10.0.9.41": 1, "10.0.9.42": 1}, "localIpTotalDuration": 99132.11479999997, "localIpDuration": {"10.0.8.189": 6593.9835, "10.0.7.83": 86742.00779999998, "10.0.0.117": 1785.0045, "10.0.3.46": 182.0075, "10.0.8.73": 315.1037, "10.0.9.25": 1799.0035, "10.0.9.41": 1533.0021, "10.0.9.42": 182.0022}}, "TFT: Teamfight Tactics": {"localIpCount": 5, "localIpFrequency": {"10.0.0.117": 9, "10.0.3.46": 4, "10.0.9.25": 1, "10.0.9.41": 6, "10.0.9.42": 2}, "localIpTotalDuration": 17052.7014, "localIpDuration": {"10.0.0.117": 8386.0411, "10.0.3.46": 1071.672, "10.0.9.25": 0.0002, "10.0.9.41": 5858.9936, "10.0.9.42": 1735.9945}}, "Brawl Stars": {"localIpCount": 24, "localIpFrequency": {"10.0.0.68": 2, "10.0.7.226": 12, "10.0.8.13": 8, "10.0.4.236": 6, "10.0.7.110": 3, "10.0.8.236": 1, "10.0.8.48": 3, "10.0.7.150": 3, "10.0.7.253": 2, "10.0.7.173": 1, "10.0.8.6": 2, "10.0.3.109": 1, "10.0.7.136": 1, "10.0.9.5": 2, "10.0.0.201": 6, "10.0.9.104": 1, "10.0.4.106": 1, "10.0.1.44": 1, "10.0.9.114": 1, "10.0.8.178": 5, "10.0.7.207": 1, "10.0.7.192": 1, "10.0.7.206": 1, "10.0.4.32": 1}, "localIpTotalDuration": 58574.0503, "localIpDuration": {"10.0.0.68": 1841.0044, "10.0.7.226": 6545.1086000000005, "10.0.8.13": 3652.6035, "10.0.4.236": 5794.627400000001, "10.0.7.110": 5166.0719, "10.0.8.236": 448.0043, "10.0.8.48": 2422.0184, "10.0.7.150": 2757.9988, "10.0.7.253": 2422.0616, "10.0.7.173": 840.0142, "10.0.8.6": 2366.0200999999997, "10.0.3.109": 700.0021, "10.0.7.136": 1798.9971, "10.0.9.5": 2289.0123, "10.0.0.201": 9415.0499, "10.0.9.104": 1547.0063, "10.0.4.106": 574.0037, "10.0.1.44": 0.0, "10.0.9.114": 153.9897, "10.0.8.178": 4032.0647, "10.0.7.207": 28.0086, "10.0.7.192": 1799.007,