{"ZEPETO": {"localIpCount": 1, "localIpFrequency": {"10.0.0.18": 15}, "localIpTotalDuration": 30774.2029, "localIpDuration": {"10.0.0.18": 30774.2029}}, "Hero Blaze: Three Kingdoms": {"localIpCount": 1, "localIpFrequency": {"10.0.0.69": 1}, "localIpTotalDuration": 30.5611, "localIpDuration": {"10.0.0.69": 30.5611}}, "Roblox (Adopt Me!)": {"localIpCount": 5, "localIpFrequency": {"10.0.0.49": 1, "10.0.0.17": 14, "10.0.0.18": 28, "10.0.0.36": 1, "10.0.0.5": 3}, "localIpTotalDuration": 47591.32629999999, "localIpDuration": {"10.0.0.49": 40.815, "10.0.0.17": 15990.325200000001, "10.0.0.18": 28453.4378, "10.0.0.36": 1479.1523, "10.0.0.5": 1627.596}}, "Roblox": {"localIpCount": 6, "localIpFrequency": {"10.0.0.49": 1, "10.0.0.17": 17, "10.0.0.18": 42, "10.0.0.36": 1, "10.0.0.4": 2, "10.0.0.5": 4}, "localIpTotalDuration": 248193.13890000002, "localIpDuration": {"10.0.0.49": 2814.3331, "10.0.0.17": 39566.678199999995, "10.0.0.18": 148814.39599999998, "10.0.0.36": 1800.6435, "10.0.0.4": 29250.1694, "10.0.0.5": 25946.918700000002}}, "Genshin Impact": {"localIpCount": 2, "localIpFrequency": {"10.0.0.12": 1, "10.0.0.9": 1}, "localIpTotalDuration": 3074.9978, "localIpDuration": {"10.0.0.12": 1419.9974, "10.0.0.9": 1655.0004}}}