{"Odin: Valhalla Rising": {"localIpCount": 1, "localIpFrequency": {"10.0.0.89": 1}, "localIpTotalDuration": 203.0285, "localIpDuration": {"10.0.0.89": 203.0285}}, "Mafia42: Mafia Party Game": {"localIpCount": 1, "localIpFrequency": {"10.0.12.137": 1}, "localIpTotalDuration": 27.9905, "localIpDuration": {"10.0.12.137": 27.9905}}, "League of Legends: Wild Rift": {"localIpCount": 2, "localIpFrequency": {"10.0.0.113": 1, "10.0.7.83": 21}, "localIpTotalDuration": 26418.6656, "localIpDuration": {"10.0.0.113": 1638.0236, "10.0.7.83": 24780.642000000003}}, "WePlay - Party Game & Chat": {"localIpCount": 2, "localIpFrequency": {"10.0.7.255": 3, "10.0.13.204": 2}, "localIpTotalDuration": 1183.0490999999997, "localIpDuration": {"10.0.7.255": 455.0571, "10.0.13.204": 727.992}}, "Pok\u00e9mon GO": {"localIpCount": 1, "localIpFrequency": {"10.0.8.55": 1}, "localIpTotalDuration": 811.9973, "localIpDuration": {"10.0.8.55": 811.9973}}, "Asphalt 9: Legends": {"localIpCount": 1, "localIpFrequency": {"10.0.12.94": 3}, "localIpTotalDuration": 3781.9752000000003, "localIpDuration": {"10.0.12.94": 3781.9752000000003}}, "Brawl Stars": {"localIpCount": 11, "localIpFrequency": {"10.0.7.253": 1, "10.0.0.168": 4, "10.0.0.113": 1, "10.0.13.173": 1, "10.0.8.55": 1, "10.0.7.50": 1, "10.0.10.230": 1, "10.0.9.53": 3, "10.0.9.245": 1, "10.0.13.143": 2, "10.0.12.96": 1}, "localIpTotalDuration": 18481.2233, "localIpDuration": {"10.0.7.253": 133.0012, "10.0.0.168": 5264.6967, "10.0.0.113": 1722.0379, "10.0.13.173": 1476.9941, "10.0.8.55": 1792.0206, "10.0.7.50": 1749.9988, "10.0.10.230": 1476.9978, "10.0.9.53": 2604.4572, "10.0.9.245": 595.0074, "10.0.13.143": 1631.0085, "10.0.12.96": 35.0031}}, "\ud0d5\ud0d5\ud2b9\uacf5\ub300": {"localIpCount": 1, "localIpFrequency": {"10.0.9.34": 1}, "localIpTotalDuration": 167.9876, "localIpDuration": {"10.0.9.34": 167.9876}}, "Minecraft": {"localIpCount": 4, "localIpFrequency": {"10.0.8.215": 1, "10.0.12.37": 2, "10.0.10.230": 1, "10.0.13.193": 1}, "localIpTotalDuration": 3605.0229000000004, "localIpDuration": {"10.0.8.215": 405.9866, "10.0.12.37": 1778.0079, "10.0.10.230": 1063.9908, "10.0.13.193": 357.0376}}, "Clash Royale": {"localIpCount": 2, "localIpFrequency": {"10.0.13.130": 1, "10.0.12.17": 1}, "localIpTotalDuration": 34.9987, "localIpDuration": {"10.0.13.130": 14.0004, "10.0.12.17": 20.9983}}, "Candy Crush Saga": {"localIpCount": 1, "localIpFrequency": {"10.0.12.8": 1}, "localIpTotalDuration": 328.998, "localIpDuration": {"10.0.12.8": 328.998}}, "Clash of Clan": {"localIpCount": 1, "localIpFrequency": {"10.0.3.7": 7}, "localIpTotalDuration": 1267.0392, "localIpDuration": {"10.0.3.7": 1267.0392}}, "Cookie Run: OvenBreak": {"localIpCount": 1, "localIpFrequency": {"10.0.4.236": 1}, "localIpTotalDuration": 483.0092, "localIpDuration": {"10.0.4.236": 483.0092}}, "Random Dice: Defense": {"localIpCount": 1, "localIpFrequency": {"10.0.13.208": 1}, "localIpTotalDuration": 1799.0208, "localIpDuration": {"10.0.13.208": 1799.0208}}, "FIFA Mobile": {"localIpCount": 5, "localIpFrequency": {"10.0.9.131": 1, "10.0.0.113": 1, "10.0.7.50": 1, "10.0.11.19": 3, "10.0.12.104": 1}, "localIpTotalDuration": 4220.9846, "localIpDuration": {"10.0.9.131": 475.9847, "10.0.0.113": 154.008, "10.0.7.50": 1231.9401, "10.0.11.19": 2037.056, "10.0.12.104": 321.9958}}, "PUBG Mobile": {"localIpCount": 7, "localIpFrequency": {"10.0.8.214": 1, "10.0.11.138": 1, "10.0.13.174": 1, "10.0.12.37": 1, "10.0.10.245": 3, "10.0.12.50": 1, "10.0.12.54": 1}, "localIpTotalDuration": 5564.966899999999, "localIpDuration": {"10.0.8.214": 230.9182, "10.0.11.138": 105.008, "10.0.13.174": 1456.022, "10.0.12.37": 489.9841, "10.0.10.245": 3283.0346, "10.0.12.50": 0.0, "10.0.12.54": 0.0}}, "Zombie High School": {"localIpCount": 1, "localIpFrequency": {"10.0.7.226": 3}, "localIpTotalDuration": 83.7835, "localIpDuration": {"10.0.7.226": 83.7835}}, "Roblox": {"localIpCount": 30, "localIpFrequency": {"10.0.12.195": 1, "10.0.13.98": 1, "10.0.7.137": 1, "10.0.13.91": 1, "10.0.12.137": 2, "10.0.7.203": 2, "10.0.9.34": 7, "10.0.13.172": 1, "10.0.7.48": 1, "10.0.13.175": 1, "10.0.1.65": 2, "10.0.9.7": 1, "10.0.13.189": 1, "10.0.11.13": 1, "10.0.7.193": 1, "10.0.13.173": 3, "10.0.13.191": 1, "10.0.12.96": 2, "10.0.13.125": 1, "10.0.9.245": 2, "10.0.8.81": 1, "10.0.4.236": 3, "10.0.13.100": 1, "10.0.10.77": 2, "10.0.7.255": 3, "10.0.4.180": 1, "10.0.13.212": 1, "10.0.13.34": 2, "10.0.6.174": 1, "10.0.12.189": 3}, "localIpTotalDuration": 90154.14589999999, "localIpDuration": {"10.0.12.195": 1799.034, "10.0.13.98": 1798.6234, "10.0.7.137": 1798.6313, "10.0.13.91": 1798.5861, "10.0.12.137": 3597.2072, "10.0.7.203": 3597.2740999999996, "10.0.9.34": 12037.8199, "10.0.13.172": 1798.6619, "10.0.7.48": 1798.6334, "10.0.13.175": 1799.0207, "10.0.1.65": 3598.6443, "10.0.9.7": 1798.6151, "10.0.13.189": 1798.5754, "10.0.11.13": 1798.921, "10.0.7.193": 1799.513, "10.0.13.173": 5396.1835, "10.0.13.191": 1798.602, "10.0.12.96": 3597.5926, "10.0.13.125": 1798.5747, "10.0.9.245": 3597.6196, "10.0.8.81": 1798.6046, "10.0.4.236": 5396.3364, "10.0.13.100": 1798.6255, "10.0.10.77": 3597.6201, "10.0.7.255": 5395.8676, "10.0.4.180": 1798.6344, "10.0.13.212": 1798.6301, "10.0.13.34": 2862.6165, "10.0.6.174": 1792.0021, "10.0.12.189": 5108.875400000001}}, "TFT: Teamfight Tactics": {"localIpCount": 1, "localIpFrequency": {"10.0.13.233": 1}, "localIpTotalDuration": 546.0026, "localIpDuration": {"10.0.13.233": 546.0026}}, "Tennis Clash": {"localIpCount": 1, "localIpFrequency": {"10.0.12.239": 2}, "localIpTotalDuration": 20.9897, "localIpDuration": {"10.0.12.239": 20.9897}}, "Modern Warships": {"localIpCount": 1, "localIpFrequency": {"10.0.8.214": 1}, "localIpTotalDuration": 35.005, "localIpDuration": {"10.0.8.214": 35.005}}, "Cookie Run: Kingdom": {"localIpCount": 3, "localIpFrequency": {"10.0.7.255": 1, "10.0.13.193": 1, "10.0.13.235": 1}, "localIpTotalDuration": 2330.9458999999997, "localIpDuration": {"10.0.7.255": 1784.9848, "10.0.13.193": 34.9677, "10.0.13.235": 510.9934}}, "HATSUNE MIKU: COLORFUL STAGE!": {"localIpCount": 1, "localIpFrequency": {"10.0.9.245": 1}, "localIpTotalDuration": 147.0038, "localIpDuration": {"10.0.9.245": 147.0038}}, "Free Fire": {"localIpCount": 1, "localIpFrequency": {"10.0.12.126": 1}, "localIpTotalDuration": 1175.9782, "localIpDuration": {"10.0.12.126": 1175.9782}}}