{"TFT: Teamfight Tactics": {"localIpCount": 1, "localIpFrequency": {"10.0.5.234": 1}, "localIpTotalDuration": 1099.009, "localIpDuration": {"10.0.5.234": 1099.009}}, "Modern Combat": {"localIpCount": 1, "localIpFrequency": {"10.0.2.181": 2}, "localIpTotalDuration": 322.0089, "localIpDuration": {"10.0.2.181": 322.0089}}, "Roblox": {"localIpCount": 19, "localIpFrequency": {"10.0.5.155": 3, "10.0.5.171": 20, "10.0.5.50": 6, "10.0.0.2": 1, "10.0.0.70": 1, "10.0.4.49": 2, "10.0.5.199": 5, "10.0.5.203": 2, "10.0.5.208": 1, "10.0.1.218": 2, "10.0.5.174": 1, "10.0.0.64": 1, "10.0.0.145": 8, "10.0.4.216": 1, "10.0.4.172": 1, "10.0.3.109": 2, "10.0.5.232": 6, "10.0.2.46": 1, "10.0.5.165": 1}, "localIpTotalDuration": 116895.63140000001, "localIpDuration": {"10.0.5.155": 5395.8839, "10.0.5.171": 35973.846900000004, "10.0.5.50": 10792.8065, "10.0.0.2": 1799.6526, "10.0.0.70": 1798.6031, "10.0.4.49": 3596.6665, "10.0.5.199": 8989.8045, "10.0.5.203": 3597.2621, "10.0.5.208": 1798.2947, "10.0.1.218": 3595.709, "10.0.5.174": 1798.628, "10.0.0.64": 1798.6538, "10.0.0.145": 14386.9022, "10.0.4.216": 1797.7284, "10.0.4.172": 1797.6901, "10.0.3.109": 3596.3427, "10.0.5.232": 10783.9396, "10.0.2.46": 1798.6153, "10.0.5.165": 1798.6015}}, "Minecraft": {"localIpCount": 1, "localIpFrequency": {"10.0.5.205": 1}, "localIpTotalDuration": 1281.0443, "localIpDuration": {"10.0.5.205": 1281.0443}}, "Roblox (Game)": {"localIpCount": 16, "localIpFrequency": {"10.0.0.64": 10, "10.0.5.155": 3, "10.0.0.113": 1, "10.0.5.189": 1, "10.0.5.191": 1, "10.0.5.171": 5, "10.0.5.50": 4, "10.0.2.185": 1, "10.0.4.49": 3, "10.0.5.199": 2, "10.0.0.188": 1, "10.0.0.70": 2, "10.0.1.218": 1, "10.0.5.221": 1, "10.0.0.145": 16, "10.0.5.165": 2}, "localIpTotalDuration": 87975.374, "localIpDuration": {"10.0.0.64": 15448.654299999998, "10.0.5.155": 4229.2166, "10.0.0.113": 1610.0015, "10.0.5.189": 1736.0051, "10.0.5.191": 1792.0025, "10.0.5.171": 8539.6267, "10.0.5.50": 7062.5461, "10.0.2.185": 1708.0019, "10.0.4.49": 5340.5909, "10.0.5.199": 3479.0042000000003, "10.0.0.188": 1771.013, "10.0.0.70": 3556.0197, "10.0.1.218": 1714.623, "10.0.5.221": 1778.0133, "10.0.0.145": 25172.0402, "10.0.5.165": 3038.015}}, "ZEPETO": {"localIpCount": 2, "localIpFrequency": {"10.0.4.172": 2, "10.0.2.181": 1}, "localIpTotalDuration": 728.0044, "localIpDuration": {"10.0.4.172": 728.0044, "10.0.2.181": 0.0}}, "WePlay - Party Game & Chat": {"localIpCount": 1, "localIpFrequency": {"10.0.5.199": 2}, "localIpTotalDuration": 609.0117, "localIpDuration": {"10.0.5.199": 609.0117}}, "Asphalt 9: Legends": {"localIpCount": 1, "localIpFrequency": {"10.0.2.181": 2}, "localIpTotalDuration": 734.9952000000001, "localIpDuration": {"10.0.2.181": 734.9952000000001}}, "KartRider Rush+": {"localIpCount": 1, "localIpFrequency": {"10.0.3.5": 1}, "localIpTotalDuration": 1064.0051, "localIpDuration": {"10.0.3.5": 1064.0051}}, "League of Legends: Wild Rift": {"localIpCount": 2, "localIpFrequency": {"10.0.5.171": 2, "10.0.5.234": 1}, "localIpTotalDuration": 1064.0017, "localIpDuration": {"10.0.5.171": 1049.9999, "10.0.5.234": 14.0018}}, "Clash of Clan": {"localIpCount": 1, "localIpFrequency": {"10.0.3.7": 14}, "localIpTotalDuration": 9323.7189, "localIpDuration": {"10.0.3.7": 9323.7189}}, "PUBG Mobile": {"localIpCount": 3, "localIpFrequency": {"10.0.5.183": 1, "10.0.1.218": 2, "10.0.3.5": 4}, "localIpTotalDuration": 1981.0412000000001, "localIpDuration": {"10.0.5.183": 447.9988, "10.0.1.218": 189.0134, "10.0.3.5": 1344.029}}, "\ud0d5\ud0d5\ud2b9\uacf5\ub300": {"localIpCount": 1, "localIpFrequency": {"10.0.4.236": 3}, "localIpTotalDuration": 1624.0023, "localIpDuration": {"10.0.4.236": 1624.0023}}, "Clash Royale": {"localIpCount": 2, "localIpFrequency": {"10.0.5.50": 3, "10.0.2.181": 1}, "localIpTotalDuration": 3359.6045, "localIpDuration": {"10.0.5.50": 3359.603, "10.0.2.181": 0.0015}}, "Honkai: Star Rail": {"localIpCount": 1, "localIpFrequency": {"10.0.0.86": 2}, "localIpTotalDuration": 294.0102, "localIpDuration": {"10.0.0.86": 294.0102}}, "Genshin Impact": {"localIpCount": 1, "localIpFrequency": {"10.0.2.3": 1}, "localIpTotalDuration": 224.0087, "localIpDuration": {"10.0.2.3": 224.0087}}, "Hero Blaze: Three Kingdoms": {"localIpCount": 1, "localIpFrequency": {"10.0.4.125": 2}, "localIpTotalDuration": 104.9991, "localIpDuration": {"10.0.4.125": 104.9991}}, "FIFA ONLINE 4 M": {"localIpCount": 1, "localIpFrequency": {"10.0.0.165": 1}, "localIpTotalDuration": 972.9988, "localIpDuration": {"10.0.0.165": 972.9988}}, "FIFA Mobile": {"localIpCount": 2, "localIpFrequency": {"10.0.0.113": 7, "10.0.4.67": 2}, "localIpTotalDuration": 7420.0321, "localIpDuration": {"10.0.0.113": 5180.0175, "10.0.4.67": 2240.0146}}, "Cookie Run: OvenBreak": {"localIpCount": 1, "localIpFrequency": {"10.0.4.236": 7}, "localIpTotalDuration": 8001.0007000000005, "localIpDuration": {"10.0.4.236": 8001.0007000000005}}, "Pok\u00e9mon GO": {"localIpCount": 1, "localIpFrequency": {"10.0.2.185": 2}, "localIpTotalDuration": 1204.0085, "localIpDuration": {"10.0.2.185": 1204.0085}}, "Brawl Stars": {"localIpCount": 4, "localIpFrequency": {"10.0.2.185": 1, "10.0.4.49": 3, "10.0.4.216": 3, "10.0.5.171": 1}, "localIpTotalDuration": 6579.933800000001, "localIpDuration": {"10.0.2.185": 238.0051, "10.0.4.49": 3318.0038999999997, "10.0.4.216": 2729.9184, "10.0.5.171": 294.0064}}}