{"Zombie High School": {"localIpCount": 2, "localIpFrequency": {"10.0.11.131": 2, "10.0.9.101": 2}, "localIpTotalDuration": 2261.0017, "localIpDuration": {"10.0.11.131": 28.0019, "10.0.9.101": 2232.9998}}, "Candy Crush Saga": {"localIpCount": 1, "localIpFrequency": {"10.0.12.8": 2}, "localIpTotalDuration": 924.5773999999999, "localIpDuration": {"10.0.12.8": 924.5773999999999}}, "ZEPETO": {"localIpCount": 1, "localIpFrequency": {"10.0.10.240": 10}, "localIpTotalDuration": 8497.862799999999, "localIpDuration": {"10.0.10.240": 8497.862799999999}}, "Among us": {"localIpCount": 1, "localIpFrequency": {"10.0.10.170": 3}, "localIpTotalDuration": 2178.0238, "localIpDuration": {"10.0.10.170": 2178.0238}}, "Hero Blaze: Three Kingdoms": {"localIpCount": 1, "localIpFrequency": {"10.0.0.163": 2}, "localIpTotalDuration": 0.0049, "localIpDuration": {"10.0.0.163": 0.0049}}, "Cookie Run: OvenBreak": {"localIpCount": 1, "localIpFrequency": {"10.0.4.236": 15}, "localIpTotalDuration": 13370.7176, "localIpDuration": {"10.0.4.236": 13370.7176}}, "TFT: Teamfight Tactics": {"localIpCount": 3, "localIpFrequency": {"10.0.12.16": 2, "10.0.12.17": 1, "10.0.11.237": 1}, "localIpTotalDuration": 1967.0072, "localIpDuration": {"10.0.12.16": 1652.0052, "10.0.12.17": 315.0001, "10.0.11.237": 0.0019}}, "Honkai: Star Rail": {"localIpCount": 1, "localIpFrequency": {"10.0.0.86": 4}, "localIpTotalDuration": 2870.2874, "localIpDuration": {"10.0.0.86": 2870.2874}}, "FIFA ONLINE 4 M": {"localIpCount": 2, "localIpFrequency": {"10.0.11.19": 3, "10.0.0.254": 6}, "localIpTotalDuration": 8847.5819, "localIpDuration": {"10.0.11.19": 146.99929999999998, "10.0.0.254": 8700.582600000002}}, "PUBG Mobile": {"localIpCount": 38, "localIpFrequency": {"10.0.10.246": 6, "10.0.11.39": 2, "10.0.11.60": 2, "10.0.10.245": 12, "10.0.11.94": 1, "10.0.11.108": 1, "10.0.11.114": 1, "10.0.11.116": 1, "10.0.11.118": 1, "10.0.11.138": 3, "10.0.11.143": 1, "10.0.11.130": 1, "10.0.11.157": 1, "10.0.10.252": 1, "10.0.11.195": 1, "10.0.11.197": 1, "10.0.11.206": 1, "10.0.11.214": 1, "10.0.11.218": 1, "10.0.11.223": 1, "10.0.11.254": 1, "10.0.12.9": 1, "10.0.12.10": 1, "10.0.12.12": 1, "10.0.3.40": 1, "10.0.12.29": 1, "10.0.11.255": 1, "10.0.11.194": 1, "10.0.11.239": 1, "10.0.12.54": 2, "10.0.12.58": 2, "10.0.12.64": 2, "10.0.12.80": 1, "10.0.12.98": 1, "10.0.12.109": 1, "10.0.12.111": 1, "10.0.12.37": 1, "10.0.12.129": 1}, "localIpTotalDuration": 44008.42610000001, "localIpDuration": {"10.0.10.246": 6832.0068, "10.0.11.39": 1273.9975, "10.0.11.60": 1799.0019, "10.0.10.245": 12033.043200000002, "10.0.11.94": 146.9998, "10.0.11.108": 91.0085, "10.0.11.114": 1435.0113, "10.0.11.116": 818.5974, "10.0.11.118": 168.0098, "10.0.11.138": 2870.0091, "10.0.11.143": 1134.0052, "10.0.11.130": 287.004, "10.0.11.157": 686.0017, "10.0.10.252": 301.0024, "10.0.11.195": 1728.9997, "10.0.11.197": 126.0046, "10.0.11.206": 811.9992, "10.0.11.214": 448.0008, "10.0.11.218": 272.9982, "10.0.11.223": 28.0026, "10.0.11.254": 168.0012, "10.0.12.9": 104.9996, "10.0.12.10": 181.9936, "10.0.12.12": 112.0018, "10.0.3.40": 455.0207, "10.0.12.29": 1477.0079, "10.0.11.255": 0.0124, "10.0.11.194": 0.0, "10.0.11.239": 112.0116, "10.0.12.54": 125.9908, "10.0.12.58": 2737.0076, "10.0.12.64": 1939.0048, "10.0.12.80": 160.9999, "10.0.12.98": 581.008, "10.0.12.109": 1798.9966, "10.0.12.111": 209.6007, "10.0.12.37": 448.0583, "10.0.12.129": 105.0069}}, "HATSUNE MIKU: COLORFUL STAGE!": {"localIpCount": 1, "localIpFrequency": {"10.0.11.131": 8}, "localIpTotalDuration": 5698.4857999999995, "localIpDuration": {"10.0.11.131": 5698.4857999999995}}, "League of Legends: Wild Rift": {"localIpCount": 6, "localIpFrequency": {"10.0.7.83": 101, "10.0.11.184": 1, "10.0.12.16": 1, "10.0.12.17": 1, "10.0.11.237": 1, "10.0.11.141": 2}, "localIpTotalDuration": 130149.13809999998, "localIpDuration": {"10.0.7.83": 128805.09069999997, "10.0.11.184": 349.9814, "10.0.12.16": 0.0, "10.0.12.17": 0.0028, "10.0.11.237": 27.9868, "10.0.11.141": 966.0763999999999}}, "Cookie Run: Kingdom": {"localIpCount": 8, "localIpFrequency": {"10.0.7.253": 1, "10.0.11.67": 1, "10.0.10.230": 1, "10.0.4.236": 2, "10.0.3.40": 2, "10.0.11.237": 4, "10.0.0.254": 1, "10.0.7.255": 4}, "localIpTotalDuration": 10787.424799999999, "localIpDuration": {"10.0.7.253": 1266.992, "10.0.11.67": 1063.9989, "10.0.10.230": 1624.0067, "10.0.4.236": 727.9931, "10.0.3.40": 1428.0020000000002, "10.0.11.237": 797.9849999999999, "10.0.0.254": 525.4104, "10.0.7.255": 3353.0366999999997}}, "Roblox": {"localIpCount": 69, "localIpFrequency": {"10.0.9.195": 1, "10.0.9.147": 6, "10.0.4.236": 11, "10.0.2.58": 1, "10.0.11.36": 1, "10.0.7.253": 8, "10.0.10.230": 10, "10.0.6.92": 12, "10.0.8.50": 1, "10.0.11.51": 2, "10.0.7.91": 2, "10.0.11.50": 8, "10.0.10.207": 1, "10.0.11.61": 1, "10.0.10.240": 1, "10.0.2.96": 3, "10.0.11.28": 3, "10.0.9.146": 1, "10.0.11.66": 1, "10.0.11.64": 1, "10.0.9.115": 2, "10.0.8.214": 1, "10.0.7.38": 1, "10.0.10.113": 1, "10.0.11.103": 1, "10.0.4.163": 14, "10.0.0.40": 8, "10.0.10.85": 1, "10.0.11.75": 3, "10.0.11.129": 1, "10.0.11.130": 1, "10.0.9.154": 8, "10.0.0.11": 2, "10.0.9.209": 1, "10.0.9.6": 15, "10.0.1.59": 5, "10.0.10.15": 4, "10.0.11.179": 1, "10.0.7.111": 9, "10.0.8.215": 22, "10.0.6.99": 5, "10.0.7.225": 15, "10.0.11.166": 1, "10.0.8.81": 5, "10.0.8.243": 1, "10.0.7.209": 1, "10.0.8.182": 10, "10.0.8.6": 22, "10.0.10.77": 13, "10.0.11.187": 1, "10.0.6.171": 1, "10.0.0.145": 2, "10.0.6.73": 2, "10.0.9.34": 9, "10.0.7.241": 1, "10.0.8.55": 3, "10.0.2.29": 2, "10.0.11.243": 3, "10.0.11.237": 3, "10.0.7.203": 4, "10.0.7.193": 1, "10.0.7.255": 3, "10.0.7.168": 1, "10.0.7.137": 2, "10.0.11.126": 1, "10.0.9.49": 4, "10.0.5.30": 1, "10.0.8.54": 1, "10.0.8.46": 1}, "localIpTotalDuration": 526251.0502, "localIpDuration": {"10.0.9.195": 1798.5983, "10.0.9.147": 10567.530400000001, "10.0.4.236": 18578.375700000004, "10.0.2.58": 1693.6071, "10.0.11.36": 1722.0103, "10.0.7.253": 14391.405200000001, "10.0.10.230": 17986.2117, "10.0.6.92": 21584.3994, "10.0.8.50": 1798.599, "10.0.11.51": 3597.2601, "10.0.7.91": 3597.5463, "10.0.11.50": 14382.754800000002, "10.0.10.207": 1798.604, "10.0.11.61": 1798.6357, "10.0.10.240": 1798.5887, "10.0.2.96": 5038.8765, "10.0.11.28": 4374.6156, "10.0.9.146": 1799.0181, "10.0.11.66": 1799.398, "10.0.11.64": 1798.6239, "10.0.9.115": 3597.2568, "10.0.8.214": 1798.4426, "10.0.7.38": 1798.636, "10.0.10.113": 1798.6112, "10.0.11.103": 1798.6113, "10.0.4.163": 25140.707000000002, "10.0.0.40": 14382.604000000001, "10.0.10.85": 1798.6348, "10.0.11.75": 4863.8605, "10.0.11.129": 1799.0045, "10.0.11.130": 1091.6223, "10.0.9.154": 14376.1345, "10.0.0.11": 3590.1867, "10.0.9.209": 1791.5783, "10.0.9.6": 26979.4507, "10.0.1.59": 8993.108699999999, "10.0.10.15": 7194.3988, "10.0.11.179": 1798.601, "10.0.7.111": 16187.520600000002, "10.0.8.215": 39571.1132, "10.0.6.99": 8993.9462, "10.0.7.225": 26979.265399999997, "10.0.11.166": 1799.015, "10.0.8.81": 8993.077000000001, "10.0.8.243": 1798.5997, "10.0.7.209": 1798.5733, "10.0.8.182": 17979.2755, "10.0.8.6": 39556.7422, "10.0.10.77": 23361.414099999998, "10.0.11.187": 1799.0302, "10.0.6.171": 1798.5498, "10.0.0.145": 3597.2062, "10.0.6.73": 3597.2393, "10.0.9.34": 16187.5635, "10.0.7.241": 1798.6229, "10.0.8.55": 5395.8506, "10.0.2.29": 3597.1579, "10.0.11.243": 5395.7758, "10.0.11.237": 5395.8822, "10.0.7.203": 7194.0358, "10.0.7.193": 1798.6448, "10.0.7.255": 5396.0659000000005, "10.0.7.168": 1798.6104, "10.0.7.137": 3597.2376999999997, "10.0.11.126": 1798.6011, "10.0.9.49": 7194.4973, "10.0.5.30": 1798.6351, "10.0.8.54": 1798.6388, "10.0.8.46": 1798.5542}}, "Brawl Stars": {"localIpCount": 21, "localIpFrequency": {"10.0.4.236": 2, "10.0.0.201": 2, "10.0.7.253": 22, "10.0.1.231": 1, "10.0.10.250": 1, "10.0.11.97": 1, "10.0.1.166": 3, "10.0.9.53": 5, "10.0.11.99": 2, "10.0.0.111": 1, "10.0.4.163": 1, "10.0.11.241": 1, "10.0.7.176": 2, "10.0.3.40": 1, "10.0.9.34": 3, "10.0.4.49": 4, "10.0.4.56": 1, "10.0.7.168": 1, "10.0.8.46": 1,