{"HATSUNE MIKU: COLORFUL STAGE!": {"localIpCount": 1, "localIpFrequency": {"10.0.1.239": 12}, "localIpTotalDuration": 11876.008099999997, "localIpDuration": {"10.0.1.239": 11876.008099999997}}, "FIFA Mobile": {"localIpCount": 6, "localIpFrequency": {"10.0.5.34": 28, "10.0.5.163": 1, "10.0.6.56": 1, "10.0.6.59": 1, "10.0.3.213": 1, "10.0.6.76": 1}, "localIpTotalDuration": 35706.98990000001, "localIpDuration": {"10.0.5.34": 30036.9679, "10.0.5.163": 1359.0053, "10.0.6.56": 1693.0096, "10.0.6.59": 1633.0033, "10.0.3.213": 505.004, "10.0.6.76": 479.9998}}, "Ni no Kuni: Cross Worlds": {"localIpCount": 1, "localIpFrequency": {"10.0.1.85": 2}, "localIpTotalDuration": 83.0035, "localIpDuration": {"10.0.1.85": 83.0035}}, "Genshin Impact": {"localIpCount": 1, "localIpFrequency": {"10.0.5.125": 1}, "localIpTotalDuration": 448.9982, "localIpDuration": {"10.0.5.125": 448.9982}}, "League of Legends: Wild Rift": {"localIpCount": 4, "localIpFrequency": {"10.0.5.50": 2, "10.0.2.189": 1, "10.0.6.71": 1, "10.0.3.28": 1}, "localIpTotalDuration": 1390.0012000000002, "localIpDuration": {"10.0.5.50": 940.9953, "10.0.2.189": 31.0012, "10.0.6.71": 393.002, "10.0.3.28": 25.0027}}, "Among us": {"localIpCount": 1, "localIpFrequency": {"10.0.4.204": 4}, "localIpTotalDuration": 6366.0018, "localIpDuration": {"10.0.4.204": 6366.0018}}, "Hero Blaze: Three Kingdoms": {"localIpCount": 1, "localIpFrequency": {"10.0.1.186": 2}, "localIpTotalDuration": 270.0024, "localIpDuration": {"10.0.1.186": 270.0024}}, "Pok\u00e9mon Unite": {"localIpCount": 1, "localIpFrequency": {"10.0.3.185": 1}, "localIpTotalDuration": 1747.9998, "localIpDuration": {"10.0.3.185": 1747.9998}}, "Gunship Battle: Crypto Conflict": {"localIpCount": 1, "localIpFrequency": {"10.0.0.44": 1}, "localIpTotalDuration": 0.0, "localIpDuration": {"10.0.0.44": 0.0}}, "KartRider Rush+": {"localIpCount": 1, "localIpFrequency": {"10.0.6.47": 1}, "localIpTotalDuration": 0.0, "localIpDuration": {"10.0.6.47": 0.0}}, "Pok\u00e9mon GO": {"localIpCount": 2, "localIpFrequency": {"10.0.0.13": 1, "10.0.3.185": 5}, "localIpTotalDuration": 8106.9964, "localIpDuration": {"10.0.0.13": 587.9971, "10.0.3.185": 7518.9992999999995}}, "Roblox": {"localIpCount": 39, "localIpFrequency": {"10.0.2.142": 11, "10.0.5.33": 14, "10.0.5.42": 52, "10.0.6.21": 2, "10.0.5.181": 25, "10.0.5.80": 4, "10.0.4.84": 18, "10.0.1.102": 2, "10.0.5.34": 6, "10.0.1.99": 30, "10.0.6.27": 1, "10.0.4.204": 5, "10.0.4.14": 1, "10.0.5.55": 1, "10.0.5.39": 10, "10.0.2.117": 1, "10.0.1.180": 1, "10.0.5.225": 1, "10.0.6.47": 29, "10.0.6.50": 7, "10.0.3.148": 5, "10.0.3.132": 2, "10.0.6.67": 1, "10.0.3.104": 1, "10.0.6.69": 5, "10.0.3.95": 1, "10.0.2.32": 1, "10.0.6.65": 2, "10.0.6.76": 2, "10.0.6.71": 1, "10.0.6.85": 2, "10.0.6.88": 1, "10.0.6.91": 1, "10.0.5.79": 1, "10.0.5.67": 1, "10.0.6.97": 3, "10.0.5.104": 1, "10.0.4.31": 1, "10.0.6.102": 1}, "localIpTotalDuration": 429362.1373999998, "localIpDuration": {"10.0.2.142": 19792.4474, "10.0.5.33": 24751.011500000004, "10.0.5.42": 88727.55639999999, "10.0.6.21": 3598.2434999999996, "10.0.5.181": 41410.0302, "10.0.5.80": 7190.234200000001, "10.0.4.84": 31779.4516, "10.0.1.102": 3599.9955, "10.0.5.34": 10793.882800000001, "10.0.1.99": 52250.0297, "10.0.6.27": 1792.0007, "10.0.4.204": 8994.234900000001, "10.0.4.14": 1798.6343, "10.0.5.55": 1798.9938, "10.0.5.39": 15532.248599999999, "10.0.2.117": 1798.5845, "10.0.1.180": 1244.6218, "10.0.5.225": 1236.0065, "10.0.6.47": 48124.29009999999, "10.0.6.50": 12593.682499999999, "10.0.3.148": 7312.645600000001, "10.0.3.132": 2289.0043, "10.0.6.67": 1794.0023, "10.0.3.104": 37.9988, "10.0.6.69": 8985.6401, "10.0.3.95": 1799.9988, "10.0.2.32": 879.6339, "10.0.6.65": 1945.2675000000002, "10.0.6.76": 2199.0, "10.0.6.71": 1789.0032, "10.0.6.85": 3551.005, "10.0.6.88": 1798.0042, "10.0.6.91": 1798.615, "10.0.5.79": 1799.6048, "10.0.5.67": 1792.0007, "10.0.6.97": 5387.2671, "10.0.5.104": 1799.6259, "10.0.4.31": 1798.6468, "10.0.6.102": 1798.9929}}, "Roblox (Game)": {"localIpCount": 40, "localIpFrequency": {"10.0.2.142": 10, "10.0.5.33": 17, "10.0.5.42": 22, "10.0.6.21": 2, "10.0.4.84": 10, "10.0.1.180": 3, "10.0.1.99": 10, "10.0.5.181": 20, "10.0.4.204": 3, "10.0.2.117": 2, "10.0.5.55": 1, "10.0.5.80": 1, "10.0.5.39": 8, "10.0.5.225": 1, "10.0.6.47": 14, "10.0.6.50": 3, "10.0.6.54": 2, "10.0.6.58": 1, "10.0.6.27": 1, "10.0.3.148": 3, "10.0.3.132": 2, "10.0.6.67": 1, "10.0.6.69": 6, "10.0.3.95": 1, "10.0.1.102": 1, "10.0.2.32": 1, "10.0.6.65": 3, "10.0.6.76": 3, "10.0.6.82": 1, "10.0.6.71": 2, "10.0.6.85": 1, "10.0.6.88": 1, "10.0.6.91": 1, "10.0.3.62": 1, "10.0.3.160": 1, "10.0.6.94": 1, "10.0.6.96": 1, "10.0.5.34": 1, "10.0.4.31": 1, "10.0.6.102": 1}, "localIpTotalDuration": 213618.9542000001, "localIpDuration": {"10.0.2.142": 16370.2943, "10.0.5.33": 28192.0236, "10.0.5.42": 31048.057800000002, "10.0.6.21": 2154.0025, "10.0.4.84": 10176.011199999999, "10.0.1.180": 3815.9977999999996, "10.0.1.99": 14421.020799999998, "10.0.5.181": 32769.0356, "10.0.4.204": 4636.0077, "10.0.2.117": 1918.9959999999999, "10.0.5.55": 712.9965, "10.0.5.80": 1783.0006, "10.0.5.39": 9662.0137, "10.0.5.225": 112.0047, "10.0.6.47": 16063.039299999999, "10.0.6.50": 4197.9821, "10.0.6.54": 2060.0155, "10.0.6.58": 1535.9982, "10.0.6.27": 755.003, "10.0.3.148": 991.0079000000001, "10.0.3.132": 891.0026, "10.0.6.67": 340.001, "10.0.6.69": 9120.0095, "10.0.3.95": 1229.0023, "10.0.1.102": 1796.0019, "10.0.2.32": 117.0059, "10.0.6.65": 2435.0017, "10.0.6.76": 1838.0045, "10.0.6.82": 0.0, "10.0.6.71": 2.0055, "10.0.6.85": 778.0058, "10.0.6.88": 1691.9998, "10.0.6.91": 1336.0002, "10.0.3.62": 1298.0036, "10.0.3.160": 30.0101, "10.0.6.94": 1751.992, "10.0.6.96": 1738.007, "10.0.5.34": 1645.3922, "10.0.4.31": 1784.9958, "10.0.6.102": 422.004}}, "Minecraft": {"localIpCount": 4, "localIpFrequency": {"10.0.1.99": 5, "10.0.6.69": 1, "10.0.4.204": 2, "10.0.5.101": 1}, "localIpTotalDuration": 9666.016800000001, "localIpDuration": {"10.0.1.99": 6177.0037, "10.0.6.69": 20.0018, "10.0.4.204": 3143.9988000000003, "10.0.5.101": 325.0125}}, "The Lord of the Rings: War": {"localIpCount": 1, "localIpFrequency": {"10.0.5.95": 3}, "localIpTotalDuration": 3342.9897, "localIpDuration": {"10.0.5.95": 3342.9897}}, "New State Mobile": {"localIpCount": 1, "localIpFrequency": {"10.0.5.26": 1}, "localIpTotalDuration": 444.0001, "localIpDuration": {"10.0.5.26": 444.0001}}, "PUBG Mobile": {"localIpCount": 6, "localIpFrequency": {"10.0.4.113": 1, "10.0.6.41": 1, "10.0.4.226": 8, "10.0.5.236": 1, "10.0.6.72": 1, "10.0.3.190": 1}, "localIpTotalDuration": 9461.001299999998, "localIpDuration": {"10.0.4.113": 233.9932, "10.0.6.41": 1644.0, "10.0.4.226": 6027.0078, "10.0.5.236": 519.0018, "10.0.6.72": 532.9948, "10.0.3.190": 504.0037}}, "Free Fire": {"localIpCount": 2, "localIpFrequency": {"10.0.4.226": 1, "10.0.6.42": 1}, "localIpTotalDuration": 373.00249999999994, "localIpDuration": {"10.0.4.226": 258.0035, "10.0.6.42": 114.999}}, "FIFA ONLINE 4 M": {"localIpCount": 4, "localIpFrequency": {"10.0.5.16": 1, "10.0.5.130": 6, "10.0.5.210": 3, "10.0.5.34": 1}, "localIpTotalDuration": 10443.9213, "localIpDuration": {"10.0.5.16": 0.0026, "10.0.5.130": 5241.9361, "10.0.5.210": 4918.9789, "10.0.5.34": 283.0037}}, "Ninja Must Die": {"localIpCount": 1, "localIpFrequency": {"10.0.6.71": 3}, "localIpTotalDuration": 0.0191, "localIpDuration": {"10.0.6.71": 0.0191}}, "Brawl Stars": {"localIpCount": 3, "localIpFrequency": {"10.0.6.5": 7, "10.0.5.34": 10, "10.0.6.47": 2}, "localIpTotalDuration": 18508.0334, "localIpDuration": {"10.0.6.5": 8099.0127999999995, "10.0.5.34": 8065.0182, "10.0.6.47": 2344.0024000000003}}}