{"Cookie Run: Kingdom": {"localIpCount": 1, "localIpFrequency": {"10.0.0.9": 1}, "localIpTotalDuration": 532.9969, "localIpDuration": {"10.0.0.9": 532.9969}}, "League of Legends: Wild Rift": {"localIpCount": 1, "localIpFrequency": {"10.0.5.50": 1}, "localIpTotalDuration": 724.9994, "localIpDuration": {"10.0.5.50": 724.9994}}, "PUBG Mobile": {"localIpCount": 1, "localIpFrequency": {"10.0.5.70": 1}, "localIpTotalDuration": 421.9956, "localIpDuration": {"10.0.5.70": 421.9956}}, "Brawl Stars": {"localIpCount": 1, "localIpFrequency": {"10.0.3.89": 1}, "localIpTotalDuration": 1186.0045, "localIpDuration": {"10.0.3.89": 1186.0045}}, "Clash of Clan": {"localIpCount": 1, "localIpFrequency": {"10.0.5.32": 8}, "localIpTotalDuration": 303.00070000000005, "localIpDuration": {"10.0.5.32": 303.00070000000005}}, "Roblox (Game)": {"localIpCount": 13, "localIpFrequency": {"10.0.4.110": 1, "10.0.4.185": 2, "10.0.3.95": 2, "10.0.2.142": 15, "10.0.5.42": 3, "10.0.4.204": 6, "10.0.3.187": 4, "10.0.4.201": 3, "10.0.3.149": 1, "10.0.1.219": 3, "10.0.5.9": 1, "10.0.1.99": 1, "10.0.3.132": 1}, "localIpTotalDuration": 64903.04570000001, "localIpDuration": {"10.0.4.110": 718.0014, "10.0.4.185": 1813.0045, "10.0.3.95": 1572.9971, "10.0.2.142": 24420.0355, "10.0.5.42": 3804.0121, "10.0.4.204": 10187.0046, "10.0.3.187": 6295.005099999999, "10.0.4.201": 4684.992200000001, "10.0.3.149": 1708.0059, "10.0.1.219": 4309.9974, "10.0.5.9": 1790.0032, "10.0.1.99": 1799.9975, "10.0.3.132": 1799.9892}}, "HATSUNE MIKU: COLORFUL STAGE!": {"localIpCount": 2, "localIpFrequency": {"10.0.5.88": 1, "10.0.3.189": 2}, "localIpTotalDuration": 1871.0130000000001, "localIpDuration": {"10.0.5.88": 138.001, "10.0.3.189": 1733.0120000000002}}, "Pok\u00e9mon GO": {"localIpCount": 1, "localIpFrequency": {"10.0.5.39": 1}, "localIpTotalDuration": 278.0025, "localIpDuration": {"10.0.5.39": 278.0025}}, "Roblox": {"localIpCount": 18, "localIpFrequency": {"10.0.1.99": 4, "10.0.4.185": 2, "10.0.3.95": 11, "10.0.5.42": 3, "10.0.2.142": 4, "10.0.4.204": 9, "10.0.1.151": 1, "10.0.3.187": 1, "10.0.5.80": 1, "10.0.4.201": 4, "10.0.4.245": 3, "10.0.1.227": 1, "10.0.5.50": 2, "10.0.5.9": 1, "10.0.4.196": 1, "10.0.5.90": 1, "10.0.1.219": 1, "10.0.5.89": 3}, "localIpTotalDuration": 95123.33370000002, "localIpDuration": {"10.0.1.99": 7199.2742, "10.0.4.185": 3593.3006, "10.0.3.95": 19783.2275, "10.0.5.42": 5378.0064999999995, "10.0.2.142": 7197.219999999999, "10.0.4.204": 16188.2286, "10.0.1.151": 1799.0016, "10.0.3.187": 1797.6517, "10.0.5.80": 1794.6598, "10.0.4.201": 7193.3081999999995, "10.0.4.245": 5395.2764, "10.0.1.227": 1798.6334, "10.0.5.50": 3599.2974999999997, "10.0.5.9": 1799.6404, "10.0.4.196": 1798.6582, "10.0.5.90": 1799.6216, "10.0.1.219": 1672.6638, "10.0.5.89": 5335.6637}}, "Genshin Impact": {"localIpCount": 3, "localIpFrequency": {"10.0.5.72": 3, "10.0.3.104": 2, "10.0.0.9": 1}, "localIpTotalDuration": 1435.6529, "localIpDuration": {"10.0.5.72": 1019.6441, "10.0.3.104": 135.00990000000002, "10.0.0.9": 280.9989}}}