{"Genshin Impact": {"localIpCount": 4, "localIpFrequency": {"10.0.7.56": 1, "10.0.5.125": 1, "10.0.7.98": 1, "10.0.7.131": 1}, "localIpTotalDuration": 1824.6356999999998, "localIpDuration": {"10.0.7.56": 0.0032, "10.0.5.125": 0.0041, "10.0.7.98": 285.0022, "10.0.7.131": 1539.6262}}, "Minecraft": {"localIpCount": 2, "localIpFrequency": {"10.0.5.34": 1, "10.0.7.129": 7}, "localIpTotalDuration": 10879.6426, "localIpDuration": {"10.0.5.34": 939.9989, "10.0.7.129": 9939.6437}}, "Gunship Battle: Crypto Conflict": {"localIpCount": 1, "localIpFrequency": {"10.0.0.85": 1}, "localIpTotalDuration": 260.0027, "localIpDuration": {"10.0.0.85": 260.0027}}, "FIFA ONLINE 4 M": {"localIpCount": 4, "localIpFrequency": {"10.0.4.127": 1, "10.0.5.148": 2, "10.0.5.34": 6, "10.0.7.129": 1}, "localIpTotalDuration": 3884.9954000000002, "localIpDuration": {"10.0.4.127": 220.0043, "10.0.5.148": 199.9939, "10.0.5.34": 3330.0003, "10.0.7.129": 134.9969}}, "Sonic Forces": {"localIpCount": 1, "localIpFrequency": {"10.0.6.11": 1}, "localIpTotalDuration": 375.0052, "localIpDuration": {"10.0.6.11": 375.0052}}, "FIFA Mobile": {"localIpCount": 4, "localIpFrequency": {"10.0.5.34": 33, "10.0.6.11": 1, "10.0.7.82": 2, "10.0.7.129": 1}, "localIpTotalDuration": 34225.3422, "localIpDuration": {"10.0.5.34": 32275.3352, "10.0.6.11": 190.0025, "10.0.7.82": 275.004, "10.0.7.129": 1485.0005}}, "Clash of Clan": {"localIpCount": 1, "localIpFrequency": {"10.0.5.32": 13}, "localIpTotalDuration": 3540.0008, "localIpDuration": {"10.0.5.32": 3540.0008}}, "Roblox (Game)": {"localIpCount": 44, "localIpFrequency": {"10.0.6.237": 10, "10.0.7.45": 1, "10.0.7.29": 9, "10.0.5.181": 12, "10.0.6.11": 1, "10.0.5.34": 14, "10.0.7.40": 1, "10.0.5.180": 4, "10.0.4.204": 1, "10.0.6.210": 1, "10.0.5.101": 2, "10.0.6.199": 12, "10.0.6.247": 14, "10.0.5.140": 2, "10.0.5.42": 19, "10.0.4.208": 5, "10.0.6.248": 3, "10.0.4.220": 4, "10.0.5.33": 3, "10.0.6.85": 1, "10.0.7.79": 3, "10.0.7.85": 2, "10.0.6.47": 5, "10.0.7.99": 9, "10.0.6.233": 1, "10.0.2.179": 2, "10.0.7.107": 1, "10.0.7.106": 1, "10.0.5.149": 2, "10.0.7.117": 1, "10.0.7.114": 5, "10.0.4.61": 1, "10.0.7.35": 1, "10.0.7.129": 2, "10.0.7.135": 1, "10.0.7.140": 1, "10.0.7.144": 1, "10.0.3.132": 5, "10.0.6.206": 1, "10.0.7.149": 1, "10.0.7.142": 1, "10.0.6.156": 1, "10.0.5.167": 1, "10.0.6.249": 1}, "localIpTotalDuration": 204544.10539999997, "localIpDuration": {"10.0.6.237": 7385.0126, "10.0.7.45": 1509.9999, "10.0.7.29": 10094.949899999998, "10.0.5.181": 16913.3539, "10.0.6.11": 1524.951, "10.0.5.34": 19914.9234, "10.0.7.40": 1330.0024, "10.0.5.180": 6225.0107, "10.0.4.204": 1334.6194, "10.0.6.210": 1095.0053, "10.0.5.101": 3305.0069, "10.0.6.199": 13970.002500000002, "10.0.6.247": 12960.016000000001, "10.0.5.140": 800.0041, "10.0.5.42": 23114.2279, "10.0.4.208": 6565.0054, "10.0.6.248": 4790.0104, "10.0.4.220": 5435.004499999999, "10.0.5.33": 95.0042, "10.0.6.85": 495.0015, "10.0.7.79": 4889.2551, "10.0.7.85": 3090.0047999999997, "10.0.6.47": 4229.6438, "10.0.7.99": 11909.6194, "10.0.6.233": 1774.6169, "10.0.2.179": 3280.0072, "10.0.7.107": 1709.6222, "10.0.7.106": 560.0063, "10.0.5.149": 3480.0131, "10.0.7.117": 1149.6819, "10.0.7.114": 5100.222400000001, "10.0.4.61": 1785.0042, "10.0.7.35": 1519.3123, "10.0.7.129": 2845.0001, "10.0.7.135": 1504.999, "10.0.7.140": 1225.006, "10.0.7.144": 320.0001, "10.0.3.132": 8615.001, "10.0.6.206": 1019.9538, "10.0.7.149": 1435.0013, "10.0.7.142": 1635.0068, "10.0.6.156": 1090.0059, "10.0.5.167": 530.0056, "10.0.6.249": 990.0043}}, "Pok\u00e9mon GO": {"localIpCount": 2, "localIpFrequency": {"10.0.7.78": 1, "10.0.6.247": 1}, "localIpTotalDuration": 530.0013, "localIpDuration": {"10.0.7.78": 530.0013, "10.0.6.247": 0.0}}, "MapleStory M": {"localIpCount": 1, "localIpFrequency": {"10.0.7.152": 1}, "localIpTotalDuration": 90.0014, "localIpDuration": {"10.0.7.152": 90.0014}}, "Brawl Stars": {"localIpCount": 7, "localIpFrequency": {"10.0.5.34": 40, "10.0.7.85": 5, "10.0.6.47": 1, "10.0.6.213": 1, "10.0.6.233": 4, "10.0.4.12": 1, "10.0.7.129": 1}, "localIpTotalDuration": 47139.6746, "localIpDuration": {"10.0.5.34": 36659.6943, "10.0.7.85": 4945.012199999999, "10.0.6.47": 5.0021, "10.0.6.213": 4.9502, "10.0.6.233": 5370.0075, "10.0.4.12": 0.0036, "10.0.7.129": 155.0047}}, "The Lord of the Rings: War": {"localIpCount": 1, "localIpFrequency": {"10.0.7.71": 1}, "localIpTotalDuration": 14.997, "localIpDuration": {"10.0.7.71": 14.997}}, "PUBG Mobile": {"localIpCount": 6, "localIpFrequency": {"10.0.6.117": 1, "10.0.6.234": 1, "10.0.3.190": 3, "10.0.4.165": 6, "10.0.7.126": 1, "10.0.7.139": 1}, "localIpTotalDuration": 3515.0141999999996, "localIpDuration": {"10.0.6.117": 260.0, "10.0.6.234": 0.0028, "10.0.3.190": 1020.0056, "10.0.4.165": 1035.0104, "10.0.7.126": 159.9997, "10.0.7.139": 1039.9957}}, "HATSUNE MIKU: COLORFUL STAGE!": {"localIpCount": 1, "localIpFrequency": {"10.0.7.84": 1}, "localIpTotalDuration": 0.0006, "localIpDuration": {"10.0.7.84": 0.0006}}, "Among us": {"localIpCount": 1, "localIpFrequency": {"10.0.7.43": 1}, "localIpTotalDuration": 1260.0016, "localIpDuration": {"10.0.7.43": 1260.0016}}, "League of Legends: Wild Rift": {"localIpCount": 4, "localIpFrequency": {"10.0.6.184": 1, "10.0.6.95": 1, "10.0.5.135": 2, "10.0.7.154": 2}, "localIpTotalDuration": 5224.0539, "localIpDuration": {"10.0.6.184": 290.0004, "10.0.6.95": 255.0014, "10.0.5.135": 1840.0057, "10.0.7.154": 2839.0464}}, "Roblox": {"localIpCount": 36, "localIpFrequency": {"10.0.6.237": 125, "10.0.6.247": 68, "10.0.5.181": 9, "10.0.7.29": 7, "10.0.5.180": 3, "10.0.4.201": 1, "10.0.5.101": 1, "10.0.7.56": 2, "10.0.5.34": 21, "10.0.6.199": 3, "10.0.6.27": 1, "10.0.5.42": 29, "10.0.4.208": 2, "10.0.5.80": 4, "10.0.4.220": 3, "10.0.6.85": 2, "10.0.7.79": 4, "10.0.7.81": 2, "10.0.7.85": 2, "10.0.7.99": 6, "10.0.6.233": 1, "10.0.2.179": 1, "10.0.5.149": 1, "10.0.7.117": 1, "10.0.6.47": 1, "10.0.7.35": 2, "10.0.6.210": 1, "10.0.6.213": 1, "10.0.3.132": 5, "10.0.7.129": 1, "10.0.7.130": 1, "10.0.7.133": 1, "10.0.7.135": 2, "10.0.7.114": 1, "10.0.6.206": 3, "10.0.7.154": 3}, "localIpTotalDuration": 573336.0824000003, "localIpDuration": {"10.0.6.237": 224823.25909999997, "10.0.6.247": 122325.41410000004, "10.0.5.181": 16192.414299999999, "10.0.7.29": 12142.8347, "10.0.5.180": 5398.8281, "10.0.4.201": 1799.6358, "10.0.5.101": 1799.6355, "10.0.7.56": 3599.243, "10.0.5.34": 36277.23300000001, "10.0.6.199": 5389.241, "10.0.6.27": 1794.6432, "10.0.5.42": 52163.39610000001, "10.0.4.208": 3599.2529, "10.0.5.80": 6603.5125, "10.0.4.220": 5378.6116, "10.0.6.85": 3594.2828, "10.0.7.79": 7178.9321, "10.0.7.81": 3598.6741, "10.0.7.85": 3599.2354, "10.0.7.99": 10797.5792, "10.0.6.233": 1799.6364, "10.0.2.179": 1799.6409, "10.0.5.149": 1799.6205, "10.0.7.117": 1794.6173, "10.0.6.47": 1794.6283, "10.0.7.35": 3589.2488, "10.0.6.210": 1799.6383, "10.0.6.213": 314.041, "10.0.3.132": 8998.1553, "10.0.7.129": 1799.6366, "10.0.7.130": 1799.6265, "10.0.7.133": 1799.6206, "10.0.7.135": 3599.2646999999997, "10.0.7.114": 1799.6209, "10.0.6.206": 5394.2675, "10.0.7.154": 5398.9603}}}