{"Roblox (Game)": {"localIpCount": 16, "localIpFrequency": {"10.0.3.177": 2, "10.0.4.38": 1, "10.0.3.60": 2, "10.0.2.185": 5, "10.0.4.50": 1, "10.0.0.175": 2, "10.0.0.168": 4, "10.0.0.64": 4, "10.0.3.247": 1, "10.0.2.125": 3, "10.0.4.56": 5, "10.0.4.49": 3, "10.0.0.138": 1, "10.0.3.5": 1, "10.0.0.145": 1, "10.0.3.142": 1}, "localIpTotalDuration": 59842.37149999999, "localIpDuration": {"10.0.3.177": 2737.0094, "10.0.4.38": 539.004, "10.0.3.60": 2023.0018, "10.0.2.185": 8378.6359, "10.0.4.50": 1708.0018, "10.0.0.175": 3451.4103, "10.0.0.168": 7027.6336, "10.0.0.64": 6839.0027, "10.0.3.247": 1687.0025, "10.0.2.125": 5186.6151, "10.0.4.56": 8526.020799999998, "10.0.4.49": 5005.0203, "10.0.0.138": 1778.0057, "10.0.3.5": 1792.0031, "10.0.0.145": 1715.0038, "10.0.3.142": 1449.0007}}, "Cookie Run: Kingdom": {"localIpCount": 1, "localIpFrequency": {"10.0.3.198": 1}, "localIpTotalDuration": 0.0, "localIpDuration": {"10.0.3.198": 0.0}}, "Among us": {"localIpCount": 1, "localIpFrequency": {"10.0.4.66": 1}, "localIpTotalDuration": 342.997, "localIpDuration": {"10.0.4.66": 342.997}}, "KartRider Rush+": {"localIpCount": 1, "localIpFrequency": {"10.0.3.5": 3}, "localIpTotalDuration": 1686.99, "localIpDuration": {"10.0.3.5": 1686.99}}, "League of Legends: Wild Rift": {"localIpCount": 2, "localIpFrequency": {"10.0.4.77": 1, "10.0.4.56": 1}, "localIpTotalDuration": 335.97999999999996, "localIpDuration": {"10.0.4.77": 259.0003, "10.0.4.56": 76.9797}}, "Roblox": {"localIpCount": 16, "localIpFrequency": {"10.0.0.168": 4, "10.0.0.145": 9, "10.0.3.60": 5, "10.0.4.49": 4, "10.0.3.177": 2, "10.0.3.126": 3, "10.0.2.185": 3, "10.0.3.233": 1, "10.0.0.64": 4, "10.0.0.138": 1, "10.0.4.56": 6, "10.0.4.78": 1, "10.0.0.175": 1, "10.0.0.70": 2, "10.0.3.252": 1, "10.0.4.95": 1}, "localIpTotalDuration": 86330.96510000002, "localIpDuration": {"10.0.0.168": 7194.9236, "10.0.0.145": 16186.457100000001, "10.0.3.60": 8992.2293, "10.0.4.49": 7194.8982, "10.0.3.177": 3597.2213, "10.0.3.126": 5395.8692, "10.0.2.185": 5394.9614, "10.0.3.233": 1798.5965, "10.0.0.64": 7194.531999999999, "10.0.0.138": 1798.5984, "10.0.4.56": 10791.757299999997, "10.0.4.78": 1798.642, "10.0.0.175": 1798.6255, "10.0.0.70": 3596.3747999999996, "10.0.3.252": 1798.6461, "10.0.4.95": 1798.6324}}, "Brawl Stars": {"localIpCount": 1, "localIpFrequency": {"10.0.4.49": 1}, "localIpTotalDuration": 1036.0029, "localIpDuration": {"10.0.4.49": 1036.0029}}, "Minecraft": {"localIpCount": 2, "localIpFrequency": {"10.0.3.245": 1, "10.0.3.177": 1}, "localIpTotalDuration": 1273.9963, "localIpDuration": {"10.0.3.245": 1266.9979, "10.0.3.177": 6.9984}}, "TFT: Teamfight Tactics": {"localIpCount": 1, "localIpFrequency": {"10.0.4.56": 1}, "localIpTotalDuration": 328.9792, "localIpDuration": {"10.0.4.56": 328.9792}}, "FIFA ONLINE 4 M": {"localIpCount": 1, "localIpFrequency": {"10.0.4.68": 1}, "localIpTotalDuration": 7.0004, "localIpDuration": {"10.0.4.68": 7.0004}}, "PUBG Mobile": {"localIpCount": 2, "localIpFrequency": {"10.0.3.5": 2, "10.0.4.76": 1}, "localIpTotalDuration": 1386.0661, "localIpDuration": {"10.0.3.5": 1148.0104000000001, "10.0.4.76": 238.0557}}, "FIFA Mobile": {"localIpCount": 3, "localIpFrequency": {"10.0.4.68": 2, "10.0.2.125": 1, "10.0.0.175": 2}, "localIpTotalDuration": 2177.0043, "localIpDuration": {"10.0.4.68": 826.0051000000001, "10.0.2.125": 1266.9976, "10.0.0.175": 84.0016}}}