{"Zombie High School": {"localIpCount": 1, "localIpFrequency": {"10.0.9.101": 1}, "localIpTotalDuration": 342.999, "localIpDuration": {"10.0.9.101": 342.999}}, "Minecraft": {"localIpCount": 2, "localIpFrequency": {"10.0.10.210": 1, "10.0.10.230": 1}, "localIpTotalDuration": 1232.0, "localIpDuration": {"10.0.10.210": 1162.0008, "10.0.10.230": 69.9992}}, "Free Fire": {"localIpCount": 2, "localIpFrequency": {"10.0.10.159": 1, "10.0.10.194": 1}, "localIpTotalDuration": 497.0011, "localIpDuration": {"10.0.10.159": 273.0052, "10.0.10.194": 223.9959}}, "League of Legends: Wild Rift": {"localIpCount": 7, "localIpFrequency": {"10.0.7.83": 109, "10.0.10.156": 1, "10.0.9.184": 2, "10.0.0.165": 1, "10.0.3.24": 1, "10.0.10.244": 2, "10.0.11.20": 2}, "localIpTotalDuration": 154278.41169999994, "localIpDuration": {"10.0.7.83": 148266.20659999998, "10.0.10.156": 853.595, "10.0.9.184": 315.0019, "10.0.0.165": 1189.9964, "10.0.3.24": 195.999, "10.0.10.244": 1148.0055, "10.0.11.20": 2309.6073}}, "Cookie Run: Kingdom": {"localIpCount": 4, "localIpFrequency": {"10.0.8.81": 8, "10.0.7.91": 1, "10.0.4.236": 1, "10.0.10.107": 1}, "localIpTotalDuration": 11731.9432, "localIpDuration": {"10.0.8.81": 10436.9932, "10.0.7.91": 223.9964, "10.0.4.236": 629.9601, "10.0.10.107": 440.9935}}, "Roll Roll: Dice Heroes": {"localIpCount": 1, "localIpFrequency": {"10.0.8.81": 1}, "localIpTotalDuration": 13.9895, "localIpDuration": {"10.0.8.81": 13.9895}}, "Brawl Stars": {"localIpCount": 13, "localIpFrequency": {"10.0.7.206": 1, "10.0.7.110": 1, "10.0.8.2": 1, "10.0.4.236": 1, "10.0.10.15": 2, "10.0.0.91": 1, "10.0.8.6": 4, "10.0.0.78": 5, "10.0.7.176": 3, "10.0.4.163": 1, "10.0.7.86": 1, "10.0.9.53": 5, "10.0.0.201": 3}, "localIpTotalDuration": 19921.7568, "localIpDuration": {"10.0.7.206": 602.0, "10.0.7.110": 126.0049, "10.0.8.2": 34.9949, "10.0.4.236": 0.0006, "10.0.10.15": 385.012, "10.0.0.91": 630.0098, "10.0.8.6": 749.0092999999999, "10.0.0.78": 5718.656199999999, "10.0.7.176": 3618.639, "10.0.4.163": 175.001, "10.0.7.86": 1645.0021, "10.0.9.53": 4913.9983999999995, "10.0.0.201": 1323.4286}}, "Cookie Run: OvenBreak": {"localIpCount": 1, "localIpFrequency": {"10.0.4.236": 13}, "localIpTotalDuration": 14189.4116, "localIpDuration": {"10.0.4.236": 14189.4116}}, "\ud0d5\ud0d5\ud2b9\uacf5\ub300": {"localIpCount": 1, "localIpFrequency": {"10.0.10.107": 2}, "localIpTotalDuration": 910.0121, "localIpDuration": {"10.0.10.107": 910.0121}}, "PUBG Mobile": {"localIpCount": 21, "localIpFrequency": {"10.0.10.130": 1, "10.0.10.133": 2, "10.0.10.24": 1, "10.0.10.145": 2, "10.0.10.148": 1, "10.0.10.162": 1, "10.0.10.178": 1, "10.0.10.182": 1, "10.0.10.192": 1, "10.0.10.201": 1, "10.0.10.221": 1, "10.0.10.224": 1, "10.0.10.232": 1, "10.0.10.243": 1, "10.0.10.246": 1, "10.0.10.254": 1, "10.0.11.12": 1, "10.0.11.16": 1, "10.0.10.252": 1, "10.0.10.245": 1, "10.0.8.65": 1}, "localIpTotalDuration": 10899.1173, "localIpDuration": {"10.0.10.130": 105.0021, "10.0.10.133": 686.0079, "10.0.10.24": 7.0002, "10.0.10.145": 1274.0026, "10.0.10.148": 440.9997, "10.0.10.162": 189.0055, "10.0.10.178": 475.9998, "10.0.10.182": 189.0114, "10.0.10.192": 301.001, "10.0.10.201": 175.0032, "10.0.10.221": 280.0007, "10.0.10.224": 0.0062, "10.0.10.232": 20.9936, "10.0.10.243": 1729.0034, "10.0.10.246": 1022.0052, "10.0.10.254": 196.0011, "10.0.11.12": 175.1896, "10.0.11.16": 231.0009, "10.0.10.252": 392.0028, "10.0.10.245": 1799.0293, "10.0.8.65": 1210.8511}}, "ZEPETO": {"localIpCount": 2, "localIpFrequency": {"10.0.10.240": 8, "10.0.0.91": 1}, "localIpTotalDuration": 7335.992200000001, "localIpDuration": {"10.0.10.240": 7006.9932, "10.0.0.91": 328.999}}, "Ninja Must Die": {"localIpCount": 1, "localIpFrequency": {"10.0.7.54": 1}, "localIpTotalDuration": 175.0, "localIpDuration": {"10.0.7.54": 175.0}}, "Genshin Impact": {"localIpCount": 4, "localIpFrequency": {"10.0.6.0": 1, "10.0.10.107": 5, "10.0.2.3": 1, "10.0.9.147": 1}, "localIpTotalDuration": 2639.0009999999997, "localIpDuration": {"10.0.6.0": 378.0014, "10.0.10.107": 1736.0048, "10.0.2.3": 328.9978, "10.0.9.147": 195.997}}, "Roblox": {"localIpCount": 62, "localIpFrequency": {"10.0.9.154": 16, "10.0.0.45": 1, "10.0.2.154": 1, "10.0.7.91": 3, "10.0.10.103": 3, "10.0.0.2": 12, "10.0.0.69": 1, "10.0.9.255": 8, "10.0.6.174": 45, "10.0.10.54": 4, "10.0.6.121": 2, "10.0.4.236": 8, "10.0.8.54": 1, "10.0.8.81": 18, "10.0.6.92": 38, "10.0.10.72": 1, "10.0.9.93": 4, "10.0.10.122": 2, "10.0.10.107": 7, "10.0.0.91": 2, "10.0.10.85": 1, "10.0.10.128": 1, "10.0.7.187": 2, "10.0.0.78": 3, "10.0.10.15": 6, "10.0.10.140": 1, "10.0.8.255": 1, "10.0.9.195": 1, "10.0.8.6": 12, "10.0.9.141": 1, "10.0.3.220": 5, "10.0.7.255": 1, "10.0.10.155": 3, "10.0.7.35": 1, "10.0.9.219": 5, "10.0.1.59": 1, "10.0.10.170": 1, "10.0.1.231": 3, "10.0.0.20": 1, "10.0.10.202": 1, "10.0.10.204": 1, "10.0.10.210": 5, "10.0.0.145": 6, "10.0.8.214": 1, "10.0.10.215": 2, "10.0.4.163": 1, "10.0.9.224": 1, "10.0.10.207": 3, "10.0.7.86": 2, "10.0.10.230": 2, "10.0.10.231": 2, "10.0.10.234": 3, "10.0.8.50": 1, "10.0.3.111": 1, "10.0.3.19": 1, "10.0.9.147": 3, "10.0.0.175": 1, "10.0.3.142": 1, "10.0.2.96": 1, "10.0.1.204": 1, "10.0.11.26": 1, "10.0.11.28": 1}, "localIpTotalDuration": 464420.05459999974, "localIpDuration": {"10.0.9.154": 28332.265900000002, "10.0.0.45": 455.3074, "10.0.2.154": 1799.0032, "10.0.7.91": 5395.8874, "10.0.10.103": 5395.8541, "10.0.0.2": 21583.431699999997, "10.0.0.69": 1798.6131, "10.0.9.255": 14388.634600000001, "10.0.6.174": 78506.37120000001, "10.0.10.54": 7075.8459, "10.0.6.121": 3597.2525, "10.0.4.236": 13934.0234, "10.0.8.54": 1798.6144, "10.0.8.81": 30468.335400000004, "10.0.6.92": 67845.63500000001, "10.0.10.72": 1798.6136, "10.0.9.93": 6578.8729, "10.0.10.122": 1812.6312, "10.0.10.107": 10785.1158, "10.0.0.91": 3597.9974, "10.0.10.85": 1798.6072, "10.0.10.128": 1798.5863, "10.0.7.187": 3597.1980999999996, "10.0.0.78": 5395.8278, "10.0.10.15": 10777.750900000001, "10.0.10.140": 1798.6309, "10.0.8.255": 1197.0008, "10.0.9.195": 1798.6202, "10.0.8.6": 21395.5164, "10.0.9.141": 1798.6284, "10.0.3.220": 8993.4837, "10.0.7.255": 1798.616, "10.0.10.155": 5396.620199999999, "10.0.7.35": 1798.618, "10.0.9.219": 8993.132, "10.0.1.59": 1799.0024, "10.0.10.170": 1798.5759, "10.0.1.231": 4878.2865, "10.0.0.20": 636.9996, "10.0.10.202": 1799.0028, "10.0.10.204": 1434.6268, "10.0.10.210": 8518.4317, "10.0.0.145": 10791.765500000001, "10.0.8.214": 1798.6391, "10.0.10.215": 3597.2271, "10.0.4.163": 1099.0, "10.0.9.224": 217.0007, "10.0.10.207": 5395.8931, "10.0.7.86": 1196.6422, "10.0.10.230": 3597.2191000000003, "10.0.10.231": 3597.2174, "10.0.10.234": 5395.8552, "10.0.8.50": 1798.6282, "10.0.3.111": 1798.648, "10.0.3.19": 1798.6342, "10.0.9.147": 5395.9175000000005, "10.0.0.175": 1798.6464, "10.0.3.142": 1798.6103, "10.0.2.96": 1798.6307, "10.0.1.204": 1798.5856, "10.0.11.26": 1798.6074, "10.0.11.28": 1798.6182}}, "Clash of Clan": {"localIpCount": 2, "localIpFrequency": {"10.0.3.7": 27, "10.0.2.190": 2}, "localIpTotalDuration": 8359.3785, "localIpDuration": {"10.0.3.7": 8330.8142, "10.0.2.190": 28.5643}}, "FIFA Mobile": {"localIpCount": 6, "localIpFrequency": {"10.0.7.91": 2, "10.0.6.174": 1, "10.0.0.91": 11, "10.0.7.176": 8, "10.0.9.131": 1, "10.0.11.19": 3}, "localIpTotalDuration": 25262.594500000003, "localIpDuration": {"10.0.7.91": 377.9863, "10.0.6.174": 497.0052, "10.0.0.91": 12663.0269, "10.0.7.176": 9484.601799999999, "10.0.9.131": 154.0003, "10.0.11.19": 2085.974}}, "Call of Duty: Mobile": {"localIpCount": 1, "localIpFrequency": {"10.0.9.255": 2}, "localIpTotalDuration": 0.0001, "localIpDuration": {"10.0.9.255": 0.0001}}, "WePlay - Party Game & Chat": {"localIpCount": 3, "localIpFrequency": {"10.0.6.174": 4, "10.0.0.111": 1, "10.0.10.107": 1}, "localIpTotalDuration": 2275.2376, "localIpDuration": {"10.0.6.174": 2009.0133, "10.0.0.111": 14.0026, "10.0.10.107": 252.2217}}, "Among us": {"localIpCount": 1, "localIpFrequency": {"10.0.8.6": 2}, "localIpTotalDuration": 2393.6357000000003,