{"World of Tanks": {"localIpCount": 1, "localIpFrequency": {"10.0.1.210": 1}, "localIpTotalDuration": 313.1027, "localIpDuration": {"10.0.1.210": 313.1027}}, "DRAGON BALL LEGENDS": {"localIpCount": 1, "localIpFrequency": {"10.0.0.153": 1}, "localIpTotalDuration": 173.2534, "localIpDuration": {"10.0.0.153": 173.2534}}, "Genshin Impact": {"localIpCount": 1, "localIpFrequency": {"10.0.1.62": 15}, "localIpTotalDuration": 132267.33130000002, "localIpDuration": {"10.0.1.62": 132267.33130000002}}, "Hero Blaze: Three Kingdoms": {"localIpCount": 1, "localIpFrequency": {"10.0.1.34": 1}, "localIpTotalDuration": 0.4581, "localIpDuration": {"10.0.1.34": 0.4581}}, "Pok\u00e9mon GO": {"localIpCount": 1, "localIpFrequency": {"10.0.1.252": 2}, "localIpTotalDuration": 2104.9984000000004, "localIpDuration": {"10.0.1.252": 2104.9984000000004}}, "Gunship Battle: Crypto Conflict": {"localIpCount": 2, "localIpFrequency": {"10.0.1.194": 1, "10.0.1.169": 7}, "localIpTotalDuration": 16673.452899999997, "localIpDuration": {"10.0.1.194": 629.0496, "10.0.1.169": 16044.4033}}, "PUBG Mobile": {"localIpCount": 2, "localIpFrequency": {"10.0.1.163": 14, "10.0.1.226": 1}, "localIpTotalDuration": 36790.8307, "localIpDuration": {"10.0.1.163": 36624.1351, "10.0.1.226": 166.6956}}}