{"Pok\u00e9mon GO": {"localIpCount": 1, "localIpFrequency": {"10.0.1.252": 2}, "localIpTotalDuration": 2104.9984000000004, "localIpDuration": {"10.0.1.252": 2104.9984000000004}}, "Gunship Battle: Crypto Conflict": {"localIpCount": 2, "localIpFrequency": {"10.0.1.194": 2, "10.0.1.169": 14}, "localIpTotalDuration": 33346.90579999999, "localIpDuration": {"10.0.1.194": 1258.0992, "10.0.1.169": 32088.806600000004}}, "Genshin Impact": {"localIpCount": 1, "localIpFrequency": {"10.0.1.62": 21}, "localIpTotalDuration": 141555.38429999998, "localIpDuration": {"10.0.1.62": 141555.38429999998}}, "DRAGON BALL LEGENDS": {"localIpCount": 1, "localIpFrequency": {"10.0.0.153": 1}, "localIpTotalDuration": 173.2534, "localIpDuration": {"10.0.0.153": 173.2534}}, "PUBG Mobile": {"localIpCount": 2, "localIpFrequency": {"10.0.1.163": 28, "10.0.1.226": 1}, "localIpTotalDuration": 73414.9658, "localIpDuration": {"10.0.1.163": 73248.2702, "10.0.1.226": 166.6956}}, "World of Tanks": {"localIpCount": 1, "localIpFrequency": {"10.0.1.210": 1}, "localIpTotalDuration": 313.1027, "localIpDuration": {"10.0.1.210": 313.1027}}, "Hero Blaze: Three Kingdoms": {"localIpCount": 1, "localIpFrequency": {"10.0.1.34": 1}, "localIpTotalDuration": 0.4581, "localIpDuration": {"10.0.1.34": 0.4581}}}