{"Brawl Stars": {"localIpCount": 4, "localIpFrequency": {"10.0.3.89": 1, "10.0.3.62": 1, "10.0.5.34": 4, "10.0.4.100": 9}, "localIpTotalDuration": 15292.021099999998, "localIpDuration": {"10.0.3.89": 1186.0045, "10.0.3.62": 301.0016, "10.0.5.34": 2989.0076, "10.0.4.100": 10816.007399999999}}, "Genshin Impact": {"localIpCount": 6, "localIpFrequency": {"10.0.5.72": 3, "10.0.3.104": 7, "10.0.0.9": 26, "10.0.5.110": 1, "10.0.5.121": 4, "10.0.5.125": 1}, "localIpTotalDuration": 18226.6327, "localIpDuration": {"10.0.5.72": 1019.6441, "10.0.3.104": 1161.0273, "10.0.0.9": 10001.9517, "10.0.5.110": 354.0067, "10.0.5.121": 5299.997799999999, "10.0.5.125": 390.0051}}, "NBA NOW 23": {"localIpCount": 1, "localIpFrequency": {"10.0.1.99": 1}, "localIpTotalDuration": 1575.0034, "localIpDuration": {"10.0.1.99": 1575.0034}}, "League of Legends: Wild Rift": {"localIpCount": 3, "localIpFrequency": {"10.0.5.50": 1, "10.0.5.101": 10, "10.0.5.146": 1}, "localIpTotalDuration": 11007.027500000002, "localIpDuration": {"10.0.5.50": 724.9994, "10.0.5.101": 9354.027300000002, "10.0.5.146": 928.0008}}, "Hero Blaze: Three Kingdoms": {"localIpCount": 3, "localIpFrequency": {"10.0.0.155": 2, "10.0.0.13": 1, "10.0.1.186": 2}, "localIpTotalDuration": 1033.0005, "localIpDuration": {"10.0.0.155": 956.9982, "10.0.0.13": 34.9995, "10.0.1.186": 41.0028}}, "KartRider Rush+": {"localIpCount": 1, "localIpFrequency": {"10.0.5.101": 1}, "localIpTotalDuration": 0.0, "localIpDuration": {"10.0.5.101": 0.0}}, "Cookie Run: Kingdom": {"localIpCount": 2, "localIpFrequency": {"10.0.0.9": 20, "10.0.5.33": 1}, "localIpTotalDuration": 17546.0104, "localIpDuration": {"10.0.0.9": 17170.005599999997, "10.0.5.33": 376.0048}}, "Minecraft": {"localIpCount": 2, "localIpFrequency": {"10.0.2.142": 3, "10.0.1.99": 5}, "localIpTotalDuration": 6873.0216, "localIpDuration": {"10.0.2.142": 1134.0142, "10.0.1.99": 5739.0074}}, "HATSUNE MIKU: COLORFUL STAGE!": {"localIpCount": 3, "localIpFrequency": {"10.0.5.88": 1, "10.0.3.189": 2, "10.0.1.239": 2}, "localIpTotalDuration": 2066.0201, "localIpDuration": {"10.0.5.88": 138.001, "10.0.3.189": 1733.0120000000002, "10.0.1.239": 195.0071}}, "Roblox (Game)": {"localIpCount": 34, "localIpFrequency": {"10.0.4.110": 1, "10.0.4.185": 10, "10.0.3.95": 3, "10.0.2.142": 46, "10.0.5.42": 10, "10.0.4.204": 13, "10.0.3.187": 18, "10.0.4.201": 8, "10.0.3.149": 1, "10.0.1.219": 3, "10.0.5.9": 4, "10.0.1.99": 6, "10.0.3.132": 2, "10.0.5.96": 3, "10.0.5.80": 4, "10.0.2.32": 12, "10.0.5.33": 8, "10.0.5.56": 4, "10.0.3.148": 11, "10.0.4.184": 1, "10.0.5.79": 3, "10.0.5.101": 4, "10.0.3.62": 1, "10.0.1.102": 3, "10.0.3.58": 5, "10.0.5.127": 2, "10.0.5.132": 1, "10.0.5.120": 2, "10.0.5.140": 1, "10.0.5.142": 1, "10.0.5.39": 2, "10.0.5.151": 2, "10.0.4.31": 1, "10.0.5.34": 1}, "localIpTotalDuration": 261471.4423, "localIpDuration": {"10.0.4.110": 718.0014, "10.0.4.185": 12220.9912, "10.0.3.95": 1697.005, "10.0.2.142": 64524.06420000001, "10.0.5.42": 8540.0402, "10.0.4.204": 17452.015, "10.0.3.187": 24643.984, "10.0.4.201": 12370.008, "10.0.3.149": 1708.0059, "10.0.1.219": 4309.9974, "10.0.5.9": 5617.008599999999, "10.0.1.99": 10249.020799999998, "10.0.3.132": 3411.9937, "10.0.5.96": 3408.0058, "10.0.5.80": 4489.6555, "10.0.2.32": 16429.6228, "10.0.5.33": 13524.972600000001, "10.0.5.56": 2858.9995, "10.0.3.148": 12551.0148, "10.0.4.184": 218.0067, "10.0.5.79": 3051.0089, "10.0.5.101": 6648.0162, "10.0.3.62": 1756.9993, "10.0.1.102": 2830.0006999999996, "10.0.3.58": 7728.0097, "10.0.5.127": 2912.0056, "10.0.5.132": 1741.9962, "10.0.5.120": 2162.0013, "10.0.5.140": 1367.9993, "10.0.5.142": 1425.0016, "10.0.5.39": 3505.9901, "10.0.5.151": 1873.9989999999998, "10.0.4.31": 1750.003, "10.0.5.34": 1775.9983}}, "Pok\u00e9mon Unite": {"localIpCount": 3, "localIpFrequency": {"10.0.5.110": 1, "10.0.5.122": 2, "10.0.3.58": 1}, "localIpTotalDuration": 2668.0074999999997, "localIpDuration": {"10.0.5.110": 312.003, "10.0.5.122": 823.0011, "10.0.3.58": 1533.0034}}, "FIFA Mobile": {"localIpCount": 1, "localIpFrequency": {"10.0.3.189": 1}, "localIpTotalDuration": 101.0065, "localIpDuration": {"10.0.3.189": 101.0065}}, "Pok\u00e9mon GO": {"localIpCount": 4, "localIpFrequency": {"10.0.5.39": 1, "10.0.4.207": 1, "10.0.0.9": 3, "10.0.5.120": 1}, "localIpTotalDuration": 5300.023700000001, "localIpDuration": {"10.0.5.39": 278.0025, "10.0.4.207": 1661.0056, "10.0.0.9": 3151.0087000000003, "10.0.5.120": 210.0069}}, "Zombie High School": {"localIpCount": 1, "localIpFrequency": {"10.0.1.102": 1}, "localIpTotalDuration": 529.9959, "localIpDuration": {"10.0.1.102": 529.9959}}, "Clash Royale": {"localIpCount": 1, "localIpFrequency": {"10.0.4.100": 1}, "localIpTotalDuration": 1132.0004, "localIpDuration": {"10.0.4.100": 1132.0004}}, "Roblox": {"localIpCount": 45, "localIpFrequency": {"10.0.1.99": 8, "10.0.4.185": 13, "10.0.3.95": 24, "10.0.5.42": 23, "10.0.2.142": 29, "10.0.4.204": 14, "10.0.1.151": 1, "10.0.3.187": 11, "10.0.5.80": 9, "10.0.4.201": 11, "10.0.4.245": 3, "10.0.1.227": 1, "10.0.5.50": 2, "10.0.5.9": 2, "10.0.4.196": 1, "10.0.5.90": 1, "10.0.1.219": 1, "10.0.5.89": 3, "10.0.5.94": 11, "10.0.5.96": 1, "10.0.5.98": 1, "10.0.3.132": 1, "10.0.5.104": 1, "10.0.5.56": 9, "10.0.4.184": 23, "10.0.4.210": 1, "10.0.3.148": 11, "10.0.1.102": 7, "10.0.3.62": 2, "10.0.5.120": 30, "10.0.3.189": 1, "10.0.5.78": 1, "10.0.5.79": 2, "10.0.5.33": 4, "10.0.3.58": 9, "10.0.2.32": 6, "10.0.5.127": 1, "10.0.3.16": 1, "10.0.5.151": 5, "10.0.5.34": 7, "10.0.3.8": 1, "10.0.5.68": 1, "10.0.5.39": 1, "10.0.5.168": 1, "10.0.4.183": 1}, "localIpTotalDuration": 517532.89320000046, "localIpDuration": {"10.0.1.99": 14397.1983, "10.0.4.185": 23383.179799999998, "10.0.3.95": 40863.1319, "10.0.5.42": 41202.7769, "10.0.2.142": 46954.72, "10.0.4.204": 24082.228300000006, "10.0.1.151": 1799.0016, "10.0.3.187": 19588.820600000003, "10.0.5.80": 15956.303199999998, "10.0.4.201": 19775.882599999997, "10.0.4.245": 5395.2764, "10.0.1.227": 1798.6334, "10.0.5.50": 3599.2974999999997, "10.0.5.9": 3597.6466, "10.0.4.196": 1798.6582, "10.0.5.90": 1799.6216, "10.0.1.219": 1672.6638, "10.0.5.89": 5335.6637, "10.0.5.94": 19328.267499999998, "10.0.5.96": 1798.649, "10.0.5.98": 2.9998, "10.0.3.132": 1798.6606, "10.0.5.104": 1799.6247, "10.0.5.56": 16088.759699999997, "10.0.4.184": 41145.42999999999, "10.0.4.210": 1800.0001, "10.0.3.148": 19784.392600000003, "10.0.1.102": 11945.968200000001, "10.0.3.62": 3597.6291, "10.0.5.120": 53888.81999999999, "10.0.3.189": 1657.0039, "10.0.5.78": 0.0001, "10.0.5.79": 3597.6312, "10.0.5.33": 7197.5099, "10.0.3.58": 16188.399599999999, "10.0.2.32": 9288.264699999998, "10.0.5.127": 1798.0071, "10.0.3.16": 1260.6182, "10.0.5.151": 8986.5859, "10.0.5.34": 12583.874600000001, "10.0.3.8": 1796.6359, "10.0.5.68": 1799.5908, "10.0.5.39": 1799.6135, "10.0.5.168": 1799.6182, "10.0.4.183": 1799.6339}}, "Clash of Clan": {"localIpCount": 4, "localIpFrequency": {"10.0.5.32": 13, "10.0.4.136": 2, "10.0.4.224": 3, "10.0.3.98": 1}, "localIpTotalDuration": 3613.0260999999996, "localIpDuration": {"10.0.5.32": 1767.0022, "10.0.4.136": 210.0094, "10.0.4.224": 224.0092, "10.0.3.98": 1412.0053}}, "\ud0d5\ud0d5\ud2b9\uacf5\ub300": {"localIpCount": 1, "localIpFrequency": {"10.0.4.185": 1}, "localIpTotalDuration": 744.0014, "localIpDuration": {"10.0.4.185": 744.0014}}, "MIR4": {"localIpCount": 2, "localIpFrequency": {"10.0.2.189": 2, "10.0.0.14": 1}, "localIpTotalDuration": 1109.0039000000002, "localIpDuration": {"10.0.2.189": 439.00509999999997, "10.0.0.14": 669.9988}}, "PUBG Mobile": {"localIpCount": 10, "localIpFrequency": {"10.0.5.70": 2, "10.0.4.165": 1, "10.0.4.226": 1, "10.0.5.117": 1, "10.0.5.131": 1, "10.0.5.141": 5, "10.0.4.185": 1, "10.0.5.157": 1, "10.0.5.159": 1, "10.0.5.165": 1}, "localIpTotalDuration": 9032.008800000001, "localIpDuration": {"10.0.5.70": 1022.9970000000001, "10.0.4.165": 1123.9973, "10.0.4.226": 496.0031, "10.0.5.117": 964.0018, "10.0.5.131": 225.9998, "10.0.5.141": 3551.0089, "10.0.4.185": 580.9997, "10.0.5.157": 358.9972,