{"Roblox": {"localIpCount": 13, "localIpFrequency": {"10.0.6.247": 9, "10.0.6.249": 8, "10.0.4.61": 1, "10.0.6.237": 4, "10.0.5.42": 4, "10.0.7.147": 6, "10.0.5.181": 5, "10.0.7.35": 1, "10.0.4.208": 1, "10.0.7.173": 1, "10.0.7.149": 1, "10.0.7.154": 3, "10.0.7.175": 1}, "localIpTotalDuration": 80973.74389999999, "localIpDuration": {"10.0.6.247": 16195.8392, "10.0.6.249": 14396.8188, "10.0.4.61": 1799.6208, "10.0.6.237": 7193.5855, "10.0.5.42": 7198.5062, "10.0.7.147": 10798.1064, "10.0.5.181": 8993.5866, "10.0.7.35": 1799.9996, "10.0.4.208": 1800.0001, "10.0.7.173": 1799.5835, "10.0.7.149": 1799.6092, "10.0.7.154": 5398.8666, "10.0.7.175": 1799.6214}}, "Brawl Stars": {"localIpCount": 2, "localIpFrequency": {"10.0.5.34": 7, "10.0.7.85": 1}, "localIpTotalDuration": 10240.0213, "localIpDuration": {"10.0.5.34": 9165.017, "10.0.7.85": 1075.0043}}, "Roblox (Game)": {"localIpCount": 17, "localIpFrequency": {"10.0.6.166": 1, "10.0.4.61": 1, "10.0.5.42": 5, "10.0.6.199": 1, "10.0.6.247": 3, "10.0.6.249": 3, "10.0.7.166": 1, "10.0.7.135": 1, "10.0.7.147": 7, "10.0.5.181": 2, "10.0.7.35": 1, "10.0.6.156": 1, "10.0.5.34": 1, "10.0.7.149": 1, "10.0.7.178": 1, "10.0.7.175": 1, "10.0.6.237": 1}, "localIpTotalDuration": 41814.5937, "localIpDuration": {"10.0.6.166": 220.0017, "10.0.4.61": 820.0046, "10.0.5.42": 7545.0005, "10.0.6.199": 5.0024, "10.0.6.247": 3705.0006000000003, "10.0.6.249": 3620.0236, "10.0.7.166": 1770.0007, "10.0.7.135": 1779.9959, "10.0.7.147": 10509.614300000001, "10.0.5.181": 2809.9473, "10.0.7.35": 1740.0026, "10.0.6.156": 970.0035, "10.0.5.34": 1754.9951, "10.0.7.149": 1784.9986, "10.0.7.178": 1670.0004, "10.0.7.175": 1090.0011, "10.0.6.237": 20.0008}}, "Clash of Clan": {"localIpCount": 1, "localIpFrequency": {"10.0.6.237": 1}, "localIpTotalDuration": 0.0011, "localIpDuration": {"10.0.6.237": 0.0011}}, "FIFA Mobile": {"localIpCount": 4, "localIpFrequency": {"10.0.5.34": 2, "10.0.4.208": 1, "10.0.3.189": 2, "10.0.7.178": 1}, "localIpTotalDuration": 3035.0075, "localIpDuration": {"10.0.5.34": 1380.0078, "10.0.4.208": 159.9985, "10.0.3.189": 1340.0018, "10.0.7.178": 154.9994}}, "Pok\u00e9mon GO": {"localIpCount": 1, "localIpFrequency": {"10.0.6.247": 1}, "localIpTotalDuration": 15.0065, "localIpDuration": {"10.0.6.247": 15.0065}}, "FIFA ONLINE 4 M": {"localIpCount": 1, "localIpFrequency": {"10.0.5.34": 1}, "localIpTotalDuration": 155.0014, "localIpDuration": {"10.0.5.34": 155.0014}}}