{"Genshin Impact": {"localIpCount": 1, "localIpFrequency": {"10.0.1.62": 13}, "localIpTotalDuration": 575502.8043000001, "localIpDuration": {"10.0.1.62": 575502.8043000001}}}