{"Odin: Valhalla Rising": {"localIpCount": 1, "localIpFrequency": {"10.0.0.74": 1}, "localIpTotalDuration": 84.898, "localIpDuration": {"10.0.0.74": 84.898}}, "Hero Blaze: Three Kingdoms": {"localIpCount": 1, "localIpFrequency": {"10.0.0.126": 2}, "localIpTotalDuration": 862.1023, "localIpDuration": {"10.0.0.126": 862.1023}}, "Genshin Impact": {"localIpCount": 1, "localIpFrequency": {"10.0.0.169": 7}, "localIpTotalDuration": 26840.457900000005, "localIpDuration": {"10.0.0.169": 26840.457900000005}}, "Roblox (Adopt Me!)": {"localIpCount": 5, "localIpFrequency": {"10.0.0.18": 6, "10.0.0.17": 5, "10.0.0.4": 1, "10.0.0.112": 3, "10.0.0.36": 4}, "localIpTotalDuration": 13812.710699999998, "localIpDuration": {"10.0.0.18": 5926.2896, "10.0.0.17": 7620.1931, "10.0.0.4": 56.899, "10.0.0.112": 186.0758, "10.0.0.36": 23.2532}}, "Roblox": {"localIpCount": 6, "localIpFrequency": {"10.0.0.17": 9, "10.0.0.18": 9, "10.0.0.112": 5, "10.0.0.4": 1, "10.0.0.5": 2, "10.0.0.36": 4}, "localIpTotalDuration": 246081.7286, "localIpDuration": {"10.0.0.17": 23524.312499999996, "10.0.0.18": 53584.7492, "10.0.0.112": 130973.71920000002, "10.0.0.4": 537.1022, "10.0.0.5": 3779.7452000000003, "10.0.0.36": 33682.1003}}, "Among us": {"localIpCount": 1, "localIpFrequency": {"10.0.0.112": 1}, "localIpTotalDuration": 607.0, "localIpDuration": {"10.0.0.112": 607.0}}, "PUBG Mobile": {"localIpCount": 2, "localIpFrequency": {"10.0.0.115": 1, "10.0.0.112": 1}, "localIpTotalDuration": 671.4576, "localIpDuration": {"10.0.0.115": 91.102, "10.0.0.112": 580.3556}}, "ZEPETO": {"localIpCount": 1, "localIpFrequency": {"10.0.0.18": 5}, "localIpTotalDuration": 16049.001099999998, "localIpDuration": {"10.0.0.18": 16049.001099999998}}}