{"Pok\u00e9mon GO": {"localIpCount": 1, "localIpFrequency": {"10.0.2.190": 2}, "localIpTotalDuration": 17390.7979, "localIpDuration": {"10.0.2.190": 17390.7979}}, "Genshin Impact": {"localIpCount": 4, "localIpFrequency": {"10.0.1.62": 1, "10.0.3.32": 1, "10.0.0.9": 5, "10.0.0.12": 35}, "localIpTotalDuration": 67187.91710000002, "localIpDuration": {"10.0.1.62": 547.8478, "10.0.3.32": 1273.9494, "10.0.0.9": 11968.9979, "10.0.0.12": 53397.12199999999}}, "Roblox": {"localIpCount": 8, "localIpFrequency": {"10.0.3.19": 4, "10.0.3.30": 2, "10.0.0.4": 19, "10.0.0.5": 23, "10.0.0.17": 16, "10.0.0.18": 2, "10.0.0.19": 2, "10.0.0.36": 2}, "localIpTotalDuration": 324552.0289, "localIpDuration": {"10.0.3.19": 6760.9467, "10.0.3.30": 13476.8067, "10.0.0.4": 34046.92819999999, "10.0.0.5": 162871.0533, "10.0.0.17": 49249.5734, "10.0.0.18": 4047.695, "10.0.0.19": 988.2346, "10.0.0.36": 53110.791}}, "PUBG Mobile": {"localIpCount": 1, "localIpFrequency": {"10.0.3.20": 1}, "localIpTotalDuration": 194.9508, "localIpDuration": {"10.0.3.20": 194.9508}}, "ZEPETO": {"localIpCount": 1, "localIpFrequency": {"10.0.0.18": 10}, "localIpTotalDuration": 11767.8984, "localIpDuration": {"10.0.0.18": 11767.8984}}, "Roblox (Adopt Me!)": {"localIpCount": 8, "localIpFrequency": {"10.0.3.19": 4, "10.0.3.30": 1, "10.0.0.5": 11, "10.0.0.4": 7, "10.0.0.17": 4, "10.0.0.19": 2, "10.0.0.18": 6, "10.0.0.36": 4}, "localIpTotalDuration": 34212.1728, "localIpDuration": {"10.0.3.19": 1746.8258999999998, "10.0.3.30": 1603.9998, "10.0.0.5": 5273.9203, "10.0.0.4": 8891.0822, "10.0.0.17": 5159.0212, "10.0.0.19": 2574.2042, "10.0.0.18": 8794.4034, "10.0.0.36": 168.7158}}, "Hero Blaze: Three Kingdoms": {"localIpCount": 1, "localIpFrequency": {"10.0.1.34": 1}, "localIpTotalDuration": 29.0495, "localIpDuration": {"10.0.1.34": 29.0495}}}