{"PUBG Mobile": {"localIpCount": 2, "localIpFrequency": {"10.0.1.138": 5, "10.0.1.150": 1}, "localIpTotalDuration": 73375.29900000001, "localIpDuration": {"10.0.1.138": 73056.32010000001, "10.0.1.150": 318.9789}}, "Roblox (Adopt Me!)": {"localIpCount": 6, "localIpFrequency": {"10.0.0.112": 9, "10.0.1.162": 2, "10.0.1.182": 3, "10.0.1.187": 3, "10.0.0.5": 3, "10.0.1.48": 1}, "localIpTotalDuration": 14352.189, "localIpDuration": {"10.0.0.112": 6763.7502, "10.0.1.162": 1355.4598, "10.0.1.182": 2138.7135, "10.0.1.187": 1914.5915, "10.0.0.5": 1736.0469999999998, "10.0.1.48": 443.627}}, "Hero Blaze: Three Kingdoms": {"localIpCount": 3, "localIpFrequency": {"10.0.0.225": 1, "10.0.1.65": 2, "10.0.1.208": 1}, "localIpTotalDuration": 534.3131000000001, "localIpDuration": {"10.0.0.225": 7.1988, "10.0.1.65": 432.1172, "10.0.1.208": 94.9971}}, "MIR4": {"localIpCount": 1, "localIpFrequency": {"10.0.0.232": 1}, "localIpTotalDuration": 180.0, "localIpDuration": {"10.0.0.232": 180.0}}, "Brawl Stars": {"localIpCount": 1, "localIpFrequency": {"10.0.1.48": 1}, "localIpTotalDuration": 0.255, "localIpDuration": {"10.0.1.48": 0.255}}, "Roblox": {"localIpCount": 8, "localIpFrequency": {"10.0.0.112": 13, "10.0.1.162": 2, "10.0.1.182": 3, "10.0.1.187": 1, "10.0.1.104": 2, "10.0.0.5": 5, "10.0.0.36": 1, "10.0.1.48": 1}, "localIpTotalDuration": 72058.19509999998, "localIpDuration": {"10.0.0.112": 35285.98189999999, "10.0.1.162": 4185.272199999999, "10.0.1.182": 5838.1029, "10.0.1.187": 1800.7987, "10.0.1.104": 8099.7693, "10.0.0.5": 11244.318200000002, "10.0.0.36": 2811.9511, "10.0.1.48": 2792.0008}}, "Sonic Forces": {"localIpCount": 1, "localIpFrequency": {"10.0.1.104": 14}, "localIpTotalDuration": 37002.2242, "localIpDuration": {"10.0.1.104": 37002.2242}}, "World of Tanks": {"localIpCount": 1, "localIpFrequency": {"10.0.0.112": 1}, "localIpTotalDuration": 314.4068, "localIpDuration": {"10.0.0.112": 314.4068}}, "Gunship Battle: Crypto Conflict": {"localIpCount": 3, "localIpFrequency": {"10.0.0.65": 1, "10.0.1.65": 3, "10.0.1.101": 1}, "localIpTotalDuration": 1587.4933999999998, "localIpDuration": {"10.0.0.65": 780.8474, "10.0.1.65": 134.6462, "10.0.1.101": 671.9998}}, "Genshin Impact": {"localIpCount": 2, "localIpFrequency": {"10.0.0.9": 1, "10.0.1.104": 1}, "localIpTotalDuration": 2040.6968, "localIpDuration": {"10.0.0.9": 1830.0001, "10.0.1.104": 210.6967}}}