{"Brawl Stars": {"localIpCount": 1, "localIpFrequency": {"10.0.1.48": 1}, "localIpTotalDuration": 1714.9999, "localIpDuration": {"10.0.1.48": 1714.9999}}, "Genshin Impact": {"localIpCount": 1, "localIpFrequency": {"10.0.1.62": 9}, "localIpTotalDuration": 197493.92150000003, "localIpDuration": {"10.0.1.62": 197493.92150000003}}, "Roblox": {"localIpCount": 2, "localIpFrequency": {"10.0.1.48": 2, "10.0.0.153": 2}, "localIpTotalDuration": 6026.4717, "localIpDuration": {"10.0.1.48": 2689.8035, "10.0.0.153": 3336.6682}}, "Hero Blaze: Three Kingdoms": {"localIpCount": 2, "localIpFrequency": {"10.0.1.34": 2, "10.0.1.214": 1}, "localIpTotalDuration": 66908.01499999998, "localIpDuration": {"10.0.1.34": 66785.56169999999, "10.0.1.214": 122.4533}}, "Roblox (Adopt Me!)": {"localIpCount": 2, "localIpFrequency": {"10.0.1.48": 2, "10.0.0.153": 2}, "localIpTotalDuration": 3283.2989, "localIpDuration": {"10.0.1.48": 1352.2778999999998, "10.0.0.153": 1931.021}}, "\ud0d5\ud0d5\ud2b9\uacf5\ub300": {"localIpCount": 1, "localIpFrequency": {"10.0.2.10": 1}, "localIpTotalDuration": 0.0001, "localIpDuration": {"10.0.2.10": 0.0001}}, "Apex Legends Mobile": {"localIpCount": 1, "localIpFrequency": {"10.0.1.135": 2}, "localIpTotalDuration": 3181.6468, "localIpDuration": {"10.0.1.135": 3181.6468}}, "DRAGON BALL LEGENDS": {"localIpCount": 1, "localIpFrequency": {"10.0.0.153": 1}, "localIpTotalDuration": 241.9996, "localIpDuration": {"10.0.0.153": 241.9996}}}