{"Hero Blaze: Three Kingdoms": {"localIpCount": 2, "localIpFrequency": {"10.0.0.155": 3, "10.0.0.44": 1}, "localIpTotalDuration": 541.0504, "localIpDuration": {"10.0.0.155": 485.5956, "10.0.0.44": 55.4548}}, "Genshin Impact": {"localIpCount": 1, "localIpFrequency": {"10.0.0.9": 8}, "localIpTotalDuration": 4051.1359, "localIpDuration": {"10.0.0.9": 4051.1359}}, "Gunship Battle: Crypto Conflict": {"localIpCount": 1, "localIpFrequency": {"10.0.0.44": 1}, "localIpTotalDuration": 60.8478, "localIpDuration": {"10.0.0.44": 60.8478}}, "Brawl Stars": {"localIpCount": 1, "localIpFrequency": {"10.0.1.38": 1}, "localIpTotalDuration": 437.0507, "localIpDuration": {"10.0.1.38": 437.0507}}, "Roblox (Adopt Me!)": {"localIpCount": 5, "localIpFrequency": {"10.0.1.11": 7, "10.0.0.109": 20, "10.0.0.113": 2, "10.0.1.54": 3, "10.0.1.61": 4}, "localIpTotalDuration": 31051.51400000001, "localIpDuration": {"10.0.1.11": 8789.5231, "10.0.0.109": 15912.1727, "10.0.0.113": 1607.2042999999999, "10.0.1.54": 1128.2546, "10.0.1.61": 3614.3593}}, "Minecraft": {"localIpCount": 1, "localIpFrequency": {"10.0.1.11": 1}, "localIpTotalDuration": 1304.514, "localIpDuration": {"10.0.1.11": 1304.514}}, "Roblox": {"localIpCount": 7, "localIpFrequency": {"10.0.1.11": 11, "10.0.0.240": 4, "10.0.0.109": 28, "10.0.0.113": 3, "10.0.0.62": 1, "10.0.1.54": 5, "10.0.1.61": 4}, "localIpTotalDuration": 65684.53799999997, "localIpDuration": {"10.0.1.11": 15546.265699999998, "10.0.0.240": 3936.7169999999996, "10.0.0.109": 33894.628300000004, "10.0.0.113": 2427.3136999999997, "10.0.0.62": 927.0496, "10.0.1.54": 5656.833599999999, "10.0.1.61": 3295.7301}}, "Sonic Forces": {"localIpCount": 1, "localIpFrequency": {"10.0.0.9": 5}, "localIpTotalDuration": 532.724, "localIpDuration": {"10.0.0.9": 532.724}}, "Odin: Valhalla Rising": {"localIpCount": 1, "localIpFrequency": {"10.0.0.128": 1}, "localIpTotalDuration": 54.0494, "localIpDuration": {"10.0.0.128": 54.0494}}}