{"Pok\u00e9mon GO": {"localIpCount": 2, "localIpFrequency": {"10.0.66.209": 3, "10.0.66.183": 3}, "localIpTotalDuration": 4662.0057, "localIpDuration": {"10.0.66.209": 2037.0078, "10.0.66.183": 2624.9979}}, "PUBG Mobile": {"localIpCount": 36, "localIpFrequency": {"10.0.66.193": 6, "10.0.66.208": 3, "10.0.66.222": 6, "10.0.66.236": 3, "10.0.66.246": 9, "10.0.67.36": 6, "10.0.67.49": 6, "10.0.67.76": 3, "10.0.67.86": 3, "10.0.67.99": 3, "10.0.67.103": 3, "10.0.67.117": 3, "10.0.67.130": 3, "10.0.67.139": 3, "10.0.67.145": 3, "10.0.67.156": 3, "10.0.67.160": 3, "10.0.67.174": 3, "10.0.67.32": 3, "10.0.67.190": 3, "10.0.67.193": 3, "10.0.67.213": 3, "10.0.67.169": 3, "10.0.67.227": 3, "10.0.68.1": 6, "10.0.68.22": 3, "10.0.68.33": 3, "10.0.68.39": 3, "10.0.68.59": 6, "10.0.68.78": 3, "10.0.68.84": 3, "10.0.68.90": 6, "10.0.68.109": 3, "10.0.68.150": 3, "10.0.68.158": 3, "10.0.68.177": 3}, "localIpTotalDuration": 165660.2082, "localIpDuration": {"10.0.66.193": 2960.9811000000004, "10.0.66.208": 3339.0027, "10.0.66.222": 7329.0333, "10.0.66.236": 4683.0105, "10.0.66.246": 8190.0225, "10.0.67.36": 9219.006599999999, "10.0.67.49": 7139.9841, "10.0.67.76": 441.00899999999996, "10.0.67.86": 1659.0236999999997, "10.0.67.99": 5397.0018, "10.0.67.103": 4829.9943, "10.0.67.117": 2142.0102, "10.0.67.130": 5395.6215, "10.0.67.139": 5206.9734, "10.0.67.145": 5291.9913, "10.0.67.156": 3905.9930999999997, "10.0.67.160": 3738.0108, "10.0.67.174": 3213.0006, "10.0.67.32": 2268.0024000000003, "10.0.67.190": 1302.0135, "10.0.67.193": 0.0258, "10.0.67.213": 5397.000599999999, "10.0.67.169": 5395.7631, "10.0.67.227": 5145.0228, "10.0.68.1": 10584.003, "10.0.68.22": 5397.0078, "10.0.68.33": 3484.9628999999995, "10.0.68.39": 5355.0054, "10.0.68.59": 10794.014700000002, "10.0.68.78": 5374.870199999999, "10.0.68.84": 5039.8611, "10.0.68.90": 10792.0605, "10.0.68.109": 1027.9263, "10.0.68.150": 2478.0012, "10.0.68.158": 462.00389999999993, "10.0.68.177": 1280.9925}}, "The Lord of the Rings: War": {"localIpCount": 3, "localIpFrequency": {"10.0.66.245": 12, "10.0.66.204": 3, "10.0.68.18": 3}, "localIpTotalDuration": 9345.0234, "localIpDuration": {"10.0.66.245": 9135.007800000001, "10.0.66.204": 147.0162, "10.0.68.18": 62.9994}}, "Minecraft": {"localIpCount": 2, "localIpFrequency": {"10.0.66.183": 3, "10.0.68.135": 3}, "localIpTotalDuration": 923.9961, "localIpDuration": {"10.0.66.183": 567.0012, "10.0.68.135": 356.99490000000003}}, "ZEPETO": {"localIpCount": 1, "localIpFrequency": {"10.0.67.3": 12}, "localIpTotalDuration": 4052.9739, "localIpDuration": {"10.0.67.3": 4052.9739}}, "New State Mobile": {"localIpCount": 1, "localIpFrequency": {"10.0.66.195": 15}, "localIpTotalDuration": 2142.0213000000003, "localIpDuration": {"10.0.66.195": 2142.0213000000003}}, "Cookie Run: Kingdom": {"localIpCount": 2, "localIpFrequency": {"10.0.67.3": 3, "10.0.68.169": 3}, "localIpTotalDuration": 4870.782, "localIpDuration": {"10.0.67.3": 2581.7712, "10.0.68.169": 2289.0108}}, "TFT: Teamfight Tactics": {"localIpCount": 2, "localIpFrequency": {"10.0.68.171": 3, "10.0.68.131": 3}, "localIpTotalDuration": 6069.0414, "localIpDuration": {"10.0.68.171": 966.0138, "10.0.68.131": 5103.027599999999}}, "FIFA Mobile": {"localIpCount": 1, "localIpFrequency": {"10.0.66.198": 12}, "localIpTotalDuration": 2646.0591000000004, "localIpDuration": {"10.0.66.198": 2646.0591000000004}}, "League of Legends: Wild Rift": {"localIpCount": 3, "localIpFrequency": {"10.0.67.66": 27, "10.0.68.8": 21, "10.0.68.171": 3}, "localIpTotalDuration": 61362.09029999996, "localIpDuration": {"10.0.67.66": 35553.08219999999, "10.0.68.8": 21315.010500000004, "10.0.68.171": 4493.9976}}, "The Walking Dead: All-Stars": {"localIpCount": 2, "localIpFrequency": {"10.0.67.131": 3, "10.0.68.175": 3}, "localIpTotalDuration": 2248.1600999999996, "localIpDuration": {"10.0.67.131": 2227.1556, "10.0.68.175": 21.0045}}, "Brawl Stars": {"localIpCount": 3, "localIpFrequency": {"10.0.66.198": 6, "10.0.67.63": 15, "10.0.67.215": 3}, "localIpTotalDuration": 19488.054300000003, "localIpDuration": {"10.0.66.198": 5523.0198, "10.0.67.63": 12600.0468, "10.0.67.215": 1364.9877000000001}}, "Roblox": {"localIpCount": 23, "localIpFrequency": {"10.0.66.183": 15, "10.0.66.184": 3, "10.0.66.207": 6, "10.0.66.198": 6, "10.0.66.242": 12, "10.0.67.14": 12, "10.0.67.3": 9, "10.0.67.57": 6, "10.0.67.65": 3, "10.0.67.63": 15, "10.0.67.79": 9, "10.0.67.85": 3, "10.0.67.140": 3, "10.0.67.58": 3, "10.0.67.170": 3, "10.0.67.80": 6, "10.0.67.177": 12, "10.0.67.186": 3, "10.0.68.29": 36, "10.0.68.65": 6, "10.0.68.127": 3, "10.0.68.130": 6, "10.0.68.138": 3}, "localIpTotalDuration": 311907.15900000004, "localIpDuration": {"10.0.66.183": 26981.57850000001, "10.0.66.184": 5395.9374, "10.0.66.207": 10456.3878, "10.0.66.198": 10791.731099999999, "10.0.66.242": 21585.807000000004, "10.0.67.14": 20156.6046, "10.0.67.3": 16187.6469, "10.0.67.57": 10791.806999999999, "10.0.67.65": 5395.863600000001, "10.0.67.63": 26980.6965, "10.0.67.79": 16187.624699999998, "10.0.67.85": 5395.8921, "10.0.67.140": 5395.7724, "10.0.67.58": 5395.9245, "10.0.67.170": 5395.863600000001, "10.0.67.80": 10791.685200000002, "10.0.67.177": 21582.3369, "10.0.67.186": 5395.8093, "10.0.68.29": 50016.585900000005, "10.0.68.65": 10040.7132, "10.0.68.127": 5397.0027, "10.0.68.130": 10792.136400000001, "10.0.68.138": 5395.751700000001}}, "Call of Duty: Mobile": {"localIpCount": 1, "localIpFrequency": {"10.0.67.120": 3}, "localIpTotalDuration": 20.9898, "localIpDuration": {"10.0.67.120": 20.9898}}, "Free Fire": {"localIpCount": 9, "localIpFrequency": {"10.0.66.234": 3, "10.0.67.28": 15, "10.0.67.102": 3, "10.0.67.88": 3, "10.0.67.143": 3, "10.0.67.13": 6, "10.0.67.236": 3, "10.0.67.244": 3, "10.0.68.93": 27}, "localIpTotalDuration": 80069.90970000002, "localIpDuration": {"10.0.66.234": 630.0117, "10.0.67.28": 21648.843599999997, "10.0.67.102": 840.0222000000001, "10.0.67.88": 3696.0056999999997, "10.0.67.143": 987.0135, "10.0.67.13": 3402.0123, "10.0.67.236": 4998.0087, "10.0.67.244": 1596.0135, "10.0.68.93": 42271.978500000005}}, "NBA NOW 23": {"localIpCount": 2, "localIpFrequency": {"10.0.67.84": 3, "10.0.67.180": 3}, "localIpTotalDuration": 0.0, "localIpDuration": {"10.0.67.84": 0.0, "10.0.67.180": 0.0}}}