{"Clash of Clan": {"localIpCount": 1, "localIpFrequency": {"10.0.5.32": 2}, "localIpTotalDuration": 645.0, "localIpDuration": {"10.0.5.32": 645.0}}, "Among us": {"localIpCount": 1, "localIpFrequency": {"10.0.7.43": 1}, "localIpTotalDuration": 1260.0016, "localIpDuration": {"10.0.7.43": 1260.0016}}, "Roblox (Game)": {"localIpCount": 12, "localIpFrequency": {"10.0.6.237": 2, "10.0.7.45": 1, "10.0.7.29": 2, "10.0.5.181": 7, "10.0.6.11": 1, "10.0.5.34": 4, "10.0.7.40": 1, "10.0.5.180": 4, "10.0.4.204": 1, "10.0.6.210": 1, "10.0.5.101": 2, "10.0.6.199": 2}, "localIpTotalDuration": 37429.167100000006, "localIpDuration": {"10.0.6.237": 244.9992, "10.0.7.45": 1509.9999, "10.0.7.29": 1719.9967000000001, "10.0.5.181": 10874.6181, "10.0.6.11": 1524.951, "10.0.5.34": 5459.9575, "10.0.7.40": 1330.0024, "10.0.5.180": 6225.0107, "10.0.4.204": 1334.6194, "10.0.6.210": 1095.0053, "10.0.5.101": 3305.0069, "10.0.6.199": 2805.0}}, "FIFA Mobile": {"localIpCount": 2, "localIpFrequency": {"10.0.5.34": 4, "10.0.6.11": 1}, "localIpTotalDuration": 5275.381899999999, "localIpDuration": {"10.0.5.34": 5085.3794, "10.0.6.11": 190.0025}}, "PUBG Mobile": {"localIpCount": 1, "localIpFrequency": {"10.0.6.117": 1}, "localIpTotalDuration": 260.0, "localIpDuration": {"10.0.6.117": 260.0}}, "Sonic Forces": {"localIpCount": 1, "localIpFrequency": {"10.0.6.11": 1}, "localIpTotalDuration": 375.0052, "localIpDuration": {"10.0.6.11": 375.0052}}, "Gunship Battle: Crypto Conflict": {"localIpCount": 1, "localIpFrequency": {"10.0.0.85": 1}, "localIpTotalDuration": 260.0027, "localIpDuration": {"10.0.0.85": 260.0027}}, "Brawl Stars": {"localIpCount": 1, "localIpFrequency": {"10.0.5.34": 10}, "localIpTotalDuration": 9080.0218, "localIpDuration": {"10.0.5.34": 9080.0218}}, "Genshin Impact": {"localIpCount": 1, "localIpFrequency": {"10.0.7.56": 1}, "localIpTotalDuration": 0.0032, "localIpDuration": {"10.0.7.56": 0.0032}}, "Roblox": {"localIpCount": 9, "localIpFrequency": {"10.0.6.237": 15, "10.0.6.247": 13, "10.0.5.181": 7, "10.0.7.29": 2, "10.0.5.180": 3, "10.0.4.201": 1, "10.0.5.101": 1, "10.0.7.56": 2, "10.0.5.34": 2}, "localIpTotalDuration": 81887.0713, "localIpDuration": {"10.0.6.237": 26976.004299999997, "10.0.6.247": 23386.593700000005, "10.0.5.181": 12593.199999999999, "10.0.7.29": 3599.2947999999997, "10.0.5.180": 5398.8281, "10.0.4.201": 1799.6358, "10.0.5.101": 1799.6355, "10.0.7.56": 3599.243, "10.0.5.34": 2734.6361}}}