{"Genshin Impact": {"localIpCount": 1, "localIpFrequency": {"10.0.7.149": 1}, "localIpTotalDuration": 140.0049, "localIpDuration": {"10.0.7.149": 140.0049}}, "Hero Blaze: Three Kingdoms": {"localIpCount": 1, "localIpFrequency": {"10.0.0.163": 1}, "localIpTotalDuration": 0.0061, "localIpDuration": {"10.0.0.163": 0.0061}}, "Odin: Valhalla Rising": {"localIpCount": 1, "localIpFrequency": {"10.0.5.51": 1}, "localIpTotalDuration": 0.0, "localIpDuration": {"10.0.5.51": 0.0}}, "PUBG Mobile": {"localIpCount": 12, "localIpFrequency": {"10.0.6.37": 17, "10.0.7.64": 1, "10.0.6.223": 7, "10.0.7.80": 1, "10.0.7.133": 2, "10.0.7.143": 1, "10.0.4.101": 4, "10.0.7.150": 4, "10.0.7.107": 1, "10.0.7.206": 6, "10.0.3.7": 1, "10.0.7.230": 1}, "localIpTotalDuration": 41445.80850000001, "localIpDuration": {"10.0.6.37": 14083.6564, "10.0.7.64": 188.9938, "10.0.6.223": 10548.631, "10.0.7.80": 301.0003, "10.0.7.133": 42.0173, "10.0.7.143": 21.0005, "10.0.4.101": 6243.1904, "10.0.7.150": 4494.0281, "10.0.7.107": 1470.0026, "10.0.7.206": 3857.6226, "10.0.3.7": 6.6642, "10.0.7.230": 189.0013}}, "League of Legends: Wild Rift": {"localIpCount": 9, "localIpFrequency": {"10.0.6.194": 35, "10.0.7.63": 1, "10.0.3.24": 1, "10.0.7.82": 1, "10.0.7.83": 38, "10.0.0.165": 1, "10.0.0.120": 2, "10.0.7.185": 1, "10.0.7.120": 1}, "localIpTotalDuration": 95172.52850000004, "localIpDuration": {"10.0.6.194": 45899.0548, "10.0.7.63": 1099.0028, "10.0.3.24": 329.0052, "10.0.7.82": 35.0022, "10.0.7.83": 46305.44970000001, "10.0.0.165": 41.9999, "10.0.0.120": 1225.0062, "10.0.7.185": 34.9994, "10.0.7.120": 203.0083}}, "Cookie Run: OvenBreak": {"localIpCount": 1, "localIpFrequency": {"10.0.4.236": 1}, "localIpTotalDuration": 749.0003, "localIpDuration": {"10.0.4.236": 749.0003}}, "Free Fire": {"localIpCount": 3, "localIpFrequency": {"10.0.6.31": 1, "10.0.6.116": 4, "10.0.7.84": 1}, "localIpTotalDuration": 2541.0118, "localIpDuration": {"10.0.6.31": 0.0037, "10.0.6.116": 2359.0032, "10.0.7.84": 182.0049}}, "Roblox (Game)": {"localIpCount": 18, "localIpFrequency": {"10.0.6.239": 5, "10.0.6.158": 1, "10.0.0.70": 1, "10.0.6.73": 3, "10.0.7.48": 1, "10.0.3.177": 1, "10.0.4.198": 2, "10.0.7.31": 1, "10.0.0.195": 1, "10.0.7.58": 3, "10.0.3.75": 1, "10.0.0.138": 2, "10.0.6.223": 1, "10.0.0.145": 5, "10.0.6.27": 1, "10.0.0.221": 1, "10.0.4.183": 1, "10.0.6.92": 1}, "localIpTotalDuration": 50337.425299999995, "localIpDuration": {"10.0.6.239": 7120.0434000000005, "10.0.6.158": 363.9985, "10.0.0.70": 203.0075, "10.0.6.73": 5299.003500000001, "10.0.7.48": 1687.0038, "10.0.3.177": 1505.0066, "10.0.4.198": 3451.0128999999997, "10.0.7.31": 1791.9996, "10.0.0.195": 1799.0072, "10.0.7.58": 5271.0103, "10.0.3.75": 1798.6162, "10.0.0.138": 3360.0008, "10.0.6.223": 1742.6306, "10.0.0.145": 8659.0215, "10.0.6.27": 1554.0012, "10.0.0.221": 1715.0629, "10.0.4.183": 1770.9982, "10.0.6.92": 1246.0006}}, "WePlay - Party Game & Chat": {"localIpCount": 4, "localIpFrequency": {"10.0.4.198": 1, "10.0.7.27": 1, "10.0.0.91": 1, "10.0.6.110": 1}, "localIpTotalDuration": 1988.0203000000001, "localIpDuration": {"10.0.4.198": 441.0049, "10.0.7.27": 455.0046, "10.0.0.91": 496.9994, "10.0.6.110": 595.0114}}, "TFT: Teamfight Tactics": {"localIpCount": 2, "localIpFrequency": {"10.0.0.165": 1, "10.0.0.120": 3}, "localIpTotalDuration": 3430.02, "localIpDuration": {"10.0.0.165": 0.0021, "10.0.0.120": 3430.0179}}, "Random Dice: Defense": {"localIpCount": 2, "localIpFrequency": {"10.0.7.67": 1, "10.0.0.25": 1}, "localIpTotalDuration": 623.0293, "localIpDuration": {"10.0.7.67": 126.0006, "10.0.0.25": 497.0287}}, "Pok\u00e9mon Unite": {"localIpCount": 1, "localIpFrequency": {"10.0.0.25": 2}, "localIpTotalDuration": 1952.5838999999999, "localIpDuration": {"10.0.0.25": 1952.5838999999999}}, "Blue Archive": {"localIpCount": 1, "localIpFrequency": {"10.0.2.91": 1}, "localIpTotalDuration": 349.9985, "localIpDuration": {"10.0.2.91": 349.9985}}, "\ud0d5\ud0d5\ud2b9\uacf5\ub300": {"localIpCount": 1, "localIpFrequency": {"10.0.7.184": 1}, "localIpTotalDuration": 20.9978, "localIpDuration": {"10.0.7.184": 20.9978}}, "Zombie High School": {"localIpCount": 1, "localIpFrequency": {"10.0.7.240": 4}, "localIpTotalDuration": 1407.0041, "localIpDuration": {"10.0.7.240": 1407.0041}}, "MIR4": {"localIpCount": 1, "localIpFrequency": {"10.0.7.7": 9}, "localIpTotalDuration": 9001.646400000001, "localIpDuration": {"10.0.7.7": 9001.646400000001}}, "Pok\u00e9mon GO": {"localIpCount": 2, "localIpFrequency": {"10.0.7.58": 2, "10.0.7.8": 1}, "localIpTotalDuration": 1526.7307, "localIpDuration": {"10.0.7.58": 1526.0081, "10.0.7.8": 0.7226}}, "FIFA Mobile": {"localIpCount": 9, "localIpFrequency": {"10.0.6.37": 23, "10.0.0.91": 2, "10.0.7.91": 1, "10.0.6.223": 3, "10.0.4.79": 1, "10.0.7.173": 1, "10.0.0.96": 1, "10.0.7.176": 2, "10.0.0.113": 2}, "localIpTotalDuration": 31221.128900000003, "localIpDuration": {"10.0.6.37": 21931.7157, "10.0.0.91": 1764.3671, "10.0.7.91": 203.0006, "10.0.6.223": 1316.0322999999999, "10.0.4.79": 413.0062, "10.0.7.173": 469.0007, "10.0.0.96": 1778.0025, "10.0.7.176": 2219.0059, "10.0.0.113": 1126.9979}}, "KartRider Rush+": {"localIpCount": 1, "localIpFrequency": {"10.0.6.130": 1}, "localIpTotalDuration": 1651.9472, "localIpDuration": {"10.0.6.130": 1651.9472}}, "Clash Royale": {"localIpCount": 2, "localIpFrequency": {"10.0.6.223": 1, "10.0.5.50": 2}, "localIpTotalDuration": 427.0146, "localIpDuration": {"10.0.6.223": 399.0002, "10.0.5.50": 28.014400000000002}}, "Ninja Must Die": {"localIpCount": 1, "localIpFrequency": {"10.0.0.25": 3}, "localIpTotalDuration": 0.021, "localIpDuration": {"10.0.0.25": 0.021}}, "Roblox": {"localIpCount": 78, "localIpFrequency": {"10.0.6.239": 7, "10.0.6.158": 3, "10.0.0.70": 1, "10.0.2.185": 3, "10.0.6.223": 8, "10.0.7.31": 4, "10.0.4.198": 1, "10.0.4.81": 1, "10.0.6.73": 3, "10.0.0.138": 2, "10.0.7.58": 2, "10.0.0.145": 45, "10.0.0.221": 11, "10.0.0.170": 6, "10.0.7.67": 1, "10.0.6.174": 8, "10.0.5.51": 2, "10.0.6.171": 5, "10.0.0.91": 1, "10.0.6.92": 13, "10.0.3.109": 7, "10.0.0.83": 1, "10.0.6.153": 1, "10.0.4.253": 1, "10.0.7.86": 2, "10.0.7.91": 6, "10.0.7.48": 2, "10.0.3.220": 4, "10.0.1.90": 3, "10.0.0.20": 1, "10.0.7.107": 3, "10.0.4.32": 9, "10.0.7.111": 7, "10.0.0.233": 3, "10.0.4.236": 7, "10.0.7.118": 1, "10.0.7.119": 1, "10.0.7.116": 2, "10.0.7.132": 2, "10.0.7.130": 2, "10.0.7.27": 1, "10.0.6.110": 17, "10.0.7.117": 1, "10.0.7.145": 1, "10.0.7.135": 3, "10.0.7.110": 7, "10.0.7.136": 3, "10.0.7.123": 2, "10.0.7.157": 3, "10.0.7.137": 1, "10.0.4.180": 1, "10.0.0.135": 1, "10.0.0.25": 25, "10.0.3.108": 1, "10.0.4.216": 2, "10.0.7.120": 2, "10.0.5.114": 1, "10.0.7.170": 1, "10.0.7.167": 2, "10.0.0.73": 1, "10.0.7.178": 2, "10.0.7.181": 1, "10.0.7.66": 1, "10.0.4.56": 1, "10.0.7.187": 1, "10.0.7.184": 2, "10.0.7.189": 1, "10.0.7.207": 6, "10.0.6.99": 3, "10.0.5.50": 2, "10.0.7.200": 2, "10.0.7.211": 1, "10.0.7.192": 1, "10.0.0.2": 1, "10.0.3.142": 1, "10.0.7.244": 1, "10.0.0.28": 1, "10.0.0.168": 1}, "localIpTotalDuration": 519524.20590000023, "localIpDuration": {"10.0.6.239": 12583.8269, "10.0.6.158": 4346.608700000001, "10.0.0.70": 1239.0029, "10.0.2.185": 5395.9123, "10.0.6.223": 14368.3411, "10.0.7.31": 7194.609499999999, "10.0.4.198": 1798.6526, "10.0.4.81": 1798.6366, "10.0.6.73": 5395.8776, "10.0.0.138": 3597.2705, "10.0.7.58": 3597.2405, "10.0.0.145": 79912.9921, "10.0.0.221": 19416.5593, "10.0.0.170": 9777.1332, "10.0.7.67": 1798.6405, "10.0.6.174": 11820.8352, "10.0.5.51": 3597.2897000000003, "10.0.6.171": 8986.1831, "10.0.0.91": 1799.002, "10.0.6.92": 21899.559299999997, "10.0.3.109": 12584.191900000002, "10.0.0.83": 1798.6275, "10.0.6.153": 132.9995, "10.0.4.253": 1798.6351, "10.0.7.86": 3597.2754999999997, "10.0.7.91": 10176.185000000001, "10.0.7.48": 3597.6394, "10.0.3.220": 7194.4774, "10.0.1.90": 5381.8393, "10.0.0.20": 1799.0055, "10.0.7.107": 5277.2232, "10.0.4.32": 15858.5962, "10.0.7.111": 12576.355099999999, "10.0.0.233": 5396.2835, "10.0.4.236": 12583.449399999998,