{"Mafia42: Mafia Party Game": {"localIpCount": 1, "localIpFrequency": {"10.0.0.218": 1}, "localIpTotalDuration": 0.0, "localIpDuration": {"10.0.0.218": 0.0}}, "League of Legends: Wild Rift": {"localIpCount": 10, "localIpFrequency": {"10.0.3.46": 3, "10.0.3.24": 6, "10.0.6.194": 52, "10.0.0.165": 6, "10.0.6.208": 1, "10.0.6.184": 2, "10.0.6.255": 1, "10.0.0.128": 1, "10.0.7.21": 2, "10.0.0.130": 1}, "localIpTotalDuration": 76957.86370000002, "localIpDuration": {"10.0.3.46": 0.0, "10.0.3.24": 965.9977, "10.0.6.194": 70643.9099, "10.0.0.165": 1553.949, "10.0.6.208": 0.0, "10.0.6.184": 707.0042, "10.0.6.255": 1106.0003, "10.0.0.128": 0.0, "10.0.7.21": 1981.0025999999998, "10.0.0.130": 0.0}}, "WePlay - Party Game & Chat": {"localIpCount": 3, "localIpFrequency": {"10.0.5.199": 10, "10.0.7.27": 1, "10.0.6.73": 9}, "localIpTotalDuration": 19487.660300000003, "localIpDuration": {"10.0.5.199": 6733.6585000000005, "10.0.7.27": 140.0086, "10.0.6.73": 12613.993199999999}}, "MIR4": {"localIpCount": 3, "localIpFrequency": {"10.0.6.156": 19, "10.0.7.7": 1, "10.0.2.123": 1}, "localIpTotalDuration": 13335.023699999998, "localIpDuration": {"10.0.6.156": 12859.019899999998, "10.0.7.7": 462.0017, "10.0.2.123": 14.0021}}, "Pok\u00e9mon GO": {"localIpCount": 6, "localIpFrequency": {"10.0.6.73": 15, "10.0.6.115": 41, "10.0.5.125": 2, "10.0.5.199": 1, "10.0.2.185": 2, "10.0.7.25": 1}, "localIpTotalDuration": 65015.686299999994, "localIpDuration": {"10.0.6.73": 13404.992699999999, "10.0.6.115": 47130.681399999994, "10.0.5.125": 2107.0101000000004, "10.0.5.199": 0.0001, "10.0.2.185": 2023.0037, "10.0.7.25": 349.9983}}, "Brawl Stars": {"localIpCount": 8, "localIpFrequency": {"10.0.6.149": 3, "10.0.4.236": 7, "10.0.6.153": 1, "10.0.2.185": 1, "10.0.3.109": 7, "10.0.7.21": 1, "10.0.3.75": 1, "10.0.6.5": 1}, "localIpTotalDuration": 16359.061099999999, "localIpDuration": {"10.0.6.149": 3444.0051999999996, "10.0.4.236": 2723.0144, "10.0.6.153": 223.9979, "10.0.2.185": 154.012, "10.0.3.109": 7119.0288, "10.0.7.21": 154.0034, "10.0.3.75": 777.0011, "10.0.6.5": 1763.9983}}, "Roblox (Game)": {"localIpCount": 57, "localIpFrequency": {"10.0.0.70": 9, "10.0.6.124": 4, "10.0.0.2": 7, "10.0.6.148": 2, "10.0.3.247": 9, "10.0.6.151": 1, "10.0.5.125": 2, "10.0.2.185": 5, "10.0.6.92": 20, "10.0.5.173": 1, "10.0.6.140": 2, "10.0.0.145": 21, "10.0.6.154": 1, "10.0.3.108": 3, "10.0.6.155": 1, "10.0.4.56": 3, "10.0.6.25": 2, "10.0.4.216": 3, "10.0.4.238": 1, "10.0.5.102": 1, "10.0.6.171": 7, "10.0.6.73": 5, "10.0.3.109": 8, "10.0.6.174": 5, "10.0.1.204": 1, "10.0.5.37": 1, "10.0.5.199": 2, "10.0.6.184": 1, "10.0.6.195": 1, "10.0.6.121": 1, "10.0.6.199": 3, "10.0.6.183": 1, "10.0.4.236": 8, "10.0.6.223": 8, "10.0.6.224": 1, "10.0.6.238": 2, "10.0.6.239": 4, "10.0.4.253": 1, "10.0.6.235": 1, "10.0.6.126": 3, "10.0.4.24": 3, "10.0.7.5": 2, "10.0.7.15": 3, "10.0.6.102": 1, "10.0.4.210": 1, "10.0.7.29": 1, "10.0.7.27": 2, "10.0.7.32": 1, "10.0.0.57": 1, "10.0.3.111": 1, "10.0.7.35": 1, "10.0.4.35": 1, "10.0.4.43": 1, "10.0.7.10": 3, "10.0.5.215": 1, "10.0.2.193": 1, "10.0.7.31": 1}, "localIpTotalDuration": 260612.4777000001, "localIpDuration": {"10.0.0.70": 10962.041500000001, "10.0.6.124": 6376.2243, "10.0.0.2": 12312.9565, "10.0.6.148": 3556.003, "10.0.3.247": 12215.0435, "10.0.6.151": 1799.0115, "10.0.5.125": 3443.5841, "10.0.2.185": 7546.0217, "10.0.6.92": 21315.3788, "10.0.5.173": 1763.9979, "10.0.6.140": 3422.6126999999997, "10.0.0.145": 33116.441300000006, "10.0.6.154": 1799.0009, "10.0.3.108": 2841.6214999999997, "10.0.6.155": 1777.9961, "10.0.4.56": 3878.0096, "10.0.6.25": 3597.5969, "10.0.4.216": 4947.2469, "10.0.4.238": 1546.9976, "10.0.5.102": 105.0029, "10.0.6.171": 10289.635699999999, "10.0.6.73": 6608.6975, "10.0.3.109": 11213.305800000002, "10.0.6.174": 7168.0099, "10.0.1.204": 1169.0043, "10.0.5.37": 1714.999, "10.0.5.199": 1574.6085, "10.0.6.184": 1413.9981, "10.0.6.195": 1680.002, "10.0.6.121": 1638.0016, "10.0.6.199": 4115.9994, "10.0.6.183": 378.0051, "10.0.4.236": 10010.0056, "10.0.6.223": 13397.6101, "10.0.6.224": 1659.0073, "10.0.6.238": 2737.0032, "10.0.6.239": 4893.0146, "10.0.4.253": 378.0048, "10.0.6.235": 1694.0093, "10.0.6.126": 3136.4674, "10.0.4.24": 4934.9983, "10.0.7.5": 3465.0020999999997, "10.0.7.15": 2352.0128, "10.0.6.102": 937.9495, "10.0.4.210": 1735.9985, "10.0.7.29": 1371.9953, "10.0.7.27": 3514.0253, "10.0.7.32": 1540.002, "10.0.0.57": 1784.9911, "10.0.3.111": 1273.9972, "10.0.7.35": 140.2557, "10.0.4.35": 1434.996, "10.0.4.43": 574.0471, "10.0.7.10": 5243.0066, "10.0.5.215": 1750.0024, "10.0.2.193": 1652.0028, "10.0.7.31": 1715.0166}}, "Gunship Battle: Crypto Conflict": {"localIpCount": 1, "localIpFrequency": {"10.0.2.123": 2}, "localIpTotalDuration": 693.0086, "localIpDuration": {"10.0.2.123": 693.0086}}, "Minecraft": {"localIpCount": 2, "localIpFrequency": {"10.0.6.94": 1, "10.0.1.218": 2}, "localIpTotalDuration": 2261.0007, "localIpDuration": {"10.0.6.94": 28.0002, "10.0.1.218": 2233.0005}}, "Ninja Must Die": {"localIpCount": 1, "localIpFrequency": {"10.0.3.247": 2}, "localIpTotalDuration": 0.0034000000000000002, "localIpDuration": {"10.0.3.247": 0.0034000000000000002}}, "Call of Duty: Mobile": {"localIpCount": 1, "localIpFrequency": {"10.0.6.144": 1}, "localIpTotalDuration": 266.001, "localIpDuration": {"10.0.6.144": 266.001}}, "Clash of Clan": {"localIpCount": 1, "localIpFrequency": {"10.0.3.7": 35}, "localIpTotalDuration": 10081.0646, "localIpDuration": {"10.0.3.7": 10081.0646}}, "FIFA ONLINE 4 M": {"localIpCount": 5, "localIpFrequency": {"10.0.6.37": 3, "10.0.0.165": 11, "10.0.6.223": 2, "10.0.0.117": 1, "10.0.0.200": 1}, "localIpTotalDuration": 15344.017100000001, "localIpDuration": {"10.0.6.37": 1757.0066, "10.0.0.165": 11403.014700000002, "10.0.6.223": 1196.997, "10.0.0.117": 343.0004, "10.0.0.200": 643.9984}}, "Mech Arena": {"localIpCount": 1, "localIpFrequency": {"10.0.6.115": 6}, "localIpTotalDuration": 4955.9944, "localIpDuration": {"10.0.6.115": 4955.9944}}, "Cookie Run: OvenBreak": {"localIpCount": 1, "localIpFrequency": {"10.0.4.236": 6}, "localIpTotalDuration": 5823.982, "localIpDuration": {"10.0.4.236": 5823.982}}, "FIFA Mobile": {"localIpCount": 6, "localIpFrequency": {"10.0.6.37": 9, "10.0.6.223": 4, "10.0.6.248": 1, "10.0.5.50": 1, "10.0.1.17": 1, "10.0.7.23": 2}, "localIpTotalDuration": 18912.9539, "localIpDuration": {"10.0.6.37": 13781.863100000002, "10.0.6.223": 1050.0232, "10.0.6.248": 1798.9998, "10.0.5.50": 1253.0087, "10.0.1.17": 546.0019, "10.0.7.23": 483.0572}}, "Tower of God: NEW WORLD": {"localIpCount": 1, "localIpFrequency": {"10.0.0.130": 1}, "localIpTotalDuration": 1315.9992, "localIpDuration": {"10.0.0.130": 1315.9992}}, "PUBG Mobile": {"localIpCount": 7, "localIpFrequency": {"10.0.6.145": 4, "10.0.6.152": 2, "10.0.1.218": 1, "10.0.4.101": 1, "10.0.7.23": 3, "10.0.6.37": 6, "10.0.7.44": 1}, "localIpTotalDuration": 16352.032299999999, "localIpDuration": {"10.0.6.145": 1701.0039, "10.0.6.152": 2177.0061, "10.0.1.218": 623.0052, "10.0.4.101": 168.0004, "10.0.7.23": 2960.9951, "10.0.6.37": 7994.0177, "10.0.7.44": 728.0039}}, "Zombie High School": {"localIpCount": 1, "localIpFrequency": {"10.0.6.31": 3}, "localIpTotalDuration": 2057.6733, "localIpDuration": {"10.0.6.31": 2057.6733}}, "TFT: Teamfight Tactics": {"localIpCount": 10, "localIpFrequency": {"10.0.3.46": 6, "10.0.3.24": 10, "10.0.3.254": 1, "10.0.0.165": 8, "10.0.6.208": 1, "10.0.4.100": 1, "10.0.7.0": 1, "10.0.0.128": 2, "10.0.7.21": 1, "10.0.0.130": 1}, "localIpTotalDuration": 20195.211199999998, "localIpDuration": {"10.0.3.46": 6419.034099999999, "10.0.3.24": 5572.0194, "10.0.3.254": 1190.0013, "10.0.0.165": 3703.0029999999997, "10.0.6.208": 20.9993, "10.0.4.100": 1687.0532, "10.0.7.0": 132.9977, "10.0.0.128": 0.1044, "10.0.7.21": 1469.998, "10.0.0.130": 0.0008}}, "Roblox": {"localIpCount": 57, "localIpFrequency": {"10.0.6.94": 1, "10.0.6.73": 26, "10.0.6.124": 5, "10.0.6.148": 1, "10.0.2.185": 5, "10.0.3.247": 10, "10.0.0.2": 9, "10.0.6.140": 2, "10.0.4.236": 17,