{"Diablo Immortal": {"localIpCount": 1, "localIpFrequency": {"10.0.0.223": 1}, "localIpTotalDuration": 146.9995, "localIpDuration": {"10.0.0.223": 146.9995}}, "Roblox": {"localIpCount": 2, "localIpFrequency": {"10.0.0.215": 1, "10.0.0.229": 1}, "localIpTotalDuration": 3014.0519999999997, "localIpDuration": {"10.0.0.215": 1685.0516, "10.0.0.229": 1329.0004}}, "The Lord of the Rings: War": {"localIpCount": 1, "localIpFrequency": {"10.0.0.223": 1}, "localIpTotalDuration": 417.0006, "localIpDuration": {"10.0.0.223": 417.0006}}, "Roblox (Adopt Me!)": {"localIpCount": 2, "localIpFrequency": {"10.0.0.215": 1, "10.0.0.229": 1}, "localIpTotalDuration": 423.79789999999997, "localIpDuration": {"10.0.0.215": 382.0003, "10.0.0.229": 41.7976}}, "F1 Mobile Racing": {"localIpCount": 1, "localIpFrequency": {"10.0.0.118": 2}, "localIpTotalDuration": 599.9511, "localIpDuration": {"10.0.0.118": 599.9511}}, "Hero Blaze: Three Kingdoms": {"localIpCount": 1, "localIpFrequency": {"10.0.0.113": 1}, "localIpTotalDuration": 485.0498, "localIpDuration": {"10.0.0.113": 485.0498}}}