{"Gunship Battle: Crypto Conflict": {"localIpCount": 1, "localIpFrequency": {"10.0.0.233": 2}, "localIpTotalDuration": 2772.1527, "localIpDuration": {"10.0.0.233": 2772.1527}}, "FIFA ONLINE 4 M": {"localIpCount": 1, "localIpFrequency": {"10.0.0.192": 4}, "localIpTotalDuration": 25635.102899999998, "localIpDuration": {"10.0.0.192": 25635.102899999998}}, "Genshin Impact": {"localIpCount": 1, "localIpFrequency": {"10.0.0.9": 8}, "localIpTotalDuration": 22894.202600000004, "localIpDuration": {"10.0.0.9": 22894.202600000004}}, "Roblox": {"localIpCount": 4, "localIpFrequency": {"10.0.0.154": 1, "10.0.0.17": 6, "10.0.0.112": 4, "10.0.0.5": 4}, "localIpTotalDuration": 60828.69439999999, "localIpDuration": {"10.0.0.154": 1639.9999, "10.0.0.17": 48615.840399999994, "10.0.0.112": 5706.3704, "10.0.0.5": 4866.483700000001}}, "PUBG Mobile": {"localIpCount": 1, "localIpFrequency": {"10.0.0.182": 12}, "localIpTotalDuration": 46369.68719999999, "localIpDuration": {"10.0.0.182": 46369.68719999999}}, "Roblox (Adopt Me!)": {"localIpCount": 4, "localIpFrequency": {"10.0.0.154": 1, "10.0.0.17": 4, "10.0.0.112": 4, "10.0.0.5": 3}, "localIpTotalDuration": 10157.5733, "localIpDuration": {"10.0.0.154": 1104.9496, "10.0.0.17": 4652.6961, "10.0.0.112": 2574.6861, "10.0.0.5": 1825.2415}}, "Hero Blaze: Three Kingdoms": {"localIpCount": 1, "localIpFrequency": {"10.0.0.199": 13}, "localIpTotalDuration": 111671.9541, "localIpDuration": {"10.0.0.199": 111671.9541}}}