{"Zombie High School": {"localIpCount": 1, "localIpFrequency": {"10.0.9.167": 1}, "localIpTotalDuration": 42.0085, "localIpDuration": {"10.0.9.167": 42.0085}}, "Minecraft": {"localIpCount": 2, "localIpFrequency": {"10.0.9.157": 13, "10.0.8.175": 1}, "localIpTotalDuration": 13158.9352, "localIpDuration": {"10.0.9.157": 12976.9493, "10.0.8.175": 181.9859}}, "Blue Archive": {"localIpCount": 1, "localIpFrequency": {"10.0.7.111": 1}, "localIpTotalDuration": 952.0015, "localIpDuration": {"10.0.7.111": 952.0015}}, "TFT: Teamfight Tactics": {"localIpCount": 1, "localIpFrequency": {"10.0.1.149": 1}, "localIpTotalDuration": 1596.0088, "localIpDuration": {"10.0.1.149": 1596.0088}}, "FIFA Mobile": {"localIpCount": 1, "localIpFrequency": {"10.0.9.131": 3}, "localIpTotalDuration": 3954.9883, "localIpDuration": {"10.0.9.131": 3954.9883}}, "Clash of Clan": {"localIpCount": 1, "localIpFrequency": {"10.0.3.7": 5}, "localIpTotalDuration": 2177.0195000000003, "localIpDuration": {"10.0.3.7": 2177.0195000000003}}, "Pok\u00e9mon GO": {"localIpCount": 1, "localIpFrequency": {"10.0.7.91": 3}, "localIpTotalDuration": 0.0169, "localIpDuration": {"10.0.7.91": 0.0169}}, "WePlay - Party Game & Chat": {"localIpCount": 2, "localIpFrequency": {"10.0.1.43": 1, "10.0.8.175": 2}, "localIpTotalDuration": 658.0024, "localIpDuration": {"10.0.1.43": 6.9995, "10.0.8.175": 651.0029}}, "Goddess of Victory: Nikke": {"localIpCount": 1, "localIpFrequency": {"10.0.9.157": 5}, "localIpTotalDuration": 3675.0069000000003, "localIpDuration": {"10.0.9.157": 3675.0069000000003}}, "Brawl Stars": {"localIpCount": 3, "localIpFrequency": {"10.0.7.110": 2, "10.0.8.178": 2, "10.0.4.30": 1}, "localIpTotalDuration": 2611.0126, "localIpDuration": {"10.0.7.110": 748.9975999999999, "10.0.8.178": 1610.0084000000002, "10.0.4.30": 252.0066}}, "PUBG Mobile": {"localIpCount": 1, "localIpFrequency": {"10.0.9.157": 3}, "localIpTotalDuration": 3332.01, "localIpDuration": {"10.0.9.157": 3332.01}}, "Cookie Run: Kingdom": {"localIpCount": 1, "localIpFrequency": {"10.0.8.175": 6}, "localIpTotalDuration": 9078.618900000001, "localIpDuration": {"10.0.8.175": 9078.618900000001}}, "League of Legends: Wild Rift": {"localIpCount": 3, "localIpFrequency": {"10.0.7.83": 15, "10.0.1.149": 1, "10.0.6.245": 1}, "localIpTotalDuration": 20839.086, "localIpDuration": {"10.0.7.83": 20587.0673, "10.0.1.149": 0.0, "10.0.6.245": 252.0187}}, "Roblox": {"localIpCount": 23, "localIpFrequency": {"10.0.8.187": 7, "10.0.1.245": 2, "10.0.9.93": 1, "10.0.8.6": 2, "10.0.9.153": 1, "10.0.9.154": 1, "10.0.8.175": 1, "10.0.7.91": 1, "10.0.8.48": 2, "10.0.6.174": 3, "10.0.9.135": 4, "10.0.7.110": 1, "10.0.8.81": 5, "10.0.1.43": 2, "10.0.7.192": 1, "10.0.9.127": 3, "10.0.8.128": 1, "10.0.1.44": 1, "10.0.8.54": 1, "10.0.4.253": 2, "10.0.9.157": 4, "10.0.9.168": 1, "10.0.0.138": 1}, "localIpTotalDuration": 86321.39380000002, "localIpDuration": {"10.0.8.187": 12576.756, "10.0.1.245": 3597.2586, "10.0.9.93": 1798.6214, "10.0.8.6": 3597.2653, "10.0.9.153": 1798.6093, "10.0.9.154": 1798.6234, "10.0.8.175": 1798.6274, "10.0.7.91": 1799.0114, "10.0.8.48": 3597.6450999999997, "10.0.6.174": 5395.8234, "10.0.9.135": 7194.4008, "10.0.7.110": 1798.6187, "10.0.8.81": 8993.1656, "10.0.1.43": 3597.215, "10.0.7.192": 1798.5742, "10.0.9.127": 5395.9298, "10.0.8.128": 1798.5782, "10.0.1.44": 1798.624, "10.0.8.54": 1798.6225, "10.0.4.253": 3597.2427, "10.0.9.157": 7194.9285, "10.0.9.168": 1798.6162, "10.0.0.138": 1798.6363}}}