{"Odin: Valhalla Rising": {"localIpCount": 1, "localIpFrequency": {"10.0.0.128": 1}, "localIpTotalDuration": 0.004, "localIpDuration": {"10.0.0.128": 0.004}}, "Hero Blaze: Three Kingdoms": {"localIpCount": 2, "localIpFrequency": {"10.0.0.155": 2, "10.0.0.44": 2}, "localIpTotalDuration": 126.99340000000001, "localIpDuration": {"10.0.0.155": 71.00450000000001, "10.0.0.44": 55.9889}}, "League of Legends: Wild Rift": {"localIpCount": 2, "localIpFrequency": {"10.0.4.104": 1, "10.0.4.176": 1}, "localIpTotalDuration": 750.9979000000001, "localIpDuration": {"10.0.4.104": 340.9995, "10.0.4.176": 409.9984}}, "WePlay - Party Game & Chat": {"localIpCount": 1, "localIpFrequency": {"10.0.4.14": 1}, "localIpTotalDuration": 272.0024, "localIpDuration": {"10.0.4.14": 272.0024}}, "MIR4": {"localIpCount": 1, "localIpFrequency": {"10.0.2.189": 3}, "localIpTotalDuration": 1082.9936, "localIpDuration": {"10.0.2.189": 1082.9936}}, "Pok\u00e9mon GO": {"localIpCount": 2, "localIpFrequency": {"10.0.3.217": 2, "10.0.2.164": 1}, "localIpTotalDuration": 2422.9951, "localIpDuration": {"10.0.3.217": 1722.997, "10.0.2.164": 699.9981}}, "Brawl Stars": {"localIpCount": 2, "localIpFrequency": {"10.0.3.189": 6, "10.0.4.109": 1}, "localIpTotalDuration": 6480.9933, "localIpDuration": {"10.0.3.189": 6178.9944000000005, "10.0.4.109": 301.9989}}, "\ud0d5\ud0d5\ud2b9\uacf5\ub300": {"localIpCount": 1, "localIpFrequency": {"10.0.4.151": 1}, "localIpTotalDuration": 551.0019, "localIpDuration": {"10.0.4.151": 551.0019}}, "Roblox (Game)": {"localIpCount": 47, "localIpFrequency": {"10.0.4.95": 2, "10.0.4.100": 15, "10.0.4.49": 3, "10.0.2.172": 24, "10.0.2.142": 1, "10.0.1.171": 2, "10.0.2.112": 5, "10.0.3.187": 40, "10.0.3.245": 4, "10.0.2.144": 4, "10.0.3.217": 2, "10.0.1.99": 6, "10.0.4.108": 1, "10.0.4.117": 8, "10.0.2.32": 5, "10.0.4.123": 11, "10.0.2.176": 7, "10.0.4.109": 1, "10.0.4.133": 2, "10.0.1.102": 6, "10.0.4.138": 1, "10.0.3.215": 1, "10.0.4.151": 1, "10.0.3.61": 5, "10.0.2.164": 4, "10.0.4.156": 1, "10.0.4.160": 1, "10.0.4.166": 1, "10.0.4.162": 4, "10.0.4.104": 3, "10.0.3.148": 1, "10.0.4.180": 2, "10.0.3.104": 1, "10.0.4.183": 2, "10.0.4.185": 1, "10.0.2.227": 1, "10.0.4.206": 2, "10.0.3.220": 1, "10.0.4.204": 2, "10.0.4.212": 2, "10.0.3.132": 5, "10.0.4.213": 1, "10.0.4.201": 1, "10.0.4.209": 1, "10.0.3.160": 1, "10.0.4.220": 1, "10.0.3.95": 1}, "localIpTotalDuration": 268426.8851000001, "localIpDuration": {"10.0.4.95": 2409.0063, "10.0.4.100": 17356.0203, "10.0.4.49": 3677.0137, "10.0.2.172": 26785.65499999999, "10.0.2.142": 1634.995, "10.0.1.171": 621.001, "10.0.2.112": 8738.010900000001, "10.0.3.187": 61521.7049, "10.0.3.245": 6955.004900000001, "10.0.2.144": 6932.0133000000005, "10.0.3.217": 3441.002, "10.0.1.99": 8516.9979, "10.0.4.108": 1798.9989, "10.0.4.117": 12745.6515, "10.0.2.32": 7265.0251, "10.0.4.123": 11669.000500000002, "10.0.2.176": 8299.013700000001, "10.0.4.109": 1798.0006, "10.0.4.133": 3392.0036, "10.0.1.102": 5898.0118, "10.0.4.138": 465.0038, "10.0.3.215": 1743.0038, "10.0.4.151": 1046.0032, "10.0.3.61": 4583.0153, "10.0.2.164": 5639.643599999999, "10.0.4.156": 1529.0023, "10.0.4.160": 1611.0062, "10.0.4.166": 388.0006, "10.0.4.162": 6310.010499999999, "10.0.4.104": 1571.0117999999998, "10.0.3.148": 264.0044, "10.0.4.180": 2828.0074999999997, "10.0.3.104": 1407.9986, "10.0.4.183": 3524.0051000000003, "10.0.4.185": 1734.0067, "10.0.2.227": 1519.995, "10.0.4.206": 3453.9954, "10.0.3.220": 1797.0071, "10.0.4.204": 3470.0355, "10.0.4.212": 3088.9981, "10.0.3.132": 8910.9883, "10.0.4.213": 1747.0053, "10.0.4.201": 1490.0003, "10.0.4.209": 1688.0024, "10.0.3.160": 1798.0019, "10.0.4.220": 1777.9971, "10.0.3.95": 1587.0044}}, "Gunship Battle: Crypto Conflict": {"localIpCount": 1, "localIpFrequency": {"10.0.0.44": 1}, "localIpTotalDuration": 326.0001, "localIpDuration": {"10.0.0.44": 326.0001}}, "Genshin Impact": {"localIpCount": 3, "localIpFrequency": {"10.0.0.9": 10, "10.0.4.100": 2, "10.0.3.104": 3}, "localIpTotalDuration": 7063.6332999999995, "localIpDuration": {"10.0.0.9": 2969.9865, "10.0.4.100": 2385.6481999999996, "10.0.3.104": 1707.9986}}, "Hay Day": {"localIpCount": 1, "localIpFrequency": {"10.0.4.129": 1}, "localIpTotalDuration": 313.9988, "localIpDuration": {"10.0.4.129": 313.9988}}, "MapleStory M": {"localIpCount": 1, "localIpFrequency": {"10.0.3.252": 2}, "localIpTotalDuration": 1833.9515, "localIpDuration": {"10.0.3.252": 1833.9515}}, "Clash of Clan": {"localIpCount": 2, "localIpFrequency": {"10.0.4.113": 3, "10.0.4.136": 2}, "localIpTotalDuration": 1738.0178, "localIpDuration": {"10.0.4.113": 1015.0153, "10.0.4.136": 723.0025}}, "Among us": {"localIpCount": 1, "localIpFrequency": {"10.0.1.102": 1}, "localIpTotalDuration": 1122.9913, "localIpDuration": {"10.0.1.102": 1122.9913}}, "Random Dice: Defense": {"localIpCount": 1, "localIpFrequency": {"10.0.3.252": 1}, "localIpTotalDuration": 689.0055, "localIpDuration": {"10.0.3.252": 689.0055}}, "Pok\u00e9mon Unite": {"localIpCount": 1, "localIpFrequency": {"10.0.3.185": 1}, "localIpTotalDuration": 964.0064, "localIpDuration": {"10.0.3.185": 964.0064}}, "FIFA Mobile": {"localIpCount": 2, "localIpFrequency": {"10.0.3.252": 1, "10.0.4.209": 1}, "localIpTotalDuration": 2049.0024000000003, "localIpDuration": {"10.0.3.252": 377.0018, "10.0.4.209": 1672.0006}}, "PUBG Mobile": {"localIpCount": 6, "localIpFrequency": {"10.0.4.105": 1, "10.0.4.102": 4, "10.0.4.113": 21, "10.0.4.54": 1, "10.0.4.129": 1, "10.0.4.165": 3}, "localIpTotalDuration": 23150.1034, "localIpDuration": {"10.0.4.105": 425.9999, "10.0.4.102": 3545.0009, "10.0.4.113": 16838.042100000002, "10.0.4.54": 673.004, "10.0.4.129": 766.003, "10.0.4.165": 902.0535}}, "Roblox": {"localIpCount": 50, "localIpFrequency": {"10.0.4.95": 1, "10.0.2.142": 1, "10.0.4.100": 29, "10.0.4.49": 6, "10.0.2.172": 20, "10.0.4.104": 4, "10.0.1.171": 2, "10.0.2.112": 6, "10.0.3.187": 27, "10.0.2.144": 1, "10.0.3.245": 11, "10.0.4.108": 2, "10.0.4.110": 1, "10.0.3.217": 3, "10.0.2.117": 4, "10.0.2.243": 1, "10.0.2.178": 1, "10.0.4.109": 3, "10.0.4.115": 4, "10.0.1.102": 22, "10.0.2.32": 8, "10.0.4.123": 18, "10.0.1.99": 17, "10.0.2.176": 9, "10.0.4.117": 2, "10.0.4.131": 2, "10.0.2.162": 1, "10.0.3.215": 1, "10.0.4.133": 1, "10.0.4.146": 3, "10.0.3.61": 15, "10.0.2.164": 3, "10.0.4.156": 1, "10.0.4.161": 1, "10.0.4.166": 1, "10.0.4.162": 3, "10.0.3.148": 1, "10.0.4.180": 1, "10.0.2.161": 1, "10.0.4.183": 3, "10.0.2.227": 2, "10.0.4.185": 2, "10.0.3.132": 2, "10.0.3.220": 1, "10.0.3.160": 2, "10.0.4.204": 2, "10.0.4.209": 2, "10.0.4.201": 2, "10.0.4.215": 3, "10.0.4.206": 1}, "localIpTotalDuration": 441622.08219999983, "localIpDuration": {"10.0.4.95": 1427.6543, "10.0.2.142": 1796.0013, "10.0.4.100": 50248.7322, "10.0.4.49": 9870.367, "10.0.2.172": 32101.5285, "10.0.4.104": 5077.3184, "10.0.1.171": 1559.0074, "10.0.2.112": 10775.285100000001, "10.0.3.187": 46094.50140000001, "10.0.2.144": 1798.0018, "10.0.3.245": 18521.2721, "10.0.4.108": 3599.6111, "10.0.4.110": 1799.6288, "10.0.3.217": 5398.3172, "10.0.2.117": 2961.6274, "10.0.2.243": 1799.6456, "10.0.2.178": 1799.6574, "10.0.4.109": 5399.2593, "10.0.4.115": 7197.873299999999, "10.0.1.102": 38692.9312, "10.0.2.32": 14391.284800000001, "10.0.4.123": 32385.577300000004, "10.0.1.99": 29190.9761, "10.0.2.176": 16183.2845, "10.0.4.117": 3596.0044, "10.0.4.131": 3596.6565, "10.0.2.162": 1798.6248, "10.0.3.215": 1799.6373, "10.0.4.133": 1796.6554, "10.0.4.146": 5390.606, "10.0.3.61": 24486.790299999997, "10.0.2.164": 5294.6477, "10.0.4.156": 1796.9976, "10.0.4.161": 1798.9998, "10.0.4.166": 1625.0022, "10.0.4.162": 5397.653399999999, "10.0.3.148": 1781.3504, "10.0.4.180": 1788.6363, "10.0.2.161": 19.0004, "10.0.4.183": 5396.9821, "10.0.2.227": 3596.6457, "10.0.4.185": 3599.3050000000003, "10.0.3.132": 3597.2502, "10.0.3.220": 1799.6037, "10.0.3.160": 3599.2657, "10.0.4.204": 3599.242, "10.0.4.209": 3599.6423, "10.0.4.201": 3598.6368, "10.0.4.215": 5399.2708999999995, "10.0.4.206": 1799.6318}},