{"Roblox (Game)": {"localIpCount": 19, "localIpFrequency": {"10.0.1.102": 2, "10.0.2.255": 2, "10.0.2.65": 1, "10.0.3.152": 1, "10.0.3.61": 3, "10.0.2.172": 2, "10.0.2.25": 1, "10.0.3.8": 4, "10.0.3.132": 2, "10.0.2.165": 1, "10.0.3.50": 1, "10.0.3.145": 1, "10.0.2.117": 1, "10.0.3.160": 3, "10.0.1.99": 4, "10.0.3.82": 1, "10.0.3.104": 1, "10.0.1.118": 1, "10.0.3.54": 1}, "localIpTotalDuration": 46385.647699999994, "localIpDuration": {"10.0.1.102": 2059.0073, "10.0.2.255": 3456.9959, "10.0.2.65": 1786.002, "10.0.3.152": 54.0032, "10.0.3.61": 4037.0045, "10.0.2.172": 3017.0038999999997, "10.0.2.25": 1765.9987, "10.0.3.8": 7055.011200000001, "10.0.3.132": 2407.0041, "10.0.2.165": 1148.0042, "10.0.3.50": 332.9997, "10.0.3.145": 1746.9997, "10.0.2.117": 1521.9983, "10.0.3.160": 4948.9976, "10.0.1.99": 5934.606099999999, "10.0.3.82": 1757.0024, "10.0.3.104": 1664.0015, "10.0.1.118": 1685.0068, "10.0.3.54": 8.0006}}, "WePlay - Party Game & Chat": {"localIpCount": 1, "localIpFrequency": {"10.0.3.145": 1}, "localIpTotalDuration": 675.0035, "localIpDuration": {"10.0.3.145": 675.0035}}, "HATSUNE MIKU: COLORFUL STAGE!": {"localIpCount": 1, "localIpFrequency": {"10.0.3.18": 2}, "localIpTotalDuration": 3111.0005, "localIpDuration": {"10.0.3.18": 3111.0005}}, "Brawl Stars": {"localIpCount": 1, "localIpFrequency": {"10.0.2.255": 1}, "localIpTotalDuration": 846.9983, "localIpDuration": {"10.0.2.255": 846.9983}}, "Genshin Impact": {"localIpCount": 2, "localIpFrequency": {"10.0.3.113": 1, "10.0.3.34": 1}, "localIpTotalDuration": 58.0004, "localIpDuration": {"10.0.3.113": 42.9994, "10.0.3.34": 15.001}}, "FIFA Mobile": {"localIpCount": 1, "localIpFrequency": {"10.0.1.128": 2}, "localIpTotalDuration": 85.9993, "localIpDuration": {"10.0.1.128": 85.9993}}, "Roblox": {"localIpCount": 16, "localIpFrequency": {"10.0.3.89": 1, "10.0.3.148": 1, "10.0.2.255": 2, "10.0.3.8": 11, "10.0.1.102": 4, "10.0.1.99": 10, "10.0.2.172": 3, "10.0.3.18": 1, "10.0.3.132": 4, "10.0.2.165": 1, "10.0.3.50": 1, "10.0.3.160": 2, "10.0.3.161": 1, "10.0.2.117": 1, "10.0.3.82": 1, "10.0.2.112": 3}, "localIpTotalDuration": 82806.69670000001, "localIpDuration": {"10.0.3.89": 1799.9998, "10.0.3.148": 1799.6217, "10.0.2.255": 3590.6137, "10.0.3.8": 19782.5059, "10.0.1.102": 7190.9854, "10.0.1.99": 17980.0744, "10.0.2.172": 5398.311299999999, "10.0.3.18": 1799.6423, "10.0.3.132": 6896.0076, "10.0.2.165": 1432.0016, "10.0.3.50": 865.0027, "10.0.3.160": 3595.2571, "10.0.3.161": 1682.0032, "10.0.2.117": 1799.0, "10.0.3.82": 1797.3592, "10.0.2.112": 5398.3108}}, "PUBG Mobile": {"localIpCount": 2, "localIpFrequency": {"10.0.3.54": 3, "10.0.3.153": 1}, "localIpTotalDuration": 5637.0037, "localIpDuration": {"10.0.3.54": 4017.9991, "10.0.3.153": 1619.0046}}}