{"Free Fire": {"localIpCount": 9, "localIpFrequency": {"10.0.18.62": 2, "10.0.18.140": 1, "10.0.18.158": 1, "10.0.18.27": 1, "10.0.19.17": 1, "10.0.19.34": 1, "10.0.19.43": 1, "10.0.19.3": 1, "10.0.19.79": 1}, "localIpTotalDuration": 5146.0326, "localIpDuration": {"10.0.18.62": 2170.0056, "10.0.18.140": 281.0248, "10.0.18.158": 230.9921, "10.0.18.27": 266.0036, "10.0.19.17": 462.0042, "10.0.19.34": 245.0007, "10.0.19.43": 251.9999, "10.0.19.3": 938.0009, "10.0.19.79": 301.0008}}, "Minecraft": {"localIpCount": 1, "localIpFrequency": {"10.0.18.162": 1}, "localIpTotalDuration": 147.0039, "localIpDuration": {"10.0.18.162": 147.0039}}, "FIFA Mobile": {"localIpCount": 2, "localIpFrequency": {"10.0.18.149": 2, "10.0.19.124": 2}, "localIpTotalDuration": 3828.0246, "localIpDuration": {"10.0.18.149": 321.9982, "10.0.19.124": 3506.0263999999997}}, "Cookie Run: Kingdom": {"localIpCount": 2, "localIpFrequency": {"10.0.18.95": 1, "10.0.18.90": 2}, "localIpTotalDuration": 3254.9855, "localIpDuration": {"10.0.18.95": 952.003, "10.0.18.90": 2302.9825}}, "\ucef4\ud22c\uc2a4\ud504\ub85c\uc57c\uad6cV22": {"localIpCount": 1, "localIpFrequency": {"10.0.19.99": 2}, "localIpTotalDuration": 560.0088000000001, "localIpDuration": {"10.0.19.99": 560.0088000000001}}, "PUBG Mobile": {"localIpCount": 24, "localIpFrequency": {"10.0.18.20": 1, "10.0.18.35": 1, "10.0.18.34": 1, "10.0.18.51": 1, "10.0.18.52": 2, "10.0.18.78": 2, "10.0.18.121": 1, "10.0.18.139": 8, "10.0.18.146": 3, "10.0.18.164": 1, "10.0.18.172": 1, "10.0.18.54": 1, "10.0.18.221": 1, "10.0.18.232": 1, "10.0.18.237": 1, "10.0.19.1": 2, "10.0.19.12": 1, "10.0.19.20": 3, "10.0.19.15": 1, "10.0.19.52": 1, "10.0.19.3": 2, "10.0.19.39": 1, "10.0.19.103": 1, "10.0.19.33": 2}, "localIpTotalDuration": 47556.93750000001, "localIpDuration": {"10.0.18.20": 1225.0055, "10.0.18.35": 973.0045, "10.0.18.34": 154.0032, "10.0.18.51": 1623.9984, "10.0.18.52": 1987.6424000000002, "10.0.18.78": 1546.9977, "10.0.18.121": 160.9935, "10.0.18.139": 10401.6127, "10.0.18.146": 5208.0257, "10.0.18.164": 986.9873, "10.0.18.172": 1785.006, "10.0.18.54": 1798.5651, "10.0.18.221": 1302.0077, "10.0.18.232": 1539.9936, "10.0.18.237": 1540.0192, "10.0.19.1": 2036.9995, "10.0.19.12": 1386.0016, "10.0.19.20": 5187.0075, "10.0.19.15": 644.0033, "10.0.19.52": 105.0029, "10.0.19.3": 1134.0588, "10.0.19.39": 1364.9998, "10.0.19.103": 133.0006, "10.0.19.33": 3332.001}}, "Pok\u00e9mon GO": {"localIpCount": 1, "localIpFrequency": {"10.0.18.87": 4}, "localIpTotalDuration": 3255.0176, "localIpDuration": {"10.0.18.87": 3255.0176}}, "Diablo Immortal": {"localIpCount": 1, "localIpFrequency": {"10.0.18.200": 1}, "localIpTotalDuration": 0.0, "localIpDuration": {"10.0.18.200": 0.0}}, "FIFA ONLINE 4 M": {"localIpCount": 1, "localIpFrequency": {"10.0.19.99": 1}, "localIpTotalDuration": 49.0042, "localIpDuration": {"10.0.19.99": 49.0042}}, "Clash of Clan": {"localIpCount": 2, "localIpFrequency": {"10.0.18.47": 2, "10.0.19.29": 4}, "localIpTotalDuration": 14.025699999999999, "localIpDuration": {"10.0.18.47": 14.0198, "10.0.19.29": 0.0059}}, "Roblox": {"localIpCount": 36, "localIpFrequency": {"10.0.18.15": 2, "10.0.18.29": 13, "10.0.18.82": 1, "10.0.18.88": 1, "10.0.18.95": 2, "10.0.18.96": 1, "10.0.18.106": 1, "10.0.18.123": 2, "10.0.18.109": 2, "10.0.18.116": 1, "10.0.18.119": 1, "10.0.18.90": 1, "10.0.18.131": 1, "10.0.18.108": 2, "10.0.18.138": 1, "10.0.18.171": 1, "10.0.18.174": 1, "10.0.18.143": 1, "10.0.18.187": 1, "10.0.18.197": 2, "10.0.18.86": 1, "10.0.18.99": 1, "10.0.18.223": 1, "10.0.18.107": 1, "10.0.18.30": 1, "10.0.18.208": 1, "10.0.18.255": 16, "10.0.19.2": 1, "10.0.19.13": 1, "10.0.19.80": 1, "10.0.19.85": 5, "10.0.19.97": 2, "10.0.19.109": 1, "10.0.19.115": 1, "10.0.19.108": 1, "10.0.19.126": 1}, "localIpTotalDuration": 133013.6641, "localIpDuration": {"10.0.18.15": 3597.6268, "10.0.18.29": 23373.8069, "10.0.18.82": 1799.0528, "10.0.18.88": 1797.1064, "10.0.18.95": 3594.7649, "10.0.18.96": 1797.7563, "10.0.18.106": 1797.7098, "10.0.18.123": 3596.4972, "10.0.18.109": 3597.6129, "10.0.18.116": 1797.7228, "10.0.18.119": 1797.814, "10.0.18.90": 1798.5524, "10.0.18.131": 1798.627, "10.0.18.108": 3596.9425, "10.0.18.138": 1798.0247, "10.0.18.171": 1798.6073, "10.0.18.174": 1797.4175, "10.0.18.143": 1798.6235, "10.0.18.187": 1799.0132, "10.0.18.197": 3597.1682, "10.0.18.86": 1798.5684, "10.0.18.99": 1799.0347, "10.0.18.223": 1798.6254, "10.0.18.107": 1799.009, "10.0.18.30": 1797.9386, "10.0.18.208": 1797.8427, "10.0.18.255": 28736.0743, "10.0.19.2": 1796.8797, "10.0.19.13": 1783.2014, "10.0.19.80": 1796.5835, "10.0.19.85": 8990.0733, "10.0.19.97": 3594.1027999999997, "10.0.19.109": 1798.0278, "10.0.19.115": 1799.0033, "10.0.19.108": 1799.6561, "10.0.19.126": 1798.596}}, "League of Legends: Wild Rift": {"localIpCount": 2, "localIpFrequency": {"10.0.18.18": 23, "10.0.19.9": 14}, "localIpTotalDuration": 48627.710399999996, "localIpDuration": {"10.0.18.18": 32709.449400000005, "10.0.19.9": 15918.260999999999}}, "The Lord of the Rings: War": {"localIpCount": 2, "localIpFrequency": {"10.0.18.200": 1, "10.0.19.0": 3}, "localIpTotalDuration": 2841.9893, "localIpDuration": {"10.0.18.200": 1644.9833, "10.0.19.0": 1197.0059999999999}}, "TFT: Teamfight Tactics": {"localIpCount": 1, "localIpFrequency": {"10.0.19.107": 1}, "localIpTotalDuration": 0.0051, "localIpDuration": {"10.0.19.107": 0.0051}}, "Brawl Stars": {"localIpCount": 10, "localIpFrequency": {"10.0.18.87": 7, "10.0.18.90": 1, "10.0.18.107": 1, "10.0.18.86": 1, "10.0.18.149": 1, "10.0.18.174": 1, "10.0.18.106": 1, "10.0.18.213": 1, "10.0.18.109": 1, "10.0.19.117": 1}, "localIpTotalDuration": 18766.6484, "localIpDuration": {"10.0.18.87": 8658.6035, "10.0.18.90": 1232.005, "10.0.18.107": 1764.0064, "10.0.18.86": 1693.9891, "10.0.18.149": 1799.0074, "10.0.18.174": 1763.9955, "10.0.18.106": 720.995, "10.0.18.213": 881.9897, "10.0.18.109": 0.0075, "10.0.19.117": 252.0493}}, "\ud0d5\ud0d5\ud2b9\uacf5\ub300": {"localIpCount": 3, "localIpFrequency": {"10.0.18.107": 1, "10.0.18.85": 1, "10.0.18.27": 1}, "localIpTotalDuration": 1064.0199, "localIpDuration": {"10.0.18.107": 1064.0048, "10.0.18.85": 0.0151, "10.0.18.27": 0.0}}, "Random Dice: Defense": {"localIpCount": 1, "localIpFrequency": {"10.0.18.95": 2}, "localIpTotalDuration": 992.5987, "localIpDuration": {"10.0.18.95": 992.5987}}}