{"The Lord of the Rings: War": {"localIpCount": 1, "localIpFrequency": {"10.0.14.74": 1}, "localIpTotalDuration": 48.9994, "localIpDuration": {"10.0.14.74": 48.9994}}, "Odin: Valhalla Rising": {"localIpCount": 1, "localIpFrequency": {"10.0.0.89": 2}, "localIpTotalDuration": 1218.0387, "localIpDuration": {"10.0.0.89": 1218.0387}}, "PUBG Mobile": {"localIpCount": 24, "localIpFrequency": {"10.0.8.214": 1, "10.0.11.138": 1, "10.0.13.174": 1, "10.0.12.37": 2, "10.0.10.245": 24, "10.0.12.50": 1, "10.0.12.54": 1, "10.0.12.58": 3, "10.0.10.246": 1, "10.0.14.20": 1, "10.0.10.148": 1, "10.0.3.7": 1, "10.0.7.168": 3, "10.0.14.68": 1, "10.0.10.168": 1, "10.0.14.112": 1, "10.0.14.136": 1, "10.0.14.139": 1, "10.0.14.160": 1, "10.0.14.171": 1, "10.0.13.238": 1, "10.0.14.173": 1, "10.0.14.180": 1, "10.0.14.195": 1}, "localIpTotalDuration": 42785.15339999999, "localIpDuration": {"10.0.8.214": 230.9182, "10.0.11.138": 105.008, "10.0.13.174": 1456.022, "10.0.12.37": 895.9972, "10.0.10.245": 23463.63960000001, "10.0.12.50": 0.0, "10.0.12.54": 0.0, "10.0.12.58": 3205.9821, "10.0.10.246": 1792.4533, "10.0.14.20": 1686.9968, "10.0.10.148": 97.9969, "10.0.3.7": 14.0013, "10.0.7.168": 3151.0275, "10.0.14.68": 189.0109, "10.0.10.168": 119.0124, "10.0.14.112": 48.9975, "10.0.14.136": 692.9948, "10.0.14.139": 1708.0124, "10.0.14.160": 7.0025, "10.0.14.171": 1393.0021, "10.0.13.238": 1343.9946, "10.0.14.173": 889.0357, "10.0.14.180": 153.9825, "10.0.14.195": 140.0651}}, "League of Legends: Wild Rift": {"localIpCount": 7, "localIpFrequency": {"10.0.0.113": 1, "10.0.7.83": 86, "10.0.13.34": 1, "10.0.13.234": 1, "10.0.12.195": 1, "10.0.12.172": 1, "10.0.1.149": 1}, "localIpTotalDuration": 110363.05660000004, "localIpDuration": {"10.0.0.113": 1638.0236, "10.0.7.83": 104308.0136, "10.0.13.34": 741.9893, "10.0.13.234": 83.9933, "10.0.12.195": 1792.0128, "10.0.12.172": 1799.024, "10.0.1.149": 0.0}}, "Cookie Run: OvenBreak": {"localIpCount": 1, "localIpFrequency": {"10.0.4.236": 8}, "localIpTotalDuration": 4732.0043, "localIpDuration": {"10.0.4.236": 4732.0043}}, "Free Fire": {"localIpCount": 1, "localIpFrequency": {"10.0.12.126": 1}, "localIpTotalDuration": 1175.9782, "localIpDuration": {"10.0.12.126": 1175.9782}}, "Asphalt 9: Legends": {"localIpCount": 1, "localIpFrequency": {"10.0.12.94": 5}, "localIpTotalDuration": 5643.994100000001, "localIpDuration": {"10.0.12.94": 5643.994100000001}}, "WePlay - Party Game & Chat": {"localIpCount": 5, "localIpFrequency": {"10.0.7.255": 7, "10.0.13.204": 2, "10.0.6.174": 1, "10.0.13.255": 1, "10.0.13.143": 3}, "localIpTotalDuration": 6306.6415, "localIpDuration": {"10.0.7.255": 3632.6367, "10.0.13.204": 727.992, "10.0.6.174": 447.9629, "10.0.13.255": 147.0165, "10.0.13.143": 1351.0334}}, "TFT: Teamfight Tactics": {"localIpCount": 3, "localIpFrequency": {"10.0.13.233": 1, "10.0.0.230": 1, "10.0.1.149": 5}, "localIpTotalDuration": 4207.0231, "localIpDuration": {"10.0.13.233": 546.0026, "10.0.0.230": 21.003, "10.0.1.149": 3640.0175}}, "ZEPETO": {"localIpCount": 1, "localIpFrequency": {"10.0.10.240": 1}, "localIpTotalDuration": 1231.9919, "localIpDuration": {"10.0.10.240": 1231.9919}}, "Random Dice: Defense": {"localIpCount": 2, "localIpFrequency": {"10.0.13.208": 1, "10.0.11.141": 1}, "localIpTotalDuration": 3528.0322, "localIpDuration": {"10.0.13.208": 1799.0208, "10.0.11.141": 1729.0114}}, "Pok\u00e9mon Unite": {"localIpCount": 1, "localIpFrequency": {"10.0.11.141": 2}, "localIpTotalDuration": 2800.0020999999997, "localIpDuration": {"10.0.11.141": 2800.0020999999997}}, "\ud0d5\ud0d5\ud2b9\uacf5\ub300": {"localIpCount": 2, "localIpFrequency": {"10.0.9.34": 1, "10.0.10.15": 1}, "localIpTotalDuration": 517.9923, "localIpDuration": {"10.0.9.34": 167.9876, "10.0.10.15": 350.0047}}, "Zombie High School": {"localIpCount": 1, "localIpFrequency": {"10.0.7.226": 3}, "localIpTotalDuration": 83.7835, "localIpDuration": {"10.0.7.226": 83.7835}}, "Tennis Clash": {"localIpCount": 1, "localIpFrequency": {"10.0.12.239": 2}, "localIpTotalDuration": 20.9897, "localIpDuration": {"10.0.12.239": 20.9897}}, "\ucef4\ud22c\uc2a4\ud504\ub85c\uc57c\uad6cV22": {"localIpCount": 1, "localIpFrequency": {"10.0.14.23": 3}, "localIpTotalDuration": 2449.9957999999997, "localIpDuration": {"10.0.14.23": 2449.9957999999997}}, "Pok\u00e9mon GO": {"localIpCount": 9, "localIpFrequency": {"10.0.8.55": 1, "10.0.7.226": 1, "10.0.13.211": 1, "10.0.13.185": 1, "10.0.13.161": 1, "10.0.14.100": 1, "10.0.11.141": 2, "10.0.13.202": 1, "10.0.6.99": 7}, "localIpTotalDuration": 12277.6961, "localIpDuration": {"10.0.8.55": 811.9973, "10.0.7.226": 154.0068, "10.0.13.211": 0.0, "10.0.13.185": 1581.9978, "10.0.13.161": 105.0075, "10.0.14.100": 371.0038, "10.0.11.141": 1735.6376, "10.0.13.202": 0.0277, "10.0.6.99": 7518.0176}}, "FIFA Mobile": {"localIpCount": 10, "localIpFrequency": {"10.0.9.131": 1, "10.0.0.113": 1, "10.0.7.50": 1, "10.0.11.19": 3, "10.0.12.104": 1, "10.0.8.145": 1, "10.0.8.232": 1, "10.0.13.0": 1, "10.0.14.93": 1, "10.0.7.91": 1}, "localIpTotalDuration": 7580.9977, "localIpDuration": {"10.0.9.131": 475.9847, "10.0.0.113": 154.008, "10.0.7.50": 1231.9401, "10.0.11.19": 2037.056, "10.0.12.104": 321.9958, "10.0.8.145": 511.0, "10.0.8.232": 490.0059, "10.0.13.0": 1435.0248, "10.0.14.93": 461.9838, "10.0.7.91": 461.9986}}, "KartRider Rush+": {"localIpCount": 1, "localIpFrequency": {"10.0.9.7": 1}, "localIpTotalDuration": 203.0013, "localIpDuration": {"10.0.9.7": 203.0013}}, "Clash Royale": {"localIpCount": 4, "localIpFrequency": {"10.0.13.130": 2, "10.0.12.17": 1, "10.0.12.223": 2, "10.0.14.64": 1}, "localIpTotalDuration": 56.0245, "localIpDuration": {"10.0.13.130": 28.005000000000003, "10.0.12.17": 20.9983, "10.0.12.223": 7.0163, "10.0.14.64": 0.0049}}, "Summoners War: Chronicles": {"localIpCount": 1, "localIpFrequency": {"10.0.0.159": 1}, "localIpTotalDuration": 0.0, "localIpDuration": {"10.0.0.159": 0.0}}, "Roblox": {"localIpCount": 83, "localIpFrequency": {"10.0.12.195": 3, "10.0.13.98": 1, "10.0.7.137": 1, "10.0.13.91": 1, "10.0.12.137": 2, "10.0.7.203": 6, "10.0.9.34": 27, "10.0.13.172": 1, "10.0.7.48": 1, "10.0.13.175": 1, "10.0.1.65": 8, "10.0.9.7": 2, "10.0.13.189": 1, "10.0.11.13": 1, "10.0.7.193": 1, "10.0.13.173": 8, "10.0.13.191": 14, "10.0.12.96": 2, "10.0.13.125": 7, "10.0.9.245": 2, "10.0.8.81": 5, "10.0.4.236": 6, "10.0.13.100": 24, "10.0.10.77": 2, "10.0.7.255": 3, "10.0.4.180": 1, "10.0.13.212": 3, "10.0.13.34": 2, "10.0.6.174": 1, "10.0.12.189": 7, "10.0.13.182": 2, "10.0.0.2": 2, "10.0.7.168": 3, "10.0.8.215": 11, "10.0.7.226": 2, "10.0.13.72": 4, "10.0.12.223": 5, "10.0.12.141": 6, "10.0.9.93": 1, "10.0.3.210": 14, "10.0.13.0": 10, "10.0.0.40": 1, "10.0.13.255": 1, "10.0.11.141": 5, "10.0.5.20": 1, "10.0.7.236": 1, "10.0.13.161": 1, "10.0.13.185": 2, "10.0.14.24": 2, "10.0.11.166": 1, "10.0.10.15": 3, "10.0.13.211": 5, "10.0.13.219": 1, "10.0.14.61": 1, "10.0.8.55": 3, "10.0.14.58": 1, "10.0.14.7": 1, "10.0.14.34": 4, "10.0.14.64": 8, "10.0.13.202": 2, "10.0.13.238": 3, "10.0.14.93": 1, "10.0.7.243": 1, "10.0.9.115": 2, "10.0.4.163": 3, "10.0.2.185": 1, "10.0.5.191": 1, "10.0.14.99": 1, "10.0.11.232": 1, "10.0.8.50": 2, "10.0.8.157": 1, "10.0.14.137": 5, "10.0.13.120": 2, "10.0.7.136": 2, "10.0.13.215": 2, "10.0.12.140": 1, "10.0.14.148": 1, "10.0.5.30": 2, "10.0.7.238": 1, "10.0.8.6": 1, "10.0.14.193": 1, "10.0.14.103": 1, "10.0.13.67": 1}, "localIpTotalDuration": 509384.36599999963, "localIpDuration": {"10.0.12.195": 5396.663500000001, "10.0.13.98": 1798.6234, "10.0.7.137": 1798.6313, "10.0.13.91": 1798.5861, "10.0.12.137": 3597.2072, "10.0.7.203": 10791.703, "10.0.9.34": 48011.423999999985, "10.0.13.172": 1798.6619, "10.0.7.48": 1798.6334, "10.0.13.175": 1799.0207, "10.0.1.65": 14391.982600000001, "10.0.9.7": 3597.2302, "10.0.13.189": 1798.5754, "10.0.11.13": 1798.921, "10.0.7.193": 1799.513, "10.0.13.173": 14389.664900000002, "10.0.13.191": 25180.4889, "10.0.12.96": 3597.5926, "10.0.13.125": 12590.8443, "10.0.9.245": 3597.6196, "10.0.8.81": 8992.9674,