{"Brawl Stars": {"localIpCount": 20, "localIpFrequency": {"10.0.200.72": 1, "10.0.203.54": 1, "10.0.203.224": 1, "10.0.203.13": 1, "10.0.206.19": 1, "10.0.207.206": 1, "10.0.210.63": 1, "10.0.213.244": 1, "10.0.214.23": 1, "10.0.215.166": 1, "10.0.215.237": 4, "10.0.215.82": 1, "10.0.217.49": 2, "10.0.218.142": 1, "10.0.218.203": 1, "10.0.219.155": 1, "10.0.221.158": 1, "10.0.222.39": 5, "10.0.222.181": 1, "10.0.222.86": 1}, "localIpTotalDuration": 18936.655300000002, "localIpDuration": {"10.0.200.72": 0.0, "10.0.203.54": 518.0799, "10.0.203.224": 525.0747, "10.0.203.13": 0.001, "10.0.206.19": 119.3844, "10.0.207.206": 336.0267, "10.0.210.63": 1392.9159, "10.0.213.244": 42.08, "10.0.214.23": 1406.9649, "10.0.215.166": 0.0, "10.0.215.237": 2555.015, "10.0.215.82": 153.9921, "10.0.217.49": 2002.5333, "10.0.218.142": 889.0045, "10.0.218.203": 49.004, "10.0.219.155": 7.0891, "10.0.221.158": 63.0097, "10.0.222.39": 7356.8534, "10.0.222.181": 1253.7254, "10.0.222.86": 265.9013}}, "Genshin Impact": {"localIpCount": 1, "localIpFrequency": {"10.0.205.147": 1}, "localIpTotalDuration": 294.0657, "localIpDuration": {"10.0.205.147": 294.0657}}, "Free Fire": {"localIpCount": 65, "localIpFrequency": {"10.0.202.10": 2, "10.0.202.252": 1, "10.0.203.194": 1, "10.0.203.247": 1, "10.0.203.206": 1, "10.0.204.193": 1, "10.0.204.224": 1, "10.0.205.8": 1, "10.0.205.35": 2, "10.0.205.169": 1, "10.0.206.64": 1, "10.0.206.105": 1, "10.0.207.14": 2, "10.0.207.120": 1, "10.0.207.152": 1, "10.0.208.92": 1, "10.0.209.168": 1, "10.0.209.199": 1, "10.0.210.33": 1, "10.0.210.129": 1, "10.0.210.212": 2, "10.0.210.240": 1, "10.0.210.9": 1, "10.0.211.29": 1, "10.0.211.123": 1, "10.0.211.89": 1, "10.0.212.56": 1, "10.0.212.127": 1, "10.0.212.161": 1, "10.0.213.140": 1, "10.0.213.223": 2, "10.0.213.48": 1, "10.0.214.85": 1, "10.0.213.230": 1, "10.0.214.203": 1, "10.0.214.205": 1, "10.0.215.218": 1, "10.0.215.245": 1, "10.0.216.35": 1, "10.0.216.118": 1, "10.0.216.183": 1, "10.0.217.8": 1, "10.0.217.11": 1, "10.0.217.122": 1, "10.0.217.141": 1, "10.0.217.171": 1, "10.0.217.209": 1, "10.0.218.16": 1, "10.0.218.186": 1, "10.0.218.220": 1, "10.0.218.198": 3, "10.0.219.48": 1, "10.0.219.66": 1, "10.0.219.99": 2, "10.0.219.173": 1, "10.0.220.23": 2, "10.0.219.138": 2, "10.0.220.104": 1, "10.0.218.181": 1, "10.0.220.49": 1, "10.0.221.170": 2, "10.0.221.230": 1, "10.0.222.37": 6, "10.0.222.210": 1, "10.0.223.153": 1}, "localIpTotalDuration": 56931.87640000001, "localIpDuration": {"10.0.202.10": 1231.9933, "10.0.202.252": 0.0001, "10.0.203.194": 307.994, "10.0.203.247": 216.9695, "10.0.203.206": 224.017, "10.0.204.193": 279.9787, "10.0.204.224": 189.0128, "10.0.205.8": 958.9991, "10.0.205.35": 3003.0227999999997, "10.0.205.169": 182.0349, "10.0.206.64": 231.0024, "10.0.206.105": 182.0112, "10.0.207.14": 315.0376, "10.0.207.120": 398.9611, "10.0.207.152": 266.0627, "10.0.208.92": 217.0386, "10.0.209.168": 1540.0705, "10.0.209.199": 287.0202, "10.0.210.33": 1204.0039, "10.0.210.129": 616.0144, "10.0.210.212": 867.8897, "10.0.210.240": 336.1203, "10.0.210.9": 132.8884, "10.0.211.29": 252.1001, "10.0.211.123": 1239.0551, "10.0.211.89": 1434.9451, "10.0.212.56": 223.9837, "10.0.212.127": 56.0286, "10.0.212.161": 14.0161, "10.0.213.140": 48.952, "10.0.213.223": 2701.9988, "10.0.213.48": 147.0129, "10.0.214.85": 615.9944, "10.0.213.230": 175.0132, "10.0.214.203": 707.0266, "10.0.214.205": 671.9947, "10.0.215.218": 167.8647, "10.0.215.245": 217.0017, "10.0.216.35": 1190.0147, "10.0.216.118": 237.9974, "10.0.216.183": 952.0615, "10.0.217.8": 392.0705, "10.0.217.11": 1617.019, "10.0.217.122": 1791.9951, "10.0.217.141": 1547.826, "10.0.217.171": 273.031, "10.0.217.209": 881.9282, "10.0.218.16": 231.256, "10.0.218.186": 1308.9903, "10.0.218.220": 1441.9979, "10.0.218.198": 770.0971, "10.0.219.48": 1014.9853, "10.0.219.66": 1575.0007, "10.0.219.99": 3513.0398999999998, "10.0.219.173": 678.9516, "10.0.220.23": 3555.9686, "10.0.219.138": 3143.1225, "10.0.220.104": 1183.045, "10.0.218.181": 1540.1508, "10.0.220.49": 174.9984, "10.0.221.170": 2562.0066, "10.0.221.230": 90.9887, "10.0.222.37": 2926.1833, "10.0.222.210": 315.0138, "10.0.223.153": 161.0056}}, "NBA NOW 23": {"localIpCount": 1, "localIpFrequency": {"10.0.221.207": 1}, "localIpTotalDuration": 0.0001, "localIpDuration": {"10.0.221.207": 0.0001}}, "League of Legends: Wild Rift": {"localIpCount": 4, "localIpFrequency": {"10.0.207.211": 1, "10.0.209.199": 3, "10.0.213.157": 1, "10.0.218.105": 1}, "localIpTotalDuration": 2702.3616999999995, "localIpDuration": {"10.0.207.211": 105.1079, "10.0.209.199": 2499.2692, "10.0.213.157": 97.9846, "10.0.218.105": 0.0}}, "KartRider Rush+": {"localIpCount": 1, "localIpFrequency": {"10.0.202.251": 1}, "localIpTotalDuration": 0.0001, "localIpDuration": {"10.0.202.251": 0.0001}}, "Hero Blaze: Three Kingdoms": {"localIpCount": 1, "localIpFrequency": {"10.0.214.102": 1}, "localIpTotalDuration": 0.0454, "localIpDuration": {"10.0.214.102": 0.0454}}, "DRAGON BALL LEGENDS": {"localIpCount": 4, "localIpFrequency": {"10.0.203.147": 1, "10.0.204.110": 1, "10.0.209.168": 2, "10.0.212.132": 1}, "localIpTotalDuration": 4186.0284, "localIpDuration": {"10.0.203.147": 273.0042, "10.0.204.110": 1484.0084, "10.0.209.168": 2282.0187, "10.0.212.132": 146.9971}}, "Minecraft": {"localIpCount": 10, "localIpFrequency": {"10.0.200.72": 1, "10.0.203.214": 1, "10.0.205.232": 1, "10.0.207.212": 1, "10.0.209.250": 1, "10.0.210.190": 2, "10.0.210.151": 4, "10.0.212.62": 1, "10.0.212.151": 2, "10.0.220.105": 1}, "localIpTotalDuration": 12923.1311, "localIpDuration": {"10.0.200.72": 0.0, "10.0.203.214": 322.0139, "10.0.205.232": 601.966, "10.0.207.212": 161.0381, "10.0.209.250": 6.9964, "10.0.210.190": 3577.0198, "10.0.210.151": 4039.1242, "10.0.212.62": 0.0, "10.0.212.151": 2464.0904, "10.0.220.105": 1750.8823}}, "Cookie Run: Kingdom": {"localIpCount": 5, "localIpFrequency": {"10.0.203.54": 2, "10.0.212.54": 1, "10.0.214.49": 3, "10.0.215.115": 1, "10.0.218.105": 1}, "localIpTotalDuration": 8736.0359, "localIpDuration": {"10.0.203.54": 2099.8061, "10.0.212.54": 854.0124, "10.0.214.49": 3633.1992000000005, "10.0.215.115": 350.0262, "10.0.218.105": 1798.992}}, "\ucef4\ud22c\uc2a4\ud504\ub85c\uc57c\uad6cV22": {"localIpCount": 1, "localIpFrequency": {"10.0.212.91": 5}, "localIpTotalDuration": 4556.761399999999, "localIpDuration": {"10.0.212.91": 4556.761399999999}}, "FIFA Mobile": {"localIpCount": 9, "localIpFrequency": {"10.0.202.41": 1, "10.0.203.17": 1, "10.0.202.251": 1, "10.0.206.239": 1, "10.0.207.188": 1, "10.0.208.23": 1, "10.0.212.238": 1, "10.0.213.194": 1, "10.0.215.83": 1}, "localIpTotalDuration": 4395.9075, "localIpDuration": {"10.0.202.41": 552.9691, "10.0.203.17": 273.0124, "10.0.202.251": 1715.0041, "10.0.206.239": 650.9198, "10.0.207.188": 244.9886, "10.0.208.23": 517.998, "10.0.212.238": 168.0143, "10.0.213.194": 0.0004, "10.0.215.83": 273.0008}}, "Pok\u00e9mon Unite": {"localIpCount": 3, "localIpFrequency": {"10.0.216.114": 3, "10.0.218.199": 4, "10.0.221.176": 4}, "localIpTotalDuration": 10933.9853, "localIpDuration": {"10.0.216.114": 3549.0173000000004, "10.0.218.199": 3618.9865999999997, "10.0.221.176": 3765.9814}}, "Massive Warfare": {"localIpCount": 1, "localIpFrequency": {"10.0.207.214": 1}, "localIpTotalDuration": 0.0306, "localIpDuration": {"10.0.207.214": 0.0306}}, "New State Mobile": {"localIpCount": 2, "localIpFrequency": {"10.0.204.21": 2, "10.0.206.77": 4}, "localIpTotalDuration": 2652.8007000000002, "localIpDuration": {"10.0.204.21": 363.97630000000004, "10.0.206.77": 2288.8244}}, "Pok\u00e9mon GO": {"localIpCount": 3, "localIpFrequency": {"10.0.203.203": 1, "10.0.206.25": 1, "10.0.218.223": 2}, "localIpTotalDuration": 3276.1237, "localIpDuration": {"10.0.203.203": 685.986, "10.0.206.25": 28.0467, "10.0.218.223": 2562.091}}, "Clash Royale": {"localIpCount": 1, "localIpFrequency": {"10.0.200.72": 1}, "localIpTotalDuration": 791.0327, "localIpDuration": {"10.0.200.72": 791.0327}}, "Roblox": {"localIpCount": 78,