{"PUBG Mobile": {"localIpCount": 1, "localIpFrequency": {"10.0.1.226": 1}, "localIpTotalDuration": 321.9996, "localIpDuration": {"10.0.1.226": 321.9996}}, "Brawl Stars": {"localIpCount": 2, "localIpFrequency": {"10.0.0.201": 2, "10.0.1.163": 1}, "localIpTotalDuration": 3717.007, "localIpDuration": {"10.0.0.201": 3234.0043, "10.0.1.163": 483.0027}}, "Cookie Run: OvenBreak": {"localIpCount": 1, "localIpFrequency": {"10.0.1.200": 2}, "localIpTotalDuration": 2233.0031, "localIpDuration": {"10.0.1.200": 2233.0031}}, "Roblox": {"localIpCount": 13, "localIpFrequency": {"10.0.0.18": 3, "10.0.1.200": 3, "10.0.1.201": 14, "10.0.1.65": 9, "10.0.0.145": 4, "10.0.0.2": 4, "10.0.1.106": 2, "10.0.1.217": 1, "10.0.1.225": 1, "10.0.0.207": 1, "10.0.1.231": 2, "10.0.1.204": 1, "10.0.1.233": 2}, "localIpTotalDuration": 84530.71710000001, "localIpDuration": {"10.0.0.18": 5395.9096, "10.0.1.200": 5395.895, "10.0.1.201": 25182.024599999997, "10.0.1.65": 16188.122, "10.0.0.145": 7194.9175, "10.0.0.2": 7187.5684, "10.0.1.106": 3597.2142, "10.0.1.217": 1798.6368, "10.0.1.225": 1798.6341, "10.0.0.207": 1798.6346, "10.0.1.231": 3597.2389999999996, "10.0.1.204": 1798.6455, "10.0.1.233": 3597.2758}}, "FIFA Mobile": {"localIpCount": 1, "localIpFrequency": {"10.0.1.196": 1}, "localIpTotalDuration": 1000.9997, "localIpDuration": {"10.0.1.196": 1000.9997}}, "Pok\u00e9mon Unite": {"localIpCount": 1, "localIpFrequency": {"10.0.0.61": 2}, "localIpTotalDuration": 1841.0028, "localIpDuration": {"10.0.0.61": 1841.0028}}, "Roblox (Game)": {"localIpCount": 12, "localIpFrequency": {"10.0.1.201": 13, "10.0.0.26": 1, "10.0.1.65": 4, "10.0.0.2": 5, "10.0.1.106": 2, "10.0.0.18": 4, "10.0.0.201": 2, "10.0.1.163": 1, "10.0.0.78": 1, "10.0.0.207": 1, "10.0.1.233": 2, "10.0.1.200": 2}, "localIpTotalDuration": 57419.218000000015, "localIpDuration": {"10.0.1.201": 19788.6286, "10.0.0.26": 1736.001, "10.0.1.65": 3962.0199999999995, "10.0.0.2": 8491.0041, "10.0.1.106": 3562.9989, "10.0.0.18": 4935.0003, "10.0.0.201": 3507.0066, "10.0.1.163": 1756.9997, "10.0.0.78": 1799.0008, "10.0.0.207": 1679.5803, "10.0.1.233": 2834.0263, "10.0.1.200": 3366.9514}}, "HATSUNE MIKU: COLORFUL STAGE!": {"localIpCount": 1, "localIpFrequency": {"10.0.0.170": 1}, "localIpTotalDuration": 1652.0023, "localIpDuration": {"10.0.0.170": 1652.0023}}}