{"Roblox": {"localIpCount": 14, "localIpFrequency": {"10.0.1.99": 5, "10.0.5.42": 16, "10.0.6.121": 10, "10.0.6.128": 8, "10.0.6.156": 3, "10.0.5.181": 2, "10.0.3.132": 6, "10.0.6.206": 1, "10.0.6.133": 2, "10.0.6.155": 1, "10.0.5.34": 1, "10.0.4.220": 1, "10.0.6.212": 2, "10.0.1.171": 1}, "localIpTotalDuration": 104910.9002, "localIpDuration": {"10.0.1.99": 8983.1684, "10.0.5.42": 28760.616700000002, "10.0.6.121": 17976.7067, "10.0.6.128": 14392.482100000003, "10.0.6.156": 5398.849099999999, "10.0.5.181": 3599.6206, "10.0.3.132": 9812.79, "10.0.6.206": 1799.6376, "10.0.6.133": 3599.2300999999998, "10.0.6.155": 1799.6244, "10.0.5.34": 1799.6454, "10.0.4.220": 1799.6413, "10.0.6.212": 3599.2576, "10.0.1.171": 1589.6302}}, "Pok\u00e9mon GO": {"localIpCount": 2, "localIpFrequency": {"10.0.6.155": 4, "10.0.6.133": 3}, "localIpTotalDuration": 7835.305899999999, "localIpDuration": {"10.0.6.155": 5615.3022, "10.0.6.133": 2220.0036999999998}}, "Minecraft": {"localIpCount": 1, "localIpFrequency": {"10.0.6.133": 2}, "localIpTotalDuration": 1560.0006, "localIpDuration": {"10.0.6.133": 1560.0006}}, "FIFA Mobile": {"localIpCount": 2, "localIpFrequency": {"10.0.5.34": 2, "10.0.6.155": 2}, "localIpTotalDuration": 4669.9963, "localIpDuration": {"10.0.5.34": 1359.9918, "10.0.6.155": 3310.0045}}, "PUBG Mobile": {"localIpCount": 1, "localIpFrequency": {"10.0.6.200": 1}, "localIpTotalDuration": 1525.0004, "localIpDuration": {"10.0.6.200": 1525.0004}}, "League of Legends: Wild Rift": {"localIpCount": 2, "localIpFrequency": {"10.0.2.101": 1, "10.0.6.133": 1}, "localIpTotalDuration": 395.00030000000004, "localIpDuration": {"10.0.2.101": 159.9993, "10.0.6.133": 235.001}}, "Roblox (Game)": {"localIpCount": 16, "localIpFrequency": {"10.0.5.42": 5, "10.0.6.121": 3, "10.0.6.200": 1, "10.0.6.156": 2, "10.0.5.181": 3, "10.0.5.163": 1, "10.0.6.133": 2, "10.0.6.206": 4, "10.0.3.132": 5, "10.0.6.155": 1, "10.0.1.99": 5, "10.0.6.47": 2, "10.0.6.212": 2, "10.0.6.214": 1, "10.0.6.219": 1, "10.0.1.171": 1}, "localIpTotalDuration": 54959.8033, "localIpDuration": {"10.0.5.42": 5840.0062, "10.0.6.121": 2000.0161, "10.0.6.200": 155.0007, "10.0.6.156": 3530.0034, "10.0.5.181": 5194.6603, "10.0.5.163": 1795.0008, "10.0.6.133": 3070.0006000000003, "10.0.6.206": 5890.059499999999, "10.0.3.132": 6795.0111, "10.0.6.155": 1715.0061, "10.0.1.99": 8715.0199, "10.0.6.47": 3084.9981, "10.0.6.212": 3400.0097, "10.0.6.214": 1785.008, "10.0.6.219": 1449.9995, "10.0.1.171": 540.0033}}, "\ud0d5\ud0d5\ud2b9\uacf5\ub300": {"localIpCount": 2, "localIpFrequency": {"10.0.2.161": 1, "10.0.6.52": 1}, "localIpTotalDuration": 545.0011, "localIpDuration": {"10.0.2.161": 119.9981, "10.0.6.52": 425.003}}, "Free Fire": {"localIpCount": 1, "localIpFrequency": {"10.0.6.220": 3}, "localIpTotalDuration": 3909.6329, "localIpDuration": {"10.0.6.220": 3909.6329}}, "HATSUNE MIKU: COLORFUL STAGE!": {"localIpCount": 1, "localIpFrequency": {"10.0.6.209": 2}, "localIpTotalDuration": 1309.9993, "localIpDuration": {"10.0.6.209": 1309.9993}}, "WePlay - Party Game & Chat": {"localIpCount": 1, "localIpFrequency": {"10.0.6.156": 1}, "localIpTotalDuration": 15.0013, "localIpDuration": {"10.0.6.156": 15.0013}}, "Clash of Clan": {"localIpCount": 1, "localIpFrequency": {"10.0.5.32": 1}, "localIpTotalDuration": 0.0, "localIpDuration": {"10.0.5.32": 0.0}}, "Brawl Stars": {"localIpCount": 4, "localIpFrequency": {"10.0.6.135": 2, "10.0.6.128": 1, "10.0.5.34": 7, "10.0.1.99": 1}, "localIpTotalDuration": 9329.956999999999, "localIpDuration": {"10.0.6.135": 2259.9963, "10.0.6.128": 815.0032, "10.0.5.34": 5389.9534, "10.0.1.99": 865.0041}}, "Clash Royale": {"localIpCount": 1, "localIpFrequency": {"10.0.3.132": 2}, "localIpTotalDuration": 60.0008, "localIpDuration": {"10.0.3.132": 60.0008}}}