{"Hero Blaze: Three Kingdoms": {"localIpCount": 3, "localIpFrequency": {"10.0.1.34": 3, "10.0.1.214": 1, "10.0.1.10": 1}, "localIpTotalDuration": 64709.0269, "localIpDuration": {"10.0.1.34": 42235.0778, "10.0.1.214": 22202.9996, "10.0.1.10": 270.9495}}, "Genshin Impact": {"localIpCount": 1, "localIpFrequency": {"10.0.1.62": 20}, "localIpTotalDuration": 139666.75290000002, "localIpDuration": {"10.0.1.62": 139666.75290000002}}, "PUBG Mobile": {"localIpCount": 2, "localIpFrequency": {"10.0.2.115": 15, "10.0.2.118": 1}, "localIpTotalDuration": 99960.4502, "localIpDuration": {"10.0.2.115": 93985.4474, "10.0.2.118": 5975.0028}}}