{"Roblox": {"localIpCount": 6, "localIpFrequency": {"10.0.0.49": 2, "10.0.0.17": 29, "10.0.0.18": 71, "10.0.0.36": 2, "10.0.0.4": 2, "10.0.0.5": 4}, "localIpTotalDuration": 357856.66009999986, "localIpDuration": {"10.0.0.49": 5628.6662, "10.0.0.17": 70657.18250000002, "10.0.0.18": 222772.4363000001, "10.0.0.36": 3601.287, "10.0.0.4": 29250.1694, "10.0.0.5": 25946.918700000002}}, "Roblox (Adopt Me!)": {"localIpCount": 5, "localIpFrequency": {"10.0.0.49": 2, "10.0.0.17": 26, "10.0.0.18": 47, "10.0.0.36": 2, "10.0.0.5": 3}, "localIpTotalDuration": 82196.20210000001, "localIpDuration": {"10.0.0.49": 81.63, "10.0.0.17": 28747.547, "10.0.0.18": 48781.1245, "10.0.0.36": 2958.3046, "10.0.0.5": 1627.596}}, "ZEPETO": {"localIpCount": 1, "localIpFrequency": {"10.0.0.18": 43}, "localIpTotalDuration": 45097.40660000001, "localIpDuration": {"10.0.0.18": 45097.40660000001}}, "Hero Blaze: Three Kingdoms": {"localIpCount": 1, "localIpFrequency": {"10.0.0.69": 1}, "localIpTotalDuration": 30.5611, "localIpDuration": {"10.0.0.69": 30.5611}}, "Genshin Impact": {"localIpCount": 2, "localIpFrequency": {"10.0.0.12": 2, "10.0.0.9": 1}, "localIpTotalDuration": 4494.995199999999, "localIpDuration": {"10.0.0.12": 2839.9948, "10.0.0.9": 1655.0004}}}