{"FIFA ONLINE 4 M": {"localIpCount": 1, "localIpFrequency": {"10.0.0.46": 1}, "totalDuration": 46.9991, "localIpDuration": {"10.0.0.46": 46.9991}}, "Roblox (Adopt Me!)": {"localIpCount": 18, "localIpFrequency": {"10.0.0.23": 1, "10.0.0.65": 10, "10.0.0.86": 34, "10.0.0.55": 27, "10.0.0.140": 1, "10.0.0.144": 1, "10.0.0.118": 2, "10.0.0.153": 2, "10.0.0.154": 1, "10.0.0.81": 1, "10.0.0.164": 1, "10.0.0.165": 1, "10.0.0.176": 3, "10.0.0.180": 1, "10.0.0.185": 1, "10.0.0.188": 1, "10.0.0.192": 1, "10.0.0.205": 1}, "totalDuration": 105905.28350000002, "localIpDuration": {"10.0.0.23": 9.8678, "10.0.0.65": 7947.861900000001, "10.0.0.86": 39195.074, "10.0.0.55": 41312.157199999994, "10.0.0.140": 78.0535, "10.0.0.144": 1721.1028, "10.0.0.118": 1833.3077, "10.0.0.153": 3441.3918, "10.0.0.154": 742.2496, "10.0.0.81": 1761.1999, "10.0.0.164": 28.3035, "10.0.0.165": 350.0654, "10.0.0.176": 3713.6449, "10.0.0.180": 150.2521, "10.0.0.185": 1674.8202, "10.0.0.188": 339.9994, "10.0.0.192": 1585.8303, "10.0.0.205": 20.1015}}, "League of Legends: Wild Rift": {"localIpCount": 3, "localIpFrequency": {"10.0.0.18": 1, "10.0.0.86": 1, "10.0.0.12": 1}, "totalDuration": 2894.1672, "localIpDuration": {"10.0.0.18": 661.0003, "10.0.0.86": 1708.1661, "10.0.0.12": 525.0008}}, "Modern Combat": {"localIpCount": 1, "localIpFrequency": {"10.0.0.67": 2}, "totalDuration": 12170.949499999999, "localIpDuration": {"10.0.0.67": 12170.949499999999}}, "Genshin Impact": {"localIpCount": 3, "localIpFrequency": {"10.0.0.65": 23, "10.0.0.55": 12, "10.0.0.147": 2}, "totalDuration": 113933.68399999992, "localIpDuration": {"10.0.0.65": 96698.75419999994, "10.0.0.55": 14798.100199999999, "10.0.0.147": 2436.8296}}, "Minecraft": {"localIpCount": 4, "localIpFrequency": {"10.0.0.12": 2, "10.0.0.4": 22, "10.0.0.19": 1, "10.0.0.186": 2}, "totalDuration": 1348221.7635000001, "localIpDuration": {"10.0.0.12": 49.897099999999995, "10.0.0.4": 1347004.3576, "10.0.0.19": 0.2547, "10.0.0.186": 1167.2541}}, "Roblox": {"localIpCount": 34, "localIpFrequency": {"10.0.0.23": 1, "10.0.0.21": 1, "10.0.0.65": 20, "10.0.0.86": 58, "10.0.0.55": 51, "10.0.0.140": 3, "10.0.0.67": 1, "10.0.0.118": 3, "10.0.0.150": 1, "10.0.0.151": 1, "10.0.0.153": 5, "10.0.0.154": 1, "10.0.0.81": 1, "10.0.0.165": 2, "10.0.0.176": 4, "10.0.0.94": 1, "10.0.0.180": 1, "10.0.0.183": 1, "10.0.0.187": 1, "10.0.0.188": 1, "10.0.0.186": 2, "10.0.0.120": 3, "10.0.0.205": 1, "10.0.0.213": 2, "10.0.0.5": 1, "10.0.0.6": 1, "10.0.0.3": 1, "10.0.0.4": 7, "10.0.0.7": 1, "10.0.0.9": 1, "10.0.0.12": 12, "10.0.0.15": 7, "10.0.0.17": 1, "10.0.0.19": 1}, "totalDuration": 961366.0705999997, "localIpDuration": {"10.0.0.23": 1240.9486, "10.0.0.21": 105.9483, "10.0.0.65": 684227.2100999999, "10.0.0.86": 96057.34439999997, "10.0.0.55": 87441.70580000003, "10.0.0.140": 1384.3517, "10.0.0.67": 30.0493, "10.0.0.118": 5063.9075, "10.0.0.150": 1799.0026, "10.0.0.151": 242.9996, "10.0.0.153": 8995.1817, "10.0.0.154": 763.9322, "10.0.0.81": 1797.2181, "10.0.0.165": 3599.7947, "10.0.0.176": 7189.153200000001, "10.0.0.94": 1465.2808, "10.0.0.180": 1705.8961, "10.0.0.183": 30.8964, "10.0.0.187": 1794.1002, "10.0.0.188": 1797.005, "10.0.0.186": 3568.8977, "10.0.0.120": 5399.3571, "10.0.0.205": 295.0521, "10.0.0.213": 50.404, "10.0.0.5": 304.9993, "10.0.0.6": 1790.0004, "10.0.0.3": 308.9997, "10.0.0.4": 10669.826, "10.0.0.7": 1799.9993, "10.0.0.9": 629.6002, "10.0.0.12": 17534.2587, "10.0.0.15": 10153.0721, "10.0.0.17": 1799.6769, "10.0.0.19": 330.0008}}, "Roblox (Game)": {"localIpCount": 9, "localIpFrequency": {"10.0.0.86": 10, "10.0.0.55": 14, "10.0.0.153": 2, "10.0.0.6": 1, "10.0.0.4": 5, "10.0.0.7": 1, "10.0.0.9": 1, "10.0.0.12": 8, "10.0.0.15": 6}, "totalDuration": 61573.799999999996, "localIpDuration": {"10.0.0.86": 10805.368999999999, "10.0.0.55": 23129.002000000004, "10.0.0.153": 3021.1728, "10.0.0.6": 1563.0003, "10.0.0.4": 5971.005399999999, "10.0.0.7": 120.0015, "10.0.0.9": 270.0005, "10.0.0.12": 8309.6428, "10.0.0.15": 8384.6057}}}