{"FIFA ONLINE 4 M": {"localIpCount": 3, "localIpFrequency": {"10.0.0.46": 1, "10.0.0.128": 1, "10.0.0.160": 1}, "totalDuration": 236.006, "localIpDuration": {"10.0.0.46": 46.9991, "10.0.0.128": 0.0019, "10.0.0.160": 189.005}}, "Genshin Impact": {"localIpCount": 3, "localIpFrequency": {"10.0.0.65": 23, "10.0.0.55": 12, "10.0.0.147": 2}, "totalDuration": 113933.68399999992, "localIpDuration": {"10.0.0.65": 96698.75419999994, "10.0.0.55": 14798.100199999999, "10.0.0.147": 2436.8296}}, "Roblox (Adopt Me!)": {"localIpCount": 18, "localIpFrequency": {"10.0.0.23": 1, "10.0.0.65": 10, "10.0.0.86": 34, "10.0.0.55": 27, "10.0.0.140": 1, "10.0.0.144": 1, "10.0.0.118": 2, "10.0.0.153": 2, "10.0.0.154": 1, "10.0.0.81": 1, "10.0.0.164": 1, "10.0.0.165": 1, "10.0.0.176": 3, "10.0.0.180": 1, "10.0.0.185": 1, "10.0.0.188": 1, "10.0.0.192": 1, "10.0.0.205": 1}, "totalDuration": 105905.28350000002, "localIpDuration": {"10.0.0.23": 9.8678, "10.0.0.65": 7947.861900000001, "10.0.0.86": 39195.074, "10.0.0.55": 41312.157199999994, "10.0.0.140": 78.0535, "10.0.0.144": 1721.1028, "10.0.0.118": 1833.3077, "10.0.0.153": 3441.3918, "10.0.0.154": 742.2496, "10.0.0.81": 1761.1999, "10.0.0.164": 28.3035, "10.0.0.165": 350.0654, "10.0.0.176": 3713.6449, "10.0.0.180": 150.2521, "10.0.0.185": 1674.8202, "10.0.0.188": 339.9994, "10.0.0.192": 1585.8303, "10.0.0.205": 20.1015}}, "Roblox": {"localIpCount": 95, "localIpFrequency": {"10.0.0.23": 5, "10.0.0.21": 3, "10.0.0.65": 26, "10.0.0.86": 58, "10.0.0.55": 51, "10.0.0.140": 3, "10.0.0.67": 1, "10.0.0.118": 3, "10.0.0.150": 1, "10.0.0.151": 3, "10.0.0.153": 5, "10.0.0.154": 1, "10.0.0.81": 2, "10.0.0.165": 2, "10.0.0.176": 4, "10.0.0.94": 1, "10.0.0.180": 1, "10.0.0.183": 1, "10.0.0.187": 1, "10.0.0.188": 7, "10.0.0.186": 6, "10.0.0.120": 3, "10.0.0.205": 1, "10.0.0.213": 2, "10.0.0.5": 1, "10.0.0.6": 11, "10.0.0.3": 1, "10.0.0.4": 7, "10.0.0.7": 1, "10.0.0.9": 1, "10.0.0.12": 16, "10.0.0.15": 57, "10.0.0.17": 2, "10.0.0.19": 1, "10.0.0.22": 1, "10.0.0.28": 1, "10.0.0.29": 5, "10.0.0.30": 1, "10.0.0.34": 3, "10.0.0.38": 1, "10.0.0.41": 1, "10.0.0.46": 1, "10.0.0.47": 2, "10.0.0.48": 6, "10.0.0.50": 4, "10.0.0.53": 1, "10.0.0.56": 49, "10.0.0.57": 4, "10.0.0.59": 5, "10.0.0.62": 1, "10.0.0.63": 1, "10.0.0.72": 1, "10.0.0.76": 1, "10.0.0.78": 1, "10.0.0.82": 2, "10.0.0.66": 7, "10.0.0.95": 1, "10.0.0.104": 22, "10.0.0.124": 22, "10.0.0.127": 8, "10.0.0.142": 1, "10.0.0.147": 1, "10.0.0.18": 2, "10.0.0.31": 2, "10.0.0.71": 25, "10.0.0.74": 1, "10.0.0.77": 3, "10.0.0.58": 2, "10.0.0.80": 1, "10.0.0.91": 1, "10.0.0.97": 3, "10.0.0.98": 1, "10.0.0.88": 1, "10.0.0.100": 1, "10.0.0.20": 23, "10.0.0.106": 1, "10.0.0.73": 9, "10.0.0.112": 1, "10.0.0.79": 1, "10.0.0.115": 1, "10.0.0.129": 2, "10.0.0.131": 8, "10.0.0.135": 2, "10.0.0.136": 1, "10.0.0.145": 1, "10.0.0.149": 1, "10.0.0.160": 4, "10.0.0.161": 2, "10.0.0.162": 2, "10.0.0.163": 2, "10.0.0.164": 1, "10.0.0.171": 99, "10.0.0.184": 1, "10.0.0.190": 1, "10.0.0.192": 1}, "totalDuration": 1538921.6731000002, "localIpDuration": {"10.0.0.23": 7540.0432, "10.0.0.21": 423.9474, "10.0.0.65": 689399.5883999999, "10.0.0.86": 96057.34439999997, "10.0.0.55": 87441.70580000003, "10.0.0.140": 1384.3517, "10.0.0.67": 30.0493, "10.0.0.118": 5063.9075, "10.0.0.150": 1799.0026, "10.0.0.151": 711.999, "10.0.0.153": 8995.1817, "10.0.0.154": 763.9322, "10.0.0.81": 1923.2153, "10.0.0.165": 3599.7947, "10.0.0.176": 7189.153200000001, "10.0.0.94": 1465.2808, "10.0.0.180": 1705.8961, "10.0.0.183": 30.8964, "10.0.0.187": 1794.1002, "10.0.0.188": 9579.308700000001, "10.0.0.186": 9790.554399999999, "10.0.0.120": 5399.3571, "10.0.0.205": 295.0521, "10.0.0.213": 50.404, "10.0.0.5": 304.9993, "10.0.0.6": 9915.7031, "10.0.0.3": 308.9997, "10.0.0.4": 10669.826, "10.0.0.7": 1799.9993, "10.0.0.9": 629.6002, "10.0.0.12": 22379.2621, "10.0.0.15": 71343.3977, "10.0.0.17": 2485.6767, "10.0.0.19": 330.0008, "10.0.0.22": 1799.9999, "10.0.0.28": 1785.0009, "10.0.0.29": 8323.1424, "10.0.0.30": 419.9994, "10.0.0.34": 2232.3201, "10.0.0.38": 0.0048, "10.0.0.41": 345.0, "10.0.0.46": 14.9993, "10.0.0.47": 2030.003, "10.0.0.48": 7019.3004, "10.0.0.50": 2375.4515, "10.0.0.53": 1230.0004, "10.0.0.56": 73983.87329999999, "10.0.0.57": 1655.0048000000002, "10.0.0.59": 7259.6565, "10.0.0.62": 135.0011, "10.0.0.63": 405.0023, "10.0.0.72": 679.0009, "10.0.0.76": 560.0037, "10.0.0.78": 160.9988, "10.0.0.82": 1127.0051, "10.0.0.66": 9735.442, "10.0.0.95": 202.999, "10.0.0.104": 26923.951899999996, "10.0.0.124": 35254.481999999996, "10.0.0.127": 1533.0169, "10.0.0.142": 126.0041, "10.0.0.147": 349.9998, "10.0.0.18": 2932.4408000000003, "10.0.0.31": 1239.0004999999999, "10.0.0.71": 39270.3868, "10.0.0.74": 154.0019, "10.0.0.77": 867.9961000000001, "10.0.0.58": 2715.9991, "10.0.0.80": 194.9864, "10.0.0.91": 538.4986, "10.0.0.97": 3143.0085, "10.0.0.98": 1574.6958, "10.0.0.88": 853.9993, "10.0.0.100": 245.0001, "10.0.0.20": 23043.9774, "10.0.0.106": 1770.9858, "10.0.0.73": 12869.5532, "10.0.0.112": 14.0126, "10.0.0.79": 1126.9998, "10.0.0.115": 664.9981, "10.0.0.129": 2645.4114, "10.0.0.131": 11912.449400000001, "10.0.0.135": 552.9956999999999, "10.0.0.136": 217.001, "10.0.0.145": 189.0003, "10.0.0.149": 273.0003, "10.0.0.160": 3065.9882, "10.0.0.161": 2015.6322, "10.0.0.162": 531.9978, "10.0.0.163": 2134.2903, "10.0.0.164": 49.0022, "10.0.0.171": 170803.17049999995, "10.0.0.184": 377.9975, "10.0.0.190": 350.0006, "10.0.0.192": 314.9995}}, "League of Legends: Wild Rift": {"localIpCount": 14, "localIpFrequency": {"10.0.0.18": 1, "10.0.0.86": 1, "10.0.0.12": 1, "10.0.0.25": 2, "10.0.0.60": 1, "10.0.0.100": 1, "10.0.0.116": 1, "10.0.0.56": 1, "10.0.0.71": 1, "10.0.0.108": 1, "10.0.0.103": 3, "10.0.0.153": 1, "10.0.0.20": 2, "10.0.0.32": 1}, "totalDuration": 9040.1753, "localIpDuration": {"10.0.0.18": 661.0003, "10.0.0.86": 1708.1661, "10.0.0.12": 525.0008, "10.0.0.25": 900.0098, "10.0.0.60": 359.9986, "10.0.0.100": 146.996, "10.0.0.116": 146.9938, "10.0.0.56": 1140.9996, "10.0.0.71": 147.0009, "10.0.0.108": 133.0097, "10.0.0.103": 1848.0021000000002, "10.0.0.153": 377.9841, "10.0.0.20": 749.0009, "10.0.0.32": 196.0126}}, "Minecraft": {"localIpCount": 10, "localIpFrequency": {"10.0.0.12": 2, "10.0.0.4": 22, "10.0.0.19": 1, "10.0.0.186": 2, "10.0.0.77": 2, "10.0.0.127": 1, "10.0.0.21": 5, "10.0.0.143": 2, "10.0.0.41": 1, "10.0.0.160": 1}, "totalDuration": 1352604.1859000004, "localIpDuration": {"10.0.0.12": 49.897099999999995, "10.0.0.4": 1347004.3576, "10.0.0.19": 0.2547, "10.0.0.186": 1167.2541, "10.0.0.77": 468.99289999999996, "10.0.0.127": 140.0054, "10.0.0.21": 1617.4269, "10.0.0.143": 2050.9981000000002, "10.0.0.41": 20.9996, "10.0.0.160": 83.9995}}, "Call of Duty: Mobile": {"localIpCount": 1, "localIpFrequency": {"10.0.0.127": 1}, "totalDuration": 1266.9995, "localIpDuration": {"10.0.0.127": 1266.9995}}, "PUBG Mobile": {"localIpCount": 5, "localIpFrequency": {"10.0.0.11": 10, "10.0.0.58": 1, "10.0.0.61": 3, "10.0.0.27": 12, "10.0.0.4": 1}, "totalDuration": 19414.8576, "localIpDuration": {"10.0.0.11": 9554.9969, "10.0.0.58": 120.0018, "10.0.0.61": 1647.9932000000001, "10.0.0.27": 8013.8227, "10.0.0.4": 78.043}}, "Roblox (Game)": {"localIpCount": 56, "localIpFrequency": {"10.0.0.86": 10, "10.0.0.55": 14, "10.0.0.153": 2, "10.0.0.6": 6, "10.0.0.4": 5, "10.0.0.7": 1, "10.0.0.9": 1, "10.0.0.12": 8, "10.0.0.15": 46, "10.0.0.23": 4, "10.0.0.28": 1, "10.0.0.29": 4, "10.0.0.30": 1, "10.0.0.34": 1, "10.0.0.48": 5, "10.0.0.50": 3, "10.0.0.53": 1, "10.0.0.59": 1, "10.0.0.65": 6, "10.0.0.72": 2, "10.0.0.82": 1, "10.0.0.104": 19, "10.0.0.56": 37, "10.0.0.124": 16, "10.0.0.66": 1, "10.0.0.147": 1, "10.0.0.17": 1, "10.0.0.18": 2, "10.0.0.31": 1, "10.0.0.21": 1, "10.0.0.47": 1, "10.0.0.57": 1, "10.0.0.61": 1, "10.0.0.71": 20, "10.0.0.79": 2, "10.0.0.97": 2, "10.0.0.98": 1, "10.0.0.100": 1, "10.0.0.106": 1, "10.0.0.73": 8, "10.0.0.115": 1, "10.0.0.20": 2, "10.0.0.129": 2, "10.0.0.131": 7, "10.0.0.135": 2, "10.0.0.136": 1, "10.0.0.137": 1, "10.0.0.161": 1,