{"Roblox": {"localIpCount": 132, "localIpFrequency": {"10.0.0.23": 6, "10.0.0.21": 3, "10.0.0.65": 26, "10.0.0.86": 58, "10.0.0.55": 51, "10.0.0.140": 4, "10.0.0.67": 1, "10.0.0.118": 3, "10.0.0.150": 1, "10.0.0.151": 4, "10.0.0.153": 5, "10.0.0.154": 12, "10.0.0.81": 2, "10.0.0.165": 2, "10.0.0.176": 5, "10.0.0.94": 1, "10.0.0.180": 1, "10.0.0.183": 1, "10.0.0.187": 1, "10.0.0.188": 23, "10.0.0.186": 6, "10.0.0.120": 4, "10.0.0.205": 4, "10.0.0.213": 2, "10.0.0.5": 1, "10.0.0.6": 32, "10.0.0.3": 1, "10.0.0.4": 470, "10.0.0.7": 1, "10.0.0.9": 1, "10.0.0.12": 16, "10.0.0.15": 57, "10.0.0.17": 2, "10.0.0.19": 1, "10.0.0.22": 189, "10.0.0.28": 1, "10.0.0.29": 5, "10.0.0.30": 2, "10.0.0.34": 61, "10.0.0.38": 1, "10.0.0.41": 2, "10.0.0.46": 2, "10.0.0.47": 2, "10.0.0.48": 6, "10.0.0.50": 4, "10.0.0.53": 1, "10.0.0.56": 49, "10.0.0.57": 4, "10.0.0.59": 9, "10.0.0.62": 1, "10.0.0.63": 1, "10.0.0.72": 2, "10.0.0.76": 1, "10.0.0.78": 1, "10.0.0.82": 2, "10.0.0.66": 7, "10.0.0.95": 1, "10.0.0.104": 22, "10.0.0.124": 22, "10.0.0.127": 8, "10.0.0.142": 1, "10.0.0.147": 1, "10.0.0.18": 3, "10.0.0.31": 2, "10.0.0.71": 27, "10.0.0.74": 1, "10.0.0.77": 4, "10.0.0.58": 3, "10.0.0.80": 2, "10.0.0.91": 1, "10.0.0.97": 3, "10.0.0.98": 1, "10.0.0.88": 1, "10.0.0.100": 2, "10.0.0.20": 25, "10.0.0.106": 1, "10.0.0.73": 9, "10.0.0.112": 2, "10.0.0.79": 1, "10.0.0.115": 2, "10.0.0.129": 2, "10.0.0.131": 8, "10.0.0.135": 2, "10.0.0.136": 1, "10.0.0.145": 1, "10.0.0.149": 2, "10.0.0.160": 4, "10.0.0.161": 2, "10.0.0.162": 2, "10.0.0.163": 2, "10.0.0.164": 1, "10.0.0.171": 99, "10.0.0.184": 1, "10.0.0.190": 1, "10.0.0.192": 1, "10.0.0.204": 1, "10.0.0.210": 1, "10.0.0.217": 1, "10.0.0.222": 1, "10.0.0.223": 1, "10.0.0.225": 20, "10.0.0.232": 1, "10.0.0.240": 1, "10.0.0.245": 2, "10.0.0.251": 3, "10.0.1.3": 4, "10.0.1.0": 3, "10.0.1.11": 31, "10.0.1.13": 1, "10.0.1.14": 1, "10.0.1.21": 1, "10.0.1.27": 1, "10.0.1.30": 1, "10.0.0.25": 1, "10.0.0.32": 1, "10.0.0.85": 1, "10.0.0.87": 2, "10.0.0.102": 10, "10.0.0.36": 1, "10.0.0.113": 2, "10.0.0.114": 1, "10.0.0.116": 8, "10.0.0.122": 7, "10.0.0.128": 1, "10.0.0.134": 4, "10.0.0.178": 1, "10.0.0.185": 1, "10.0.0.195": 1, "10.0.0.196": 1, "10.0.0.197": 2, "10.0.0.198": 1, "10.0.0.218": 2}, "totalDuration": 3043254.0481999987, "localIpDuration": {"10.0.0.23": 9339.042300000001, "10.0.0.21": 423.9474, "10.0.0.65": 689399.5883999999, "10.0.0.86": 96057.34439999997, "10.0.0.55": 87441.70580000003, "10.0.0.140": 2490.3521, "10.0.0.67": 30.0493, "10.0.0.118": 5063.9075, "10.0.0.150": 1799.0026, "10.0.0.151": 886.9998, "10.0.0.153": 8995.1817, "10.0.0.154": 18183.9472, "10.0.0.81": 1923.2153, "10.0.0.165": 3599.7947, "10.0.0.176": 7350.155000000001, "10.0.0.94": 1465.2808, "10.0.0.180": 1705.8961, "10.0.0.183": 30.8964, "10.0.0.187": 1794.1002, "10.0.0.188": 34101.7473, "10.0.0.186": 9790.554399999999, "10.0.0.120": 7198.360000000001, "10.0.0.205": 5649.7163, "10.0.0.213": 50.404, "10.0.0.5": 304.9993, "10.0.0.6": 40746.67179999999, "10.0.0.3": 308.9997, "10.0.0.4": 797561.7931999996, "10.0.0.7": 1799.9993, "10.0.0.9": 629.6002, "10.0.0.12": 22379.2621, "10.0.0.15": 71343.3977, "10.0.0.17": 2485.6767, "10.0.0.19": 330.0008, "10.0.0.22": 335531.3598000001, "10.0.0.28": 1785.0009, "10.0.0.29": 8323.1424, "10.0.0.30": 629.9993, "10.0.0.34": 94684.01460000002, "10.0.0.38": 0.0048, "10.0.0.41": 2143.6198, "10.0.0.46": 512.0058, "10.0.0.47": 2030.003, "10.0.0.48": 7019.3004, "10.0.0.50": 2375.4515, "10.0.0.53": 1230.0004, "10.0.0.56": 73983.87329999999, "10.0.0.57": 1655.0048000000002, "10.0.0.59": 13264.396799999999, "10.0.0.62": 135.0011, "10.0.0.63": 405.0023, "10.0.0.72": 1155.0023, "10.0.0.76": 560.0037, "10.0.0.78": 160.9988, "10.0.0.82": 1127.0051, "10.0.0.66": 9735.442, "10.0.0.95": 202.999, "10.0.0.104": 26923.951899999996, "10.0.0.124": 35254.481999999996, "10.0.0.127": 1533.0169, "10.0.0.142": 126.0041, "10.0.0.147": 349.9998, "10.0.0.18": 3499.4412, "10.0.0.31": 1239.0004999999999, "10.0.0.71": 42244.6503, "10.0.0.74": 154.0019, "10.0.0.77": 2085.9965, "10.0.0.58": 3135.9976, "10.0.0.80": 1951.987, "10.0.0.91": 538.4986, "10.0.0.97": 3143.0085, "10.0.0.98": 1574.6958, "10.0.0.88": 853.9993, "10.0.0.100": 1813.0012, "10.0.0.20": 23246.9784, "10.0.0.106": 1770.9858, "10.0.0.73": 12869.5532, "10.0.0.112": 1400.0265, "10.0.0.79": 1126.9998, "10.0.0.115": 1854.9986000000001, "10.0.0.129": 2645.4114, "10.0.0.131": 11912.449400000001, "10.0.0.135": 552.9956999999999, "10.0.0.136": 217.001, "10.0.0.145": 189.0003, "10.0.0.149": 441.0001, "10.0.0.160": 3065.9882, "10.0.0.161": 2015.6322, "10.0.0.162": 531.9978, "10.0.0.163": 2134.2903, "10.0.0.164": 49.0022, "10.0.0.171": 170803.17049999995, "10.0.0.184": 377.9975, "10.0.0.190": 350.0006, "10.0.0.192": 314.9995, "10.0.0.204": 174.9981, "10.0.0.210": 175.0002, "10.0.0.217": 1791.6197, "10.0.0.222": 308.0008, "10.0.0.223": 329.001, "10.0.0.225": 34343.7042, "10.0.0.232": 1798.5984, "10.0.0.240": 1798.6087, "10.0.0.245": 3051.5507, "10.0.0.251": 5389.0756, "10.0.1.3": 6774.4341, "10.0.1.0": 5396.1796, "10.0.1.11": 55130.1098, "10.0.1.13": 245.0005, "10.0.1.14": 343.0008, "10.0.1.21": 1680.0057, "10.0.1.27": 644.0021, "10.0.1.30": 258.9997, "10.0.0.25": 1798.6391, "10.0.0.32": 13.6364, "10.0.0.85": 167.9999, "10.0.0.87": 3078.5272, "10.0.0.102": 14528.8615, "10.0.0.36": 1434.9963, "10.0.0.113": 2337.619, "10.0.0.114": 189.0003, "10.0.0.116": 13101.6915, "10.0.0.122": 9798.881000000001, "10.0.0.128": 1798.6962, "10.0.0.134": 7187.1146, "10.0.0.178": 1799.002, "10.0.0.185": 1798.9997, "10.0.0.195": 273.0001, "10.0.0.196": 1799.0037, "10.0.0.197": 2750.5622000000003, "10.0.0.198": 566.2738, "10.0.0.218": 3597.2201999999997}}, "FIFA ONLINE 4 M": {"localIpCount": 5, "localIpFrequency": {"10.0.0.46": 1, "10.0.0.128": 1, "10.0.0.160": 1, "10.0.0.78": 1, "10.0.0.150": 1}, "totalDuration": 957.0088, "localIpDuration": {"10.0.0.46": 46.9991, "10.0.0.128": 0.0019, "10.0.0.160": 189.005, "10.0.0.78": 132.9986, "10.0.0.150": 588.0042}}, "Roblox (Game)": {"localIpCount": 87, "localIpFrequency": {"10.0.0.86": 10, "10.0.0.55": 14, "10.0.0.153": 2, "10.0.0.6": 24, "10.0.0.4": 155, "10.0.0.7": 1, "10.0.0.9": 1, "10.0.0.12": 8, "10.0.0.15": 46, "10.0.0.23": 4, "10.0.0.28": 1, "10.0.0.29": 4, "10.0.0.30": 2, "10.0.0.34": 44, "10.0.0.48": 5, "10.0.0.50": 3, "10.0.0.53": 1, "10.0.0.59": 6, "10.0.0.65": 6, "10.0.0.72": 3, "10.0.0.82": 1, "10.0.0.104": 19, "10.0.0.56": 37, "10.0.0.124": 16, "10.0.0.66": 1, "10.0.0.147": 1, "10.0.0.17": 1, "10.0.0.18": 2, "10.0.0.31": 1, "10.0.0.21": 1, "10.0.0.47": 2, "10.0.0.57": 1, "10.0.0.61": 1, "10.0.0.71": 21, "10.0.0.79": 2, "10.0.0.97": 2, "10.0.0.98": 1, "10.0.0.100": 1, "10.0.0.106": 1, "10.0.0.73": 8, "10.0.0.115": 1, "10.0.0.20": 2, "10.0.0.129": 2, "10.0.0.131": 7, "10.0.0.135": 2, "10.0.0.136": 1, "10.0.0.137": 1, "10.0.0.161": 1, "10.0.0.163": 2, "10.0.0.58": 1, "10.0.0.171": 35, "10.0.0.77": 2, "10.0.0.186": 3, "10.0.0.188": 7, "10.0.0.190": 1, "10.0.0.192": 1, "10.0.0.205": 2, "10.0.0.210": 1, "10.0.0.41": 1, "10.0.0.222": 1, "10.0.0.223": 1, "10.0.0.225": 18, "10.0.0.245": 3, "10.0.0.251": 2, "10.0.1.3": 4, "10.0.1.0": 3, "10.0.1.10": 1, "10.0.1.11": 27, "10.0.1.13": 1, "10.0.1.14": 1, "10.0.0.237": 1, "10.0.1.22": 1, "10.0.1.27": 1, "10.0.1.30": 1, "10.0.0.22": 17, "10.0.0.46": 1, "10.0.0.54": 1, "10.0.0.80": 1, "10.0.0.90": 1, "10.0.0.87": 2, "10.0.0.102": 9, "10.0.0.36": 1, "10.0.0.113": 2, "10.0.0.114": 1, "10.0.0.116": 8, "10.0.0.122": 1, "10.0.0.130": 1}, "totalDuration": 723768.4768999992, "localIpDuration": {"10.0.0.86": 10805.368999999999, "10.0.0.55": 23129.002000000004, "10.0.0.153": 3021.1728, "10.0.0.6": 29597.672800000004, "10.0.0.4": 160164.7003000001, "10.0.0.7": 120.0015, "10.0.0.9": 270.0005, "10.0.0.12": 8309.6428, "10.0.0.15": 57298.74479999999, "10.0.0.23": 6284.969499999999, "10.0.0.28": 855.001, "10.0.0.29": 5579.9995, "10.0.0.30": 332.0011, "10.0.0.34": 69111.8445, "10.0.0.48": 4739.0085, "10.0.0.50": 1243.426, "10.0.0.53": 14.9946,