{"Cookie Run: Kingdom": {"localIpCount": 1, "localIpFrequency": {"10.0.0.60": 1}, "totalDuration": 90.0, "localIpDuration": {"10.0.0.60": 90.0}}, "Call of Duty: Mobile": {"localIpCount": 1, "localIpFrequency": {"10.0.0.127": 1}, "totalDuration": 1266.9995, "localIpDuration": {"10.0.0.127": 1266.9995}}, "Modern Combat": {"localIpCount": 1, "localIpFrequency": {"10.0.0.67": 2}, "totalDuration": 12170.949499999999, "localIpDuration": {"10.0.0.67": 12170.949499999999}}, "Roblox (Adopt Me!)": {"localIpCount": 18, "localIpFrequency": {"10.0.0.23": 1, "10.0.0.65": 10, "10.0.0.86": 34, "10.0.0.55": 27, "10.0.0.140": 1, "10.0.0.144": 1, "10.0.0.118": 2, "10.0.0.153": 2, "10.0.0.154": 1, "10.0.0.81": 1, "10.0.0.164": 1, "10.0.0.165": 1, "10.0.0.176": 3, "10.0.0.180": 1, "10.0.0.185": 1, "10.0.0.188": 1, "10.0.0.192": 1, "10.0.0.205": 1}, "totalDuration": 105905.28350000002, "localIpDuration": {"10.0.0.23": 9.8678, "10.0.0.65": 7947.861900000001, "10.0.0.86": 39195.074, "10.0.0.55": 41312.157199999994, "10.0.0.140": 78.0535, "10.0.0.144": 1721.1028, "10.0.0.118": 1833.3077, "10.0.0.153": 3441.3918, "10.0.0.154": 742.2496, "10.0.0.81": 1761.1999, "10.0.0.164": 28.3035, "10.0.0.165": 350.0654, "10.0.0.176": 3713.6449, "10.0.0.180": 150.2521, "10.0.0.185": 1674.8202, "10.0.0.188": 339.9994, "10.0.0.192": 1585.8303, "10.0.0.205": 20.1015}}, "Roblox (Game)": {"localIpCount": 34, "localIpFrequency": {"10.0.0.86": 10, "10.0.0.55": 14, "10.0.0.153": 2, "10.0.0.6": 2, "10.0.0.4": 5, "10.0.0.7": 1, "10.0.0.9": 1, "10.0.0.12": 8, "10.0.0.15": 46, "10.0.0.23": 4, "10.0.0.28": 1, "10.0.0.29": 4, "10.0.0.30": 1, "10.0.0.34": 1, "10.0.0.48": 5, "10.0.0.50": 2, "10.0.0.53": 1, "10.0.0.59": 1, "10.0.0.65": 6, "10.0.0.72": 2, "10.0.0.82": 1, "10.0.0.104": 15, "10.0.0.56": 10, "10.0.0.124": 1, "10.0.0.66": 1, "10.0.0.147": 1, "10.0.0.17": 1, "10.0.0.18": 2, "10.0.0.31": 1, "10.0.0.21": 1, "10.0.0.47": 1, "10.0.0.57": 1, "10.0.0.61": 1, "10.0.0.71": 3}, "totalDuration": 169398.4043, "localIpDuration": {"10.0.0.86": 10805.368999999999, "10.0.0.55": 23129.002000000004, "10.0.0.153": 3021.1728, "10.0.0.6": 2067.0239, "10.0.0.4": 5971.005399999999, "10.0.0.7": 120.0015, "10.0.0.9": 270.0005, "10.0.0.12": 8309.6428, "10.0.0.15": 57298.74479999999, "10.0.0.23": 6284.969499999999, "10.0.0.28": 855.001, "10.0.0.29": 5579.9995, "10.0.0.30": 150.0002, "10.0.0.34": 1604.9943, "10.0.0.48": 4739.0085, "10.0.0.50": 627.4035, "10.0.0.53": 14.9946, "10.0.0.59": 1799.9997, "10.0.0.65": 2162.9931, "10.0.0.72": 609.0002999999999, "10.0.0.82": 238.0086, "10.0.0.104": 11417.039099999996, "10.0.0.56": 11396.0133, "10.0.0.124": 398.9998, "10.0.0.66": 1357.9978, "10.0.0.147": 161.0118, "10.0.0.17": 147.0004, "10.0.0.18": 1939.0135, "10.0.0.31": 300.9969, "10.0.0.21": 21.001, "10.0.0.47": 49.003, "10.0.0.57": 314.9982, "10.0.0.61": 1630.9972, "10.0.0.71": 4605.9968}}, "Roblox": {"localIpCount": 66, "localIpFrequency": {"10.0.0.23": 5, "10.0.0.21": 3, "10.0.0.65": 26, "10.0.0.86": 58, "10.0.0.55": 51, "10.0.0.140": 3, "10.0.0.67": 1, "10.0.0.118": 3, "10.0.0.150": 1, "10.0.0.151": 1, "10.0.0.153": 5, "10.0.0.154": 1, "10.0.0.81": 1, "10.0.0.165": 2, "10.0.0.176": 4, "10.0.0.94": 1, "10.0.0.180": 1, "10.0.0.183": 1, "10.0.0.187": 1, "10.0.0.188": 1, "10.0.0.186": 2, "10.0.0.120": 3, "10.0.0.205": 1, "10.0.0.213": 2, "10.0.0.5": 1, "10.0.0.6": 3, "10.0.0.3": 1, "10.0.0.4": 7, "10.0.0.7": 1, "10.0.0.9": 1, "10.0.0.12": 16, "10.0.0.15": 57, "10.0.0.17": 2, "10.0.0.19": 1, "10.0.0.22": 1, "10.0.0.28": 1, "10.0.0.29": 5, "10.0.0.30": 1, "10.0.0.34": 3, "10.0.0.38": 1, "10.0.0.41": 1, "10.0.0.46": 1, "10.0.0.47": 2, "10.0.0.48": 6, "10.0.0.50": 2, "10.0.0.53": 1, "10.0.0.56": 18, "10.0.0.57": 4, "10.0.0.59": 5, "10.0.0.62": 1, "10.0.0.63": 1, "10.0.0.72": 1, "10.0.0.76": 1, "10.0.0.78": 1, "10.0.0.82": 2, "10.0.0.66": 7, "10.0.0.95": 1, "10.0.0.104": 17, "10.0.0.124": 1, "10.0.0.127": 8, "10.0.0.142": 1, "10.0.0.147": 1, "10.0.0.18": 2, "10.0.0.31": 1, "10.0.0.71": 6, "10.0.0.74": 1}, "totalDuration": 1147213.3503999994, "localIpDuration": {"10.0.0.23": 7540.0432, "10.0.0.21": 423.9474, "10.0.0.65": 689399.5883999999, "10.0.0.86": 96057.34439999997, "10.0.0.55": 87441.70580000003, "10.0.0.140": 1384.3517, "10.0.0.67": 30.0493, "10.0.0.118": 5063.9075, "10.0.0.150": 1799.0026, "10.0.0.151": 242.9996, "10.0.0.153": 8995.1817, "10.0.0.154": 763.9322, "10.0.0.81": 1797.2181, "10.0.0.165": 3599.7947, "10.0.0.176": 7189.153200000001, "10.0.0.94": 1465.2808, "10.0.0.180": 1705.8961, "10.0.0.183": 30.8964, "10.0.0.187": 1794.1002, "10.0.0.188": 1797.005, "10.0.0.186": 3568.8977, "10.0.0.120": 5399.3571, "10.0.0.205": 295.0521, "10.0.0.213": 50.404, "10.0.0.5": 304.9993, "10.0.0.6": 2490.0011, "10.0.0.3": 308.9997, "10.0.0.4": 10669.826, "10.0.0.7": 1799.9993, "10.0.0.9": 629.6002, "10.0.0.12": 22379.2621, "10.0.0.15": 71343.3977, "10.0.0.17": 2485.6767, "10.0.0.19": 330.0008, "10.0.0.22": 1799.9999, "10.0.0.28": 1785.0009, "10.0.0.29": 8323.1424, "10.0.0.30": 419.9994, "10.0.0.34": 2232.3201, "10.0.0.38": 0.0048, "10.0.0.41": 345.0, "10.0.0.46": 14.9993, "10.0.0.47": 2030.003, "10.0.0.48": 7019.3004, "10.0.0.50": 961.4454, "10.0.0.53": 1230.0004, "10.0.0.56": 21908.6764, "10.0.0.57": 1655.0048000000002, "10.0.0.59": 7259.6565, "10.0.0.62": 135.0011, "10.0.0.63": 405.0023, "10.0.0.72": 679.0009, "10.0.0.76": 560.0037, "10.0.0.78": 160.9988, "10.0.0.82": 1127.0051, "10.0.0.66": 9735.442, "10.0.0.95": 202.999, "10.0.0.104": 19540.315199999997, "10.0.0.124": 595.0001, "10.0.0.127": 1533.0169, "10.0.0.142": 126.0041, "10.0.0.147": 349.9998, "10.0.0.18": 2932.4408000000003, "10.0.0.31": 1231.9984, "10.0.0.71": 10183.6945, "10.0.0.74": 154.0019}}, "League of Legends: Wild Rift": {"localIpCount": 7, "localIpFrequency": {"10.0.0.18": 1, "10.0.0.86": 1, "10.0.0.12": 1, "10.0.0.25": 2, "10.0.0.60": 1, "10.0.0.100": 1, "10.0.0.116": 1}, "totalDuration": 4448.1654, "localIpDuration": {"10.0.0.18": 661.0003, "10.0.0.86": 1708.1661, "10.0.0.12": 525.0008, "10.0.0.25": 900.0098, "10.0.0.60": 359.9986, "10.0.0.100": 146.996, "10.0.0.116": 146.9938}}, "Minecraft": {"localIpCount": 7, "localIpFrequency": {"10.0.0.12": 2, "10.0.0.4": 22, "10.0.0.19": 1, "10.0.0.186": 2, "10.0.0.77": 2, "10.0.0.127": 1, "10.0.0.21": 2}, "totalDuration": 1350020.7692000002, "localIpDuration": {"10.0.0.12": 49.897099999999995, "10.0.0.4": 1347004.3576, "10.0.0.19": 0.2547, "10.0.0.186": 1167.2541, "10.0.0.77": 468.99289999999996, "10.0.0.127": 140.0054, "10.0.0.21": 1190.0074}}, "PUBG Mobile": {"localIpCount": 5, "localIpFrequency": {"10.0.0.11": 10, "10.0.0.58": 1, "10.0.0.61": 3, "10.0.0.27": 12, "10.0.0.4": 1}, "totalDuration": 19414.8576, "localIpDuration": {"10.0.0.11": 9554.9969, "10.0.0.58": 120.0018, "10.0.0.61": 1647.9932000000001, "10.0.0.27": 8013.8227, "10.0.0.4": 78.043}}, "FIFA ONLINE 4 M": {"localIpCount": 1, "localIpFrequency": {"10.0.0.46": 1}, "totalDuration": 46.9991, "localIpDuration": {"10.0.0.46": 46.9991}}, "Genshin Impact": {"localIpCount": 3, "localIpFrequency": {"10.0.0.65": 23, "10.0.0.55": 12, "10.0.0.147": 2}, "totalDuration": 113933.68399999992, "localIpDuration": {"10.0.0.65": 96698.75419999994, "10.0.0.55": 14798.100199999999, "10.0.0.147": 2436.8296}}}