{"Roblox": {"localIpCount": 24, "localIpFrequency": {"10.0.1.186": 1, "10.0.1.208": 1, "10.0.1.219": 1, "10.0.1.220": 4, "10.0.1.225": 3, "10.0.1.245": 6, "10.0.1.251": 1, "10.0.1.250": 1, "10.0.1.253": 1, "10.0.1.254": 1, "10.0.2.11": 1, "10.0.2.12": 17, "10.0.2.14": 1, "10.0.2.16": 3, "10.0.2.19": 1, "10.0.2.23": 1, "10.0.2.24": 1, "10.0.2.25": 3, "10.0.2.31": 13, "10.0.2.32": 2, "10.0.2.36": 2, "10.0.2.37": 7, "10.0.2.40": 2, "10.0.2.51": 1}, "localIpTotalDuration": 117530.64930000002, "localIpDuration": {"10.0.1.186": 1799.0007, "10.0.1.208": 196.0, "10.0.1.219": 265.9984, "10.0.1.220": 5676.6304, "10.0.1.225": 4374.3359, "10.0.1.245": 8532.0557, "10.0.1.251": 1798.6687, "10.0.1.250": 1281.0018, "10.0.1.253": 517.9997, "10.0.1.254": 189.0012, "10.0.2.11": 182.0006, "10.0.2.12": 28738.978000000003, "10.0.2.14": 1770.6047, "10.0.2.16": 5396.2922, "10.0.2.19": 1798.6415, "10.0.2.23": 1322.6349, "10.0.2.24": 602.0014, "10.0.2.25": 5389.6156, "10.0.2.31": 23341.836199999998, "10.0.2.32": 2974.458, "10.0.2.36": 3597.4722, "10.0.2.37": 12578.0382, "10.0.2.40": 3590.3831, "10.0.2.51": 1617.0002}}, "Minecraft": {"localIpCount": 2, "localIpFrequency": {"10.0.2.29": 1, "10.0.2.47": 1}, "localIpTotalDuration": 182.0031, "localIpDuration": {"10.0.2.29": 84.002, "10.0.2.47": 98.0011}}, "PUBG Mobile": {"localIpCount": 1, "localIpFrequency": {"10.0.2.17": 1}, "localIpTotalDuration": 188.9987, "localIpDuration": {"10.0.2.17": 188.9987}}, "League of Legends: Wild Rift": {"localIpCount": 3, "localIpFrequency": {"10.0.1.220": 1, "10.0.1.245": 1, "10.0.2.40": 1}, "localIpTotalDuration": 230.99720000000002, "localIpDuration": {"10.0.1.220": 35.0001, "10.0.1.245": 20.9976, "10.0.2.40": 174.9995}}}