{"Overwatch 2": {"localIpCount": 1, "localIpFrequency": {"10.0.0.177": 1}, "localIpTotalDuration": 1218.0016, "localIpDuration": {"10.0.0.177": 1218.0016}}, "League of Legends: Wild Rift": {"localIpCount": 1, "localIpFrequency": {"10.0.0.138": 1}, "localIpTotalDuration": 0.0, "localIpDuration": {"10.0.0.138": 0.0}}, "Roblox": {"localIpCount": 6, "localIpFrequency": {"10.0.0.4": 32, "10.0.0.22": 5, "10.0.0.154": 2, "10.0.0.34": 3, "10.0.0.176": 1, "10.0.0.178": 1}, "localIpTotalDuration": 74042.01389999999, "localIpDuration": {"10.0.0.4": 56753.6744, "10.0.0.22": 8986.723100000001, "10.0.0.154": 1470.0004000000001, "10.0.0.34": 4871.6122, "10.0.0.176": 161.0018, "10.0.0.178": 1799.002}}}