{"Modern Combat": {"localIpCount": 1, "localIpFrequency": {"10.0.0.67": 2}, "localIpTotalDuration": 12170.949499999999, "localIpDuration": {"10.0.0.67": 12170.949499999999}}, "Genshin Impact": {"localIpCount": 1, "localIpFrequency": {"10.0.0.65": 10}, "localIpTotalDuration": 70860.18779999999, "localIpDuration": {"10.0.0.65": 70860.18779999999}}, "Roblox": {"localIpCount": 1, "localIpFrequency": {"10.0.0.65": 14}, "localIpTotalDuration": 77112.1506, "localIpDuration": {"10.0.0.65": 77112.1506}}, "Roblox (Adopt Me!)": {"localIpCount": 1, "localIpFrequency": {"10.0.0.65": 5}, "localIpTotalDuration": 6435.654500000001, "localIpDuration": {"10.0.0.65": 6435.654500000001}}}