{"Minecraft": {"localIpCount": 2, "localIpFrequency": {"10.0.11.24": 1, "10.0.11.17": 3}, "localIpTotalDuration": 3540.6883, "localIpDuration": {"10.0.11.24": 21.0011, "10.0.11.17": 3519.6872}}, "Roblox": {"localIpCount": 36, "localIpFrequency": {"10.0.11.21": 2, "10.0.11.24": 1, "10.0.11.25": 5, "10.0.11.17": 2, "10.0.11.36": 1, "10.0.11.38": 1, "10.0.11.39": 2, "10.0.11.44": 3, "10.0.11.47": 1, "10.0.11.57": 9, "10.0.11.58": 2, "10.0.11.61": 1, "10.0.11.63": 1, "10.0.11.68": 1, "10.0.11.69": 2, "10.0.11.70": 5, "10.0.11.75": 5, "10.0.11.78": 5, "10.0.11.79": 1, "10.0.11.86": 13, "10.0.11.93": 3, "10.0.11.96": 4, "10.0.11.100": 2, "10.0.11.102": 1, "10.0.11.105": 5, "10.0.11.114": 7, "10.0.11.118": 1, "10.0.11.119": 3, "10.0.11.122": 5, "10.0.11.121": 4, "10.0.11.123": 3, "10.0.11.126": 10, "10.0.11.135": 3, "10.0.11.136": 9, "10.0.11.137": 1, "10.0.11.138": 3}, "localIpTotalDuration": 193331.85609999998, "localIpDuration": {"10.0.11.21": 2981.7036, "10.0.11.24": 195.9996, "10.0.11.25": 7754.082800000001, "10.0.11.17": 3597.6521000000002, "10.0.11.36": 363.9995, "10.0.11.38": 174.9995, "10.0.11.39": 2345.0007, "10.0.11.44": 5394.7219000000005, "10.0.11.47": 349.6127, "10.0.11.57": 14768.188300000002, "10.0.11.58": 2491.7567, "10.0.11.61": 469.0009, "10.0.11.63": 986.6665, "10.0.11.68": 0.0004, "10.0.11.69": 3583.4471999999996, "10.0.11.70": 4976.433, "10.0.11.75": 7194.443500000001, "10.0.11.78": 8720.479, "10.0.11.79": 1798.6818, "10.0.11.86": 23189.475199999997, "10.0.11.93": 5361.7279, "10.0.11.96": 6173.694799999999, "10.0.11.100": 2974.3896, "10.0.11.102": 1799.0006, "10.0.11.105": 7236.782899999999, "10.0.11.114": 12338.6945, "10.0.11.118": 1771.0008, "10.0.11.119": 5305.4134, "10.0.11.122": 8194.5735, "10.0.11.121": 7194.694299999999, "10.0.11.123": 5382.0927, "10.0.11.126": 16957.540599999997, "10.0.11.135": 2149.0027, "10.0.11.136": 13103.0686, "10.0.11.137": 1784.6972, "10.0.11.138": 4269.1371}}, "League of Legends: Wild Rift": {"localIpCount": 1, "localIpFrequency": {"10.0.11.27": 1}, "localIpTotalDuration": 832.998, "localIpDuration": {"10.0.11.27": 832.998}}, "PUBG Mobile": {"localIpCount": 2, "localIpFrequency": {"10.0.11.20": 6, "10.0.11.76": 2}, "localIpTotalDuration": 3666.2608, "localIpDuration": {"10.0.11.20": 3162.2621, "10.0.11.76": 503.9987}}}