{"League of Legends: Wild Rift": {"localIpCount": 1, "localIpFrequency": {"10.0.11.159": 3}, "localIpTotalDuration": 2653.0027, "localIpDuration": {"10.0.11.159": 2653.0027}}, "Minecraft": {"localIpCount": 2, "localIpFrequency": {"10.0.11.148": 1, "10.0.11.168": 1}, "localIpTotalDuration": 364.0031, "localIpDuration": {"10.0.11.148": 224.0014, "10.0.11.168": 140.0017}}, "Roblox": {"localIpCount": 8, "localIpFrequency": {"10.0.11.136": 2, "10.0.11.148": 4, "10.0.11.149": 7, "10.0.11.151": 1, "10.0.11.153": 6, "10.0.11.166": 4, "10.0.11.167": 1, "10.0.11.168": 1}, "localIpTotalDuration": 31042.280899999998, "localIpDuration": {"10.0.11.136": 2169.9997000000003, "10.0.11.148": 5963.7095, "10.0.11.149": 9288.703300000001, "10.0.11.151": 188.9996, "10.0.11.153": 7271.1508, "10.0.11.166": 5803.0003, "10.0.11.167": 147.0, "10.0.11.168": 209.7177}}}