{"Roblox (Game)": {"localIpCount": 4, "localIpFrequency": {"10.0.0.34": 2, "10.0.0.77": 1, "10.0.0.4": 5, "10.0.0.80": 1}, "localIpTotalDuration": 11641.002100000002, "localIpDuration": {"10.0.0.34": 3261.9964, "10.0.0.77": 917.0023, "10.0.0.4": 5866.003900000001, "10.0.0.80": 1595.9995}}, "Roblox": {"localIpCount": 5, "localIpFrequency": {"10.0.0.34": 4, "10.0.0.4": 7, "10.0.0.77": 1, "10.0.0.80": 1, "10.0.0.20": 1}, "localIpTotalDuration": 15947.242299999998, "localIpDuration": {"10.0.0.34": 4064.4408, "10.0.0.4": 8907.8004, "10.0.0.77": 1218.0004, "10.0.0.80": 1757.0006, "10.0.0.20": 0.0001}}, "FIFA ONLINE 4 M": {"localIpCount": 1, "localIpFrequency": {"10.0.0.78": 1}, "localIpTotalDuration": 132.9986, "localIpDuration": {"10.0.0.78": 132.9986}}}