{"Among us": {"localIpCount": 1, "localIpFrequency": {"10.0.1.28": 2}, "localIpTotalDuration": 2442.6841, "localIpDuration": {"10.0.1.28": 2442.6841}}, "TFT: Teamfight Tactics": {"localIpCount": 1, "localIpFrequency": {"10.0.1.25": 1}, "localIpTotalDuration": 6.9987, "localIpDuration": {"10.0.1.25": 6.9987}}, "League of Legends: Wild Rift": {"localIpCount": 1, "localIpFrequency": {"10.0.1.38": 1}, "localIpTotalDuration": 48.9942, "localIpDuration": {"10.0.1.38": 48.9942}}, "Minecraft": {"localIpCount": 1, "localIpFrequency": {"10.0.1.28": 1}, "localIpTotalDuration": 279.9969, "localIpDuration": {"10.0.1.28": 279.9969}}, "Roblox": {"localIpCount": 6, "localIpFrequency": {"10.0.0.197": 26, "10.0.0.196": 2, "10.0.1.25": 3, "10.0.1.15": 57, "10.0.0.4": 2, "10.0.0.22": 2}, "localIpTotalDuration": 163978.9786, "localIpDuration": {"10.0.0.197": 45899.54700000001, "10.0.0.196": 3241.0046, "10.0.1.25": 5298.0646, "10.0.1.15": 102345.82789999999, "10.0.0.4": 3597.2514, "10.0.0.22": 3597.2830999999996}}}