{"Genshin Impact": {"localIpCount": 2, "localIpFrequency": {"10.0.0.55": 10, "10.0.0.147": 2}, "localIpTotalDuration": 15523.979599999999, "localIpDuration": {"10.0.0.55": 13087.15, "10.0.0.147": 2436.8296}}, "Roblox": {"localIpCount": 11, "localIpFrequency": {"10.0.0.55": 24, "10.0.0.86": 32, "10.0.0.140": 3, "10.0.0.67": 1, "10.0.0.118": 3, "10.0.0.150": 1, "10.0.0.151": 1, "10.0.0.153": 3, "10.0.0.154": 1, "10.0.0.81": 1, "10.0.0.165": 2}, "localIpTotalDuration": 112478.68099999998, "localIpDuration": {"10.0.0.55": 40841.540100000006, "10.0.0.86": 51559.4159, "10.0.0.140": 1384.3517, "10.0.0.67": 30.0493, "10.0.0.118": 5063.9075, "10.0.0.150": 1799.0026, "10.0.0.151": 242.9996, "10.0.0.153": 5396.4693, "10.0.0.154": 763.9322, "10.0.0.81": 1797.2181, "10.0.0.165": 3599.7947}}, "Roblox (Adopt Me!)": {"localIpCount": 10, "localIpFrequency": {"10.0.0.86": 23, "10.0.0.55": 21, "10.0.0.140": 1, "10.0.0.144": 1, "10.0.0.118": 2, "10.0.0.153": 2, "10.0.0.154": 1, "10.0.0.81": 1, "10.0.0.164": 1, "10.0.0.165": 1}, "localIpTotalDuration": 70429.10430000002, "localIpDuration": {"10.0.0.86": 27578.833700000007, "10.0.0.55": 32894.596399999995, "10.0.0.140": 78.0535, "10.0.0.144": 1721.1028, "10.0.0.118": 1833.3077, "10.0.0.153": 3441.3918, "10.0.0.154": 742.2496, "10.0.0.81": 1761.1999, "10.0.0.164": 28.3035, "10.0.0.165": 350.0654}}}