{"Genshin Impact": {"localIpCount": 1, "localIpFrequency": {"10.0.0.55": 2}, "localIpTotalDuration": 1710.9502, "localIpDuration": {"10.0.0.55": 1710.9502}}, "Roblox": {"localIpCount": 11, "localIpFrequency": {"10.0.0.86": 8, "10.0.0.176": 4, "10.0.0.55": 7, "10.0.0.94": 1, "10.0.0.180": 1, "10.0.0.183": 1, "10.0.0.187": 1, "10.0.0.188": 1, "10.0.0.186": 2, "10.0.0.120": 3, "10.0.0.205": 1}, "localIpTotalDuration": 48949.405000000006, "localIpDuration": {"10.0.0.86": 13118.3541, "10.0.0.176": 7189.153200000001, "10.0.0.55": 12585.4123, "10.0.0.94": 1465.2808, "10.0.0.180": 1705.8961, "10.0.0.183": 30.8964, "10.0.0.187": 1794.1002, "10.0.0.188": 1797.005, "10.0.0.186": 3568.8977, "10.0.0.120": 5399.3571, "10.0.0.205": 295.0521}}, "Minecraft": {"localIpCount": 1, "localIpFrequency": {"10.0.0.186": 2}, "localIpTotalDuration": 1167.2541, "localIpDuration": {"10.0.0.186": 1167.2541}}, "Roblox (Adopt Me!)": {"localIpCount": 8, "localIpFrequency": {"10.0.0.86": 9, "10.0.0.176": 3, "10.0.0.55": 6, "10.0.0.180": 1, "10.0.0.185": 1, "10.0.0.188": 1, "10.0.0.192": 1, "10.0.0.205": 1}, "localIpTotalDuration": 24470.4521, "localIpDuration": {"10.0.0.86": 8568.2429, "10.0.0.176": 3713.6449, "10.0.0.55": 8417.5608, "10.0.0.180": 150.2521, "10.0.0.185": 1674.8202, "10.0.0.188": 339.9994, "10.0.0.192": 1585.8303, "10.0.0.205": 20.1015}}}