{"League of Legends: Wild Rift": {"localIpCount": 1, "localIpFrequency": {"10.0.0.138": 2}, "localIpTotalDuration": 1169.0007999999998, "localIpDuration": {"10.0.0.138": 1169.0007999999998}}, "Roblox": {"localIpCount": 5, "localIpFrequency": {"10.0.0.22": 20, "10.0.0.4": 3, "10.0.0.188": 10, "10.0.0.122": 2, "10.0.0.218": 2}, "localIpTotalDuration": 61262.60609999998, "localIpDuration": {"10.0.0.22": 34128.5219, "10.0.0.4": 5389.7081, "10.0.0.188": 16019.5183, "10.0.0.122": 2127.6376, "10.0.0.218": 3597.2201999999997}}, "Minecraft": {"localIpCount": 1, "localIpFrequency": {"10.0.0.22": 1}, "localIpTotalDuration": 490.0006, "localIpDuration": {"10.0.0.22": 490.0006}}}