{"Roblox (Game)": {"localIpCount": 7, "localIpFrequency": {"10.0.0.171": 35, "10.0.0.77": 1, "10.0.0.186": 3, "10.0.0.188": 5, "10.0.0.190": 1, "10.0.0.50": 1, "10.0.0.124": 1}, "localIpTotalDuration": 52983.039099999995, "localIpDuration": {"10.0.0.171": 39613.00650000001, "10.0.0.77": 98.0035, "10.0.0.186": 4795.0042, "10.0.0.188": 6636.0100999999995, "10.0.0.190": 175.002, "10.0.0.50": 616.0225, "10.0.0.124": 1049.9903}}, "Minecraft": {"localIpCount": 1, "localIpFrequency": {"10.0.0.21": 1}, "localIpTotalDuration": 140.4161, "localIpDuration": {"10.0.0.21": 140.4161}}, "Roblox": {"localIpCount": 10, "localIpFrequency": {"10.0.0.171": 98, "10.0.0.77": 1, "10.0.0.160": 2, "10.0.0.162": 1, "10.0.0.20": 1, "10.0.0.184": 1, "10.0.0.186": 4, "10.0.0.188": 4, "10.0.0.190": 1, "10.0.0.50": 1}, "localIpTotalDuration": 186466.55949999997, "localIpDuration": {"10.0.0.171": 170607.17149999994, "10.0.0.77": 440.9984, "10.0.0.160": 1917.9938, "10.0.0.162": 258.9985, "10.0.0.20": 0.0031, "10.0.0.184": 377.9975, "10.0.0.186": 6221.6567000000005, "10.0.0.188": 5577.7336000000005, "10.0.0.190": 350.0006, "10.0.0.50": 714.0058}}, "FIFA ONLINE 4 M": {"localIpCount": 1, "localIpFrequency": {"10.0.0.160": 1}, "localIpTotalDuration": 189.005, "localIpDuration": {"10.0.0.160": 189.005}}, "League of Legends: Wild Rift": {"localIpCount": 2, "localIpFrequency": {"10.0.0.32": 1, "10.0.0.20": 1}, "localIpTotalDuration": 336.01329999999996, "localIpDuration": {"10.0.0.32": 196.0126, "10.0.0.20": 140.0007}}}