{"League of Legends: Wild Rift": {"localIpCount": 1, "localIpFrequency": {"10.0.8.119": 1}, "localIpTotalDuration": 34.9974, "localIpDuration": {"10.0.8.119": 34.9974}}, "Minecraft": {"localIpCount": 1, "localIpFrequency": {"10.0.8.119": 2}, "localIpTotalDuration": 3535.0011999999997, "localIpDuration": {"10.0.8.119": 3535.0011999999997}}, "Roblox": {"localIpCount": 14, "localIpFrequency": {"10.0.8.105": 1, "10.0.8.114": 1, "10.0.8.117": 3, "10.0.8.118": 1, "10.0.8.119": 3, "10.0.8.122": 1, "10.0.8.124": 1, "10.0.8.127": 1, "10.0.8.128": 1, "10.0.8.129": 2, "10.0.8.132": 1, "10.0.8.137": 2, "10.0.8.148": 1, "10.0.8.153": 5}, "localIpTotalDuration": 31004.70600000001, "localIpDuration": {"10.0.8.105": 1798.3657, "10.0.8.114": 1287.5121, "10.0.8.117": 4304.455, "10.0.8.118": 1791.7171, "10.0.8.119": 5396.0972, "10.0.8.122": 1175.9994, "10.0.8.124": 539.0085, "10.0.8.127": 217.0001, "10.0.8.128": 1798.6338, "10.0.8.129": 1756.5382, "10.0.8.132": 133.0153, "10.0.8.137": 2617.6629000000003, "10.0.8.148": 475.9995, "10.0.8.153": 7712.7011999999995}}}