{"Roblox (Game)": {"localIpCount": 24, "localIpFrequency": {"10.0.0.6": 19, "10.0.0.192": 1, "10.0.0.188": 2, "10.0.0.205": 2, "10.0.0.210": 1, "10.0.0.71": 1, "10.0.0.41": 1, "10.0.0.47": 1, "10.0.0.222": 1, "10.0.0.223": 1, "10.0.0.225": 18, "10.0.0.245": 3, "10.0.0.251": 2, "10.0.1.3": 4, "10.0.1.0": 3, "10.0.1.10": 1, "10.0.1.11": 27, "10.0.1.13": 1, "10.0.1.14": 1, "10.0.0.237": 1, "10.0.1.22": 1, "10.0.1.27": 1, "10.0.1.30": 1, "10.0.0.4": 1}, "localIpTotalDuration": 113881.57589999998, "localIpDuration": {"10.0.0.6": 23330.6364, "10.0.0.192": 97.9982, "10.0.0.188": 1917.5656999999999, "10.0.0.205": 385.006, "10.0.0.210": 21.0056, "10.0.0.71": 1476.6523, "10.0.0.41": 1358.0054, "10.0.0.47": 84.002, "10.0.0.222": 175.0006, "10.0.0.223": 133.0024, "10.0.0.225": 27517.013000000006, "10.0.0.245": 3422.6761, "10.0.0.251": 3514.0015000000003, "10.0.1.3": 5488.0064999999995, "10.0.1.0": 5116.6458999999995, "10.0.1.10": 1694.0012, "10.0.1.11": 35609.348099999996, "10.0.1.13": 181.9982, "10.0.1.14": 154.0012, "10.0.0.237": 1484.0033, "10.0.1.22": 280.0005, "10.0.1.27": 329.0002, "10.0.1.30": 28.0044, "10.0.0.4": 84.0012}}, "Minecraft": {"localIpCount": 2, "localIpFrequency": {"10.0.0.216": 1, "10.0.0.6": 1}, "localIpTotalDuration": 286.9992, "localIpDuration": {"10.0.0.216": 0.0, "10.0.0.6": 286.9992}}, "Roblox": {"localIpCount": 27, "localIpFrequency": {"10.0.0.171": 1, "10.0.0.6": 22, "10.0.0.192": 1, "10.0.0.188": 2, "10.0.0.204": 1, "10.0.0.205": 3, "10.0.0.210": 1, "10.0.0.58": 1, "10.0.0.71": 2, "10.0.0.217": 1, "10.0.0.222": 1, "10.0.0.223": 1, "10.0.0.225": 20, "10.0.0.232": 1, "10.0.0.240": 1, "10.0.0.245": 2, "10.0.0.251": 3, "10.0.1.3": 4, "10.0.0.41": 1, "10.0.1.0": 3, "10.0.1.11": 31, "10.0.1.13": 1, "10.0.1.14": 1, "10.0.1.21": 1, "10.0.1.27": 1, "10.0.1.30": 1, "10.0.0.4": 2}, "localIpTotalDuration": 167778.64660000007, "localIpDuration": {"10.0.0.171": 195.999, "10.0.0.6": 31292.969099999995, "10.0.0.192": 314.9995, "10.0.0.188": 2204.5701, "10.0.0.204": 174.9981, "10.0.0.205": 5354.6642, "10.0.0.210": 175.0002, "10.0.0.58": 419.9985, "10.0.0.71": 2974.2635, "10.0.0.217": 1791.6197, "10.0.0.222": 308.0008, "10.0.0.223": 329.001, "10.0.0.225": 34343.7042, "10.0.0.232": 1798.5984, "10.0.0.240": 1798.6087, "10.0.0.245": 3051.5507, "10.0.0.251": 5389.0756, "10.0.1.3": 6774.4341, "10.0.0.41": 1798.6198, "10.0.1.0": 5396.1796, "10.0.1.11": 55130.1098, "10.0.1.13": 245.0005, "10.0.1.14": 343.0008, "10.0.1.21": 1680.0057, "10.0.1.27": 644.0021, "10.0.1.30": 258.9997, "10.0.0.4": 3590.6732}}, "TFT: Teamfight Tactics": {"localIpCount": 1, "localIpFrequency": {"10.0.1.0": 2}, "localIpTotalDuration": 448.0089, "localIpDuration": {"10.0.1.0": 448.0089}}, "League of Legends: Wild Rift": {"localIpCount": 2, "localIpFrequency": {"10.0.0.116": 1, "10.0.1.0": 2}, "localIpTotalDuration": 728.0007, "localIpDuration": {"10.0.0.116": 349.9998, "10.0.1.0": 378.0009}}}