{"Roblox (Game)": {"localIpCount": 2, "localIpFrequency": {"10.0.0.71": 3, "10.0.0.72": 1}, "localIpTotalDuration": 4731.996099999999, "localIpDuration": {"10.0.0.71": 4605.9968, "10.0.0.72": 125.9993}}, "Roblox": {"localIpCount": 2, "localIpFrequency": {"10.0.0.71": 6, "10.0.0.74": 1}, "localIpTotalDuration": 10337.696399999999, "localIpDuration": {"10.0.0.71": 10183.6945, "10.0.0.74": 154.0019}}, "Minecraft": {"localIpCount": 1, "localIpFrequency": {"10.0.0.21": 1}, "localIpTotalDuration": 1043.0022, "localIpDuration": {"10.0.0.21": 1043.0022}}}