{"Roblox": {"localIpCount": 10, "localIpFrequency": {"10.0.6.92": 26, "10.0.6.82": 2, "10.0.6.122": 4, "10.0.6.124": 12, "10.0.6.126": 16, "10.0.6.128": 2, "10.0.6.135": 2, "10.0.6.141": 2, "10.0.6.143": 8, "10.0.6.129": 6}, "localIpTotalDuration": 134174.80519999997, "localIpDuration": {"10.0.6.92": 45831.6614, "10.0.6.82": 3598.0022, "10.0.6.122": 4857.4748, "10.0.6.124": 21543.725799999997, "10.0.6.126": 28275.741599999994, "10.0.6.128": 3597.4692, "10.0.6.135": 3598.0024, "10.0.6.141": 3206.0006, "10.0.6.143": 12625.377400000001, "10.0.6.129": 7041.349800000001}}, "TFT: Teamfight Tactics": {"localIpCount": 1, "localIpFrequency": {"10.0.6.132": 2}, "localIpTotalDuration": 1596.0008, "localIpDuration": {"10.0.6.132": 1596.0008}}}