{"League of Legends: Wild Rift": {"localIpCount": 2, "localIpFrequency": {"10.0.4.37": 1, "10.0.4.43": 1}, "localIpTotalDuration": 91.00110000000001, "localIpDuration": {"10.0.4.37": 0.0001, "10.0.4.43": 91.001}}, "Minecraft": {"localIpCount": 1, "localIpFrequency": {"10.0.3.234": 1}, "localIpTotalDuration": 13.997, "localIpDuration": {"10.0.3.234": 13.997}}, "TFT: Teamfight Tactics": {"localIpCount": 2, "localIpFrequency": {"10.0.3.246": 1, "10.0.4.37": 1}, "localIpTotalDuration": 272.998, "localIpDuration": {"10.0.3.246": 90.9997, "10.0.4.37": 181.9983}}, "Roblox": {"localIpCount": 14, "localIpFrequency": {"10.0.3.206": 15, "10.0.3.243": 3, "10.0.3.244": 8, "10.0.3.250": 1, "10.0.3.252": 1, "10.0.3.253": 3, "10.0.4.1": 1, "10.0.4.6": 3, "10.0.4.7": 3, "10.0.4.14": 2, "10.0.4.38": 1, "10.0.4.39": 1, "10.0.4.41": 2, "10.0.4.47": 1}, "localIpTotalDuration": 70956.18139999999, "localIpDuration": {"10.0.3.206": 25013.641700000004, "10.0.3.243": 2617.7527999999998, "10.0.3.244": 13998.8063, "10.0.3.250": 1329.7391, "10.0.3.252": 1799.0015, "10.0.3.253": 4059.1059999999998, "10.0.4.1": 1792.0002, "10.0.4.6": 5263.031300000001, "10.0.4.7": 5396.3741, "10.0.4.14": 3296.0455, "10.0.4.38": 1582.0013, "10.0.4.39": 1574.9992, "10.0.4.41": 2869.6804, "10.0.4.47": 364.002}}}