{"Minecraft": {"localIpCount": 4, "localIpFrequency": {"10.0.11.148": 1, "10.0.11.168": 1, "10.0.11.220": 1, "10.0.12.45": 1}, "localIpTotalDuration": 1120.009, "localIpDuration": {"10.0.11.148": 224.0014, "10.0.11.168": 140.0017, "10.0.11.220": 602.0011, "10.0.12.45": 154.0048}}, "Roblox": {"localIpCount": 35, "localIpFrequency": {"10.0.11.136": 2, "10.0.11.148": 4, "10.0.11.149": 7, "10.0.11.151": 1, "10.0.11.153": 6, "10.0.11.166": 4, "10.0.11.167": 1, "10.0.11.168": 1, "10.0.11.174": 2, "10.0.11.175": 5, "10.0.11.182": 13, "10.0.11.187": 4, "10.0.11.190": 1, "10.0.11.192": 4, "10.0.11.195": 6, "10.0.11.211": 1, "10.0.11.214": 2, "10.0.11.216": 9, "10.0.11.222": 3, "10.0.11.226": 6, "10.0.11.232": 1, "10.0.11.233": 1, "10.0.11.235": 1, "10.0.11.240": 4, "10.0.11.246": 1, "10.0.11.248": 2, "10.0.11.247": 8, "10.0.11.252": 4, "10.0.12.11": 10, "10.0.12.14": 6, "10.0.12.17": 3, "10.0.12.19": 1, "10.0.12.32": 2, "10.0.12.36": 4, "10.0.12.46": 2}, "localIpTotalDuration": 190621.39380000005, "localIpDuration": {"10.0.11.136": 2169.9997000000003, "10.0.11.148": 5963.7095, "10.0.11.149": 9288.703300000001, "10.0.11.151": 188.9996, "10.0.11.153": 7271.1508, "10.0.11.166": 5803.0003, "10.0.11.167": 147.0, "10.0.11.168": 209.7177, "10.0.11.174": 3591.0016, "10.0.11.175": 8979.4246, "10.0.11.182": 23214.3632, "10.0.11.187": 6047.39, "10.0.11.190": 1476.9998, "10.0.11.192": 3413.8595000000005, "10.0.11.195": 10148.6857, "10.0.11.211": 623.0009, "10.0.11.214": 413.0046, "10.0.11.216": 14657.072700000002, "10.0.11.222": 5395.7497, "10.0.11.226": 10337.788, "10.0.11.232": 413.0007, "10.0.11.233": 273.0003, "10.0.11.235": 0.0, "10.0.11.240": 4899.688399999999, "10.0.11.246": 1799.0024, "10.0.11.248": 3590.3364, "10.0.11.247": 14200.9462, "10.0.11.252": 7146.055700000001, "10.0.12.11": 16379.359799999998, "10.0.12.14": 7398.324200000001, "10.0.12.17": 3800.6444, "10.0.12.19": 146.998, "10.0.12.32": 1966.6617999999999, "10.0.12.36": 6600.529799999999, "10.0.12.46": 2666.2245}}, "League of Legends: Wild Rift": {"localIpCount": 8, "localIpFrequency": {"10.0.11.159": 3, "10.0.11.179": 1, "10.0.11.197": 3, "10.0.11.213": 6, "10.0.11.241": 1, "10.0.12.2": 2, "10.0.12.5": 1, "10.0.12.31": 1}, "localIpTotalDuration": 13741.024499999996, "localIpDuration": {"10.0.11.159": 2653.0027, "10.0.11.179": 182.0004, "10.0.11.197": 2590.0071, "10.0.11.213": 5915.0064999999995, "10.0.11.241": 133.0045, "10.0.12.2": 1967.0010000000002, "10.0.12.5": 49.0024, "10.0.12.31": 251.9999}}, "Asphalt 9: Legends": {"localIpCount": 3, "localIpFrequency": {"10.0.11.193": 2, "10.0.11.219": 1, "10.0.11.241": 1}, "localIpTotalDuration": 4311.3730000000005, "localIpDuration": {"10.0.11.193": 2687.3715, "10.0.11.219": 55.9985, "10.0.11.241": 1568.003}}}