{"League of Legends: Wild Rift": {"localIpCount": 2, "localIpFrequency": {"10.0.6.197": 2, "10.0.6.213": 2}, "localIpTotalDuration": 1890.0008, "localIpDuration": {"10.0.6.197": 1273.9916, "10.0.6.213": 616.0092}}, "Minecraft": {"localIpCount": 1, "localIpFrequency": {"10.0.7.39": 4}, "localIpTotalDuration": 4297.1512, "localIpDuration": {"10.0.7.39": 4297.1512}}, "TFT: Teamfight Tactics": {"localIpCount": 1, "localIpFrequency": {"10.0.6.132": 2}, "localIpTotalDuration": 1596.0008, "localIpDuration": {"10.0.6.132": 1596.0008}}, "Roblox": {"localIpCount": 37, "localIpFrequency": {"10.0.6.92": 26, "10.0.6.82": 2, "10.0.6.122": 4, "10.0.6.124": 12, "10.0.6.126": 16, "10.0.6.128": 2, "10.0.6.135": 2, "10.0.6.141": 2, "10.0.6.143": 8, "10.0.6.129": 6, "10.0.6.163": 6, "10.0.6.166": 2, "10.0.6.168": 4, "10.0.6.172": 14, "10.0.6.190": 4, "10.0.6.193": 4, "10.0.6.209": 8, "10.0.6.215": 2, "10.0.6.216": 6, "10.0.6.222": 2, "10.0.6.233": 4, "10.0.6.234": 4, "10.0.6.239": 6, "10.0.6.245": 2, "10.0.6.247": 4, "10.0.7.4": 2, "10.0.7.5": 10, "10.0.7.6": 2, "10.0.7.9": 6, "10.0.7.11": 2, "10.0.7.14": 2, "10.0.7.23": 14, "10.0.7.25": 12, "10.0.7.30": 4, "10.0.7.37": 2, "10.0.7.35": 4, "10.0.7.40": 2}, "localIpTotalDuration": 342870.56539999985, "localIpDuration": {"10.0.6.92": 45831.6614, "10.0.6.82": 3598.0022, "10.0.6.122": 4857.4748, "10.0.6.124": 21543.725799999997, "10.0.6.126": 28275.741599999994, "10.0.6.128": 3597.4692, "10.0.6.135": 3598.0024, "10.0.6.141": 3206.0006, "10.0.6.143": 12625.377400000001, "10.0.6.129": 7041.349800000001, "10.0.6.163": 10710.004399999998, "10.0.6.166": 3597.299, "10.0.6.168": 5010.1344, "10.0.6.172": 21627.793199999996, "10.0.6.190": 7195.3354, "10.0.6.193": 3877.3676, "10.0.6.209": 14013.423399999998, "10.0.6.215": 350.0086, "10.0.6.216": 6746.4892, "10.0.6.222": 2842.0062, "10.0.6.233": 7196.0001999999995, "10.0.6.234": 6648.2906, "10.0.6.239": 9686.605399999999, "10.0.6.245": 1554.0024, "10.0.6.247": 5879.3226, "10.0.7.4": 3598.0004, "10.0.7.5": 16558.818, "10.0.7.6": 671.3654, "10.0.7.9": 10778.5472, "10.0.7.11": 3598.0062, "10.0.7.14": 3415.3312, "10.0.7.23": 25181.452600000004, "10.0.7.25": 21583.154000000002, "10.0.7.30": 7180.4622, "10.0.7.37": 3598.0018, "10.0.7.35": 4702.54, "10.0.7.40": 895.9986}}}