{"Minecraft": {"localIpCount": 1, "localIpFrequency": {"10.0.0.12": 2}, "localIpTotalDuration": 49.897099999999995, "localIpDuration": {"10.0.0.12": 49.897099999999995}}}