{"League of Legends: Wild Rift": {"localIpCount": 2, "localIpFrequency": {"10.0.0.138": 6, "10.0.0.193": 1}, "localIpTotalDuration": 21.0019, "localIpDuration": {"10.0.0.138": 0.0004, "10.0.0.193": 21.0015}}, "Roblox": {"localIpCount": 13, "localIpFrequency": {"10.0.0.4": 112, "10.0.0.22": 109, "10.0.0.154": 2, "10.0.0.34": 7, "10.0.0.176": 1, "10.0.0.178": 1, "10.0.0.122": 4, "10.0.0.188": 6, "10.0.0.185": 1, "10.0.0.195": 1, "10.0.0.196": 1, "10.0.0.197": 2, "10.0.0.198": 1}, "localIpTotalDuration": 422388.41380000015, "localIpDuration": {"10.0.0.4": 189852.59439999997, "10.0.0.22": 194915.99599999996, "10.0.0.154": 1470.0004000000001, "10.0.0.34": 12038.8166, "10.0.0.176": 161.0018, "10.0.0.178": 1799.002, "10.0.0.122": 6460.2428, "10.0.0.188": 8502.9203, "10.0.0.185": 1798.9997, "10.0.0.195": 273.0001, "10.0.0.196": 1799.0037, "10.0.0.197": 2750.5622000000003, "10.0.0.198": 566.2738}}, "Overwatch 2": {"localIpCount": 1, "localIpFrequency": {"10.0.0.177": 1}, "localIpTotalDuration": 1218.0016, "localIpDuration": {"10.0.0.177": 1218.0016}}, "PUBG Mobile": {"localIpCount": 1, "localIpFrequency": {"10.0.0.156": 2}, "localIpTotalDuration": 770.0022, "localIpDuration": {"10.0.0.156": 770.0022}}}