{"Roblox": {"localIpCount": 39, "localIpFrequency": {"10.0.7.42": 2, "10.0.7.47": 12, "10.0.7.48": 10, "10.0.7.56": 2, "10.0.7.57": 2, "10.0.7.58": 2, "10.0.7.59": 2, "10.0.7.61": 2, "10.0.7.62": 18, "10.0.7.76": 2, "10.0.7.78": 2, "10.0.7.79": 2, "10.0.7.82": 2, "10.0.7.83": 2, "10.0.7.84": 4, "10.0.7.91": 8, "10.0.7.92": 2, "10.0.7.93": 6, "10.0.7.94": 4, "10.0.7.95": 2, "10.0.7.106": 2, "10.0.7.108": 30, "10.0.7.117": 2, "10.0.7.121": 2, "10.0.7.125": 2, "10.0.7.126": 2, "10.0.7.141": 4, "10.0.7.143": 6, "10.0.7.145": 2, "10.0.7.146": 2, "10.0.7.147": 2, "10.0.7.166": 4, "10.0.7.171": 4, "10.0.7.174": 2, "10.0.7.184": 18, "10.0.7.185": 4, "10.0.7.186": 2, "10.0.7.191": 8, "10.0.7.193": 10}, "localIpTotalDuration": 319100.1753999996, "localIpDuration": {"10.0.7.42": 56.0018, "10.0.7.47": 21501.097999999998, "10.0.7.48": 17469.417, "10.0.7.56": 1428.0, "10.0.7.57": 3584.0024, "10.0.7.58": 3597.2918, "10.0.7.59": 3597.33, "10.0.7.61": 3597.1534, "10.0.7.62": 31817.0034, "10.0.7.76": 3094.0018, "10.0.7.78": 3598.0278, "10.0.7.79": 3598.0004, "10.0.7.82": 3597.252, "10.0.7.83": 867.1462, "10.0.7.84": 6845.2476, "10.0.7.91": 12849.913199999999, "10.0.7.92": 3598.0224, "10.0.7.93": 9405.877799999998, "10.0.7.94": 7194.329, "10.0.7.95": 3598.0014, "10.0.7.106": 349.9994, "10.0.7.108": 51940.74139999999, "10.0.7.117": 3597.175, "10.0.7.121": 3595.9634, "10.0.7.125": 3598.0006, "10.0.7.126": 3597.2902, "10.0.7.141": 6230.0194, "10.0.7.143": 10759.2898, "10.0.7.145": 3598.0072, "10.0.7.146": 2923.5578, "10.0.7.147": 657.9994, "10.0.7.166": 7167.0828, "10.0.7.171": 6916.027599999999, "10.0.7.174": 923.0368, "10.0.7.184": 28107.3582, "10.0.7.185": 5893.458, "10.0.7.186": 3598.001, "10.0.7.191": 14348.6836, "10.0.7.193": 16405.3664}}, "Minecraft": {"localIpCount": 3, "localIpFrequency": {"10.0.7.49": 16, "10.0.7.125": 6, "10.0.7.171": 2}, "localIpTotalDuration": 19782.022600000004, "localIpDuration": {"10.0.7.49": 12488.016600000003, "10.0.7.125": 7112.003000000001, "10.0.7.171": 182.003}}, "League of Legends: Wild Rift": {"localIpCount": 3, "localIpFrequency": {"10.0.7.107": 2, "10.0.7.117": 4, "10.0.7.108": 2}, "localIpTotalDuration": 5641.3018, "localIpDuration": {"10.0.7.107": 279.9968, "10.0.7.117": 5109.3076, "10.0.7.108": 251.9974}}}