{"TFT: Teamfight Tactics": {"localIpCount": 1, "localIpFrequency": {"10.0.0.24": 1}, "localIpTotalDuration": 566.998, "localIpDuration": {"10.0.0.24": 566.998}}, "Minecraft": {"localIpCount": 1, "localIpFrequency": {"10.0.0.53": 2}, "localIpTotalDuration": 196.0009, "localIpDuration": {"10.0.0.53": 196.0009}}, "Roblox (Game)": {"localIpCount": 8, "localIpFrequency": {"10.0.0.4": 73, "10.0.0.22": 6, "10.0.0.30": 1, "10.0.0.34": 37, "10.0.0.46": 1, "10.0.0.54": 1, "10.0.0.59": 4, "10.0.0.72": 1}, "localIpTotalDuration": 144604.6685, "localIpDuration": {"10.0.0.4": 75291.40040000004, "10.0.0.22": 5110.0217, "10.0.0.30": 182.0009, "10.0.0.34": 57609.2264, "10.0.0.46": 308.004, "10.0.0.54": 1021.9972, "10.0.0.59": 4914.012699999999, "10.0.0.72": 168.0052}}, "League of Legends: Wild Rift": {"localIpCount": 4, "localIpFrequency": {"10.0.0.13": 1, "10.0.0.24": 1, "10.0.0.48": 1, "10.0.0.37": 1}, "localIpTotalDuration": 2457.0004, "localIpDuration": {"10.0.0.13": 532.0, "10.0.0.24": 28.0004, "10.0.0.48": 476.0002, "10.0.0.37": 1420.9998}}, "Roblox": {"localIpCount": 10, "localIpFrequency": {"10.0.0.4": 132, "10.0.0.25": 1, "10.0.0.22": 32, "10.0.0.30": 1, "10.0.0.32": 1, "10.0.0.34": 37, "10.0.0.46": 1, "10.0.0.59": 4, "10.0.0.72": 1, "10.0.0.20": 1}, "localIpTotalDuration": 351903.2566, "localIpDuration": {"10.0.0.4": 225491.95069999993, "10.0.0.25": 1798.6391, "10.0.0.22": 57531.0534, "10.0.0.30": 209.9999, "10.0.0.32": 13.6364, "10.0.0.34": 59677.228, "10.0.0.46": 497.0065, "10.0.0.59": 6004.7403, "10.0.0.72": 476.0014, "10.0.0.20": 203.0009}}}