{"Among us": {"localIpCount": 1, "localIpFrequency": {"10.0.0.177": 3}, "localIpTotalDuration": 3633.0146999999997, "localIpDuration": {"10.0.0.177": 3633.0146999999997}}, "League of Legends: Wild Rift": {"localIpCount": 3, "localIpFrequency": {"10.0.0.138": 5, "10.0.0.127": 1, "10.0.0.37": 3}, "localIpTotalDuration": 2540.2341, "localIpDuration": {"10.0.0.138": 91.00110000000001, "10.0.0.127": 1294.9952, "10.0.0.37": 1154.2377999999999}}, "Minecraft": {"localIpCount": 3, "localIpFrequency": {"10.0.0.22": 3, "10.0.0.4": 5, "10.0.0.89": 1}, "localIpTotalDuration": 5347.6323, "localIpDuration": {"10.0.0.22": 924.007, "10.0.0.4": 4304.624400000001, "10.0.0.89": 119.0009}}, "Genshin Impact": {"localIpCount": 1, "localIpFrequency": {"10.0.0.226": 3}, "localIpTotalDuration": 336.01210000000003, "localIpDuration": {"10.0.0.226": 336.01210000000003}}, "TFT: Teamfight Tactics": {"localIpCount": 1, "localIpFrequency": {"10.0.0.213": 1}, "localIpTotalDuration": 440.9952, "localIpDuration": {"10.0.0.213": 440.9952}}, "PUBG Mobile": {"localIpCount": 1, "localIpFrequency": {"10.0.0.250": 1}, "localIpTotalDuration": 454.9859, "localIpDuration": {"10.0.0.250": 454.9859}}, "Overwatch 2": {"localIpCount": 1, "localIpFrequency": {"10.0.1.12": 2}, "localIpTotalDuration": 280.0047, "localIpDuration": {"10.0.1.12": 280.0047}}, "Roblox": {"localIpCount": 18, "localIpFrequency": {"10.0.0.245": 1, "10.0.0.22": 65, "10.0.0.4": 8, "10.0.0.226": 8, "10.0.1.6": 1, "10.0.1.8": 1, "10.0.1.9": 2, "10.0.0.254": 2, "10.0.1.13": 1, "10.0.1.14": 1, "10.0.1.15": 8, "10.0.1.17": 1, "10.0.1.20": 1, "10.0.0.138": 1, "10.0.0.117": 1, "10.0.1.25": 9, "10.0.0.122": 1, "10.0.0.197": 3}, "localIpTotalDuration": 173513.05309999993, "localIpDuration": {"10.0.0.245": 1799.0019, "10.0.0.22": 112962.60189999997, "10.0.0.4": 10806.562999999998, "10.0.0.226": 7048.666499999999, "10.0.1.6": 370.9993, "10.0.1.8": 175.0016, "10.0.1.9": 2239.9982, "10.0.0.254": 2057.9956, "10.0.1.13": 147.0002, "10.0.1.14": 147.0002, "10.0.1.15": 11023.5804, "10.0.1.17": 1799.0135, "10.0.1.20": 455.002, "10.0.0.138": 539.0046, "10.0.0.117": 112.0007, "10.0.1.25": 16167.4268, "10.0.0.122": 265.9993, "10.0.0.197": 5396.1974}}}