{"Genshin Impact": {"localIpCount": 1, "localIpFrequency": {"10.0.8.208": 1}, "localIpTotalDuration": 287.0015, "localIpDuration": {"10.0.8.208": 287.0015}}, "Roblox": {"localIpCount": 43, "localIpFrequency": {"10.0.8.105": 1, "10.0.8.114": 1, "10.0.8.117": 3, "10.0.8.118": 1, "10.0.8.119": 3, "10.0.8.122": 1, "10.0.8.124": 1, "10.0.8.127": 1, "10.0.8.128": 1, "10.0.8.129": 2, "10.0.8.132": 1, "10.0.8.137": 2, "10.0.8.148": 1, "10.0.8.153": 6, "10.0.8.166": 1, "10.0.8.167": 7, "10.0.8.168": 4, "10.0.8.174": 1, "10.0.8.179": 1, "10.0.8.191": 8, "10.0.8.194": 1, "10.0.8.196": 1, "10.0.8.210": 7, "10.0.8.212": 1, "10.0.8.215": 1, "10.0.8.217": 1, "10.0.8.228": 1, "10.0.8.229": 1, "10.0.8.230": 2, "10.0.8.231": 1, "10.0.8.234": 1, "10.0.8.236": 1, "10.0.8.237": 8, "10.0.8.249": 1, "10.0.8.251": 1, "10.0.8.252": 1, "10.0.8.253": 3, "10.0.8.255": 2, "10.0.9.0": 2, "10.0.9.1": 4, "10.0.9.4": 2, "10.0.9.5": 1, "10.0.9.6": 2}, "localIpTotalDuration": 129024.15879999998, "localIpDuration": {"10.0.8.105": 1798.3657, "10.0.8.114": 1287.5121, "10.0.8.117": 4304.455, "10.0.8.118": 1791.7171, "10.0.8.119": 5396.0972, "10.0.8.122": 1175.9994, "10.0.8.124": 539.0085, "10.0.8.127": 217.0001, "10.0.8.128": 1798.6338, "10.0.8.129": 1756.5382, "10.0.8.132": 133.0153, "10.0.8.137": 2617.6629000000003, "10.0.8.148": 475.9995, "10.0.8.153": 9420.702299999999, "10.0.8.166": 699.9998, "10.0.8.167": 10099.7137, "10.0.8.168": 4989.2984, "10.0.8.174": 1358.0017, "10.0.8.179": 734.9988, "10.0.8.191": 13214.365500000002, "10.0.8.194": 377.9993, "10.0.8.196": 371.0001, "10.0.8.210": 8658.476700000001, "10.0.8.212": 1589.0009, "10.0.8.215": 1799.0037, "10.0.8.217": 1616.6733, "10.0.8.228": 216.9996, "10.0.8.229": 385.0006, "10.0.8.230": 3590.6052, "10.0.8.231": 1798.6937, "10.0.8.234": 622.4346, "10.0.8.236": 1799.0001, "10.0.8.237": 13548.3805, "10.0.8.249": 0.0001, "10.0.8.251": 588.0002, "10.0.8.252": 1798.7468, "10.0.8.253": 3345.4152999999997, "10.0.8.255": 3597.6892, "10.0.9.0": 3513.7025, "10.0.9.1": 7012.6083, "10.0.9.4": 3590.029, "10.0.9.5": 1798.4193, "10.0.9.6": 3597.1948}}, "Minecraft": {"localIpCount": 1, "localIpFrequency": {"10.0.8.119": 2}, "localIpTotalDuration": 3535.0011999999997, "localIpDuration": {"10.0.8.119": 3535.0011999999997}}, "League of Legends: Wild Rift": {"localIpCount": 6, "localIpFrequency": {"10.0.8.119": 1, "10.0.8.199": 1, "10.0.8.193": 1, "10.0.8.215": 2, "10.0.8.210": 1, "10.0.8.232": 1}, "localIpTotalDuration": 3780.0082, "localIpDuration": {"10.0.8.119": 34.9974, "10.0.8.199": 0.0019, "10.0.8.193": 287.0021, "10.0.8.215": 2884.0035, "10.0.8.210": 511.0019, "10.0.8.232": 63.0014}}, "FIFA ONLINE 4 M": {"localIpCount": 1, "localIpFrequency": {"10.0.8.237": 1}, "localIpTotalDuration": 273.0013, "localIpDuration": {"10.0.8.237": 273.0013}}}