{"Cookie Run: Kingdom": {"localIpCount": 1, "localIpFrequency": {"10.0.16.130": 1}, "localIpTotalDuration": 413.0026, "localIpDuration": {"10.0.16.130": 413.0026}}, "League of Legends: Wild Rift": {"localIpCount": 8, "localIpFrequency": {"10.0.16.153": 1, "10.0.16.155": 4, "10.0.16.167": 1, "10.0.16.181": 4, "10.0.16.201": 3, "10.0.16.221": 1, "10.0.16.224": 1, "10.0.16.239": 1}, "localIpTotalDuration": 7182.014000000001, "localIpDuration": {"10.0.16.153": 62.9966, "10.0.16.155": 2492.0187, "10.0.16.167": 930.9985, "10.0.16.181": 1008.0007, "10.0.16.201": 1784.9960999999998, "10.0.16.221": 196.002, "10.0.16.224": 503.9996, "10.0.16.239": 203.0018}}, "Minecraft": {"localIpCount": 2, "localIpFrequency": {"10.0.16.129": 1, "10.0.16.170": 1}, "localIpTotalDuration": 364.0009, "localIpDuration": {"10.0.16.129": 364.0008, "10.0.16.170": 0.0001}}, "\ud0d5\ud0d5\ud2b9\uacf5\ub300": {"localIpCount": 1, "localIpFrequency": {"10.0.16.130": 3}, "localIpTotalDuration": 2093.2705, "localIpDuration": {"10.0.16.130": 2093.2705}}, "Overwatch 2": {"localIpCount": 1, "localIpFrequency": {"10.0.16.156": 1}, "localIpTotalDuration": 1798.997, "localIpDuration": {"10.0.16.156": 1798.997}}, "Roblox": {"localIpCount": 27, "localIpFrequency": {"10.0.16.115": 1, "10.0.16.119": 1, "10.0.16.121": 1, "10.0.16.116": 1, "10.0.16.126": 2, "10.0.16.127": 1, "10.0.16.128": 7, "10.0.16.130": 5, "10.0.16.131": 1, "10.0.16.133": 1, "10.0.16.144": 1, "10.0.16.158": 1, "10.0.16.164": 1, "10.0.16.166": 2, "10.0.16.169": 2, "10.0.16.173": 1, "10.0.16.182": 1, "10.0.16.184": 2, "10.0.16.190": 1, "10.0.16.195": 1, "10.0.16.200": 1, "10.0.16.214": 1, "10.0.16.215": 1, "10.0.16.228": 1, "10.0.16.241": 3, "10.0.16.243": 5, "10.0.16.244": 4}, "localIpTotalDuration": 66494.7754, "localIpDuration": {"10.0.16.115": 1560.9996, "10.0.16.119": 272.9988, "10.0.16.121": 175.0014, "10.0.16.116": 1050.0019, "10.0.16.126": 1505.0006999999998, "10.0.16.127": 776.9999, "10.0.16.128": 11464.2955, "10.0.16.130": 8993.932999999999, "10.0.16.131": 1798.716, "10.0.16.133": 308.0013, "10.0.16.144": 1777.9992, "10.0.16.158": 280.0009, "10.0.16.164": 154.0007, "10.0.16.166": 3275.9996, "10.0.16.169": 3415.6242, "10.0.16.173": 545.9999, "10.0.16.182": 419.9987, "10.0.16.184": 3122.0009, "10.0.16.190": 174.9997, "10.0.16.195": 272.9995, "10.0.16.200": 56.0019, "10.0.16.214": 1799.0035, "10.0.16.215": 1602.5312, "10.0.16.228": 280.0, "10.0.16.241": 5361.7149, "10.0.16.243": 8952.2873, "10.0.16.244": 7097.6651999999995}}, "Brawl Stars": {"localIpCount": 1, "localIpFrequency": {"10.0.16.130": 1}, "localIpTotalDuration": 161.0003, "localIpDuration": {"10.0.16.130": 161.0003}}}