{"Roblox (Game)": {"localIpCount": 13, "localIpFrequency": {"10.0.0.34": 4, "10.0.0.77": 1, "10.0.0.4": 67, "10.0.0.80": 1, "10.0.0.90": 1, "10.0.0.87": 2, "10.0.0.22": 11, "10.0.0.102": 5, "10.0.0.36": 1, "10.0.0.59": 1, "10.0.0.113": 1, "10.0.0.114": 1, "10.0.0.116": 8}, "localIpTotalDuration": 115195.50120000006, "localIpDuration": {"10.0.0.34": 6537.997200000001, "10.0.0.77": 917.0023, "10.0.0.4": 71216.30040000002, "10.0.0.80": 1595.9995, "10.0.0.90": 1743.0009, "10.0.0.87": 2170.0054, "10.0.0.22": 11332.574799999999, "10.0.0.102": 5760.5897, "10.0.0.36": 1351.0026, "10.0.0.59": 133.0023, "10.0.0.113": 168.0042, "10.0.0.114": 167.9985, "10.0.0.116": 12102.023399999998}}, "League of Legends: Wild Rift": {"localIpCount": 2, "localIpFrequency": {"10.0.0.18": 1, "10.0.0.83": 1}, "localIpTotalDuration": 140.0, "localIpDuration": {"10.0.0.18": 139.9999, "10.0.0.83": 0.0001}}, "Overwatch 2": {"localIpCount": 1, "localIpFrequency": {"10.0.0.63": 3}, "localIpTotalDuration": 2848.9948, "localIpDuration": {"10.0.0.63": 2848.9948}}, "FIFA ONLINE 4 M": {"localIpCount": 1, "localIpFrequency": {"10.0.0.78": 1}, "localIpTotalDuration": 132.9986, "localIpDuration": {"10.0.0.78": 132.9986}}, "Roblox": {"localIpCount": 18, "localIpFrequency": {"10.0.0.34": 7, "10.0.0.4": 71, "10.0.0.77": 1, "10.0.0.80": 1, "10.0.0.20": 1, "10.0.0.85": 1, "10.0.0.23": 1, "10.0.0.87": 2, "10.0.0.22": 15, "10.0.0.100": 1, "10.0.0.102": 7, "10.0.0.36": 1, "10.0.0.112": 1, "10.0.0.113": 1, "10.0.0.114": 1, "10.0.0.115": 1, "10.0.0.116": 8, "10.0.0.120": 1}, "localIpTotalDuration": 190907.94100000002, "localIpDuration": {"10.0.0.34": 9460.6105, "10.0.0.4": 117332.04179999999, "10.0.0.77": 1218.0004, "10.0.0.80": 1757.0006, "10.0.0.20": 0.0001, "10.0.0.85": 167.9999, "10.0.0.23": 1798.9991, "10.0.0.87": 3078.5272, "10.0.0.22": 25593.1333, "10.0.0.100": 1568.0011, "10.0.0.102": 9139.92, "10.0.0.36": 1434.9963, "10.0.0.112": 1386.0139, "10.0.0.113": 693.0016, "10.0.0.114": 189.0003, "10.0.0.115": 1190.0005, "10.0.0.116": 13101.6915, "10.0.0.120": 1799.0029}}}