{"Goddess of Victory: Nikke": {"localIpCount": 1, "localIpFrequency": {"10.0.5.99": 4}, "localIpTotalDuration": 4311.2931, "localIpDuration": {"10.0.5.99": 4311.2931}}, "Roblox": {"localIpCount": 36, "localIpFrequency": {"10.0.4.176": 5, "10.0.4.191": 1, "10.0.4.192": 5, "10.0.4.198": 1, "10.0.4.201": 3, "10.0.4.205": 5, "10.0.4.219": 1, "10.0.4.222": 1, "10.0.4.226": 1, "10.0.4.227": 3, "10.0.4.245": 3, "10.0.4.246": 3, "10.0.4.249": 1, "10.0.4.251": 1, "10.0.5.8": 1, "10.0.5.12": 2, "10.0.5.18": 1, "10.0.5.20": 1, "10.0.5.42": 1, "10.0.5.43": 3, "10.0.5.48": 2, "10.0.5.72": 1, "10.0.5.75": 8, "10.0.5.76": 2, "10.0.5.78": 3, "10.0.5.85": 1, "10.0.5.87": 1, "10.0.5.91": 1, "10.0.5.99": 9, "10.0.5.106": 1, "10.0.5.110": 1, "10.0.5.112": 1, "10.0.5.115": 1, "10.0.5.117": 1, "10.0.5.125": 4, "10.0.5.105": 2}, "localIpTotalDuration": 117178.61179999997, "localIpDuration": {"10.0.4.176": 7398.671899999999, "10.0.4.191": 1799.0004, "10.0.4.192": 7538.3998, "10.0.4.198": 1777.7317, "10.0.4.201": 4969.310100000001, "10.0.4.205": 8720.8248, "10.0.4.219": 322.0002, "10.0.4.222": 1350.9999, "10.0.4.226": 1799.0056, "10.0.4.227": 4045.6346000000003, "10.0.4.245": 2974.7078, "10.0.4.246": 5396.6907, "10.0.4.249": 1799.0097, "10.0.4.251": 762.7104, "10.0.5.8": 1189.9986, "10.0.5.12": 2051.0011999999997, "10.0.5.18": 482.9998, "10.0.5.20": 307.9996, "10.0.5.42": 1785.0006, "10.0.5.43": 4017.7762000000002, "10.0.5.48": 2912.0007, "10.0.5.72": 1799.0022, "10.0.5.75": 14355.8008, "10.0.5.76": 3583.5241, "10.0.5.78": 3471.7535000000003, "10.0.5.85": 154.0, "10.0.5.87": 1463.0002, "10.0.5.91": 210.0008, "10.0.5.99": 13607.0422, "10.0.5.106": 140.0027, "10.0.5.110": 189.0009, "10.0.5.112": 896.002, "10.0.5.115": 1799.0002, "10.0.5.117": 1700.7527, "10.0.5.125": 6824.5109999999995, "10.0.5.105": 3583.7442}}}