{"Roblox (Game)": {"localIpCount": 3, "localIpFrequency": {"10.0.0.6": 1, "10.0.0.192": 1, "10.0.0.188": 2}, "localIpTotalDuration": 2092.5611, "localIpDuration": {"10.0.0.6": 76.9972, "10.0.0.192": 97.9982, "10.0.0.188": 1917.5656999999999}}, "Roblox": {"localIpCount": 4, "localIpFrequency": {"10.0.0.171": 1, "10.0.0.6": 1, "10.0.0.192": 1, "10.0.0.188": 2}, "localIpTotalDuration": 3177.5690000000004, "localIpDuration": {"10.0.0.171": 195.999, "10.0.0.6": 462.0004, "10.0.0.192": 314.9995, "10.0.0.188": 2204.5701}}}