{"Goddess of Victory: Nikke": {"localIpCount": 1, "localIpFrequency": {"10.0.6.82": 2}, "localIpTotalDuration": 1764.0004, "localIpDuration": {"10.0.6.82": 1764.0004}}, "League of Legends: Wild Rift": {"localIpCount": 7, "localIpFrequency": {"10.0.5.141": 1, "10.0.5.241": 1, "10.0.6.2": 1, "10.0.6.15": 1, "10.0.6.12": 1, "10.0.6.0": 1, "10.0.6.95": 2}, "localIpTotalDuration": 2366.0181000000002, "localIpDuration": {"10.0.5.141": 273.0013, "10.0.5.241": 0.0048, "10.0.6.2": 1554.0013, "10.0.6.15": 35.0115, "10.0.6.12": 70.0001, "10.0.6.0": 433.9991, "10.0.6.95": 0.0}}, "PUBG Mobile": {"localIpCount": 1, "localIpFrequency": {"10.0.5.189": 1}, "localIpTotalDuration": 287.0007, "localIpDuration": {"10.0.5.189": 287.0007}}, "TFT: Teamfight Tactics": {"localIpCount": 4, "localIpFrequency": {"10.0.6.13": 1, "10.0.6.19": 1, "10.0.6.6": 1, "10.0.6.14": 1}, "localIpTotalDuration": 6937.0027, "localIpDuration": {"10.0.6.13": 1799.003, "10.0.6.19": 1665.9996, "10.0.6.6": 1729.0005, "10.0.6.14": 1742.9996}}, "Roblox": {"localIpCount": 42, "localIpFrequency": {"10.0.5.132": 1, "10.0.5.133": 1, "10.0.5.138": 1, "10.0.5.143": 1, "10.0.5.144": 2, "10.0.5.146": 1, "10.0.5.148": 7, "10.0.5.150": 1, "10.0.5.158": 1, "10.0.5.173": 1, "10.0.5.175": 1, "10.0.5.177": 1, "10.0.5.178": 5, "10.0.5.190": 1, "10.0.5.194": 1, "10.0.5.211": 1, "10.0.5.212": 1, "10.0.5.214": 1, "10.0.5.217": 3, "10.0.5.218": 1, "10.0.5.228": 1, "10.0.5.231": 4, "10.0.5.237": 2, "10.0.5.242": 1, "10.0.6.2": 4, "10.0.6.23": 1, "10.0.6.25": 1, "10.0.6.27": 3, "10.0.6.29": 4, "10.0.6.32": 1, "10.0.6.38": 2, "10.0.6.69": 2, "10.0.6.73": 4, "10.0.6.61": 8, "10.0.6.82": 26, "10.0.6.83": 2, "10.0.6.85": 8, "10.0.6.88": 4, "10.0.6.90": 8, "10.0.6.92": 6, "10.0.6.95": 2, "10.0.6.103": 2}, "localIpTotalDuration": 195063.5406, "localIpDuration": {"10.0.5.132": 560.0001, "10.0.5.133": 392.0009, "10.0.5.138": 966.0001, "10.0.5.143": 1799.0003, "10.0.5.144": 3338.5086, "10.0.5.146": 188.9997, "10.0.5.148": 10149.4433, "10.0.5.150": 973.0006, "10.0.5.158": 1799.0004, "10.0.5.173": 280.0004, "10.0.5.175": 413.0, "10.0.5.177": 1316.0004, "10.0.5.178": 8993.8536, "10.0.5.190": 202.9998, "10.0.5.194": 174.9993, "10.0.5.211": 1581.9992, "10.0.5.212": 1246.0003, "10.0.5.214": 230.7555, "10.0.5.217": 3612.003, "10.0.5.218": 175.0003, "10.0.5.228": 1294.9998, "10.0.5.231": 6229.4574, "10.0.5.237": 3597.7375, "10.0.5.242": 321.6957, "10.0.6.2": 7187.812500000001, "10.0.6.23": 489.7256, "10.0.6.25": 315.0005, "10.0.6.27": 5375.7251, "10.0.6.29": 6334.1734, "10.0.6.32": 1799.0015, "10.0.6.38": 2582.4606000000003, "10.0.6.69": 1119.9996, "10.0.6.73": 5361.4776, "10.0.6.61": 10456.889, "10.0.6.82": 46644.088, "10.0.6.83": 3597.5128, "10.0.6.85": 14390.374199999998, "10.0.6.88": 7195.4746, "10.0.6.90": 14390.234600000002, "10.0.6.92": 10792.308200000001, "10.0.6.95": 3597.403, "10.0.6.103": 3597.4236}}}