{"Minecraft": {"localIpCount": 3, "localIpFrequency": {"10.0.13.203": 1, "10.0.13.233": 1, "10.0.13.251": 2}, "localIpTotalDuration": 0.0084, "localIpDuration": {"10.0.13.203": 0.0026, "10.0.13.233": 0.0032, "10.0.13.251": 0.0026}}, "Roblox": {"localIpCount": 49, "localIpFrequency": {"10.0.13.140": 1, "10.0.13.149": 2, "10.0.13.150": 1, "10.0.13.151": 1, "10.0.13.154": 3, "10.0.13.157": 1, "10.0.13.161": 2, "10.0.13.166": 9, "10.0.13.168": 1, "10.0.13.179": 10, "10.0.13.185": 7, "10.0.13.199": 3, "10.0.13.201": 1, "10.0.13.203": 8, "10.0.13.207": 5, "10.0.13.209": 1, "10.0.13.210": 1, "10.0.13.211": 1, "10.0.13.216": 1, "10.0.13.218": 1, "10.0.13.219": 3, "10.0.13.221": 19, "10.0.13.227": 1, "10.0.13.233": 6, "10.0.13.235": 1, "10.0.13.231": 1, "10.0.13.240": 1, "10.0.13.243": 11, "10.0.13.247": 1, "10.0.13.250": 2, "10.0.13.251": 14, "10.0.13.255": 7, "10.0.14.3": 1, "10.0.14.17": 1, "10.0.14.23": 1, "10.0.14.14": 2, "10.0.14.30": 2, "10.0.14.31": 5, "10.0.14.35": 19, "10.0.14.46": 6, "10.0.14.49": 1, "10.0.14.56": 10, "10.0.14.64": 1, "10.0.14.66": 1, "10.0.14.68": 3, "10.0.14.69": 14, "10.0.14.74": 1, "10.0.14.76": 2, "10.0.14.84": 1}, "localIpTotalDuration": 326077.6756, "localIpDuration": {"10.0.13.140": 630.0001, "10.0.13.149": 2674.0002, "10.0.13.150": 587.7825, "10.0.13.151": 370.9988, "10.0.13.154": 4578.002, "10.0.13.157": 175.0002, "10.0.13.161": 2995.7118, "10.0.13.166": 15860.7895, "10.0.13.168": 1434.651, "10.0.13.179": 15783.4702, "10.0.13.185": 11883.460299999999, "10.0.13.199": 3709.3937, "10.0.13.201": 497.0003, "10.0.13.203": 14369.9091, "10.0.13.207": 7447.7088, "10.0.13.209": 1798.7119, "10.0.13.210": 1406.7096, "10.0.13.211": 1322.7151, "10.0.13.216": 504.0053, "10.0.13.218": 1792.0031, "10.0.13.219": 4605.7692, "10.0.13.221": 33842.2328, "10.0.13.227": 1756.1409, "10.0.13.233": 10194.976299999998, "10.0.13.235": 1798.7193, "10.0.13.231": 1799.0005, "10.0.13.240": 1799.0004, "10.0.13.243": 19397.008400000002, "10.0.13.247": 1393.0002, "10.0.13.250": 3597.7444, "10.0.13.251": 23650.68, "10.0.13.255": 10764.909000000001, "10.0.14.3": 1784.7745, "10.0.14.17": 1798.703, "10.0.14.23": 1140.9997, "10.0.14.14": 2323.0917, "10.0.14.30": 3577.0005, "10.0.14.31": 8693.5287, "10.0.14.35": 34023.8938, "10.0.14.46": 10791.5334, "10.0.14.49": 1798.3848, "10.0.14.56": 17847.701, "10.0.14.64": 133.0009, "10.0.14.66": 0.0013, "10.0.14.68": 5382.2330999999995, "10.0.14.69": 25168.260199999997, "10.0.14.74": 1798.6988, "10.0.14.76": 3596.8434, "10.0.14.84": 1797.8219}}, "PUBG Mobile": {"localIpCount": 2, "localIpFrequency": {"10.0.14.19": 1, "10.0.14.44": 2}, "localIpTotalDuration": 1924.9971, "localIpDuration": {"10.0.14.19": 469.0004, "10.0.14.44": 1455.9967}}, "TFT: Teamfight Tactics": {"localIpCount": 1, "localIpFrequency": {"10.0.14.63": 1}, "localIpTotalDuration": 573.999, "localIpDuration": {"10.0.14.63": 573.999}}, "FIFA ONLINE 4 M": {"localIpCount": 1, "localIpFrequency": {"10.0.13.140": 1}, "localIpTotalDuration": 398.9949, "localIpDuration": {"10.0.13.140": 398.9949}}, "League of Legends: Wild Rift": {"localIpCount": 8, "localIpFrequency": {"10.0.13.125": 1, "10.0.13.177": 2, "10.0.13.202": 4, "10.0.13.237": 1, "10.0.13.246": 1, "10.0.14.27": 2, "10.0.14.52": 1, "10.0.14.63": 1}, "localIpTotalDuration": 5068.018300000001, "localIpDuration": {"10.0.13.125": 938.0003, "10.0.13.177": 301.0041, "10.0.13.202": 1813.0136, "10.0.13.237": 594.9997, "10.0.13.246": 510.999, "10.0.14.27": 854.0007999999999, "10.0.14.52": 42.0008, "10.0.14.63": 14.0}}}