{"PUBG Mobile": {"localIpCount": 1, "localIpFrequency": {"10.0.0.61": 1}, "localIpTotalDuration": 343.0008, "localIpDuration": {"10.0.0.61": 343.0008}}, "Roblox (Game)": {"localIpCount": 2, "localIpFrequency": {"10.0.0.82": 1, "10.0.0.65": 5}, "localIpTotalDuration": 2400.9985, "localIpDuration": {"10.0.0.82": 238.0086, "10.0.0.65": 2162.9899}}, "Roblox": {"localIpCount": 7, "localIpFrequency": {"10.0.0.76": 1, "10.0.0.56": 2, "10.0.0.78": 1, "10.0.0.82": 2, "10.0.0.66": 2, "10.0.0.34": 1, "10.0.0.65": 5}, "localIpTotalDuration": 9967.450499999999, "localIpDuration": {"10.0.0.76": 560.0037, "10.0.0.56": 980.0729, "10.0.0.78": 160.9988, "10.0.0.82": 1127.0051, "10.0.0.66": 2387.0022, "10.0.0.34": 0.0006, "10.0.0.65": 4752.367200000001}}, "Minecraft": {"localIpCount": 1, "localIpFrequency": {"10.0.0.77": 2}, "localIpTotalDuration": 468.99289999999996, "localIpDuration": {"10.0.0.77": 468.99289999999996}}}