{"Brawl Stars": {"localIpCount": 1, "localIpFrequency": {"10.0.16.130": 1}, "localIpTotalDuration": 161.0003, "localIpDuration": {"10.0.16.130": 161.0003}}, "Roblox": {"localIpCount": 15, "localIpFrequency": {"10.0.16.115": 1, "10.0.16.119": 1, "10.0.16.121": 1, "10.0.16.116": 1, "10.0.16.126": 2, "10.0.16.127": 1, "10.0.16.128": 7, "10.0.16.130": 5, "10.0.16.131": 1, "10.0.16.133": 1, "10.0.16.144": 1, "10.0.16.158": 1, "10.0.16.164": 1, "10.0.16.166": 2, "10.0.16.169": 1}, "localIpTotalDuration": 35192.9583, "localIpDuration": {"10.0.16.115": 1560.9996, "10.0.16.119": 272.9988, "10.0.16.121": 175.0014, "10.0.16.116": 1050.0019, "10.0.16.126": 1505.0006999999998, "10.0.16.127": 776.9999, "10.0.16.128": 11464.2955, "10.0.16.130": 8993.932999999999, "10.0.16.131": 1798.716, "10.0.16.133": 308.0013, "10.0.16.144": 1777.9992, "10.0.16.158": 280.0009, "10.0.16.164": 154.0007, "10.0.16.166": 3275.9996, "10.0.16.169": 1799.0098}}, "Cookie Run: Kingdom": {"localIpCount": 1, "localIpFrequency": {"10.0.16.130": 1}, "localIpTotalDuration": 413.0026, "localIpDuration": {"10.0.16.130": 413.0026}}, "Minecraft": {"localIpCount": 1, "localIpFrequency": {"10.0.16.129": 1}, "localIpTotalDuration": 364.0008, "localIpDuration": {"10.0.16.129": 364.0008}}, "\ud0d5\ud0d5\ud2b9\uacf5\ub300": {"localIpCount": 1, "localIpFrequency": {"10.0.16.130": 3}, "localIpTotalDuration": 2093.2705, "localIpDuration": {"10.0.16.130": 2093.2705}}, "League of Legends: Wild Rift": {"localIpCount": 3, "localIpFrequency": {"10.0.16.153": 1, "10.0.16.155": 3, "10.0.16.167": 1}, "localIpTotalDuration": 1897.0115, "localIpDuration": {"10.0.16.153": 62.9966, "10.0.16.155": 903.0164000000001, "10.0.16.167": 930.9985}}}