{"League of Legends: Wild Rift": {"localIpCount": 4, "localIpFrequency": {"10.0.4.37": 1, "10.0.4.43": 1, "10.0.4.46": 1, "10.0.4.74": 1}, "localIpTotalDuration": 917.0019, "localIpDuration": {"10.0.4.37": 0.0001, "10.0.4.43": 91.001, "10.0.4.46": 797.9999, "10.0.4.74": 28.0009}}, "Minecraft": {"localIpCount": 2, "localIpFrequency": {"10.0.3.234": 1, "10.0.4.167": 1}, "localIpTotalDuration": 153.99669999999998, "localIpDuration": {"10.0.3.234": 13.997, "10.0.4.167": 139.9997}}, "TFT: Teamfight Tactics": {"localIpCount": 2, "localIpFrequency": {"10.0.3.246": 1, "10.0.4.37": 1}, "localIpTotalDuration": 272.998, "localIpDuration": {"10.0.3.246": 90.9997, "10.0.4.37": 181.9983}}, "Roblox": {"localIpCount": 37, "localIpFrequency": {"10.0.3.206": 15, "10.0.3.243": 3, "10.0.3.244": 8, "10.0.3.250": 1, "10.0.3.252": 1, "10.0.3.253": 3, "10.0.4.1": 1, "10.0.4.6": 3, "10.0.4.7": 3, "10.0.4.14": 2, "10.0.4.38": 1, "10.0.4.39": 1, "10.0.4.41": 2, "10.0.4.47": 1, "10.0.4.63": 1, "10.0.4.64": 1, "10.0.4.72": 1, "10.0.4.74": 1, "10.0.4.78": 1, "10.0.4.90": 1, "10.0.4.95": 4, "10.0.4.113": 1, "10.0.4.116": 3, "10.0.4.118": 2, "10.0.4.119": 1, "10.0.4.120": 1, "10.0.4.141": 2, "10.0.4.143": 5, "10.0.4.148": 4, "10.0.4.154": 1, "10.0.4.163": 1, "10.0.4.165": 1, "10.0.4.166": 3, "10.0.4.167": 1, "10.0.4.173": 1, "10.0.4.174": 3, "10.0.4.176": 3}, "localIpTotalDuration": 126308.1765, "localIpDuration": {"10.0.3.206": 25013.641700000004, "10.0.3.243": 2617.7527999999998, "10.0.3.244": 13998.8063, "10.0.3.250": 1329.7391, "10.0.3.252": 1799.0015, "10.0.3.253": 4059.1059999999998, "10.0.4.1": 1792.0002, "10.0.4.6": 5263.031300000001, "10.0.4.7": 5396.3741, "10.0.4.14": 3296.0455, "10.0.4.38": 1582.0013, "10.0.4.39": 1574.9992, "10.0.4.41": 2869.6804, "10.0.4.47": 364.002, "10.0.4.63": 420.002, "10.0.4.64": 370.9994, "10.0.4.72": 405.9993, "10.0.4.74": 259.0004, "10.0.4.78": 125.9998, "10.0.4.90": 20.9968, "10.0.4.95": 7027.709, "10.0.4.113": 1799.0031, "10.0.4.116": 3478.1657999999998, "10.0.4.118": 3416.0044, "10.0.4.119": 1386.0003, "10.0.4.120": 1092.0068, "10.0.4.141": 3597.6684, "10.0.4.143": 5066.990900000001, "10.0.4.148": 7111.3638, "10.0.4.154": 181.9976, "10.0.4.163": 581.0, "10.0.4.165": 1764.0014, "10.0.4.166": 4626.406, "10.0.4.167": 132.9988, "10.0.4.173": 1799.003, "10.0.4.174": 5389.6749, "10.0.4.176": 5299.0032}}}