{"PUBG Mobile": {"localIpCount": 1, "localIpFrequency": {"10.0.11.20": 6}, "localIpTotalDuration": 3162.2621, "localIpDuration": {"10.0.11.20": 3162.2621}}, "Roblox": {"localIpCount": 7, "localIpFrequency": {"10.0.11.21": 2, "10.0.11.24": 1, "10.0.11.25": 5, "10.0.11.17": 2, "10.0.11.36": 1, "10.0.11.38": 1, "10.0.11.39": 1}, "localIpTotalDuration": 15614.4371, "localIpDuration": {"10.0.11.21": 2981.7036, "10.0.11.24": 195.9996, "10.0.11.25": 7754.082800000001, "10.0.11.17": 3597.6521000000002, "10.0.11.36": 363.9995, "10.0.11.38": 174.9995, "10.0.11.39": 546.0}}, "Minecraft": {"localIpCount": 2, "localIpFrequency": {"10.0.11.24": 1, "10.0.11.17": 3}, "localIpTotalDuration": 3540.6883, "localIpDuration": {"10.0.11.24": 21.0011, "10.0.11.17": 3519.6872}}, "League of Legends: Wild Rift": {"localIpCount": 1, "localIpFrequency": {"10.0.11.27": 1}, "localIpTotalDuration": 832.998, "localIpDuration": {"10.0.11.27": 832.998}}}