{"PUBG Mobile": {"localIpCount": 1, "localIpFrequency": {"10.0.0.27": 1}, "localIpTotalDuration": 385.0017, "localIpDuration": {"10.0.0.27": 385.0017}}, "Roblox": {"localIpCount": 3, "localIpFrequency": {"10.0.0.124": 1, "10.0.0.127": 3, "10.0.0.104": 1}, "localIpTotalDuration": 2940.0104, "localIpDuration": {"10.0.0.124": 595.0001, "10.0.0.127": 777.0119000000001, "10.0.0.104": 1567.9984}}, "Call of Duty: Mobile": {"localIpCount": 1, "localIpFrequency": {"10.0.0.127": 1}, "localIpTotalDuration": 1266.9995, "localIpDuration": {"10.0.0.127": 1266.9995}}, "Roblox (Game)": {"localIpCount": 2, "localIpFrequency": {"10.0.0.124": 1, "10.0.0.104": 1}, "localIpTotalDuration": 1001.0196000000001, "localIpDuration": {"10.0.0.124": 398.9998, "10.0.0.104": 602.0198}}, "Minecraft": {"localIpCount": 1, "localIpFrequency": {"10.0.0.127": 1}, "localIpTotalDuration": 140.0054, "localIpDuration": {"10.0.0.127": 140.0054}}}