{"Genshin Impact": {"localIpCount": 1, "localIpFrequency": {"10.0.0.55": 2}, "localIpTotalDuration": 1710.9502, "localIpDuration": {"10.0.0.55": 1710.9502}}, "Roblox": {"localIpCount": 17, "localIpFrequency": {"10.0.0.86": 22, "10.0.0.176": 4, "10.0.0.55": 27, "10.0.0.94": 1, "10.0.0.180": 1, "10.0.0.183": 1, "10.0.0.187": 1, "10.0.0.188": 1, "10.0.0.186": 2, "10.0.0.120": 3, "10.0.0.205": 1, "10.0.0.153": 2, "10.0.0.213": 2, "10.0.0.5": 1, "10.0.0.6": 1, "10.0.0.3": 1, "10.0.0.4": 2}, "localIpTotalDuration": 116831.04940000003, "localIpDuration": {"10.0.0.86": 37611.28630000001, "10.0.0.176": 7189.153200000001, "10.0.0.55": 46600.165700000005, "10.0.0.94": 1465.2808, "10.0.0.180": 1705.8961, "10.0.0.183": 30.8964, "10.0.0.187": 1794.1002, "10.0.0.188": 1797.005, "10.0.0.186": 3568.8977, "10.0.0.120": 5399.3571, "10.0.0.205": 295.0521, "10.0.0.153": 3598.7124, "10.0.0.213": 50.404, "10.0.0.5": 304.9993, "10.0.0.6": 1790.0004, "10.0.0.3": 308.9997, "10.0.0.4": 3320.843}}, "Minecraft": {"localIpCount": 1, "localIpFrequency": {"10.0.0.186": 2}, "localIpTotalDuration": 1167.2541, "localIpDuration": {"10.0.0.186": 1167.2541}}, "Roblox (Adopt Me!)": {"localIpCount": 8, "localIpFrequency": {"10.0.0.86": 9, "10.0.0.176": 3, "10.0.0.55": 6, "10.0.0.180": 1, "10.0.0.185": 1, "10.0.0.188": 1, "10.0.0.192": 1, "10.0.0.205": 1}, "localIpTotalDuration": 24470.4521, "localIpDuration": {"10.0.0.86": 8568.2429, "10.0.0.176": 3713.6449, "10.0.0.55": 8417.5608, "10.0.0.180": 150.2521, "10.0.0.185": 1674.8202, "10.0.0.188": 339.9994, "10.0.0.192": 1585.8303, "10.0.0.205": 20.1015}}, "Roblox (Game)": {"localIpCount": 5, "localIpFrequency": {"10.0.0.86": 10, "10.0.0.55": 14, "10.0.0.153": 2, "10.0.0.6": 1, "10.0.0.4": 1}, "localIpTotalDuration": 40304.542299999994, "localIpDuration": {"10.0.0.86": 10805.368999999999, "10.0.0.55": 23129.002000000004, "10.0.0.153": 3021.1728, "10.0.0.6": 1563.0003, "10.0.0.4": 1785.9982}}}