{"Blue Archive": {"localIpCount": 1, "localIpFrequency": {"10.0.3.45": 1}, "localIpTotalDuration": 356.998, "localIpDuration": {"10.0.3.45": 356.998}}, "League of Legends: Wild Rift": {"localIpCount": 8, "localIpFrequency": {"10.0.3.38": 1, "10.0.3.62": 2, "10.0.3.67": 1, "10.0.3.99": 1, "10.0.3.151": 1, "10.0.3.174": 1, "10.0.3.184": 1, "10.0.3.225": 1}, "localIpTotalDuration": 1351.0059999999999, "localIpDuration": {"10.0.3.38": 146.9997, "10.0.3.62": 798.0019, "10.0.3.67": 147.0025, "10.0.3.99": 70.0016, "10.0.3.151": 35.0017, "10.0.3.174": 153.9985, "10.0.3.184": 0.0, "10.0.3.225": 0.0001}}, "PUBG Mobile": {"localIpCount": 3, "localIpFrequency": {"10.0.3.50": 1, "10.0.3.81": 1, "10.0.3.181": 2}, "localIpTotalDuration": 1841.0066000000002, "localIpDuration": {"10.0.3.50": 518.003, "10.0.3.81": 259.0031, "10.0.3.181": 1064.0005}}, "TFT: Teamfight Tactics": {"localIpCount": 5, "localIpFrequency": {"10.0.3.62": 2, "10.0.3.64": 1, "10.0.3.148": 1, "10.0.3.179": 1, "10.0.3.219": 2}, "localIpTotalDuration": 5361.995500000001, "localIpDuration": {"10.0.3.62": 1736.0011, "10.0.3.64": 1644.9963, "10.0.3.148": 1449.0006, "10.0.3.179": 391.9968, "10.0.3.219": 140.0007}}, "Roblox": {"localIpCount": 43, "localIpFrequency": {"10.0.3.7": 1, "10.0.2.241": 15, "10.0.3.16": 7, "10.0.3.18": 5, "10.0.3.22": 1, "10.0.3.23": 1, "10.0.3.25": 1, "10.0.3.27": 2, "10.0.3.29": 1, "10.0.3.31": 1, "10.0.3.32": 3, "10.0.3.43": 1, "10.0.3.49": 1, "10.0.3.57": 1, "10.0.3.58": 2, "10.0.3.59": 3, "10.0.3.61": 1, "10.0.3.65": 1, "10.0.3.70": 1, "10.0.3.62": 1, "10.0.3.67": 2, "10.0.3.75": 15, "10.0.3.76": 1, "10.0.3.87": 1, "10.0.3.89": 4, "10.0.3.99": 1, "10.0.3.100": 1, "10.0.3.122": 4, "10.0.3.129": 1, "10.0.3.131": 4, "10.0.3.153": 1, "10.0.3.157": 1, "10.0.3.158": 1, "10.0.3.172": 2, "10.0.3.182": 1, "10.0.3.184": 7, "10.0.3.191": 16, "10.0.3.196": 1, "10.0.3.205": 6, "10.0.3.206": 15, "10.0.3.207": 4, "10.0.3.223": 3, "10.0.3.227": 1}, "localIpTotalDuration": 225927.66470000005, "localIpDuration": {"10.0.3.7": 1799.0032, "10.0.2.241": 26897.723, "10.0.3.16": 12081.0071, "10.0.3.18": 6768.1493, "10.0.3.22": 0.0003, "10.0.3.23": 1770.9988, "10.0.3.25": 671.9995, "10.0.3.27": 1553.7386999999999, "10.0.3.29": 1036.0022, "10.0.3.31": 1631.001, "10.0.3.32": 5389.3512, "10.0.3.43": 1652.0004, "10.0.3.49": 1477.0006, "10.0.3.57": 272.999, "10.0.3.58": 2394.0, "10.0.3.59": 5046.7596, "10.0.3.61": 384.9998, "10.0.3.65": 1798.6745, "10.0.3.70": 1799.0004, "10.0.3.62": 1799.0012, "10.0.3.67": 3213.0047999999997, "10.0.3.75": 25140.662599999996, "10.0.3.76": 427.0001, "10.0.3.87": 307.9997, "10.0.3.89": 5599.7083999999995, "10.0.3.99": 574.0009, "10.0.3.100": 1644.9995, "10.0.3.122": 4892.3797, "10.0.3.129": 1322.9998, "10.0.3.131": 6838.3812, "10.0.3.153": 1701.0006, "10.0.3.157": 0.0026, "10.0.3.158": 161.0002, "10.0.3.172": 1931.7630000000001, "10.0.3.182": 1799.003, "10.0.3.184": 12338.7551, "10.0.3.191": 28772.848700000002, "10.0.3.196": 1798.7096, "10.0.3.205": 10764.4531, "10.0.3.206": 26981.52279999999, "10.0.3.207": 6305.9806, "10.0.3.223": 5396.4056, "10.0.3.227": 1791.6733}}}