{"Blue Archive": {"localIpCount": 1, "localIpFrequency": {"10.0.0.27": 1}, "localIpTotalDuration": 1517.9965, "localIpDuration": {"10.0.0.27": 1517.9965}}, "Clash of Clan": {"localIpCount": 2, "localIpFrequency": {"10.0.0.110": 4, "10.0.0.26": 2}, "localIpTotalDuration": 1164.7143999999998, "localIpDuration": {"10.0.0.110": 1135.4560999999999, "10.0.0.26": 29.2583}}, "PUBG Mobile": {"localIpCount": 3, "localIpFrequency": {"10.0.0.81": 5, "10.0.0.23": 1, "10.0.0.39": 2}, "localIpTotalDuration": 5666.5918, "localIpDuration": {"10.0.0.81": 3078.0072, "10.0.0.23": 689.9472, "10.0.0.39": 1898.6374}}, "Ensemble Stars": {"localIpCount": 1, "localIpFrequency": {"10.0.0.24": 1}, "localIpTotalDuration": 1046.9486, "localIpDuration": {"10.0.0.24": 1046.9486}}, "Genshin Impact": {"localIpCount": 7, "localIpFrequency": {"10.0.1.43": 1, "10.0.0.110": 38, "10.0.0.15": 4, "10.0.0.24": 1, "10.0.0.33": 2, "10.0.0.57": 2, "10.0.1.62": 3}, "localIpTotalDuration": 93971.0601, "localIpDuration": {"10.0.1.43": 1732.8994, "10.0.0.110": 73052.5491, "10.0.0.15": 7070.0555, "10.0.0.24": 480.0101, "10.0.0.33": 2108.5355, "10.0.0.57": 3616.009, "10.0.1.62": 5911.001499999999}}, "Clash Royale": {"localIpCount": 1, "localIpFrequency": {"10.0.0.33": 1}, "localIpTotalDuration": 29.9034, "localIpDuration": {"10.0.0.33": 29.9034}}, "Gunship Battle: Crypto Conflict": {"localIpCount": 1, "localIpFrequency": {"10.0.0.193": 1}, "localIpTotalDuration": 1605.6054, "localIpDuration": {"10.0.0.193": 1605.6054}}, "League of Legends: Wild Rift": {"localIpCount": 4, "localIpFrequency": {"10.0.1.64": 3, "10.0.0.9": 14, "10.0.0.29": 1, "10.0.0.20": 1}, "localIpTotalDuration": 27535.270800000002, "localIpDuration": {"10.0.1.64": 3191.9012, "10.0.0.9": 18615.425900000002, "10.0.0.29": 1719.9461, "10.0.0.20": 4007.9976}}, "Modern Combat": {"localIpCount": 1, "localIpFrequency": {"10.0.0.149": 1}, "localIpTotalDuration": 461.7446, "localIpDuration": {"10.0.0.149": 461.7446}}, "Brawl Stars": {"localIpCount": 3, "localIpFrequency": {"10.0.1.57": 1, "10.0.0.26": 7, "10.0.0.78": 1}, "localIpTotalDuration": 11401.8895, "localIpDuration": {"10.0.1.57": 651.0509, "10.0.0.26": 9526.7868, "10.0.0.78": 1224.0518}}, "Pok\u00e9mon GO": {"localIpCount": 1, "localIpFrequency": {"10.0.1.57": 1}, "localIpTotalDuration": 272.4584, "localIpDuration": {"10.0.1.57": 272.4584}}}