{"Clash Royale": {"localIpCount": 3, "localIpFrequency": {"10.0.0.169": 2, "10.0.0.247": 1, "10.0.0.68": 1}, "localIpTotalDuration": 3171.2829, "localIpDuration": {"10.0.0.169": 1728.7912000000001, "10.0.0.247": 1246.0417, "10.0.0.68": 196.45}}, "Mafia42: Mafia Party Game": {"localIpCount": 2, "localIpFrequency": {"10.0.5.29": 1, "10.0.3.145": 3}, "localIpTotalDuration": 1358.0595, "localIpDuration": {"10.0.5.29": 196.1297, "10.0.3.145": 1161.9298000000001}}, "Diablo Immortal": {"localIpCount": 2, "localIpFrequency": {"10.0.2.250": 1, "10.0.8.25": 1}, "localIpTotalDuration": 882.1683999999999, "localIpDuration": {"10.0.2.250": 728.1619, "10.0.8.25": 154.0065}}, "Minecraft": {"localIpCount": 16, "localIpFrequency": {"10.0.2.25": 1, "10.0.1.197": 3, "10.0.0.79": 5, "10.0.1.23": 3, "10.0.7.255": 1, "10.0.0.69": 2, "10.0.4.216": 1, "10.0.7.120": 8, "10.0.4.153": 1, "10.0.2.201": 3, "10.0.0.68": 1, "10.0.7.48": 3, "10.0.2.206": 6, "10.0.1.33": 5, "10.0.0.235": 1, "10.0.5.53": 1}, "localIpTotalDuration": 44713.8183, "localIpDuration": {"10.0.2.25": 301.0665, "10.0.1.197": 308.02060000000006, "10.0.0.79": 1331.8351, "10.0.1.23": 3037.9951, "10.0.7.255": 448.0063, "10.0.0.69": 2610.7795, "10.0.4.216": 763.0087, "10.0.7.120": 9610.246000000001, "10.0.4.153": 1386.0865, "10.0.2.201": 4688.4541, "10.0.0.68": 336.2435, "10.0.7.48": 2680.8379999999997, "10.0.2.206": 6460.391, "10.0.1.33": 8070.913, "10.0.0.235": 1301.0485, "10.0.5.53": 1378.8859}}, "Honkai: Star Rail": {"localIpCount": 1, "localIpFrequency": {"10.0.3.180": 2}, "localIpTotalDuration": 287.3681, "localIpDuration": {"10.0.3.180": 287.3681}}, "Hero Blaze: Three Kingdoms": {"localIpCount": 3, "localIpFrequency": {"10.0.2.211": 1, "10.0.0.13": 1, "10.0.2.96": 1}, "localIpTotalDuration": 2100.0247, "localIpDuration": {"10.0.2.211": 427.0246, "10.0.0.13": 1358.0043, "10.0.2.96": 314.9958}}, "Pok\u00e9mon Unite": {"localIpCount": 2, "localIpFrequency": {"10.0.0.165": 6, "10.0.1.172": 1}, "localIpTotalDuration": 9311.1881, "localIpDuration": {"10.0.0.165": 9002.7231, "10.0.1.172": 308.465}}, "WePlay - Party Game & Chat": {"localIpCount": 6, "localIpFrequency": {"10.0.2.125": 1, "10.0.1.18": 2, "10.0.4.153": 2, "10.0.0.185": 10, "10.0.1.43": 1, "10.0.0.103": 1}, "localIpTotalDuration": 21756.387100000004, "localIpDuration": {"10.0.2.125": 154.052, "10.0.1.18": 435.64, "10.0.4.153": 2478.0532000000003, "10.0.0.185": 17792.5832, "10.0.1.43": 455.0532, "10.0.0.103": 441.0055}}, "Free Fire": {"localIpCount": 1, "localIpFrequency": {"10.0.7.248": 2}, "localIpTotalDuration": 154.0026, "localIpDuration": {"10.0.7.248": 154.0026}}, "Clash of Clan": {"localIpCount": 5, "localIpFrequency": {"10.0.3.7": 6, "10.0.0.15": 4, "10.0.2.158": 1, "10.0.5.10": 1, "10.0.4.46": 2}, "localIpTotalDuration": 5852.4609, "localIpDuration": {"10.0.3.7": 896.6028, "10.0.0.15": 4060.0047, "10.0.2.158": 0.0001, "10.0.5.10": 811.9433, "10.0.4.46": 83.91}}, "Brawl Stars": {"localIpCount": 25, "localIpFrequency": {"10.0.2.191": 4, "10.0.1.185": 3, "10.0.2.244": 1, "10.0.5.12": 1, "10.0.0.165": 1, "10.0.3.109": 2, "10.0.4.149": 4, "10.0.0.188": 4, "10.0.2.88": 4, "10.0.4.236": 2, "10.0.2.50": 2, "10.0.1.192": 1, "10.0.5.14": 1, "10.0.0.193": 1, "10.0.3.25": 2, "10.0.2.201": 3, "10.0.0.185": 1, "10.0.4.216": 3, "10.0.0.163": 1, "10.0.7.91": 1, "10.0.2.45": 1, "10.0.0.31": 1, "10.0.2.185": 1, "10.0.1.233": 1, "10.0.2.206": 2}, "localIpTotalDuration": 60030.60950000002, "localIpDuration": {"10.0.2.191": 5901.0143, "10.0.1.185": 5222.7443, "10.0.2.244": 1273.659, "10.0.5.12": 1722.0086, "10.0.0.165": 1700.9729, "10.0.3.109": 461.59720000000004, "10.0.4.149": 6649.5776000000005, "10.0.0.188": 6509.2898, "10.0.2.88": 3451.054, "10.0.4.236": 1785.0065, "10.0.2.50": 2057.9981, "10.0.1.192": 1791.9952, "10.0.5.14": 1771.1768, "10.0.0.193": 1735.9235, "10.0.3.25": 2583.0431, "10.0.2.201": 2429.064, "10.0.0.185": 1743.2323, "10.0.4.216": 1260.0307, "10.0.0.163": 1791.4103, "10.0.7.91": 167.997, "10.0.2.45": 1448.3915, "10.0.0.31": 1751.0137, "10.0.2.185": 1274.001, "10.0.1.233": 1210.3965, "10.0.2.206": 2338.0116}}, "FIFA Mobile": {"localIpCount": 13, "localIpFrequency": {"10.0.1.187": 1, "10.0.4.139": 1, "10.0.3.215": 3, "10.0.7.244": 1, "10.0.0.220": 6, "10.0.2.37": 1, "10.0.4.46": 2, "10.0.7.91": 2, "10.0.0.66": 2, "10.0.1.27": 1, "10.0.5.25": 2, "10.0.1.133": 1, "10.0.1.252": 1}, "localIpTotalDuration": 29152.705199999997, "localIpDuration": {"10.0.1.187": 1399.7772, "10.0.4.139": 342.9382, "10.0.3.215": 2911.9669000000004, "10.0.7.244": 679.0149, "10.0.0.220": 10511.847600000001, "10.0.2.37": 1623.8238, "10.0.4.46": 2218.2131, "10.0.7.91": 1246.006, "10.0.0.66": 1883.2065, "10.0.1.27": 1750.2061, "10.0.5.25": 2436.3389, "10.0.1.133": 385.0012, "10.0.1.252": 1764.3648}}, "Pok\u00e9mon GO": {"localIpCount": 7, "localIpFrequency": {"10.0.0.244": 1, "10.0.0.55": 1, "10.0.4.175": 2, "10.0.7.110": 1, "10.0.7.244": 7, "10.0.7.91": 2, "10.0.0.188": 1}, "localIpTotalDuration": 14721.3049, "localIpDuration": {"10.0.0.244": 0.0018, "10.0.0.55": 371.0543, "10.0.4.175": 287.5134, "10.0.7.110": 1183.0017, "10.0.7.244": 10618.6754, "10.0.7.91": 1764.0113999999999, "10.0.0.188": 497.0469}}, "Goddess of Victory: Nikke": {"localIpCount": 1, "localIpFrequency": {"10.0.1.221": 1}, "localIpTotalDuration": 266.2517, "localIpDuration": {"10.0.1.221": 266.2517}}, "Zombie High School": {"localIpCount": 7, "localIpFrequency": {"10.0.0.187": 1, "10.0.7.240": 1, "10.0.4.46": 3, "10.0.1.187": 2, "10.0.4.241": 7, "10.0.0.127": 1, "10.0.3.177": 1}, "localIpTotalDuration": 11752.992600000001, "localIpDuration": {"10.0.0.187": 196.0018, "10.0.7.240": 133.0036, "10.0.4.46": 2275.4907, "10.0.1.187": 903.1056, "10.0.4.241": 5046.151999999999, "10.0.0.127": 1701.1343, "10.0.3.177": 1498.1046}}, "The Lord of the Rings: War": {"localIpCount": 1, "localIpFrequency": {"10.0.8.25": 1}, "localIpTotalDuration": 0.0, "localIpDuration": {"10.0.8.25": 0.0}}, "Cookie Run: Kingdom": {"localIpCount": 6, "localIpFrequency": {"10.0.0.193": 1, "10.0.5.1": 1, "10.0.1.187": 1, "10.0.3.252": 1, "10.0.4.229": 3, "10.0.4.149": 1}, "localIpTotalDuration": 6411.534299999999, "localIpDuration": {"10.0.0.193": 1085.0378, "10.0.5.1": 1784.926, "10.0.1.187": 1392.8194, "10.0.3.252": 406.6334, "10.0.4.229": 1735.0394999999999, "10.0.4.149": 7.0782}}, "KartRider Rush+": {"localIpCount": 2, "localIpFrequency": {"10.0.6.130": 1, "10.0.0.151": 4}, "localIpTotalDuration": 2506.2857000000004, "localIpDuration": {"10.0.6.130": 14.0116, "10.0.0.151": 2492.2741}}, "FIFA ONLINE 4 M": {"localIpCount": 9, "localIpFrequency": {"10.0.1.77": 5, "10.0.3.215": 2, "10.0.1.239": 1, "10.0.2.37": 1, "10.0.4.46": 1, "10.0.0.66": 1, "10.0.3.106": 1, "10.0.5.25": 1, "10.0.1.180": 1}, "localIpTotalDuration": 12554.902, "localIpDuration": {"10.0.1.77": 3640.6042, "10.0.3.215": 1966.6671000000001, "10.0.1.239": 1117.1377, "10.0.2.37": 1617.0899, "10.0.4.46": 0.0, "10.0.0.66": 552.86, "10.0.3.106": 1378.9322, "10.0.5.25": 482.9405, "10.0.1.180": 1798.6704}}, "ZEPETO": {"localIpCount": 6, "localIpFrequency": {"10.0.0.222": 1, "10.0.1.221": 13, "10.0.0.100": 1, "10.0.1.239": 2, "10.0.2.108": 1, "10.0.0.10": 1}, "localIpTotalDuration": 22034.5432, "localIpDuration": {"10.0.0.222": 0.0001, "10.0.1.221": 19191.281000000003, "10.0.0.100": 0.0001, "10.0.1.239": 2170.589, "10.0.2.108": 504.6395, "10.0.0.10": 168.0335}}, "Top War: Battle Game": {"localIpCount": 1, "localIpFrequency": {"10.0.1.157": 2}, "localIpTotalDuration": 1351.0114999999998, "localIpDuration": {"10.0.1.157": 1351.0114999999998}}, "Random Dice: Defense": {"localIpCount": 1, "localIpFrequency": {"10.0.0.233": 1}, "localIpTotalDuration": 98.0062, "localIpDuration": {"10.0.0.233": 98.0062}}, "Modern Combat": {"localIpCount": 1, "localIpFrequency": {"10.0.2.108": 1}, "localIpTotalDuration": 119.7531, "localIpDuration": {"10.0.2.108": 119.7531}}, "Odin: Valhalla Rising": {"localIpCount": 1, "localIpFrequency": {"10.0.3.170": 1}, "localIpTotalDuration": 0.0001,