{"Hay Day": {"localIpCount": 1, "localIpFrequency": {"10.0.1.69": 1}, "localIpTotalDuration": 252.0038, "localIpDuration": {"10.0.1.69": 252.0038}}, "Ninja Must Die": {"localIpCount": 1, "localIpFrequency": {"10.0.2.21": 3}, "localIpTotalDuration": 1449.2697, "localIpDuration": {"10.0.2.21": 1449.2697}}, "FIFA ONLINE 4 M": {"localIpCount": 9, "localIpFrequency": {"10.0.6.37": 2, "10.0.0.214": 2, "10.0.2.83": 1, "10.0.0.19": 1, "10.0.2.121": 1, "10.0.2.100": 1, "10.0.0.188": 1, "10.0.0.127": 1, "10.0.2.224": 1}, "localIpTotalDuration": 5130.862700000001, "localIpDuration": {"10.0.6.37": 167.99439999999998, "10.0.0.214": 1581.9693, "10.0.2.83": 0.0, "10.0.0.19": 1239.0776, "10.0.2.121": 608.9252, "10.0.2.100": 720.9601, "10.0.0.188": 0.0, "10.0.0.127": 811.9361, "10.0.2.224": 0.0}}, "Minecraft": {"localIpCount": 7, "localIpFrequency": {"10.0.0.186": 1, "10.0.1.197": 1, "10.0.0.192": 1, "10.0.1.33": 6, "10.0.0.235": 1, "10.0.2.110": 1, "10.0.2.188": 1}, "localIpTotalDuration": 15951.7241, "localIpDuration": {"10.0.0.186": 1183.0286, "10.0.1.197": 97.978, "10.0.0.192": 1267.014, "10.0.1.33": 8657.931, "10.0.0.235": 1785.0264, "10.0.2.110": 1749.8317, "10.0.2.188": 1210.9144}}, "DRAGON BALL LEGENDS": {"localIpCount": 1, "localIpFrequency": {"10.0.1.33": 4}, "localIpTotalDuration": 4199.5598, "localIpDuration": {"10.0.1.33": 4199.5598}}, "Brawl Stars": {"localIpCount": 14, "localIpFrequency": {"10.0.0.199": 3, "10.0.0.188": 4, "10.0.2.106": 3, "10.0.1.185": 1, "10.0.2.166": 2, "10.0.3.109": 5, "10.0.2.21": 4, "10.0.0.193": 4, "10.0.3.75": 2, "10.0.0.185": 3, "10.0.1.217": 1, "10.0.0.206": 1, "10.0.1.233": 1, "10.0.0.115": 1}, "localIpTotalDuration": 47201.07570000001, "localIpDuration": {"10.0.0.199": 3836.0035, "10.0.0.188": 5754.2006, "10.0.2.106": 3528.3606, "10.0.1.185": 721.0324, "10.0.2.166": 3031.1556, "10.0.3.109": 5635.0100999999995, "10.0.2.21": 7048.568499999999, "10.0.0.193": 7069.4016, "10.0.3.75": 322.0062, "10.0.0.185": 4991.2622, "10.0.1.217": 1750.0177, "10.0.0.206": 1736.5095, "10.0.1.233": 1777.5471, "10.0.0.115": 0.0001}}, "Guitar Girl": {"localIpCount": 1, "localIpFrequency": {"10.0.1.221": 5}, "localIpTotalDuration": 4395.9483, "localIpDuration": {"10.0.1.221": 4395.9483}}, "Pok\u00e9mon Unite": {"localIpCount": 1, "localIpFrequency": {"10.0.0.199": 1}, "localIpTotalDuration": 217.0824, "localIpDuration": {"10.0.0.199": 217.0824}}, "TFT: Teamfight Tactics": {"localIpCount": 3, "localIpFrequency": {"10.0.2.23": 6, "10.0.2.189": 10, "10.0.2.242": 3}, "localIpTotalDuration": 18614.6379, "localIpDuration": {"10.0.2.23": 4894.3114, "10.0.2.189": 8960.1341, "10.0.2.242": 4760.1924}}, "MIR4": {"localIpCount": 1, "localIpFrequency": {"10.0.7.7": 4}, "localIpTotalDuration": 4613.0005, "localIpDuration": {"10.0.7.7": 4613.0005}}, "HATSUNE MIKU: COLORFUL STAGE!": {"localIpCount": 2, "localIpFrequency": {"10.0.1.221": 4, "10.0.2.109": 1}, "localIpTotalDuration": 4577.676299999999, "localIpDuration": {"10.0.1.221": 4570.047799999999, "10.0.2.109": 7.6285}}, "KartRider Rush+": {"localIpCount": 4, "localIpFrequency": {"10.0.0.192": 2, "10.0.0.188": 1, "10.0.0.127": 1, "10.0.0.151": 1}, "localIpTotalDuration": 1769.2065, "localIpDuration": {"10.0.0.192": 734.8512999999999, "10.0.0.188": 175.0079, "10.0.0.127": 454.5682, "10.0.0.151": 404.7791}}, "Pok\u00e9mon GO": {"localIpCount": 9, "localIpFrequency": {"10.0.0.192": 1, "10.0.1.155": 3, "10.0.2.175": 2, "10.0.2.95": 1, "10.0.2.181": 1, "10.0.0.171": 4, "10.0.2.224": 5, "10.0.7.58": 1, "10.0.0.115": 2}, "localIpTotalDuration": 27480.1414, "localIpDuration": {"10.0.0.192": 299.9659, "10.0.1.155": 3373.9113, "10.0.2.175": 3080.3321, "10.0.2.95": 1692.2957, "10.0.2.181": 1764.9687, "10.0.0.171": 5439.225200000001, "10.0.2.224": 7055.6556, "10.0.7.58": 1526.0046, "10.0.0.115": 3247.7823}}, "Roll Roll: Dice Heroes": {"localIpCount": 1, "localIpFrequency": {"10.0.0.192": 1}, "localIpTotalDuration": 69.7274, "localIpDuration": {"10.0.0.192": 69.7274}}, "ZEPETO": {"localIpCount": 4, "localIpFrequency": {"10.0.1.221": 9, "10.0.0.56": 2, "10.0.0.205": 1, "10.0.2.206": 9}, "localIpTotalDuration": 24277.7474, "localIpDuration": {"10.0.1.221": 9703.3155, "10.0.0.56": 854.07, "10.0.0.205": 769.9617, "10.0.2.206": 12950.4002}}, "Zombie High School": {"localIpCount": 2, "localIpFrequency": {"10.0.0.127": 1, "10.0.2.182": 1}, "localIpTotalDuration": 1603.1285, "localIpDuration": {"10.0.0.127": 91.0972, "10.0.2.182": 1512.0313}}, "\ud0d5\ud0d5\ud2b9\uacf5\ub300": {"localIpCount": 3, "localIpFrequency": {"10.0.0.192": 2, "10.0.0.165": 1, "10.0.2.130": 1}, "localIpTotalDuration": 3212.8029, "localIpDuration": {"10.0.0.192": 1553.9573, "10.0.0.165": 1119.9584, "10.0.2.130": 538.8872}}, "Roblox": {"localIpCount": 55, "localIpFrequency": {"10.0.6.239": 7, "10.0.1.223": 2, "10.0.2.22": 1, "10.0.0.214": 1, "10.0.0.163": 1, "10.0.2.102": 3, "10.0.0.177": 2, "10.0.2.138": 1, "10.0.2.5": 1, "10.0.0.180": 1, "10.0.2.160": 1, "10.0.1.26": 2, "10.0.1.59": 1, "10.0.1.10": 1, "10.0.2.45": 1, "10.0.2.60": 1, "10.0.6.158": 2, "10.0.0.7": 2, "10.0.0.70": 1, "10.0.0.9": 13, "10.0.0.146": 1, "10.0.2.224": 3, "10.0.0.183": 1, "10.0.1.93": 1, "10.0.2.185": 1, "10.0.6.223": 3, "10.0.0.207": 1, "10.0.7.31": 4, "10.0.4.198": 1, "10.0.0.10": 1, "10.0.4.81": 1, "10.0.0.159": 2, "10.0.1.16": 1, "10.0.6.73": 3, "10.0.2.33": 1, "10.0.2.69": 1, "10.0.0.138": 2, "10.0.0.164": 2, "10.0.7.58": 1, "10.0.1.231": 1, "10.0.0.145": 9, "10.0.0.121": 1, "10.0.0.143": 1, "10.0.1.60": 1, "10.0.0.141": 1, "10.0.0.185": 1, "10.0.0.221": 1, "10.0.0.68": 1, "10.0.0.218": 1, "10.0.0.170": 2, "10.0.2.246": 1, "10.0.2.230": 1, "10.0.2.248": 1, "10.0.0.103": 1, "10.0.2.201": 1}, "localIpTotalDuration": 173381.773, "localIpDuration": {"10.0.6.239": 12583.8269, "10.0.1.223": 3596.9698, "10.0.2.22": 1799.1785, "10.0.0.214": 1798.8863, "10.0.0.163": 1799.5512, "10.0.2.102": 5395.8297, "10.0.0.177": 3596.7618, "10.0.2.138": 1798.6432, "10.0.2.5": 1798.6994, "10.0.0.180": 1798.7384, "10.0.2.160": 1798.6296, "10.0.1.26": 3597.7491, "10.0.1.59": 1798.712, "10.0.1.10": 1798.6932, "10.0.2.45": 1798.6551, "10.0.2.60": 1798.654, "10.0.6.158": 2764.6062, "10.0.0.7": 3596.9809, "10.0.0.70": 1239.0029, "10.0.0.9": 19275.647200000003, "10.0.0.146": 1798.32, "10.0.2.224": 4276.2406, "10.0.0.183": 1798.7103, "10.0.1.93": 1798.7348, "10.0.2.185": 1798.6336, "10.0.6.223": 5375.271000000001, "10.0.0.207": 1799.1647, "10.0.7.31": 7194.609499999999, "10.0.4.198": 1798.6526, "10.0.0.10": 1798.1518, "10.0.4.81": 1798.6366, "10.0.0.159": 3595.8489, "10.0.1.16": 1799.3469, "10.0.6.73": 5395.8776, "10.0.2.33": 1797.6996, "10.0.2.69": 1798.0294, "10.0.0.138": 3597.2705, "10.0.0.164": 3598.4905, "10.0.7.58": 1798.6145, "10.0.1.231": 1797.7225, "10.0.0.145": 16189.3178, "10.0.0.121": 1796.4063, "10.0.0.143": 1799.163, "10.0.1.60": 1798.4002, "10.0.0.141": 1798.9438, "10.0.0.185": 1799.1294, "10.0.0.221": 1798.5822, "10.0.0.68": 1797.9085, "10.0.0.218": 1798.1784, "10.0.0.170": 3597.2646, "10.0.2.246": 1798.4816, "10.0.2.230": 168.0028, "10.0.2.248": 1799.0145, "10.0.0.103": 1800.0, "10.0.2.201": 1794.5386}}, "Random Dice: Defense": {"localIpCount": 2, "localIpFrequency": {"10.0.2.90": 2, "10.0.0.55": 2}, "localIpTotalDuration": 2037.0781, "localIpDuration": {"10.0.2.90": 1792.1142, "10.0.0.55": 244.96390000000002}}, "WePlay - Party Game & Chat": {"localIpCount": 5, "localIpFrequency": {"10.0.0.146": 5, "10.0.4.198": 1, "10.0.0.127": 1, "10.0.0.35": 2, "10.0.2.206": 2}, "localIpTotalDuration": 10874.7238, "localIpDuration": {"10.0.0.146": 7152.791499999999, "10.0.4.198": 441.0049, "10.0.0.127": 594.9917, "10.0.0.35": 2392.7098, "10.0.2.206": 293.2259}}, "FIFA Mobile": {"localIpCount": 13, "localIpFrequency": {"10.0.6.37": 10, "10.0.1.131": 3, "10.0.0.214": 4, "10.0.2.83": 1, "10.0.2.39": 1, "10.0.1.72": 2, "10.0.2.121": 1, "10.0.2.100": 3, "10.0.2.182": 7, "10.0.0.188": 1, "10.0.0.127": 2, "10.0.0.141": 1, "10.0.2.224": 2}, "localIpTotalDuration": 36751.439399999996,