{"DRAGON BALL LEGENDS": {"localIpCount": 1, "localIpFrequency": {"10.0.0.153": 1}, "localIpTotalDuration": 173.2534, "localIpDuration": {"10.0.0.153": 173.2534}}, "MIR4": {"localIpCount": 2, "localIpFrequency": {"10.0.0.48": 4, "10.0.0.4": 4}, "localIpTotalDuration": 186650.43, "localIpDuration": {"10.0.0.48": 35568.106, "10.0.0.4": 151082.324}}, "Roblox (Adopt Me!)": {"localIpCount": 1, "localIpFrequency": {"10.0.0.211": 2}, "localIpTotalDuration": 1369.8156999999999, "localIpDuration": {"10.0.0.211": 1369.8156999999999}}, "PUBG Mobile": {"localIpCount": 18, "localIpFrequency": {"10.0.1.163": 28, "10.0.0.236": 3, "10.0.0.243": 3, "10.0.0.248": 5, "10.0.0.226": 1, "10.0.0.230": 2, "10.0.0.237": 1, "10.0.0.252": 4, "10.0.0.253": 3, "10.0.0.254": 4, "10.0.0.255": 1, "10.0.1.0": 2, "10.0.1.226": 1, "10.0.1.4": 1, "10.0.1.5": 2, "10.0.1.10": 1, "10.0.1.11": 1, "10.0.1.12": 5}, "localIpTotalDuration": 341540.5412, "localIpDuration": {"10.0.1.163": 73248.2702, "10.0.0.236": 3840.1965999999998, "10.0.0.243": 62598.999200000006, "10.0.0.248": 58063.4542, "10.0.0.226": 371.0011, "10.0.0.230": 1471.0527, "10.0.0.237": 1107.0002, "10.0.0.252": 23029.0489, "10.0.0.253": 8775.3328, "10.0.0.254": 9649.563699999999, "10.0.0.255": 9178.5545, "10.0.1.0": 3868.9489, "10.0.1.226": 166.6956, "10.0.1.4": 8607.8977, "10.0.1.5": 65915.4641, "10.0.1.10": 1816.2456, "10.0.1.11": 1948.0001, "10.0.1.12": 7884.8151}}, "Dungeon & Fighter Mobile": {"localIpCount": 2, "localIpFrequency": {"10.0.0.50": 3, "10.0.0.22": 6}, "localIpTotalDuration": 12960.9732, "localIpDuration": {"10.0.0.50": 2285.9964, "10.0.0.22": 10674.9768}}, "Gunship Battle: Crypto Conflict": {"localIpCount": 2, "localIpFrequency": {"10.0.1.194": 2, "10.0.1.169": 14}, "localIpTotalDuration": 33346.90579999999, "localIpDuration": {"10.0.1.194": 1258.0992, "10.0.1.169": 32088.806600000004}}, "FIFA ONLINE 4 M": {"localIpCount": 1, "localIpFrequency": {"10.0.0.86": 1}, "localIpTotalDuration": 360.9491, "localIpDuration": {"10.0.0.86": 360.9491}}, "Pok\u00e9mon GO": {"localIpCount": 2, "localIpFrequency": {"10.0.1.5": 9, "10.0.1.252": 2}, "localIpTotalDuration": 13871.038299999995, "localIpDuration": {"10.0.1.5": 11766.039899999996, "10.0.1.252": 2104.9984000000004}}, "Goddess of Victory: Nikke": {"localIpCount": 1, "localIpFrequency": {"10.0.0.189": 1}, "localIpTotalDuration": 966.7971, "localIpDuration": {"10.0.0.189": 966.7971}}, "Genshin Impact": {"localIpCount": 6, "localIpFrequency": {"10.0.1.62": 21, "10.0.0.230": 37, "10.0.0.57": 58, "10.0.0.183": 3, "10.0.0.189": 1, "10.0.0.244": 10}, "localIpTotalDuration": 402800.6783999999, "localIpDuration": {"10.0.1.62": 141555.38429999998, "10.0.0.230": 144211.50490000003, "10.0.0.57": 94868.73749999997, "10.0.0.183": 5484.5949, "10.0.0.189": 99.0022, "10.0.0.244": 16581.4546}}, "Hero Blaze: Three Kingdoms": {"localIpCount": 2, "localIpFrequency": {"10.0.0.160": 2, "10.0.1.34": 1}, "localIpTotalDuration": 79.11640000000001, "localIpDuration": {"10.0.0.160": 78.65830000000001, "10.0.1.34": 0.4581}}, "Clash of Clan": {"localIpCount": 3, "localIpFrequency": {"10.0.0.230": 5, "10.0.0.132": 6, "10.0.0.244": 1}, "localIpTotalDuration": 1304.9516999999998, "localIpDuration": {"10.0.0.230": 1091.8612, "10.0.0.132": 121.1413, "10.0.0.244": 91.9492}}, "Odin: Valhalla Rising": {"localIpCount": 1, "localIpFrequency": {"10.0.1.110": 5}, "localIpTotalDuration": 294.2135999999999, "localIpDuration": {"10.0.1.110": 294.2135999999999}}, "World of Tanks": {"localIpCount": 1, "localIpFrequency": {"10.0.1.210": 1}, "localIpTotalDuration": 313.1027, "localIpDuration": {"10.0.1.210": 313.1027}}, "League of Legends: Wild Rift": {"localIpCount": 7, "localIpFrequency": {"10.0.0.20": 6, "10.0.1.106": 10, "10.0.0.9": 84, "10.0.1.81": 30, "10.0.0.29": 10, "10.0.0.69": 9, "10.0.0.106": 3}, "localIpTotalDuration": 379666.6942999997, "localIpDuration": {"10.0.0.20": 13736.878499999999, "10.0.1.106": 23938.0164, "10.0.0.9": 257799.10770000005, "10.0.1.81": 51960.643100000016, "10.0.0.29": 17496.555, "10.0.0.69": 13757.322000000002, "10.0.0.106": 978.1716000000001}}, "Roblox": {"localIpCount": 2, "localIpFrequency": {"10.0.0.211": 2, "10.0.1.141": 4}, "localIpTotalDuration": 2388.2569000000008, "localIpDuration": {"10.0.0.211": 2388.2565, "10.0.1.141": 0.0004}}, "Brawl Stars": {"localIpCount": 2, "localIpFrequency": {"10.0.0.132": 8, "10.0.0.78": 16}, "localIpTotalDuration": 58487.0088, "localIpDuration": {"10.0.0.132": 39255.3913, "10.0.0.78": 19231.6175}}}