{"Genshin Impact": {"localIpCount": 9, "localIpFrequency": {"10.0.1.62": 6, "10.0.2.32": 10, "10.0.2.185": 11, "10.0.0.70": 5, "10.0.2.197": 5, "10.0.2.212": 3, "10.0.3.32": 1, "10.0.0.9": 5, "10.0.0.12": 35}, "localIpTotalDuration": 169287.9322999999, "localIpDuration": {"10.0.1.62": 39433.8015, "10.0.2.32": 17182.871600000002, "10.0.2.185": 15026.6909, "10.0.0.70": 12377.8978, "10.0.2.197": 9546.0355, "10.0.2.212": 9080.5657, "10.0.3.32": 1273.9494, "10.0.0.9": 11968.9979, "10.0.0.12": 53397.12199999999}}, "Roblox (Adopt Me!)": {"localIpCount": 8, "localIpFrequency": {"10.0.3.19": 4, "10.0.3.30": 1, "10.0.0.5": 11, "10.0.0.4": 7, "10.0.0.17": 4, "10.0.0.19": 2, "10.0.0.18": 6, "10.0.0.36": 2}, "localIpTotalDuration": 34113.3578, "localIpDuration": {"10.0.3.19": 1746.8258999999998, "10.0.3.30": 1603.9998, "10.0.0.5": 5273.9203, "10.0.0.4": 8891.0822, "10.0.0.17": 5159.0212, "10.0.0.19": 2574.2042, "10.0.0.18": 8794.4034, "10.0.0.36": 69.9008}}, "Clash of Clan": {"localIpCount": 1, "localIpFrequency": {"10.0.1.62": 1}, "localIpTotalDuration": 93.153, "localIpDuration": {"10.0.1.62": 93.153}}, "League of Legends: Wild Rift": {"localIpCount": 4, "localIpFrequency": {"10.0.0.9": 30, "10.0.2.182": 1, "10.0.2.142": 7, "10.0.0.89": 2}, "localIpTotalDuration": 77276.3942, "localIpDuration": {"10.0.0.9": 50995.37070000001, "10.0.2.182": 870.0077, "10.0.2.142": 24867.118200000004, "10.0.0.89": 543.8976}}, "PUBG Mobile": {"localIpCount": 14, "localIpFrequency": {"10.0.0.39": 11, "10.0.1.62": 1, "10.0.0.64": 1, "10.0.2.187": 1, "10.0.0.54": 15, "10.0.1.151": 1, "10.0.1.94": 1, "10.0.3.20": 1, "10.0.1.140": 1, "10.0.0.8": 8, "10.0.0.11": 2, "10.0.0.18": 4, "10.0.0.20": 2, "10.0.0.28": 6}, "localIpTotalDuration": 522875.20230000006, "localIpDuration": {"10.0.0.39": 22746.843899999996, "10.0.1.62": 77.4091, "10.0.0.64": 10.9982, "10.0.2.187": 134.0, "10.0.0.54": 100310.8984, "10.0.1.151": 104721.9491, "10.0.1.94": 951.6266, "10.0.3.20": 194.9508, "10.0.1.140": 1655.9984, "10.0.0.8": 107415.59539999998, "10.0.0.11": 5550.0004, "10.0.0.18": 33508.099799999996, "10.0.0.20": 102148.0014, "10.0.0.28": 43448.830799999996}}, "World of Tanks": {"localIpCount": 1, "localIpFrequency": {"10.0.0.7": 1}, "localIpTotalDuration": 109.6651, "localIpDuration": {"10.0.0.7": 109.6651}}, "Hero Blaze: Three Kingdoms": {"localIpCount": 2, "localIpFrequency": {"10.0.1.34": 1, "10.0.0.160": 1}, "localIpTotalDuration": 69.7088, "localIpDuration": {"10.0.1.34": 29.0495, "10.0.0.160": 40.6593}}, "GUNS UP! Mobile": {"localIpCount": 1, "localIpFrequency": {"10.0.0.28": 2}, "localIpTotalDuration": 622.0024, "localIpDuration": {"10.0.0.28": 622.0024}}, "FIFA Mobile": {"localIpCount": 1, "localIpFrequency": {"10.0.2.178": 1}, "localIpTotalDuration": 387.1049, "localIpDuration": {"10.0.2.178": 387.1049}}, "MIR4": {"localIpCount": 2, "localIpFrequency": {"10.0.0.22": 2, "10.0.0.35": 1}, "localIpTotalDuration": 545.9481999999999, "localIpDuration": {"10.0.0.22": 312.948, "10.0.0.35": 233.0002}}, "Brawl Stars": {"localIpCount": 2, "localIpFrequency": {"10.0.0.78": 8, "10.0.0.132": 4}, "localIpTotalDuration": 57401.21319999999, "localIpDuration": {"10.0.0.78": 54867.15169999999, "10.0.0.132": 2534.0615000000003}}, "ZEPETO": {"localIpCount": 1, "localIpFrequency": {"10.0.0.18": 10}, "localIpTotalDuration": 11767.8984, "localIpDuration": {"10.0.0.18": 11767.8984}}, "HIT 2": {"localIpCount": 1, "localIpFrequency": {"10.0.0.41": 2}, "localIpTotalDuration": 163.8986, "localIpDuration": {"10.0.0.41": 163.8986}}, "Zombie High School": {"localIpCount": 1, "localIpFrequency": {"10.0.2.212": 2}, "localIpTotalDuration": 4132.7038999999995, "localIpDuration": {"10.0.2.212": 4132.7038999999995}}, "Roblox": {"localIpCount": 8, "localIpFrequency": {"10.0.3.19": 4, "10.0.3.30": 2, "10.0.0.4": 19, "10.0.0.5": 23, "10.0.0.17": 18, "10.0.0.18": 2, "10.0.0.19": 2, "10.0.0.12": 2}, "localIpTotalDuration": 357935.4129000001, "localIpDuration": {"10.0.3.19": 6760.9467, "10.0.3.30": 13476.8067, "10.0.0.4": 34046.92819999999, "10.0.0.5": 162871.0533, "10.0.0.17": 49927.747800000005, "10.0.0.18": 4047.695, "10.0.0.19": 988.2346, "10.0.0.12": 85816.0006}}, "Odin: Valhalla Rising": {"localIpCount": 1, "localIpFrequency": {"10.0.2.212": 1}, "localIpTotalDuration": 0.0001, "localIpDuration": {"10.0.2.212": 0.0001}}, "\ud0d5\ud0d5\ud2b9\uacf5\ub300": {"localIpCount": 1, "localIpFrequency": {"10.0.0.67": 2}, "localIpTotalDuration": 80.0012, "localIpDuration": {"10.0.0.67": 80.0012}}, "FIFA ONLINE 4 M": {"localIpCount": 1, "localIpFrequency": {"10.0.2.210": 1}, "localIpTotalDuration": 452.3148, "localIpDuration": {"10.0.2.210": 452.3148}}, "The Lord of the Rings: War": {"localIpCount": 1, "localIpFrequency": {"10.0.0.54": 3}, "localIpTotalDuration": 531.1523, "localIpDuration": {"10.0.0.54": 531.1523}}, "Pok\u00e9mon GO": {"localIpCount": 1, "localIpFrequency": {"10.0.2.190": 2}, "localIpTotalDuration": 17390.7979, "localIpDuration": {"10.0.2.190": 17390.7979}}}