{"League of Legends: Wild Rift": {"localIpCount": 10, "localIpFrequency": {"10.0.2.191": 1, "10.0.3.50": 6, "10.0.0.210": 1, "10.0.0.98": 1, "10.0.0.248": 1, "10.0.1.67": 1, "10.0.2.55": 1, "10.0.1.169": 1, "10.0.2.146": 1, "10.0.0.120": 1}, "localIpTotalDuration": 14524.7279, "localIpDuration": {"10.0.2.191": 1294.1164, "10.0.3.50": 7020.631399999999, "10.0.0.210": 62.9994, "10.0.0.98": 1743.0678, "10.0.0.248": 0.0, "10.0.1.67": 0.0, "10.0.2.55": 90.8627, "10.0.1.169": 1177.0201, "10.0.2.146": 1603.0303, "10.0.0.120": 1532.9998}}, "Cookie Run: OvenBreak": {"localIpCount": 3, "localIpFrequency": {"10.0.0.65": 4, "10.0.1.66": 5, "10.0.0.43": 3}, "localIpTotalDuration": 4647.303599999999, "localIpDuration": {"10.0.0.65": 2386.3178, "10.0.1.66": 783.999, "10.0.0.43": 1476.9868}}, "Goddess of Victory: Nikke": {"localIpCount": 1, "localIpFrequency": {"10.0.2.141": 2}, "localIpTotalDuration": 1973.9993, "localIpDuration": {"10.0.2.141": 1973.9993}}, "FIFA ONLINE 4 M": {"localIpCount": 9, "localIpFrequency": {"10.0.0.57": 2, "10.0.0.216": 1, "10.0.0.123": 1, "10.0.0.45": 1, "10.0.0.13": 1, "10.0.1.66": 1, "10.0.0.219": 1, "10.0.2.116": 1, "10.0.1.112": 1}, "localIpTotalDuration": 3542.243, "localIpDuration": {"10.0.0.57": 679.0003, "10.0.0.216": 0.0, "10.0.0.123": 69.5554, "10.0.0.45": 0.0002, "10.0.0.13": 266.0533, "10.0.1.66": 727.9998, "10.0.0.219": 0.0, "10.0.2.116": 0.0, "10.0.1.112": 1799.634}}, "Zombie High School": {"localIpCount": 2, "localIpFrequency": {"10.0.1.48": 5, "10.0.3.50": 1}, "localIpTotalDuration": 5115.4128, "localIpDuration": {"10.0.1.48": 4898.405, "10.0.3.50": 217.0078}}, "Among us": {"localIpCount": 3, "localIpFrequency": {"10.0.0.90": 1, "10.0.0.145": 1, "10.0.0.255": 1}, "localIpTotalDuration": 4026.7496, "localIpDuration": {"10.0.0.90": 511.6953, "10.0.0.145": 1757.0353, "10.0.0.255": 1758.019}}, "Roblox (Game)": {"localIpCount": 72, "localIpFrequency": {"10.0.1.2": 9, "10.0.3.3": 1, "10.0.0.240": 3, "10.0.3.15": 1, "10.0.0.88": 2, "10.0.0.91": 5, "10.0.0.229": 11, "10.0.2.26": 1, "10.0.1.13": 1, "10.0.3.27": 1, "10.0.0.57": 7, "10.0.2.122": 3, "10.0.2.127": 1, "10.0.0.11": 5, "10.0.3.14": 1, "10.0.2.107": 1, "10.0.3.49": 2, "10.0.0.196": 4, "10.0.1.207": 1, "10.0.0.145": 5, "10.0.0.9": 5, "10.0.3.47": 1, "10.0.0.5": 4, "10.0.0.236": 9, "10.0.0.73": 1, "10.0.0.46": 1, "10.0.0.179": 4, "10.0.0.127": 5, "10.0.0.98": 2, "10.0.1.59": 1, "10.0.3.48": 1, "10.0.1.44": 1, "10.0.0.234": 1, "10.0.1.27": 2, "10.0.0.83": 4, "10.0.0.90": 1, "10.0.0.207": 7, "10.0.2.112": 1, "10.0.0.217": 1, "10.0.0.7": 1, "10.0.2.176": 1, "10.0.1.64": 3, "10.0.2.54": 1, "10.0.0.3": 1, "10.0.0.247": 1, "10.0.0.219": 1, "10.0.0.55": 1, "10.0.1.21": 1, "10.0.0.237": 2, "10.0.1.196": 1, "10.0.3.82": 1, "10.0.1.25": 1, "10.0.0.33": 1, "10.0.0.47": 1, "10.0.0.18": 1, "10.0.0.175": 1, "10.0.1.72": 1, "10.0.1.29": 10, "10.0.0.214": 1, "10.0.1.75": 1, "10.0.1.8": 1, "10.0.2.177": 1, "10.0.2.43": 1, "10.0.2.37": 2, "10.0.3.68": 3, "10.0.3.100": 1, "10.0.1.253": 3, "10.0.2.116": 1, "10.0.0.190": 1, "10.0.0.26": 1, "10.0.0.167": 1, "10.0.1.46": 1}, "localIpTotalDuration": 269880.61899999995, "localIpDuration": {"10.0.1.2": 14488.865800000001, "10.0.3.3": 1792.4358, "10.0.0.240": 5298.6134999999995, "10.0.3.15": 1714.99, "10.0.0.88": 1750.0004, "10.0.0.91": 8917.307, "10.0.0.229": 14880.3339, "10.0.2.26": 1791.6046, "10.0.1.13": 1204.0014, "10.0.3.27": 1798.5817, "10.0.0.57": 9450.068, "10.0.2.122": 5353.7363, "10.0.2.127": 1694.0037, "10.0.0.11": 6670.647199999999, "10.0.3.14": 1763.9952, "10.0.2.107": 1799.0092, "10.0.3.49": 3556.031, "10.0.0.196": 6348.625399999999, "10.0.1.207": 1798.6052, "10.0.0.145": 7560.6170999999995, "10.0.0.9": 4312.0083, "10.0.3.47": 1798.5544, "10.0.0.5": 7195.493200000001, "10.0.0.236": 15770.6198, "10.0.0.73": 1791.5399, "10.0.0.46": 1798.5295, "10.0.0.179": 6958.0082, "10.0.0.127": 8994.1408, "10.0.0.98": 3597.4249, "10.0.1.59": 1799.001, "10.0.3.48": 1798.5047, "10.0.1.44": 1721.5784, "10.0.0.234": 1798.4777, "10.0.1.27": 2785.648, "10.0.0.83": 6993.017, "10.0.0.90": 1798.5532, "10.0.0.207": 12389.2669, "10.0.2.112": 1798.5765, "10.0.0.217": 1798.6392, "10.0.0.7": 1329.6305, "10.0.2.176": 1798.2255, "10.0.1.64": 5172.5797, "10.0.2.54": 1791.5892, "10.0.0.3": 1777.9996, "10.0.0.247": 1791.6397, "10.0.0.219": 1763.6366, "10.0.0.55": 1799.0963, "10.0.1.21": 1764.0008, "10.0.0.237": 3402.0032, "10.0.1.196": 1798.2978, "10.0.3.82": 1798.6901, "10.0.1.25": 1392.9985, "10.0.0.33": 1798.424, "10.0.0.47": 1792.0006, "10.0.0.18": 1750.0015, "10.0.0.175": 1784.6111, "10.0.1.72": 1617.0035, "10.0.1.29": 16274.6506, "10.0.0.214": 1798.5615, "10.0.1.75": 1701.0014, "10.0.1.8": 1281.0071, "10.0.2.177": 1791.4896, "10.0.2.43": 1771.0159, "10.0.2.37": 3535.7562, "10.0.3.68": 5264.0243, "10.0.3.100": 1309.0075, "10.0.1.253": 4690.0097000000005, "10.0.2.116": 1799.013, "10.0.0.190": 1778.0179, "10.0.0.26": 853.9995, "10.0.0.167": 1686.9989, "10.0.1.46": 1693.9837}}, "KartRider Rush+": {"localIpCount": 1, "localIpFrequency": {"10.0.0.30": 4}, "localIpTotalDuration": 2217.8675000000003, "localIpDuration": {"10.0.0.30": 2217.8675000000003}}, "Dragon Village": {"localIpCount": 1, "localIpFrequency": {"10.0.1.135": 2}, "localIpTotalDuration": 56.0368, "localIpDuration": {"10.0.1.135": 56.0368}}, "TFT: Teamfight Tactics": {"localIpCount": 4, "localIpFrequency": {"10.0.2.55": 1, "10.0.2.212": 1, "10.0.1.169": 2, "10.0.0.120": 1}, "localIpTotalDuration": 5844.916, "localIpDuration": {"10.0.2.55": 335.941, "10.0.2.212": 363.9809, "10.0.1.169": 3541.994, "10.0.0.120": 1603.0001}}, "Valor Legends: Dog Rescue": {"localIpCount": 1, "localIpFrequency": {"10.0.0.46": 14}, "localIpTotalDuration": 13469.4349, "localIpDuration": {"10.0.0.46": 13469.4349}}, "Roll Roll: Dice Heroes": {"localIpCount": 2, "localIpFrequency": {"10.0.0.203": 8, "10.0.2.92": 1}, "localIpTotalDuration": 10805.8411, "localIpDuration": {"10.0.0.203": 10014.803899999999, "10.0.2.92": 791.0372}}, "Sky Warriors": {"localIpCount": 1, "localIpFrequency": {"10.0.0.239": 1}, "localIpTotalDuration": 105.0701, "localIpDuration": {"10.0.0.239": 105.0701}}, "PUBG Mobile": {"localIpCount": 26, "localIpFrequency": {"10.0.0.62": 13, "10.0.0.69": 1, "10.0.1.32": 1, "10.0.0.58": 4, "10.0.0.79": 2, "10.0.0.127": 2, "10.0.0.37": 1, "10.0.3.66": 1, "10.0.2.153": 5, "10.0.0.72": 1, "10.0.3.46": 1, "10.0.0.111": 2, "10.0.0.19": 2, "10.0.0.44": 2, "10.0.1.66": 4, "10.0.1.182": 1, "10.0.0.200": 1, "10.0.0.101": 1, "10.0.1.234": 2, "10.0.0.57": 1, "10.0.0.26": 1, "10.0.0.183": 3, "10.0.0.46": 2, "10.0.0.7": 1, "10.0.0.149": 1, "10.0.0.144": 2}, "localIpTotalDuration": 67269.70769999998, "localIpDuration": {"10.0.0.62": 19908.01, "10.0.0.69": 1715.0017, "10.0.1.32": 322.0213, "10.0.0.58": 4508.01, "10.0.0.79": 1806.0014, "10.0.0.127": 3534.6216, "10.0.0.37": 0.0001, "10.0.3.66": 560.0001, "10.0.2.153": 6936.4964, "10.0.0.72": 161.0007, "10.0.3.46": 567.0428, "10.0.0.111": 2947.0020999999997, "10.0.0.19": 3332.0011999999997, "10.0.0.44": 2743.9991, "10.0.1.66": 2751.3770999999997, "10.0.1.182": 1057.0803, "10.0.0.200": 0.0, "10.0.0.101": 392.001, "10.0.1.234": 1687.0386, "10.0.0.57": 1211.0027, "10.0.0.26": 1539.9942, "10.0.0.183": 4913.8405, "10.0.0.46": 3346.0046, "10.0.0.7": 0.0012, "10.0.0.149": 28.0018, "10.0.0.144": 1302.1572}}, "WePlay - Party Game & Chat": {"localIpCount": 3, "localIpFrequency": {"10.0.0.239": 1, "10.0.2.211": 1, "10.0.1.48": 2}, "localIpTotalDuration": 854.0154, "localIpDuration": {"10.0.0.239": 161.0055, "10.0.2.211": 125.9454, "10.0.1.48": 567.0645}}, "Cookie Run: Kingdom": {"localIpCount": 7, "localIpFrequency": {"10.0.0.43": 12, "10.0.3.15": 1, "10.0.0.27": 1, "10.0.0.209": 1, "10.0.0.84": 1, "10.0.1.66": 2, "10.0.1.72": 1}, "localIpTotalDuration": 21552.9008, "localIpDuration": {"10.0.0.43": 15855.004900000002, "10.0.3.15": 846.9335, "10.0.0.27": 1721.9637, "10.0.0.209": 399.0529, "10.0.0.84": 1798.9408, "10.0.1.66": 112.00550000000001, "10.0.1.72": 818.9995}},