{"Roblox (Adopt Me!)": {"localIpCount": 1, "localIpFrequency": {"10.0.2.0": 2}, "localIpTotalDuration": 533.1623999999999, "localIpDuration": {"10.0.2.0": 533.1623999999999}}, "\ud0d5\ud0d5\ud2b9\uacf5\ub300": {"localIpCount": 1, "localIpFrequency": {"10.0.0.239": 1}, "localIpTotalDuration": 170.9999, "localIpDuration": {"10.0.0.239": 170.9999}}, "GUNS UP! Mobile": {"localIpCount": 1, "localIpFrequency": {"10.0.0.94": 2}, "localIpTotalDuration": 17464.949800000002, "localIpDuration": {"10.0.0.94": 17464.949800000002}}, "Hero Blaze: Three Kingdoms": {"localIpCount": 1, "localIpFrequency": {"10.0.0.160": 2}, "localIpTotalDuration": 68.1047, "localIpDuration": {"10.0.0.160": 68.1047}}, "FIFA Mobile": {"localIpCount": 2, "localIpFrequency": {"10.0.1.198": 5, "10.0.1.242": 3}, "localIpTotalDuration": 6940.833500000001, "localIpDuration": {"10.0.1.198": 5336.6347000000005, "10.0.1.242": 1604.1988000000001}}, "Genshin Impact": {"localIpCount": 4, "localIpFrequency": {"10.0.0.57": 23, "10.0.1.49": 10, "10.0.1.62": 67, "10.0.2.7": 1}, "localIpTotalDuration": 750842.1247, "localIpDuration": {"10.0.0.57": 36841.759, "10.0.1.49": 24369.2165, "10.0.1.62": 687765.5167, "10.0.2.7": 1865.6325}}, "\ucef4\ud22c\uc2a4\ud504\ub85c\uc57c\uad6c2022": {"localIpCount": 1, "localIpFrequency": {"10.0.1.242": 2}, "localIpTotalDuration": 216.947, "localIpDuration": {"10.0.1.242": 216.947}}, "League of Legends: Wild Rift": {"localIpCount": 10, "localIpFrequency": {"10.0.0.9": 81, "10.0.0.57": 1, "10.0.0.29": 9, "10.0.0.69": 11, "10.0.1.106": 4, "10.0.0.20": 10, "10.0.0.239": 5, "10.0.1.236": 3, "10.0.1.238": 2, "10.0.0.247": 1}, "localIpTotalDuration": 332245.62529999984, "localIpDuration": {"10.0.0.9": 182717.26270000008, "10.0.0.57": 4.5459, "10.0.0.29": 19295.3884, "10.0.0.69": 29772.7864, "10.0.1.106": 8694.5103, "10.0.0.20": 17120.825999999997, "10.0.0.239": 65529.64710000001, "10.0.1.236": 5445.0477, "10.0.1.238": 3605.5067, "10.0.0.247": 60.1041}}, "Pok\u00e9mon GO": {"localIpCount": 1, "localIpFrequency": {"10.0.0.132": 1}, "localIpTotalDuration": 1211.4073, "localIpDuration": {"10.0.0.132": 1211.4073}}, "Apex Legends Mobile": {"localIpCount": 1, "localIpFrequency": {"10.0.0.239": 1}, "localIpTotalDuration": 1.1022, "localIpDuration": {"10.0.0.239": 1.1022}}, "PUBG Mobile": {"localIpCount": 16, "localIpFrequency": {"10.0.1.52": 1, "10.0.1.53": 2, "10.0.1.54": 2, "10.0.1.55": 3, "10.0.1.56": 4, "10.0.1.58": 1, "10.0.1.59": 1, "10.0.1.61": 10, "10.0.1.63": 18, "10.0.1.220": 4, "10.0.1.74": 1, "10.0.1.230": 1, "10.0.1.62": 1, "10.0.1.81": 2, "10.0.0.74": 1, "10.0.0.247": 1}, "localIpTotalDuration": 178973.08009999996, "localIpDuration": {"10.0.1.52": 1308.1019, "10.0.1.53": 5316.0, "10.0.1.54": 2719.2264, "10.0.1.55": 5838.998799999999, "10.0.1.56": 10208.0497, "10.0.1.58": 10788.3457, "10.0.1.59": 631.899, "10.0.1.61": 26709.1009, "10.0.1.63": 104136.7418, "10.0.1.220": 2571.8898000000004, "10.0.1.74": 606.1519, "10.0.1.230": 98.0028, "10.0.1.62": 96.609, "10.0.1.81": 3788.9598, "10.0.0.74": 2383.0043, "10.0.0.247": 1771.9983}}, "Brawl Stars": {"localIpCount": 2, "localIpFrequency": {"10.0.0.78": 16, "10.0.0.132": 4}, "localIpTotalDuration": 27718.116700000006, "localIpDuration": {"10.0.0.78": 15165.867300000002, "10.0.0.132": 12552.2494}}, "Roblox": {"localIpCount": 1, "localIpFrequency": {"10.0.2.0": 2}, "localIpTotalDuration": 2677.4051, "localIpDuration": {"10.0.2.0": 2677.4051}}, "MIR4": {"localIpCount": 2, "localIpFrequency": {"10.0.0.48": 2, "10.0.0.44": 1}, "localIpTotalDuration": 10390.135699999999, "localIpDuration": {"10.0.0.48": 8976.1353, "10.0.0.44": 1414.0004}}, "KartRider Rush+": {"localIpCount": 2, "localIpFrequency": {"10.0.1.225": 1, "10.0.1.89": 4}, "localIpTotalDuration": 13718.4316, "localIpDuration": {"10.0.1.225": 29.0395, "10.0.1.89": 13689.3921}}, "Clash of Clan": {"localIpCount": 4, "localIpFrequency": {"10.0.1.49": 1, "10.0.1.73": 4, "10.0.1.62": 18, "10.0.0.132": 4}, "localIpTotalDuration": 24383.301700000004, "localIpDuration": {"10.0.1.49": 1641.1014, "10.0.1.73": 2073.8894, "10.0.1.62": 18866.5836, "10.0.0.132": 1801.7272999999998}}, "Minecraft": {"localIpCount": 1, "localIpFrequency": {"10.0.0.69": 1}, "localIpTotalDuration": 0.2602, "localIpDuration": {"10.0.0.69": 0.2602}}}