{"Roblox (Adopt Me!)": {"localIpCount": 48, "localIpFrequency": {"10.0.1.204": 2, "10.0.2.26": 2, "10.0.2.31": 1, "10.0.1.142": 8, "10.0.1.106": 4, "10.0.1.143": 6, "10.0.1.219": 2, "10.0.1.141": 3, "10.0.1.156": 2, "10.0.1.134": 8, "10.0.1.176": 4, "10.0.2.16": 2, "10.0.2.39": 1, "10.0.2.41": 1, "10.0.1.104": 2, "10.0.2.46": 2, "10.0.2.49": 1, "10.0.2.29": 1, "10.0.1.102": 2, "10.0.2.53": 9, "10.0.1.178": 1, "10.0.2.47": 4, "10.0.3.127": 4, "10.0.3.24": 2, "10.0.2.9": 1, "10.0.1.239": 1, "10.0.1.203": 1, "10.0.3.176": 1, "10.0.3.167": 1, "10.0.3.147": 1, "10.0.3.187": 1, "10.0.1.222": 1, "10.0.1.138": 1, "10.0.0.8": 1, "10.0.1.98": 2, "10.0.3.251": 1, "10.0.2.223": 1, "10.0.4.1": 1, "10.0.3.69": 3, "10.0.2.233": 1, "10.0.2.191": 1, "10.0.1.166": 1, "10.0.2.121": 1, "10.0.3.5": 1, "10.0.3.181": 1, "10.0.3.183": 1, "10.0.2.139": 1, "10.0.3.239": 1}, "localIpTotalDuration": 153297.69689999998, "localIpDuration": {"10.0.1.204": 2985.5394, "10.0.2.26": 3525.7119000000002, "10.0.2.31": 1593.3581, "10.0.1.142": 11204.7097, "10.0.1.106": 6160.403, "10.0.1.143": 6521.7472, "10.0.1.219": 2205.3584, "10.0.1.141": 5073.7798999999995, "10.0.1.156": 2877.8280999999997, "10.0.1.134": 11731.7175, "10.0.1.176": 5970.2591, "10.0.2.16": 3432.0022, "10.0.2.39": 1787.6697, "10.0.2.41": 1771.1529, "10.0.1.104": 2774.1695, "10.0.2.46": 3446.9943000000003, "10.0.2.49": 1684.9011, "10.0.2.29": 1760.9496, "10.0.1.102": 2048.4073, "10.0.2.53": 11839.6375, "10.0.1.178": 1763.407, "10.0.2.47": 5603.5643, "10.0.3.127": 6585.7183, "10.0.3.24": 3548.8785, "10.0.2.9": 1609.3129, "10.0.1.239": 1694.3103, "10.0.1.203": 1711.1874, "10.0.3.176": 1797.8849, "10.0.3.167": 1786.1887, "10.0.3.147": 1792.9127, "10.0.3.187": 1713.3142, "10.0.1.222": 52.2045, "10.0.1.138": 1621.673, "10.0.0.8": 1515.8906, "10.0.1.98": 3588.9030000000002, "10.0.3.251": 1681.4114, "10.0.2.223": 1794.9711, "10.0.4.1": 1537.0012, "10.0.3.69": 5375.1461, "10.0.2.233": 1770.5645, "10.0.2.191": 1795.4611, "10.0.1.166": 1771.5927, "10.0.2.121": 1795.3424, "10.0.3.5": 1796.7567, "10.0.3.181": 1799.5084, "10.0.3.183": 1799.1232, "10.0.2.139": 1799.1759, "10.0.3.239": 1799.9955}}, "KartRider Rush+": {"localIpCount": 2, "localIpFrequency": {"10.0.2.41": 1, "10.0.2.60": 1}, "localIpTotalDuration": 1297.2602, "localIpDuration": {"10.0.2.41": 343.3089, "10.0.2.60": 953.9513}}, "Genshin Impact": {"localIpCount": 5, "localIpFrequency": {"10.0.2.7": 5, "10.0.1.112": 2, "10.0.3.69": 19, "10.0.0.140": 23, "10.0.0.18": 5}, "localIpTotalDuration": 35894.70679999999, "localIpDuration": {"10.0.2.7": 4053.449, "10.0.1.112": 2420.9647999999997, "10.0.3.69": 13949.450600000002, "10.0.0.140": 9463.6774, "10.0.0.18": 6007.165000000001}}, "NBA NOW 23": {"localIpCount": 1, "localIpFrequency": {"10.0.2.0": 1}, "localIpTotalDuration": 0.0001, "localIpDuration": {"10.0.2.0": 0.0001}}, "MIR4": {"localIpCount": 2, "localIpFrequency": {"10.0.0.30": 1, "10.0.0.91": 2}, "localIpTotalDuration": 788.0522000000001, "localIpDuration": {"10.0.0.30": 213.0006, "10.0.0.91": 575.0516}}, "Valor Legends: Dog Rescue": {"localIpCount": 1, "localIpFrequency": {"10.0.0.204": 2}, "localIpTotalDuration": 1352.05, "localIpDuration": {"10.0.0.204": 1352.05}}, "FIFA Mobile": {"localIpCount": 8, "localIpFrequency": {"10.0.2.50": 1, "10.0.1.237": 1, "10.0.3.19": 1, "10.0.3.216": 2, "10.0.3.176": 1, "10.0.2.219": 1, "10.0.1.211": 3, "10.0.2.207": 1}, "localIpTotalDuration": 12016.3465, "localIpDuration": {"10.0.2.50": 170.0023, "10.0.1.237": 373.5865, "10.0.3.19": 1792.3855, "10.0.3.216": 1119.1981, "10.0.3.176": 451.6504, "10.0.2.219": 1742.7925, "10.0.1.211": 4803.6534, "10.0.2.207": 1563.0778}}, "Cookie Run: Kingdom": {"localIpCount": 3, "localIpFrequency": {"10.0.2.37": 2, "10.0.1.104": 2, "10.0.1.192": 1}, "localIpTotalDuration": 4185.269899999999, "localIpDuration": {"10.0.2.37": 2102.1011, "10.0.1.104": 1030.9503, "10.0.1.192": 1052.2185}}, "KartRider: Drift": {"localIpCount": 1, "localIpFrequency": {"10.0.3.60": 3}, "localIpTotalDuration": 3163.0083999999997, "localIpDuration": {"10.0.3.60": 3163.0083999999997}}, "Merge Fantasy Island": {"localIpCount": 1, "localIpFrequency": {"10.0.1.14": 6}, "localIpTotalDuration": 1103.1779000000001, "localIpDuration": {"10.0.1.14": 1103.1779000000001}}, "Apex Legends Mobile": {"localIpCount": 1, "localIpFrequency": {"10.0.1.11": 3}, "localIpTotalDuration": 3321.0523000000003, "localIpDuration": {"10.0.1.11": 3321.0523000000003}}, "\ud0d5\ud0d5\ud2b9\uacf5\ub300": {"localIpCount": 5, "localIpFrequency": {"10.0.1.104": 1, "10.0.1.11": 2, "10.0.2.117": 4, "10.0.2.0": 1, "10.0.3.176": 1}, "localIpTotalDuration": 6446.2647, "localIpDuration": {"10.0.1.104": 684.9484, "10.0.1.11": 1777.9475, "10.0.2.117": 2061.1508, "10.0.2.0": 1775.6669, "10.0.3.176": 146.5511}}, "Pok\u00e9mon GO": {"localIpCount": 3, "localIpFrequency": {"10.0.1.134": 3, "10.0.0.8": 2, "10.0.2.191": 2}, "localIpTotalDuration": 4696.8157, "localIpDuration": {"10.0.1.134": 3101.2068, "10.0.0.8": 1190.4107, "10.0.2.191": 405.1982}}, "Random Dice: Defense": {"localIpCount": 1, "localIpFrequency": {"10.0.2.0": 1}, "localIpTotalDuration": 1221.5426, "localIpDuration": {"10.0.2.0": 1221.5426}}, "\ucef4\ud22c\uc2a4\ud504\ub85c\uc57c\uad6c2022": {"localIpCount": 2, "localIpFrequency": {"10.0.3.246": 1, "10.0.3.148": 1}, "localIpTotalDuration": 1905.5295999999998, "localIpDuration": {"10.0.3.246": 1541.1441, "10.0.3.148": 364.3855}}, "Roblox": {"localIpCount": 46, "localIpFrequency": {"10.0.1.204": 4, "10.0.2.16": 5, "10.0.2.26": 2, "10.0.1.142": 11, "10.0.1.143": 7, "10.0.1.219": 3, "10.0.1.141": 4, "10.0.1.156": 1, "10.0.1.176": 6, "10.0.2.37": 1, "10.0.2.39": 2, "10.0.2.41": 1, "10.0.1.134": 8, "10.0.2.29": 2, "10.0.1.104": 5, "10.0.1.180": 1, "10.0.2.47": 4, "10.0.1.106": 5, "10.0.1.102": 5, "10.0.2.53": 9, "10.0.1.178": 1, "10.0.2.199": 2, "10.0.3.181": 1, "10.0.3.24": 1, "10.0.3.127": 2, "10.0.2.0": 1, "10.0.1.184": 3, "10.0.2.157": 1, "10.0.1.161": 1, "10.0.2.22": 1, "10.0.2.94": 1, "10.0.1.222": 3, "10.0.1.138": 1, "10.0.1.239": 3, "10.0.3.251": 2, "10.0.2.213": 3, "10.0.4.1": 1, "10.0.1.203": 1, "10.0.1.236": 1, "10.0.3.183": 1, "10.0.3.69": 1, "10.0.2.59": 1, "10.0.1.208": 1, "10.0.2.186": 1, "10.0.2.250": 1, "10.0.3.155": 1}, "localIpTotalDuration": 207901.06439999997, "localIpDuration": {"10.0.1.204": 4340.6821, "10.0.2.16": 6973.6921, "10.0.2.26": 3598.9714999999997, "10.0.1.142": 19114.266500000005, "10.0.1.143": 11364.271999999999, "10.0.1.219": 5394.2252, "10.0.1.141": 5354.1532, "10.0.1.156": 1799.2532, "10.0.1.176": 9366.804399999999, "10.0.2.37": 1799.5178, "10.0.2.39": 3598.1994, "10.0.2.41": 1782.0205, "10.0.1.134": 13212.2422, "10.0.2.29": 3589.7411, "10.0.1.104": 8996.4476, "10.0.1.180": 1798.3357, "10.0.2.47": 7193.7379, "10.0.1.106": 8988.192000000001, "10.0.1.102": 8912.4761, "10.0.2.53": 14611.3635, "10.0.1.178": 1787.1039, "10.0.2.199": 3599.6621, "10.0.3.181": 1799.7072, "10.0.3.24": 1800.0192, "10.0.3.127": 3599.9799000000003, "10.0.2.0": 1799.6937, "10.0.1.184": 5399.629800000001, "10.0.2.157": 1799.9816, "10.0.1.161": 1800.0378, "10.0.2.22": 1800.0032, "10.0.2.94": 1799.9615, "10.0.1.222": 4931.5626, "10.0.1.138": 1799.5632, "10.0.1.239": 5399.0141, "10.0.3.251": 3597.9692, "10.0.2.213": 5398.6146, "10.0.4.1": 1799.9557, "10.0.1.203": 1800.0063, "10.0.1.236": 1800.0492, "10.0.3.183": 1800.0454, "10.0.3.69": 1800.0217, "10.0.2.59": 1799.8914, "10.0.1.208": 1800.0197, "10.0.2.186": 1800.0361, "10.0.2.250": 1799.9084, "10.0.3.155": 1800.0329}}, "Odin: Valhalla Rising": {"localIpCount": 2, "localIpFrequency": {"10.0.0.25": 1, "10.0.0.95": 2}, "localIpTotalDuration": 301.10169999999994, "localIpDuration": {"10.0.0.25": 0.0001, "10.0.0.95": 301.10159999999996}}, "Birdie Shot": {"localIpCount": 1, "localIpFrequency": {"10.0.0.47": 4}, "localIpTotalDuration": 1848.6493, "localIpDuration": {"10.0.0.47": 1848.6493}}, "Clash of Clan": {"localIpCount": 3, "localIpFrequency": {"10.0.0.199": 4, "10.0.0.140": 1, "10.0.0.8": 1},