{"The Lord of the Rings: War": {"localIpCount": 2, "localIpFrequency": {"10.0.0.95": 10, "10.0.0.111": 1}, "localIpTotalDuration": 9564.227899999998, "localIpDuration": {"10.0.0.95": 9259.126799999998, "10.0.0.111": 305.1011}}, "Genshin Impact": {"localIpCount": 5, "localIpFrequency": {"10.0.0.89": 3, "10.0.0.9": 7, "10.0.0.18": 16, "10.0.0.108": 1, "10.0.0.22": 5}, "localIpTotalDuration": 34747.70370000001, "localIpDuration": {"10.0.0.89": 2828.2517000000003, "10.0.0.9": 2988.4988, "10.0.0.18": 19902.193199999998, "10.0.0.108": 930.0001, "10.0.0.22": 8098.7599}}, "Birdie Shot": {"localIpCount": 1, "localIpFrequency": {"10.0.0.47": 72}, "localIpTotalDuration": 85437.9572, "localIpDuration": {"10.0.0.47": 85437.9572}}, "Roblox": {"localIpCount": 10, "localIpFrequency": {"10.0.0.207": 1, "10.0.0.113": 26, "10.0.0.221": 12, "10.0.0.220": 1, "10.0.0.109": 6, "10.0.0.59": 7, "10.0.1.11": 10, "10.0.0.255": 1, "10.0.1.19": 2, "10.0.0.9": 2}, "localIpTotalDuration": 94902.6179, "localIpDuration": {"10.0.0.207": 347.0005, "10.0.0.113": 36636.944200000005, "10.0.0.221": 16711.6874, "10.0.0.220": 326.0551, "10.0.0.109": 7710.8338, "10.0.0.59": 12567.7021, "10.0.1.11": 14436.2679, "10.0.0.255": 484.0582, "10.0.1.19": 3571.9687000000004, "10.0.0.9": 2110.1000000000004}}, "Brawl Stars": {"localIpCount": 4, "localIpFrequency": {"10.0.0.23": 12, "10.0.0.8": 8, "10.0.0.113": 6, "10.0.0.252": 1}, "localIpTotalDuration": 22919.589899999995, "localIpDuration": {"10.0.0.23": 8745.7089, "10.0.0.8": 6139.7041, "10.0.0.113": 6823.177100000002, "10.0.0.252": 1210.9998}}, "Gunship Battle: Crypto Conflict": {"localIpCount": 2, "localIpFrequency": {"10.0.0.36": 3, "10.0.0.41": 1}, "localIpTotalDuration": 537.7453, "localIpDuration": {"10.0.0.36": 424.5906, "10.0.0.41": 113.1547}}, "Minecraft": {"localIpCount": 1, "localIpFrequency": {"10.0.0.9": 1}, "localIpTotalDuration": 38.2571, "localIpDuration": {"10.0.0.9": 38.2571}}, "Clash of Clan": {"localIpCount": 3, "localIpFrequency": {"10.0.0.89": 1, "10.0.0.8": 21, "10.0.0.33": 1}, "localIpTotalDuration": 4770.965499999999, "localIpDuration": {"10.0.0.89": 813.1519, "10.0.0.8": 3957.8134999999993, "10.0.0.33": 0.0001}}, "Pok\u00e9mon GO": {"localIpCount": 1, "localIpFrequency": {"10.0.0.8": 1}, "localIpTotalDuration": 0.0001, "localIpDuration": {"10.0.0.8": 0.0001}}, "FIFA Mobile": {"localIpCount": 1, "localIpFrequency": {"10.0.0.237": 2}, "localIpTotalDuration": 1465.5235, "localIpDuration": {"10.0.0.237": 1465.5235}}, "Roblox (Adopt Me!)": {"localIpCount": 7, "localIpFrequency": {"10.0.0.221": 11, "10.0.0.113": 21, "10.0.0.109": 2, "10.0.0.59": 7, "10.0.1.11": 7, "10.0.1.19": 1, "10.0.0.9": 1}, "localIpTotalDuration": 53381.3532, "localIpDuration": {"10.0.0.221": 12411.8973, "10.0.0.113": 24891.752599999996, "10.0.0.109": 580.6125, "10.0.0.59": 8879.037999999999, "10.0.1.11": 4653.2038999999995, "10.0.1.19": 824.8477, "10.0.0.9": 1140.0012}}, "League of Legends: Wild Rift": {"localIpCount": 12, "localIpFrequency": {"10.0.0.13": 14, "10.0.0.28": 2, "10.0.0.40": 4, "10.0.0.94": 5, "10.0.0.218": 4, "10.0.0.15": 2, "10.0.0.103": 2, "10.0.0.244": 1, "10.0.0.84": 1, "10.0.0.166": 2, "10.0.0.210": 1, "10.0.0.252": 1}, "localIpTotalDuration": 42566.89650000001, "localIpDuration": {"10.0.0.13": 19017.240500000004, "10.0.0.28": 3267.7772, "10.0.0.40": 2552.7011, "10.0.0.94": 6679.9005, "10.0.0.218": 3971.2613000000006, "10.0.0.15": 1507.0638000000001, "10.0.0.103": 1916.0495999999998, "10.0.0.244": 1247.8437, "10.0.0.84": 129.3563, "10.0.0.166": 1855.645, "10.0.0.210": 12.9504, "10.0.0.252": 409.1071}}, "Zombie High School": {"localIpCount": 1, "localIpFrequency": {"10.0.0.211": 1}, "localIpTotalDuration": 436.9999, "localIpDuration": {"10.0.0.211": 436.9999}}, "Odin: Valhalla Rising": {"localIpCount": 2, "localIpFrequency": {"10.0.0.40": 1, "10.0.0.95": 1}, "localIpTotalDuration": 654.5012999999999, "localIpDuration": {"10.0.0.40": 310.5852, "10.0.0.95": 343.9161}}, "Hero Blaze: Three Kingdoms": {"localIpCount": 2, "localIpFrequency": {"10.0.0.47": 3, "10.0.0.9": 2}, "localIpTotalDuration": 3352.0521000000003, "localIpDuration": {"10.0.0.47": 3264.0519000000004, "10.0.0.9": 88.00019999999999}}, "MIR4": {"localIpCount": 4, "localIpFrequency": {"10.0.0.70": 17, "10.0.0.30": 2, "10.0.0.91": 3, "10.0.0.44": 1}, "localIpTotalDuration": 6694.647299999999, "localIpDuration": {"10.0.0.70": 4991.3898, "10.0.0.30": 473.156, "10.0.0.91": 576.8454, "10.0.0.44": 653.2561}}, "PUBG Mobile": {"localIpCount": 8, "localIpFrequency": {"10.0.0.33": 20, "10.0.0.87": 3, "10.0.0.166": 5, "10.0.0.92": 2, "10.0.0.30": 20, "10.0.0.60": 3, "10.0.0.95": 13, "10.0.0.44": 12}, "localIpTotalDuration": 48724.53569999999, "localIpDuration": {"10.0.0.33": 10214.710000000003, "10.0.0.87": 1064.3015, "10.0.0.166": 4028.0492000000004, "10.0.0.92": 1703.9999, "10.0.0.30": 14733.887999999999, "10.0.0.60": 660.0051000000001, "10.0.0.95": 9891.5787, "10.0.0.44": 6428.003300000001}}, "KartRider Rush+": {"localIpCount": 1, "localIpFrequency": {"10.0.0.214": 2}, "localIpTotalDuration": 56.1096, "localIpDuration": {"10.0.0.214": 56.1096}}}