{"Cookie Run: Kingdom": {"localIpCount": 5, "localIpFrequency": {"10.0.1.29": 1, "10.0.0.19": 2, "10.0.0.236": 1, "10.0.1.81": 1, "10.0.0.67": 1}, "localIpTotalDuration": 5378.0051, "localIpDuration": {"10.0.1.29": 306.0002, "10.0.0.19": 3156.0089, "10.0.0.236": 1534.0005, "10.0.1.81": 99.9958, "10.0.0.67": 281.9997}}, "FIFA ONLINE 4 M": {"localIpCount": 4, "localIpFrequency": {"10.0.4.38": 1, "10.0.1.30": 1, "10.0.0.92": 1, "10.0.2.150": 4}, "localIpTotalDuration": 6984.0794000000005, "localIpDuration": {"10.0.4.38": 152.0004, "10.0.1.30": 56.0024, "10.0.0.92": 1104.0023, "10.0.2.150": 5672.0743}}, "League of Legends: Wild Rift": {"localIpCount": 13, "localIpFrequency": {"10.0.2.5": 4, "10.0.0.64": 2, "10.0.4.49": 6, "10.0.3.70": 2, "10.0.3.135": 1, "10.0.4.56": 1, "10.0.0.106": 2, "10.0.1.12": 2, "10.0.0.92": 2, "10.0.0.90": 3, "10.0.5.50": 1, "10.0.1.50": 2, "10.0.0.73": 2}, "localIpTotalDuration": 40890.6516, "localIpDuration": {"10.0.2.5": 6019.992, "10.0.0.64": 2146.0008000000003, "10.0.4.49": 9183.988500000001, "10.0.3.70": 2452.0128, "10.0.3.135": 656.0161, "10.0.4.56": 938.0127, "10.0.0.106": 3321.9978, "10.0.1.12": 2051.6236, "10.0.0.92": 3078.0088, "10.0.0.90": 3878.0118, "10.0.5.50": 461.0013, "10.0.1.50": 3535.9937, "10.0.0.73": 3167.9917}}, "Pok\u00e9mon GO": {"localIpCount": 4, "localIpFrequency": {"10.0.0.128": 8, "10.0.0.66": 1, "10.0.3.35": 8, "10.0.1.39": 1}, "localIpTotalDuration": 18857.502399999998, "localIpDuration": {"10.0.0.128": 9210.445099999999, "10.0.0.66": 70.9975, "10.0.3.35": 9576.0598, "10.0.1.39": 0.0}}, "Minecraft": {"localIpCount": 5, "localIpFrequency": {"10.0.1.27": 1, "10.0.0.233": 2, "10.0.0.217": 1, "10.0.1.195": 2, "10.0.0.229": 2}, "localIpTotalDuration": 8132.058400000001, "localIpDuration": {"10.0.1.27": 1081.9994, "10.0.0.233": 3406.0023, "10.0.0.217": 434.0036, "10.0.1.195": 1524.0528000000002, "10.0.0.229": 1686.0003}}, "DRAGON BALL LEGENDS": {"localIpCount": 2, "localIpFrequency": {"10.0.0.39": 1, "10.0.0.166": 10}, "localIpTotalDuration": 11592.0009, "localIpDuration": {"10.0.0.39": 1431.9927, "10.0.0.166": 10160.008199999998}}, "PUBG Mobile": {"localIpCount": 15, "localIpFrequency": {"10.0.0.243": 2, "10.0.0.19": 1, "10.0.0.35": 1, "10.0.0.207": 1, "10.0.1.29": 4, "10.0.0.234": 1, "10.0.0.64": 7, "10.0.4.38": 1, "10.0.0.216": 1, "10.0.0.235": 1, "10.0.0.149": 3, "10.0.6.117": 1, "10.0.0.172": 1, "10.0.0.36": 1, "10.0.0.230": 1}, "localIpTotalDuration": 23637.012199999997, "localIpDuration": {"10.0.0.243": 840.0021, "10.0.0.19": 1660.0003, "10.0.0.35": 240.0014, "10.0.0.207": 1753.9995, "10.0.1.29": 3262.0004, "10.0.0.234": 14.0003, "10.0.0.64": 6429.999699999999, "10.0.4.38": 1410.0067, "10.0.0.216": 1784.0006, "10.0.0.235": 1675.9995, "10.0.0.149": 2116.0005, "10.0.6.117": 425.0003, "10.0.0.172": 1792.0007, "10.0.0.36": 230.0003, "10.0.0.230": 3.9999}}, "Odin: Valhalla Rising": {"localIpCount": 2, "localIpFrequency": {"10.0.0.13": 1, "10.0.6.69": 1}, "localIpTotalDuration": 301.004, "localIpDuration": {"10.0.0.13": 0.0, "10.0.6.69": 301.004}}, "Free Fire": {"localIpCount": 2, "localIpFrequency": {"10.0.0.233": 2, "10.0.0.235": 2}, "localIpTotalDuration": 4006.0004000000004, "localIpDuration": {"10.0.0.233": 1882.0001000000002, "10.0.0.235": 2124.0003}}, "Genshin Impact": {"localIpCount": 3, "localIpFrequency": {"10.0.1.33": 3, "10.0.2.46": 4, "10.0.0.215": 4}, "localIpTotalDuration": 8975.9663, "localIpDuration": {"10.0.1.33": 94.0027, "10.0.2.46": 7161.539, "10.0.0.215": 1720.4245999999998}}, "Brawl Stars": {"localIpCount": 13, "localIpFrequency": {"10.0.5.34": 7, "10.0.1.29": 1, "10.0.0.39": 1, "10.0.3.63": 2, "10.0.4.5": 6, "10.0.0.40": 2, "10.0.0.71": 1, "10.0.0.225": 1, "10.0.0.185": 1, "10.0.1.27": 1, "10.0.1.46": 1, "10.0.1.38": 1, "10.0.2.6": 1}, "localIpTotalDuration": 32353.133, "localIpDuration": {"10.0.5.34": 7665.0194, "10.0.1.29": 652.0008, "10.0.0.39": 1742.0095, "10.0.3.63": 3328.0218, "10.0.4.5": 7324.0497, "10.0.0.40": 3507.9965, "10.0.0.71": 1778.0042, "10.0.0.225": 1695.9985, "10.0.0.185": 908.0029, "10.0.1.27": 1576.0156, "10.0.1.46": 508.0012, "10.0.1.38": 58.0034, "10.0.2.6": 1610.0095}}, "\ud0d5\ud0d5\ud2b9\uacf5\ub300": {"localIpCount": 2, "localIpFrequency": {"10.0.0.12": 2, "10.0.0.67": 1}, "localIpTotalDuration": 3454.0472, "localIpDuration": {"10.0.0.12": 3110.0477, "10.0.0.67": 343.9995}}, "Clash of Clan": {"localIpCount": 3, "localIpFrequency": {"10.0.0.76": 10, "10.0.0.48": 1, "10.0.1.37": 2}, "localIpTotalDuration": 6786.0042, "localIpDuration": {"10.0.0.76": 6528.0034, "10.0.0.48": 258.0008, "10.0.1.37": 0.0}}, "Roblox (Game)": {"localIpCount": 59, "localIpFrequency": {"10.0.0.17": 2, "10.0.0.28": 1, "10.0.0.85": 3, "10.0.0.144": 3, "10.0.0.7": 2, "10.0.0.25": 1, "10.0.0.43": 4, "10.0.5.42": 4, "10.0.1.10": 1, "10.0.0.153": 6, "10.0.0.166": 4, "10.0.1.29": 1, "10.0.6.47": 5, "10.0.1.23": 4, "10.0.0.244": 1, "10.0.0.186": 2, "10.0.0.12": 1, "10.0.6.108": 9, "10.0.0.185": 2, "10.0.2.166": 1, "10.0.1.12": 1, "10.0.5.181": 7, "10.0.0.40": 2, "10.0.2.199": 1, "10.0.0.124": 1, "10.0.1.30": 1, "10.0.0.67": 1, "10.0.2.6": 1, "10.0.0.30": 1, "10.0.1.21": 4, "10.0.0.116": 1, "10.0.6.69": 2, "10.0.4.52": 3, "10.0.0.29": 2, "10.0.0.92": 1, "10.0.0.21": 2, "10.0.1.27": 1, "10.0.2.128": 1, "10.0.1.99": 1, "10.0.4.58": 1, "10.0.2.202": 1, "10.0.0.34": 1, "10.0.1.45": 1, "10.0.0.250": 2, "10.0.4.59": 1, "10.0.6.98": 1, "10.0.1.18": 1, "10.0.3.5": 1, "10.0.1.5": 1, "10.0.5.34": 1, "10.0.3.3": 1, "10.0.0.213": 1, "10.0.3.87": 2, "10.0.6.121": 4, "10.0.0.172": 1, "10.0.0.217": 1, "10.0.1.130": 2, "10.0.0.223": 1, "10.0.0.156": 1}, "localIpTotalDuration": 178475.10450000002, "localIpDuration": {"10.0.0.17": 2130.0011999999997, "10.0.0.28": 1672.3716, "10.0.0.85": 5362.0174, "10.0.0.144": 5254.0016, "10.0.0.7": 3585.9959, "10.0.0.25": 1791.9974, "10.0.0.43": 4674.0027, "10.0.5.42": 5958.0154, "10.0.1.10": 120.0004, "10.0.0.153": 8468.0136, "10.0.0.166": 4695.2078, "10.0.1.29": 1534.0004, "10.0.6.47": 5311.6186, "10.0.1.23": 4994.0058, "10.0.0.244": 1780.0024, "10.0.0.186": 3384.0037, "10.0.0.12": 1794.0086, "10.0.6.108": 15481.6401, "10.0.0.185": 3512.0031, "10.0.2.166": 1789.9986, "10.0.1.12": 1492.0029, "10.0.5.181": 9146.006099999999, "10.0.0.40": 3581.5501000000004, "10.0.2.199": 1799.2636, "10.0.0.124": 1799.9995, "10.0.1.30": 1689.9993, "10.0.0.67": 1796.0, "10.0.2.6": 1799.992, "10.0.0.30": 1733.9997, "10.0.1.21": 6980.0049, "10.0.0.116": 1799.4837, "10.0.6.69": 1799.0015, "10.0.4.52": 5386.6840999999995, "10.0.0.29": 3513.6186, "10.0.0.92": 1664.0026, "10.0.0.21": 3575.3345, "10.0.1.27": 1582.0006, "10.0.2.128": 1798.0238, "10.0.1.99": 1760.0061, "10.0.4.58": 1798.0112, "10.0.2.202": 1798.0097, "10.0.0.34": 1798.0149, "10.0.1.45": 1730.0019, "10.0.0.250": 3564.0077, "10.0.4.59": 1799.9992, "10.0.6.98": 1770.004, "10.0.1.18": 1796.0002, "10.0.3.5": 1799.9927, "10.0.1.5": 1590.0012, "10.0.5.34": 1793.999, "10.0.3.3": 1793.9965, "10.0.0.213": 1781.9998, "10.0.3.87": 3579.1686, "10.0.6.121": 3834.0152000000003, "10.0.0.172": 1787.9975, "10.0.0.217": 1582.0009, "10.0.1.130": 3428.002, "10.0.0.223": 1100.0006, "10.0.0.156": 360.0018}}, "FIFA Mobile": {"localIpCount": 13, "localIpFrequency": {"10.0.0.74": 1, "10.0.1.29": 3, "10.0.4.38": 1, "10.0.3.87": 9, "10.0.5.34": 12, "10.0.2.82": 1, "10.0.0.113": 1, "10.0.3.35": 1, "10.0.1.30": 6, "10.0.0.125": 3, "10.0.0.90": 2, "10.0.1.12": 1, "10.0.2.99": 3}, "localIpTotalDuration": 50780.02259999999, "localIpDuration": {"10.0.0.74": 95.9705, "10.0.1.29": 3548.0025000000005, "10.0.4.38": 1530.008, "10.0.3.87": 9692.0179, "10.0.5.34": 12219.968200000001, "10.0.2.82": 836.0, "10.0.0.113": 1365.9897, "10.0.3.35": 1695.9912, "10.0.1.30": 7560.012299999999, "10.0.0.125": 3102.0213999999996, "10.0.0.90": 3554.0254, "10.0.1.12": 1745.9988, "10.0.2.99": 3834.0167}}, "MapleStory M": {"localIpCount": 1, "localIpFrequency": {"10.0.0.236": 1}, "localIpTotalDuration": 636.0004, "localIpDuration": {"10.0.0.236": 636.0004}},