{"NBA NOW 23": {"localIpCount": 2, "localIpFrequency": {"10.0.4.70": 1, "10.0.1.198": 1}, "localIpTotalDuration": 0.00030000000000000003, "localIpDuration": {"10.0.4.70": 0.0002, "10.0.1.198": 0.0001}}, "Random Dice: Defense": {"localIpCount": 1, "localIpFrequency": {"10.0.4.70": 1}, "localIpTotalDuration": 206.0279, "localIpDuration": {"10.0.4.70": 206.0279}}, "Minecraft": {"localIpCount": 2, "localIpFrequency": {"10.0.3.253": 3, "10.0.0.200": 2}, "localIpTotalDuration": 4475.6422, "localIpDuration": {"10.0.3.253": 4364.3345, "10.0.0.200": 111.3077}}, "Cookie Run: Kingdom": {"localIpCount": 1, "localIpFrequency": {"10.0.1.48": 1}, "localIpTotalDuration": 33.8976, "localIpDuration": {"10.0.1.48": 33.8976}}, "Gunship Battle: Crypto Conflict": {"localIpCount": 10, "localIpFrequency": {"10.0.1.50": 4, "10.0.0.65": 1, "10.0.1.65": 3, "10.0.1.150": 14, "10.0.1.101": 1, "10.0.1.102": 2, "10.0.1.144": 4, "10.0.0.126": 1, "10.0.0.32": 1, "10.0.0.2": 5}, "localIpTotalDuration": 111286.47860000002, "localIpDuration": {"10.0.1.50": 8100.3262, "10.0.0.65": 780.8474, "10.0.1.65": 134.6462, "10.0.1.150": 31321.312199999997, "10.0.1.101": 671.9998, "10.0.1.102": 30965.8245, "10.0.1.144": 5791.5471, "10.0.0.126": 409.7485, "10.0.0.32": 2355.0002, "10.0.0.2": 30755.226500000004}}, "KartRider: Drift": {"localIpCount": 1, "localIpFrequency": {"10.0.1.66": 1}, "localIpTotalDuration": 19.305, "localIpDuration": {"10.0.1.66": 19.305}}, "World of Tanks": {"localIpCount": 1, "localIpFrequency": {"10.0.0.112": 1}, "localIpTotalDuration": 314.4068, "localIpDuration": {"10.0.0.112": 314.4068}}, "MIR4": {"localIpCount": 5, "localIpFrequency": {"10.0.0.200": 2, "10.0.0.128": 3, "10.0.0.232": 1, "10.0.0.22": 10, "10.0.0.30": 1}, "localIpTotalDuration": 19437.0422, "localIpDuration": {"10.0.0.200": 25.528, "10.0.0.128": 476.8967, "10.0.0.232": 180.0, "10.0.0.22": 18378.6681, "10.0.0.30": 375.9494}}, "Sonic Forces": {"localIpCount": 2, "localIpFrequency": {"10.0.1.104": 14, "10.0.0.9": 2}, "localIpTotalDuration": 40911.997599999995, "localIpDuration": {"10.0.1.104": 37002.2242, "10.0.0.9": 3909.7734}}, "League of Legends: Wild Rift": {"localIpCount": 6, "localIpFrequency": {"10.0.4.35": 1, "10.0.3.253": 20, "10.0.1.66": 1, "10.0.4.61": 12, "10.0.4.70": 10, "10.0.0.13": 24}, "localIpTotalDuration": 109137.89810000002, "localIpDuration": {"10.0.4.35": 1138.0627, "10.0.3.253": 32741.756899999993, "10.0.1.66": 622.5411, "10.0.4.61": 17214.6616, "10.0.4.70": 13136.5305, "10.0.0.13": 44284.3453}}, "PUBG Mobile": {"localIpCount": 27, "localIpFrequency": {"10.0.0.227": 2, "10.0.0.211": 15, "10.0.0.228": 1, "10.0.0.39": 22, "10.0.0.111": 15, "10.0.4.38": 1, "10.0.0.229": 5, "10.0.1.138": 5, "10.0.1.150": 1, "10.0.4.42": 1, "10.0.0.189": 1, "10.0.4.65": 14, "10.0.4.67": 1, "10.0.0.235": 5, "10.0.4.73": 1, "10.0.0.239": 1, "10.0.1.178": 1, "10.0.0.242": 1, "10.0.0.244": 1, "10.0.0.249": 4, "10.0.0.251": 2, "10.0.0.253": 2, "10.0.4.20": 1, "10.0.0.2": 2, "10.0.0.13": 1, "10.0.0.15": 8, "10.0.0.30": 2}, "localIpTotalDuration": 363304.5481999998, "localIpDuration": {"10.0.0.227": 5176.999900000001, "10.0.0.211": 70555.40620000001, "10.0.0.228": 8621.0005, "10.0.0.39": 33050.966, "10.0.0.111": 39753.799600000006, "10.0.4.38": 1841.8488, "10.0.0.229": 9365.8689, "10.0.1.138": 73056.32010000001, "10.0.1.150": 318.9789, "10.0.4.42": 3332.1065, "10.0.0.189": 15478.9992, "10.0.4.65": 13681.8481, "10.0.4.67": 410.5913, "10.0.0.235": 11178.845099999999, "10.0.4.73": 705.5515, "10.0.0.239": 7363.8974, "10.0.1.178": 395.9495, "10.0.0.242": 3635.1528, "10.0.0.244": 4041.0008, "10.0.0.249": 7670.957, "10.0.0.251": 3876.9993999999997, "10.0.0.253": 8509.9992, "10.0.4.20": 1795.9977, "10.0.0.2": 10237.0018, "10.0.0.13": 12207.8471, "10.0.0.15": 15356.2956, "10.0.0.30": 1684.3193}}, "Lineage W": {"localIpCount": 1, "localIpFrequency": {"10.0.1.135": 1}, "localIpTotalDuration": 0.0001, "localIpDuration": {"10.0.1.135": 0.0001}}, "Roblox": {"localIpCount": 13, "localIpFrequency": {"10.0.0.112": 19, "10.0.0.234": 1, "10.0.4.51": 10, "10.0.1.162": 2, "10.0.1.182": 3, "10.0.0.238": 1, "10.0.1.187": 1, "10.0.1.104": 2, "10.0.2.232": 2, "10.0.0.5": 5, "10.0.0.36": 1, "10.0.1.48": 9, "10.0.0.20": 13}, "localIpTotalDuration": 160612.9028, "localIpDuration": {"10.0.0.112": 62039.830599999994, "10.0.0.234": 344.0011, "10.0.4.51": 12132.0649, "10.0.1.162": 4185.272199999999, "10.0.1.182": 5838.1029, "10.0.0.238": 427.999, "10.0.1.187": 1800.7987, "10.0.1.104": 8099.7693, "10.0.2.232": 3622.2225, "10.0.0.5": 11244.318200000002, "10.0.0.36": 2811.9511, "10.0.1.48": 16567.881599999997, "10.0.0.20": 31498.690700000003}}, "FIFA ONLINE 4 M": {"localIpCount": 1, "localIpFrequency": {"10.0.0.200": 1}, "localIpTotalDuration": 45.2041, "localIpDuration": {"10.0.0.200": 45.2041}}, "Modern Warships": {"localIpCount": 2, "localIpFrequency": {"10.0.0.132": 10, "10.0.0.8": 4}, "localIpTotalDuration": 19300.265700000004, "localIpDuration": {"10.0.0.132": 14332.5814, "10.0.0.8": 4967.6843}}, "Genshin Impact": {"localIpCount": 9, "localIpFrequency": {"10.0.4.14": 24, "10.0.2.32": 26, "10.0.0.9": 3, "10.0.1.104": 1, "10.0.2.185": 6, "10.0.1.224": 4, "10.0.0.18": 8, "10.0.0.22": 2, "10.0.0.28": 2}, "localIpTotalDuration": 131612.65339999998, "localIpDuration": {"10.0.4.14": 37515.4895, "10.0.2.32": 60588.79369999999, "10.0.0.9": 2211.3914000000004, "10.0.1.104": 210.6967, "10.0.2.185": 9822.759600000001, "10.0.1.224": 5144.7183, "10.0.0.18": 12777.457299999998, "10.0.0.22": 2430.1166999999996, "10.0.0.28": 911.2302}}, "Blue Archive": {"localIpCount": 1, "localIpFrequency": {"10.0.0.5": 2}, "localIpTotalDuration": 1871.0046, "localIpDuration": {"10.0.0.5": 1871.0046}}, "Brawl Stars": {"localIpCount": 5, "localIpFrequency": {"10.0.0.132": 2, "10.0.0.78": 3, "10.0.1.48": 2, "10.0.4.20": 3, "10.0.0.23": 4}, "localIpTotalDuration": 18816.225700000003, "localIpDuration": {"10.0.0.132": 214.2122, "10.0.0.78": 3296.2982, "10.0.1.48": 1614.2527, "10.0.4.20": 4315.3539, "10.0.0.23": 9376.1087}}, "Pok\u00e9mon GO": {"localIpCount": 2, "localIpFrequency": {"10.0.0.132": 1, "10.0.0.5": 2}, "localIpTotalDuration": 1791.125, "localIpDuration": {"10.0.0.132": 919.5487, "10.0.0.5": 871.5763}}, "Clash of Clan": {"localIpCount": 4, "localIpFrequency": {"10.0.0.211": 10, "10.0.0.132": 3, "10.0.0.8": 2, "10.0.0.2": 3}, "localIpTotalDuration": 13289.121700000002, "localIpDuration": {"10.0.0.211": 5963.053000000001, "10.0.0.132": 95.3969, "10.0.0.8": 0.3176, "10.0.0.2": 7230.3542}}, "Roblox (Adopt Me!)": {"localIpCount": 10, "localIpFrequency": {"10.0.0.112": 13, "10.0.4.51": 7, "10.0.1.162": 2, "10.0.1.182": 3, "10.0.0.238": 1, "10.0.1.187": 3, "10.0.2.232": 1, "10.0.0.5": 3, "10.0.1.48": 6, "10.0.0.20": 7}, "localIpTotalDuration": 37273.691900000005, "localIpDuration": {"10.0.0.112": 11102.015800000001, "10.0.4.51": 3219.7964, "10.0.1.162": 1355.4598, "10.0.1.182": 2138.7135, "10.0.0.238": 96.9997, "10.0.1.187": 1914.5915, "10.0.2.232": 1693.8479, "10.0.0.5": 1736.0469999999998, "10.0.1.48": 7841.0857, "10.0.0.20": 6175.1346}}, "Hero Blaze: Three Kingdoms": {"localIpCount": 7, "localIpFrequency": {"10.0.1.122": 1, "10.0.0.125": 1, "10.0.1.147": 7, "10.0.0.225": 1, "10.0.1.65": 2, "10.0.1.208": 1, "10.0.0.126": 1}, "localIpTotalDuration": 8277.7232, "localIpDuration": {"10.0.1.122": 985.5842, "10.0.0.125": 28.0005, "10.0.1.147": 6534.8763, "10.0.0.225": 7.1988, "10.0.1.65": 432.1172, "10.0.1.208": 94.9971, "10.0.0.126": 194.9491}}}