{"Blue Archive": {"localIpCount": 2, "localIpFrequency": {"10.0.0.108": 1, "10.0.4.124": 4}, "localIpTotalDuration": 4103.0675, "localIpDuration": {"10.0.0.108": 782.0287, "10.0.4.124": 3321.0388}}, "WePlay - Party Game & Chat": {"localIpCount": 3, "localIpFrequency": {"10.0.1.172": 5, "10.0.0.55": 4, "10.0.2.184": 1}, "localIpTotalDuration": 8929.017199999998, "localIpDuration": {"10.0.1.172": 2548.0936, "10.0.0.55": 6227.894, "10.0.2.184": 153.0296}}, "Ninja Must Die": {"localIpCount": 1, "localIpFrequency": {"10.0.4.104": 1}, "localIpTotalDuration": 0.0, "localIpDuration": {"10.0.4.104": 0.0}}, "Genshin Impact": {"localIpCount": 2, "localIpFrequency": {"10.0.1.106": 1, "10.0.2.112": 2}, "localIpTotalDuration": 4059.1095, "localIpDuration": {"10.0.1.106": 630.0, "10.0.2.112": 3429.1095}}, "Sky Warriors": {"localIpCount": 1, "localIpFrequency": {"10.0.0.239": 1}, "localIpTotalDuration": 405.058, "localIpDuration": {"10.0.0.239": 405.058}}, "Brawl Stars": {"localIpCount": 20, "localIpFrequency": {"10.0.1.200": 3, "10.0.4.68": 3, "10.0.0.201": 2, "10.0.3.249": 1, "10.0.0.9": 3, "10.0.1.60": 1, "10.0.3.47": 2, "10.0.0.219": 1, "10.0.0.97": 2, "10.0.1.126": 3, "10.0.2.26": 2, "10.0.4.105": 1, "10.0.0.89": 1, "10.0.2.20": 1, "10.0.3.46": 1, "10.0.1.163": 1, "10.0.0.250": 2, "10.0.4.104": 1, "10.0.0.240": 1, "10.0.4.72": 1}, "localIpTotalDuration": 44509.7, "localIpDuration": {"10.0.1.200": 3627.0666999999994, "10.0.4.68": 4940.930399999999, "10.0.0.201": 3234.0043, "10.0.3.249": 1770.3984, "10.0.0.9": 4787.2266, "10.0.1.60": 1773.0463, "10.0.3.47": 2763.094, "10.0.0.219": 1799.9982, "10.0.0.97": 3464.1933, "10.0.1.126": 2177.0148, "10.0.2.26": 3502.1827000000003, "10.0.4.105": 836.9827, "10.0.0.89": 738.0082, "10.0.2.20": 1773.1261, "10.0.3.46": 1701.994, "10.0.1.163": 483.0027, "10.0.0.250": 2736.4027, "10.0.4.104": 1791.2474, "10.0.0.240": 483.0039, "10.0.4.72": 126.7766}}, "Cookie Run: Kingdom": {"localIpCount": 2, "localIpFrequency": {"10.0.1.224": 4, "10.0.3.83": 1}, "localIpTotalDuration": 5294.0581, "localIpDuration": {"10.0.1.224": 5086.0108, "10.0.3.83": 208.0473}}, "Zombie High School": {"localIpCount": 1, "localIpFrequency": {"10.0.1.224": 3}, "localIpTotalDuration": 135.2291, "localIpDuration": {"10.0.1.224": 135.2291}}, "Roblox": {"localIpCount": 64, "localIpFrequency": {"10.0.1.134": 2, "10.0.0.18": 3, "10.0.1.147": 1, "10.0.1.200": 3, "10.0.1.121": 7, "10.0.1.201": 14, "10.0.0.237": 6, "10.0.0.243": 4, "10.0.1.65": 9, "10.0.0.145": 6, "10.0.1.107": 1, "10.0.1.145": 1, "10.0.4.6": 1, "10.0.0.9": 4, "10.0.0.2": 4, "10.0.0.21": 1, "10.0.3.69": 1, "10.0.1.106": 2, "10.0.1.154": 3, "10.0.0.123": 1, "10.0.1.137": 1, "10.0.0.65": 2, "10.0.3.249": 1, "10.0.0.53": 1, "10.0.1.0": 1, "10.0.1.126": 2, "10.0.0.219": 3, "10.0.0.193": 1, "10.0.1.161": 1, "10.0.0.113": 2, "10.0.1.18": 1, "10.0.0.201": 2, "10.0.1.217": 1, "10.0.0.179": 1, "10.0.0.221": 1, "10.0.1.54": 1, "10.0.1.168": 1, "10.0.0.71": 3, "10.0.1.225": 1, "10.0.4.109": 1, "10.0.0.180": 1, "10.0.1.3": 2, "10.0.0.59": 1, "10.0.0.207": 1, "10.0.0.131": 1, "10.0.0.7": 1, "10.0.1.28": 1, "10.0.1.40": 1, "10.0.1.231": 2, "10.0.1.31": 1, "10.0.0.95": 1, "10.0.1.55": 1, "10.0.2.37": 1, "10.0.0.125": 2, "10.0.1.8": 1, "10.0.0.90": 1, "10.0.1.204": 1, "10.0.0.147": 2, "10.0.1.85": 2, "10.0.2.90": 1, "10.0.1.166": 1, "10.0.2.127": 1, "10.0.1.233": 2, "10.0.3.63": 1}, "localIpTotalDuration": 230954.87229999996, "localIpDuration": {"10.0.1.134": 3597.2585, "10.0.0.18": 5395.9096, "10.0.1.147": 1798.6377, "10.0.1.200": 5395.895, "10.0.1.121": 12591.427899999999, "10.0.1.201": 25182.024599999997, "10.0.0.237": 10791.816200000001, "10.0.0.243": 7195.281000000001, "10.0.1.65": 16188.122, "10.0.0.145": 10793.7369, "10.0.1.107": 1798.6385, "10.0.1.145": 1798.9517, "10.0.4.6": 1800.0, "10.0.0.9": 6454.2608, "10.0.0.2": 7187.5684, "10.0.0.21": 1791.0737, "10.0.3.69": 1798.8125, "10.0.1.106": 3597.2142, "10.0.1.154": 5396.2545, "10.0.0.123": 1799.6148, "10.0.1.137": 1798.6371, "10.0.0.65": 3599.687, "10.0.3.249": 1799.6868, "10.0.0.53": 1799.6007, "10.0.1.0": 748.9998, "10.0.1.126": 3597.2686000000003, "10.0.0.219": 5396.322, "10.0.0.193": 1791.1178, "10.0.1.161": 1798.6387, "10.0.0.113": 3599.5258, "10.0.1.18": 1799.84, "10.0.0.201": 1946.9968, "10.0.1.217": 1798.6368, "10.0.0.179": 1798.6101, "10.0.0.221": 1798.6236, "10.0.1.54": 1798.6336, "10.0.1.168": 1798.619, "10.0.0.71": 5395.852, "10.0.1.225": 1798.6341, "10.0.4.109": 1799.4709, "10.0.0.180": 1798.5936, "10.0.1.3": 3590.6309, "10.0.0.59": 1799.5897, "10.0.0.207": 1798.6346, "10.0.0.131": 503.9998, "10.0.0.7": 1800.0002, "10.0.1.28": 1798.6399, "10.0.1.40": 1799.6231, "10.0.1.231": 3597.2389999999996, "10.0.1.31": 1799.9558, "10.0.0.95": 1798.4378, "10.0.1.55": 1799.7269, "10.0.2.37": 1799.5896, "10.0.0.125": 3597.1793, "10.0.1.8": 154.0008, "10.0.0.90": 1799.9999, "10.0.1.204": 1798.6455, "10.0.0.147": 3520.6401, "10.0.1.85": 3597.2543, "10.0.2.90": 1800.0, "10.0.1.166": 1798.646, "10.0.2.127": 1791.0845, "10.0.1.233": 3597.2758, "10.0.3.63": 1799.5855}}, "FIFA Mobile": {"localIpCount": 13, "localIpFrequency": {"10.0.1.196": 1, "10.0.0.180": 3, "10.0.1.107": 1, "10.0.3.178": 2, "10.0.3.47": 4, "10.0.1.148": 9, "10.0.1.133": 1, "10.0.1.40": 3, "10.0.0.217": 1, "10.0.3.216": 1, "10.0.3.147": 1, "10.0.1.126": 3, "10.0.0.240": 1}, "localIpTotalDuration": 37612.670999999995, "localIpDuration": {"10.0.1.196": 1000.9997, "10.0.0.180": 1841.0023, "10.0.1.107": 1686.9999, "10.0.3.178": 899.9140000000001, "10.0.3.47": 4851.0302, "10.0.1.148": 12964.684599999999, "10.0.1.133": 735.0008, "10.0.1.40": 4113.0344, "10.0.0.217": 1710.1642, "10.0.3.216": 1790.7969, "10.0.3.147": 720.0342, "10.0.1.126": 3703.0022, "10.0.0.240": 1596.0076}}, "\ucef4\ud22c\uc2a4\ud504\ub85c\uc57c\uad6cV22": {"localIpCount": 1, "localIpFrequency": {"10.0.1.162": 1}, "localIpTotalDuration": 0.0069, "localIpDuration": {"10.0.1.162": 0.0069}}, "FIFA ONLINE 4 M": {"localIpCount": 6, "localIpFrequency": {"10.0.0.180": 2, "10.0.1.148": 4, "10.0.1.133": 1, "10.0.1.157": 1, "10.0.1.126": 3, "10.0.4.50": 1}, "localIpTotalDuration": 6609.094399999999, "localIpDuration": {"10.0.0.180": 189.0062, "10.0.1.148": 2680.9934, "10.0.1.133": 1470.0049, "10.0.1.157": 0.0, "10.0.1.126": 2107.0457, "10.0.4.50": 162.0442}}, "\ucef4\ud22c\uc2a4\ud504\ub85c\uc57c\uad6c2022": {"localIpCount": 2, "localIpFrequency": {"10.0.0.72": 6, "10.0.0.230": 2}, "localIpTotalDuration": 10070.9714, "localIpDuration": {"10.0.0.72": 8279.8773, "10.0.0.230": 1791.0940999999998}}, "Pok\u00e9mon Unite": {"localIpCount": 5, "localIpFrequency": {"10.0.4.68": 2, "10.0.1.28": 1, "10.0.1.106": 6, "10.0.0.61": 2, "10.0.1.126": 1}, "localIpTotalDuration": 12839.177499999998, "localIpDuration": {"10.0.4.68": 3060.1216999999997, "10.0.1.28": 476.0006, "10.0.1.106": 7112.041499999999, "10.0.0.61": 1841.0028, "10.0.1.126": 350.0109}}, "Call of Duty: Mobile": {"localIpCount": 1, "localIpFrequency": {"10.0.3.228": 1}, "localIpTotalDuration": 0.0007, "localIpDuration": {"10.0.3.228": 0.0007}}, "KartRider Rush+": {"localIpCount": 1, "localIpFrequency": {"10.0.1.22": 2}, "localIpTotalDuration": 308.0202, "localIpDuration": {"10.0.1.22": 308.0202}}, "Clash Royale": {"localIpCount": 1, "localIpFrequency": {"10.0.0.221": 1}, "localIpTotalDuration": 0.0007, "localIpDuration": {"10.0.0.221": 0.0007}}, "DRAGON BALL LEGENDS": {"localIpCount": 2, "localIpFrequency": {"10.0.1.60": 3, "10.0.1.67": 1}, "localIpTotalDuration": 3123.5054999999998, "localIpDuration": {"10.0.1.60": 2772.4689, "10.0.1.67": 351.0366}}, "Minecraft": {"localIpCount": 7, "localIpFrequency": {"10.0.0.77": 1, "10.0.0.90": 4, "10.0.1.106": 5, "10.0.0.119": 2, "10.0.4.69": 2, "10.0.1.170": 2, "10.0.0.168": 2}, "localIpTotalDuration": 14490.994599999998, "localIpDuration": {"10.0.0.77": 693.0, "10.0.0.90": 2636.9509, "10.0.1.106": 4298.008699999999, "10.0.0.119": 1061.9608, "10.0.4.69": 27.0108, "10.0.1.170": 3072.9424, "10.0.0.168": 2701.121}}, "Pok\u00e9mon GO": {"localIpCount": 4,