{"\ud0d5\ud0d5\ud2b9\uacf5\ub300": {"localIpCount": 4, "localIpFrequency": {"10.0.2.172": 3, "10.0.2.231": 5, "10.0.3.120": 1, "10.0.5.22": 1}, "localIpTotalDuration": 9465.977499999997, "localIpDuration": {"10.0.2.172": 3732.9983999999995, "10.0.2.231": 5298.9586, "10.0.3.120": 395.0052, "10.0.5.22": 39.0153}}, "Roblox": {"localIpCount": 63, "localIpFrequency": {"10.0.3.112": 11, "10.0.4.95": 1, "10.0.2.142": 1, "10.0.3.69": 10, "10.0.4.100": 1, "10.0.4.49": 5, "10.0.2.172": 5, "10.0.4.104": 1, "10.0.1.171": 1, "10.0.2.112": 4, "10.0.0.108": 1, "10.0.1.26": 1, "10.0.3.187": 7, "10.0.5.41": 1, "10.0.2.144": 1, "10.0.4.69": 1, "10.0.2.168": 3, "10.0.0.100": 1, "10.0.0.92": 1, "10.0.3.60": 2, "10.0.3.245": 4, "10.0.5.65": 1, "10.0.4.108": 2, "10.0.1.44": 1, "10.0.3.61": 5, "10.0.4.110": 1, "10.0.0.159": 2, "10.0.2.194": 1, "10.0.0.73": 1, "10.0.3.217": 1, "10.0.0.149": 1, "10.0.3.55": 5, "10.0.0.214": 1, "10.0.2.117": 1, "10.0.2.243": 1, "10.0.0.81": 1, "10.0.3.3": 1, "10.0.1.173": 2, "10.0.2.128": 2, "10.0.0.189": 1, "10.0.2.156": 1, "10.0.2.178": 1, "10.0.0.89": 1, "10.0.1.113": 1, "10.0.4.109": 1, "10.0.1.64": 1, "10.0.1.207": 1, "10.0.4.115": 3, "10.0.3.56": 1, "10.0.1.102": 1, "10.0.5.71": 1, "10.0.3.123": 1, "10.0.3.106": 3, "10.0.0.144": 1, "10.0.2.125": 1, "10.0.2.32": 5, "10.0.0.3": 1, "10.0.4.193": 1, "10.0.3.95": 1, "10.0.2.250": 1, "10.0.0.175": 1, "10.0.4.212": 1, "10.0.0.69": 1}, "localIpTotalDuration": 216036.18050000005, "localIpDuration": {"10.0.3.112": 19478.2978, "10.0.4.95": 1427.6543, "10.0.2.142": 1796.0013, "10.0.3.69": 17959.2932, "10.0.4.100": 1079.359, "10.0.4.49": 8071.3634999999995, "10.0.2.172": 7108.2768, "10.0.4.104": 391.997, "10.0.1.171": 1462.0055, "10.0.2.112": 7196.627200000001, "10.0.0.108": 1799.049, "10.0.1.26": 1799.4568, "10.0.3.187": 12590.614200000002, "10.0.5.41": 1799.4585, "10.0.2.144": 1798.0018, "10.0.4.69": 1799.5385, "10.0.2.168": 5390.968800000001, "10.0.0.100": 1799.9996, "10.0.0.92": 1799.5227, "10.0.3.60": 3599.6524, "10.0.3.245": 7194.608200000001, "10.0.5.65": 1799.5961, "10.0.4.108": 3599.6111, "10.0.1.44": 1799.2061, "10.0.3.61": 8990.6526, "10.0.4.110": 1799.6288, "10.0.0.159": 3598.8770999999997, "10.0.2.194": 1799.1395, "10.0.0.73": 1799.1763, "10.0.3.217": 1799.66, "10.0.0.149": 1799.1855, "10.0.3.55": 7698.9205999999995, "10.0.0.214": 1799.5008, "10.0.2.117": 1797.6234, "10.0.2.243": 1799.6456, "10.0.0.81": 1799.1254, "10.0.3.3": 1799.4148, "10.0.1.173": 3599.1713, "10.0.2.128": 3599.2814, "10.0.0.189": 1799.9993, "10.0.2.156": 1799.0003, "10.0.2.178": 1799.6574, "10.0.0.89": 1799.9929, "10.0.1.113": 1799.7734, "10.0.4.109": 1799.6105, "10.0.1.64": 1799.3927, "10.0.1.207": 1799.4899, "10.0.4.115": 5397.8771, "10.0.3.56": 1799.7219, "10.0.1.102": 1799.6478, "10.0.5.71": 1799.9947, "10.0.3.123": 1697.0009, "10.0.3.106": 5140.601000000001, "10.0.0.144": 1799.4324, "10.0.2.125": 1799.5087, "10.0.2.32": 8994.9668, "10.0.0.3": 1799.4306, "10.0.4.193": 1799.5033, "10.0.3.95": 1799.6045, "10.0.2.250": 594.0017, "10.0.0.175": 1799.6478, "10.0.4.212": 1799.601, "10.0.0.69": 1799.5614}}, "KartRider Rush+": {"localIpCount": 7, "localIpFrequency": {"10.0.2.97": 4, "10.0.2.194": 1, "10.0.1.147": 2, "10.0.1.132": 3, "10.0.0.53": 1, "10.0.3.95": 1, "10.0.0.186": 1}, "localIpTotalDuration": 10026.055599999998, "localIpDuration": {"10.0.2.97": 4770.0193, "10.0.2.194": 0.0, "10.0.1.147": 981.9791, "10.0.1.132": 3523.0447000000004, "10.0.0.53": 289.0016, "10.0.3.95": 34.0235, "10.0.0.186": 427.9874}}, "Pok\u00e9mon Unite": {"localIpCount": 3, "localIpFrequency": {"10.0.5.64": 2, "10.0.4.0": 3, "10.0.3.175": 2}, "localIpTotalDuration": 6208.0414, "localIpDuration": {"10.0.5.64": 3000.0134, "10.0.4.0": 1581.9332, "10.0.3.175": 1626.0948}}, "DRAGON BALL LEGENDS": {"localIpCount": 3, "localIpFrequency": {"10.0.0.42": 4, "10.0.2.149": 1, "10.0.2.135": 1}, "localIpTotalDuration": 2579.9501999999998, "localIpDuration": {"10.0.0.42": 1070.9097, "10.0.2.149": 171.9664, "10.0.2.135": 1337.0741}}, "Minecraft": {"localIpCount": 13, "localIpFrequency": {"10.0.1.114": 3, "10.0.3.112": 1, "10.0.0.14": 1, "10.0.2.7": 2, "10.0.0.150": 3, "10.0.1.219": 2, "10.0.0.208": 1, "10.0.5.59": 1, "10.0.0.164": 1, "10.0.0.229": 1, "10.0.1.166": 1, "10.0.2.156": 4, "10.0.0.186": 1}, "localIpTotalDuration": 24299.145300000004, "localIpDuration": {"10.0.1.114": 3528.9824, "10.0.3.112": 406.9987, "10.0.0.14": 299.0459, "10.0.2.7": 1897.0399, "10.0.0.150": 3280.0353999999998, "10.0.1.219": 3184.0254, "10.0.0.208": 1223.0449, "10.0.5.59": 273.9756, "10.0.0.164": 1775.1031, "10.0.0.229": 1506.9812, "10.0.1.166": 783.9246, "10.0.2.156": 5443.0017, "10.0.0.186": 696.9865}}, "Mech Arena": {"localIpCount": 1, "localIpFrequency": {"10.0.0.118": 4}, "localIpTotalDuration": 4628.8849, "localIpDuration": {"10.0.0.118": 4628.8849}}, "Free Fire": {"localIpCount": 3, "localIpFrequency": {"10.0.1.155": 11, "10.0.3.119": 5, "10.0.0.83": 1}, "localIpTotalDuration": 20635.9934, "localIpDuration": {"10.0.1.155": 12404.0011, "10.0.3.119": 7528.9908, "10.0.0.83": 703.0015}}, "Call of Duty: Mobile": {"localIpCount": 1, "localIpFrequency": {"10.0.5.65": 1}, "localIpTotalDuration": 1186.0448, "localIpDuration": {"10.0.5.65": 1186.0448}}, "Brawl Stars": {"localIpCount": 12, "localIpFrequency": {"10.0.3.163": 6, "10.0.3.189": 6, "10.0.0.43": 1, "10.0.1.40": 5, "10.0.2.231": 1, "10.0.0.98": 2, "10.0.1.209": 1, "10.0.0.184": 1, "10.0.1.167": 1, "10.0.0.162": 1, "10.0.4.75": 2, "10.0.2.61": 1}, "localIpTotalDuration": 36557.87539999999, "localIpDuration": {"10.0.3.163": 7335.362000000001, "10.0.3.189": 6178.9944000000005, "10.0.0.43": 1761.0615, "10.0.1.40": 8153.2291000000005, "10.0.2.231": 240.9417, "10.0.0.98": 3445.1428, "10.0.1.209": 681.0275, "10.0.0.184": 1751.0663, "10.0.1.167": 1535.9271, "10.0.0.162": 1755.0471, "10.0.4.75": 2029.0471, "10.0.2.61": 1691.0288}}, "PUBG Mobile": {"localIpCount": 13, "localIpFrequency": {"10.0.1.134": 14, "10.0.1.63": 2, "10.0.1.194": 1, "10.0.4.105": 1, "10.0.5.41": 1, "10.0.1.59": 5, "10.0.1.98": 3, "10.0.3.168": 1, "10.0.4.102": 1, "10.0.1.64": 1, "10.0.0.40": 1, "10.0.4.113": 6, "10.0.3.95": 1}, "localIpTotalDuration": 28891.4807, "localIpDuration": {"10.0.1.134": 8118.9963, "10.0.1.63": 0.0001, "10.0.1.194": 346.9975, "10.0.4.105": 425.9999, "10.0.5.41": 1798.0117, "10.0.1.59": 4774.4874, "10.0.1.98": 3757.0017, "10.0.3.168": 613.006, "10.0.4.102": 655.9994, "10.0.1.64": 1756.9511, "10.0.0.40": 133.0328, "10.0.4.113": 4779.0098, "10.0.3.95": 1731.987}}, "Zombie High School": {"localIpCount": 2, "localIpFrequency": {"10.0.0.40": 2, "10.0.5.65": 1}, "localIpTotalDuration": 1513.2008, "localIpDuration": {"10.0.0.40": 1412.1099000000002, "10.0.5.65": 101.0909}}, "HATSUNE MIKU: COLORFUL STAGE!": {"localIpCount": 3, "localIpFrequency": {"10.0.3.189": 2, "10.0.1.98": 1, "10.0.3.46": 2}, "localIpTotalDuration": 3437.0270000000005, "localIpDuration": {"10.0.3.189": 736.9929999999999, "10.0.1.98": 503.0021, "10.0.3.46": 2197.0319}}, "MIR4": {"localIpCount": 1, "localIpFrequency": {"10.0.2.189": 1}, "localIpTotalDuration": 384.9882, "localIpDuration": {"10.0.2.189": 384.9882}}, "FIFA ONLINE 4 M": {"localIpCount": 3, "localIpFrequency": {"10.0.0.86": 1, "10.0.4.0": 4, "10.0.5.72": 1}, "localIpTotalDuration": 4484.1089, "localIpDuration": {"10.0.0.86": 21.9716, "10.0.4.0": 4407.0868, "10.0.5.72": 55.0505}}, "Cookie Run: Kingdom": {"localIpCount": 3, "localIpFrequency": {"10.0.0.9": 20, "10.0.3.163": 4, "10.0.2.172": 1}, "localIpTotalDuration": 34331.5992, "localIpDuration": {"10.0.0.9": 28263.899599999997, "10.0.3.163": 5756.0465, "10.0.2.172": 311.6531}}, "ZEPETO": {"localIpCount": 4, "localIpFrequency": {"10.0.4.49": 6, "10.0.3.223": 8, "10.0.3.46": 3, "10.0.2.124": 1}, "localIpTotalDuration": 10751.030899999998, "localIpDuration": {"10.0.4.49": 1856.0034, "10.0.3.223": 3530.9617000000003, "10.0.3.46": 3811.0316, "10.0.2.124": 1553.0342}}, "Modern Combat": {"localIpCount": 2, "localIpFrequency": {"10.0.3.163": 3, "10.0.0.142": 2},