{"Diablo Immortal": {"localIpCount": 1, "localIpFrequency": {"10.0.2.57": 9}, "localIpTotalDuration": 13878.043199999998, "localIpDuration": {"10.0.2.57": 13878.043199999998}}, "Zombie High School": {"localIpCount": 2, "localIpFrequency": {"10.0.3.109": 6, "10.0.0.66": 2}, "localIpTotalDuration": 7278.000400000001, "localIpDuration": {"10.0.3.109": 7145.926400000001, "10.0.0.66": 132.074}}, "KartRider Rush+": {"localIpCount": 5, "localIpFrequency": {"10.0.1.27": 1, "10.0.3.63": 1, "10.0.0.150": 1, "10.0.3.148": 1, "10.0.1.177": 1}, "localIpTotalDuration": 1699.9618, "localIpDuration": {"10.0.1.27": 131.9937, "10.0.3.63": 0.0, "10.0.0.150": 1101.9617, "10.0.3.148": 261.9971, "10.0.1.177": 204.0093}}, "Random Dice: Defense": {"localIpCount": 1, "localIpFrequency": {"10.0.2.78": 1}, "localIpTotalDuration": 261.967, "localIpDuration": {"10.0.2.78": 261.967}}, "Minecraft": {"localIpCount": 7, "localIpFrequency": {"10.0.0.187": 1, "10.0.0.224": 3, "10.0.0.15": 10, "10.0.1.182": 1, "10.0.0.186": 1, "10.0.1.99": 4, "10.0.2.90": 5}, "localIpTotalDuration": 30660.0542, "localIpDuration": {"10.0.0.187": 903.9928, "10.0.0.224": 2888.0074000000004, "10.0.0.15": 15011.617199999999, "10.0.1.182": 970.4497, "10.0.0.186": 1800.0, "10.0.1.99": 4580.0041, "10.0.2.90": 4505.983}}, "WePlay - Party Game & Chat": {"localIpCount": 6, "localIpFrequency": {"10.0.0.62": 6, "10.0.0.92": 2, "10.0.0.185": 4, "10.0.0.172": 2, "10.0.0.70": 6, "10.0.2.90": 1}, "localIpTotalDuration": 26189.8238, "localIpDuration": {"10.0.0.62": 4724.0228, "10.0.0.92": 3167.9982, "10.0.0.185": 5273.4583, "10.0.0.172": 2058.0065, "10.0.0.70": 9178.3487, "10.0.2.90": 1787.9893}}, "Cookie Run: Kingdom": {"localIpCount": 2, "localIpFrequency": {"10.0.1.43": 3, "10.0.0.67": 2}, "localIpTotalDuration": 5607.983800000001, "localIpDuration": {"10.0.1.43": 3487.9858000000004, "10.0.0.67": 2119.998}}, "Gunship Battle: Crypto Conflict": {"localIpCount": 1, "localIpFrequency": {"10.0.0.8": 2}, "localIpTotalDuration": 2836.0032, "localIpDuration": {"10.0.0.8": 2836.0032}}, "Modern Combat": {"localIpCount": 1, "localIpFrequency": {"10.0.3.39": 2}, "localIpTotalDuration": 2998.0119999999997, "localIpDuration": {"10.0.3.39": 2998.0119999999997}}, "\ucef4\ud22c\uc2a4\ud504\ub85c\uc57c\uad6c2022": {"localIpCount": 1, "localIpFrequency": {"10.0.0.153": 1}, "localIpTotalDuration": 599.9967, "localIpDuration": {"10.0.0.153": 599.9967}}, "FreezeTag Online": {"localIpCount": 1, "localIpFrequency": {"10.0.0.108": 2}, "localIpTotalDuration": 967.9782, "localIpDuration": {"10.0.0.108": 967.9782}}, "Guardian Tales": {"localIpCount": 1, "localIpFrequency": {"10.0.2.46": 5}, "localIpTotalDuration": 8542.0254, "localIpDuration": {"10.0.2.46": 8542.0254}}, "Among us": {"localIpCount": 5, "localIpFrequency": {"10.0.1.231": 6, "10.0.2.119": 2, "10.0.0.143": 2, "10.0.0.156": 1, "10.0.0.155": 1}, "localIpTotalDuration": 16712.966799999995, "localIpDuration": {"10.0.1.231": 10008.113399999998, "10.0.2.119": 3030.8759, "10.0.0.143": 1961.9760999999999, "10.0.0.156": 1690.0002, "10.0.0.155": 22.0012}}, "KartRider: Drift": {"localIpCount": 1, "localIpFrequency": {"10.0.2.57": 2}, "localIpTotalDuration": 12.0289, "localIpDuration": {"10.0.2.57": 12.0289}}, "Free Fire": {"localIpCount": 3, "localIpFrequency": {"10.0.0.103": 1, "10.0.0.16": 3, "10.0.2.242": 5}, "localIpTotalDuration": 10383.1158, "localIpDuration": {"10.0.0.103": 164.0143, "10.0.0.16": 4326.0036, "10.0.2.242": 5893.0979}}, "Ninja Must Die": {"localIpCount": 2, "localIpFrequency": {"10.0.0.185": 1, "10.0.0.51": 2}, "localIpTotalDuration": 3248.0002000000004, "localIpDuration": {"10.0.0.185": 1788.0006, "10.0.0.51": 1459.9996}}, "HATSUNE MIKU: COLORFUL STAGE!": {"localIpCount": 1, "localIpFrequency": {"10.0.2.46": 2}, "localIpTotalDuration": 806.0018, "localIpDuration": {"10.0.2.46": 806.0018}}, "\ud0d5\ud0d5\ud2b9\uacf5\ub300": {"localIpCount": 1, "localIpFrequency": {"10.0.0.54": 3}, "localIpTotalDuration": 4727.9725, "localIpDuration": {"10.0.0.54": 4727.9725}}, "The Lord of the Rings: War": {"localIpCount": 2, "localIpFrequency": {"10.0.5.95": 1, "10.0.2.57": 3}, "localIpTotalDuration": 474.0027, "localIpDuration": {"10.0.5.95": 307.9999, "10.0.2.57": 166.0028}}, "Clash Royale": {"localIpCount": 4, "localIpFrequency": {"10.0.2.146": 3, "10.0.0.19": 2, "10.0.3.129": 1, "10.0.1.70": 1}, "localIpTotalDuration": 7066.148499999999, "localIpDuration": {"10.0.2.146": 3404.0481, "10.0.0.19": 3062.0496, "10.0.3.129": 170.0307, "10.0.1.70": 430.0201}}, "PUBG Mobile": {"localIpCount": 23, "localIpFrequency": {"10.0.0.172": 2, "10.0.0.149": 2, "10.0.0.178": 2, "10.0.0.182": 1, "10.0.0.64": 2, "10.0.0.197": 1, "10.0.0.57": 8, "10.0.0.31": 9, "10.0.0.196": 5, "10.0.3.121": 1, "10.0.3.129": 2, "10.0.0.79": 1, "10.0.0.186": 3, "10.0.0.201": 4, "10.0.0.140": 1, "10.0.4.113": 1, "10.0.0.204": 1, "10.0.3.147": 1, "10.0.0.207": 2, "10.0.0.76": 1, "10.0.0.19": 1, "10.0.2.9": 2, "10.0.0.194": 1}, "localIpTotalDuration": 54304.678799999994, "localIpDuration": {"10.0.0.172": 2962.0024999999996, "10.0.0.149": 3208.0033000000003, "10.0.0.178": 3294.0032, "10.0.0.182": 0.0015, "10.0.0.64": 1864.0012000000002, "10.0.0.197": 650.0001, "10.0.0.57": 8227.9458, "10.0.0.31": 9519.4974, "10.0.0.196": 2402.0036, "10.0.3.121": 1799.996, "10.0.3.129": 2815.2504, "10.0.0.79": 1584.0004, "10.0.0.186": 3992.0039, "10.0.0.201": 2936.0011, "10.0.0.140": 1764.0009, "10.0.4.113": 233.9932, "10.0.0.204": 1673.9987, "10.0.3.147": 1737.972, "10.0.0.207": 822.0006999999999, "10.0.0.76": 1172.0011, "10.0.0.19": 210.0003, "10.0.2.9": 992.001, "10.0.0.194": 444.0005}}, "League of Legends: Wild Rift": {"localIpCount": 10, "localIpFrequency": {"10.0.1.50": 8, "10.0.2.169": 12, "10.0.0.73": 4, "10.0.3.125": 1, "10.0.1.229": 1, "10.0.3.131": 2, "10.0.0.19": 1, "10.0.3.96": 1, "10.0.2.209": 1, "10.0.5.50": 1}, "localIpTotalDuration": 44276.147800000006, "localIpDuration": {"10.0.1.50": 11320.0153, "10.0.2.169": 18894.0736, "10.0.0.73": 5179.574500000001, "10.0.3.125": 1532.0383, "10.0.1.229": 431.9963, "10.0.3.131": 3561.5190000000002, "10.0.0.19": 1214.0207, "10.0.3.96": 335.9142, "10.0.2.209": 1344.0018, "10.0.5.50": 462.9941}}, "Call of Duty: Mobile": {"localIpCount": 3, "localIpFrequency": {"10.0.3.3": 1, "10.0.0.51": 2, "10.0.1.27": 1}, "localIpTotalDuration": 2267.9908, "localIpDuration": {"10.0.3.3": 0.0, "10.0.0.51": 1820.0038, "10.0.1.27": 447.987}}, "Pok\u00e9mon Unite": {"localIpCount": 1, "localIpFrequency": {"10.0.0.172": 13}, "localIpTotalDuration": 18176.8549, "localIpDuration": {"10.0.0.172": 18176.8549}}, "Roblox": {"localIpCount": 82, "localIpFrequency": {"10.0.2.142": 11, "10.0.0.89": 2, "10.0.0.129": 5, "10.0.5.33": 8, "10.0.0.180": 1, "10.0.0.27": 2, "10.0.5.42": 15, "10.0.0.25": 2, "10.0.0.156": 2, "10.0.1.48": 2, "10.0.0.153": 2, "10.0.0.175": 5, "10.0.0.166": 2, "10.0.0.48": 4, "10.0.2.224": 4, "10.0.0.198": 2, "10.0.6.21": 2, "10.0.0.171": 4, "10.0.0.29": 2, "10.0.0.71": 1, "10.0.0.38": 4, "10.0.1.11": 1, "10.0.0.155": 1, "10.0.0.173": 1, "10.0.5.181": 3, "10.0.0.149": 2, "10.0.0.151": 1, "10.0.2.11": 1, "10.0.0.31": 2, "10.0.5.80": 2, "10.0.2.202": 2, "10.0.4.84": 3, "10.0.0.181": 5, "10.0.1.102": 1, "10.0.0.34": 3, "10.0.0.134": 2, "10.0.5.34": 3, "10.0.3.3": 1, "10.0.1.113": 1, "10.0.1.99": 11, "10.0.0.185": 3, "10.0.6.27": 1, "10.0.0.23": 1, "10.0.0.63": 1, "10.0.0.154": 1, "10.0.0.102": 2, "10.0.0.51": 1, "10.0.4.204": 3, "10.0.3.33": 1, "10.0.0.197": 1, "10.0.0.4": 1, "10.0.0.182": 1, "10.0.0.44": 1, "10.0.0.13": 1, "10.0.0.186": 3, "10.0.2.78": 1, "10.0.0.190": 2, "10.0.0.225": 2, "10.0.0.206": 1, "10.0.1.192": 1, "10.0.0.165": 4, "10.0.3.79": 1, "10.0.0.43": 7, "10.0.4.14": 1, "10.0.2.100": 1, "10.0.0.67": 1, "10.0.0.194": 3, "10.0.0.45": 7, "10.0.1.81": 1, "10.0.0.96": 2, "10.0.1.193": 1, "10.0.0.205": 1, "10.0.0.150": 2, "10.0.0.234": 1, "10.0.3.90": 1, "10.0.0.35": 1, "10.0.0.172": 1, "10.0.2.109": 1, "10.0.0.113": 1, "10.0.5.55": 1, "10.0.3.116": 1, "10.0.5.39": 1},