{"Hero Blaze: Three Kingdoms": {"localIpCount": 4, "localIpFrequency": {"10.0.0.13": 3, "10.0.0.68": 1, "10.0.0.24": 2, "10.0.0.9": 2}, "localIpTotalDuration": 20746.6913, "localIpDuration": {"10.0.0.13": 188.05130000000003, "10.0.0.68": 13.7956, "10.0.0.24": 13106.2207, "10.0.0.9": 7438.623699999999}}, "Clash of Clan": {"localIpCount": 3, "localIpFrequency": {"10.0.0.33": 10, "10.0.0.8": 10, "10.0.0.84": 1}, "localIpTotalDuration": 9112.077599999999, "localIpDuration": {"10.0.0.33": 8953.4566, "10.0.0.8": 156.46540000000002, "10.0.0.84": 2.1556}}, "PUBG Mobile": {"localIpCount": 25, "localIpFrequency": {"10.0.0.53": 4, "10.0.0.30": 37, "10.0.0.33": 27, "10.0.0.156": 1, "10.0.0.57": 1, "10.0.0.58": 1, "10.0.0.59": 5, "10.0.0.95": 6, "10.0.0.132": 2, "10.0.0.64": 2, "10.0.0.165": 1, "10.0.0.148": 1, "10.0.0.65": 1, "10.0.0.66": 4, "10.0.0.51": 1, "10.0.0.68": 2, "10.0.0.69": 2, "10.0.0.72": 1, "10.0.0.60": 13, "10.0.0.166": 2, "10.0.0.74": 1, "10.0.0.163": 1, "10.0.0.77": 1, "10.0.0.79": 5, "10.0.0.85": 2}, "localIpTotalDuration": 173642.7554000001, "localIpDuration": {"10.0.0.53": 10872.7619, "10.0.0.30": 38007.889899999995, "10.0.0.33": 38050.97520000001, "10.0.0.156": 630.948, "10.0.0.57": 1968.5444, "10.0.0.58": 5838.2025, "10.0.0.59": 14618.936, "10.0.0.95": 2126.7271, "10.0.0.132": 0.0002, "10.0.0.64": 5907.9692000000005, "10.0.0.165": 12690.3317, "10.0.0.148": 159.1525, "10.0.0.65": 3717.9281, "10.0.0.66": 6131.9492, "10.0.0.51": 301.0462, "10.0.0.68": 3433.9982, "10.0.0.69": 3367.5829, "10.0.0.72": 341.0509, "10.0.0.60": 11871.789400000003, "10.0.0.166": 553.5644, "10.0.0.74": 489.9502, "10.0.0.163": 874.993, "10.0.0.77": 557.254, "10.0.0.79": 7958.261600000001, "10.0.0.85": 3170.9487}}, "Asphalt 9: Legends": {"localIpCount": 1, "localIpFrequency": {"10.0.0.5": 2}, "localIpTotalDuration": 343.03200000000004, "localIpDuration": {"10.0.0.5": 343.03200000000004}}, "Birdie Shot": {"localIpCount": 1, "localIpFrequency": {"10.0.0.47": 58}, "localIpTotalDuration": 79551.22459999999, "localIpDuration": {"10.0.0.47": 79551.22459999999}}, "Roblox (Adopt Me!)": {"localIpCount": 9, "localIpFrequency": {"10.0.0.68": 13, "10.0.0.124": 5, "10.0.0.141": 1, "10.0.0.113": 11, "10.0.0.59": 5, "10.0.0.109": 1, "10.0.0.191": 6, "10.0.0.83": 1, "10.0.0.201": 2}, "localIpTotalDuration": 23909.029500000004, "localIpDuration": {"10.0.0.68": 4277.6559, "10.0.0.124": 873.465, "10.0.0.141": 62.0502, "10.0.0.113": 11547.738699999998, "10.0.0.59": 2855.3629, "10.0.0.109": 6.102, "10.0.0.191": 4150.7703, "10.0.0.83": 18.5107, "10.0.0.201": 117.3738}}, "Roblox": {"localIpCount": 12, "localIpFrequency": {"10.0.0.68": 13, "10.0.0.124": 5, "10.0.0.137": 1, "10.0.0.157": 1, "10.0.0.141": 1, "10.0.0.113": 12, "10.0.0.59": 6, "10.0.0.109": 2, "10.0.0.77": 1, "10.0.0.191": 6, "10.0.0.83": 1, "10.0.0.201": 2}, "localIpTotalDuration": 62309.5329, "localIpDuration": {"10.0.0.68": 23081.696099999997, "10.0.0.124": 2708.9063, "10.0.0.137": 878.8978, "10.0.0.157": 285.2543, "10.0.0.141": 490.3051, "10.0.0.113": 17107.7529, "10.0.0.59": 5985.4753, "10.0.0.109": 1097.4075, "10.0.0.77": 1.2075, "10.0.0.191": 8016.628899999999, "10.0.0.83": 522.0002, "10.0.0.201": 2134.001}}, "Modern Warships": {"localIpCount": 2, "localIpFrequency": {"10.0.0.8": 1, "10.0.0.161": 1}, "localIpTotalDuration": 1960.0628000000002, "localIpDuration": {"10.0.0.8": 1240.0494, "10.0.0.161": 720.0134}}, "Genshin Impact": {"localIpCount": 4, "localIpFrequency": {"10.0.0.18": 70, "10.0.0.9": 15, "10.0.0.22": 8, "10.0.0.28": 2}, "localIpTotalDuration": 191791.81039999996, "localIpDuration": {"10.0.0.18": 165276.92769999997, "10.0.0.9": 11841.8012, "10.0.0.22": 13321.137, "10.0.0.28": 1351.9445}}, "League of Legends: Wild Rift": {"localIpCount": 10, "localIpFrequency": {"10.0.0.40": 7, "10.0.0.13": 51, "10.0.0.15": 3, "10.0.0.94": 10, "10.0.0.28": 6, "10.0.0.182": 1, "10.0.0.61": 1, "10.0.0.215": 12, "10.0.0.193": 1, "10.0.0.198": 1}, "localIpTotalDuration": 190572.7711, "localIpDuration": {"10.0.0.40": 9235.0993, "10.0.0.13": 108666.2455, "10.0.0.15": 38048.63, "10.0.0.94": 11387.116399999999, "10.0.0.28": 5497.102700000001, "10.0.0.182": 810.9485, "10.0.0.61": 369.9477, "10.0.0.215": 15629.0583, "10.0.0.193": 382.6123, "10.0.0.198": 546.0104}}, "FIFA Mobile": {"localIpCount": 2, "localIpFrequency": {"10.0.0.61": 1, "10.0.0.44": 1}, "localIpTotalDuration": 1229.3625, "localIpDuration": {"10.0.0.61": 861.1533, "10.0.0.44": 368.2092}}, "Cookie Run: Kingdom": {"localIpCount": 1, "localIpFrequency": {"10.0.0.57": 1}, "localIpTotalDuration": 1261.0517, "localIpDuration": {"10.0.0.57": 1261.0517}}, "Minecraft": {"localIpCount": 2, "localIpFrequency": {"10.0.0.150": 1, "10.0.0.9": 1}, "localIpTotalDuration": 1350.3456999999999, "localIpDuration": {"10.0.0.150": 1318.3636, "10.0.0.9": 31.9821}}, "Odin: Valhalla Rising": {"localIpCount": 1, "localIpFrequency": {"10.0.0.95": 2}, "localIpTotalDuration": 0.0002, "localIpDuration": {"10.0.0.95": 0.0002}}, "MIR4": {"localIpCount": 3, "localIpFrequency": {"10.0.0.70": 20, "10.0.0.91": 11, "10.0.0.44": 1}, "localIpTotalDuration": 85731.60500000003, "localIpDuration": {"10.0.0.70": 65007.44629999999, "10.0.0.91": 20382.211299999995, "10.0.0.44": 341.9474}}, "Pok\u00e9mon GO": {"localIpCount": 1, "localIpFrequency": {"10.0.0.5": 4}, "localIpTotalDuration": 1324.8106, "localIpDuration": {"10.0.0.5": 1324.8106}}, "Ninja Must Die": {"localIpCount": 1, "localIpFrequency": {"10.0.0.40": 2}, "localIpTotalDuration": 572.0027, "localIpDuration": {"10.0.0.40": 572.0027}}, "Summoners War: Chronicles": {"localIpCount": 2, "localIpFrequency": {"10.0.0.34": 1, "10.0.0.44": 2}, "localIpTotalDuration": 855.9987, "localIpDuration": {"10.0.0.34": 855.9985, "10.0.0.44": 0.0002}}, "Brawl Stars": {"localIpCount": 3, "localIpFrequency": {"10.0.0.8": 4, "10.0.0.152": 1, "10.0.0.23": 4}, "localIpTotalDuration": 4627.6802, "localIpDuration": {"10.0.0.8": 860.4286999999999, "10.0.0.152": 0.2584, "10.0.0.23": 3766.9931000000006}}, "The Lord of the Rings: War": {"localIpCount": 1, "localIpFrequency": {"10.0.0.176": 1}, "localIpTotalDuration": 507.9495, "localIpDuration": {"10.0.0.176": 507.9495}}, "Pok\u00e9mon Unite": {"localIpCount": 1, "localIpFrequency": {"10.0.0.152": 2}, "localIpTotalDuration": 1156.1103, "localIpDuration": {"10.0.0.152": 1156.1103}}, "Modern Combat": {"localIpCount": 1, "localIpFrequency": {"10.0.0.5": 2}, "localIpTotalDuration": 0.0002, "localIpDuration": {"10.0.0.5": 0.0002}}, "Gunship Battle: Crypto Conflict": {"localIpCount": 2, "localIpFrequency": {"10.0.0.44": 3, "10.0.0.29": 8}, "localIpTotalDuration": 7213.335999999999, "localIpDuration": {"10.0.0.44": 2182.5817, "10.0.0.29": 5030.7543}}, "GUNS UP! Mobile": {"localIpCount": 1, "localIpFrequency": {"10.0.0.25": 1}, "localIpTotalDuration": 13.7973, "localIpDuration": {"10.0.0.25": 13.7973}}}