{"Random Dice: Defense": {"localIpCount": 1, "localIpFrequency": {"10.0.3.131": 2}, "localIpTotalDuration": 494.25970000000007, "localIpDuration": {"10.0.3.131": 494.25970000000007}}, "Clash of Clan": {"localIpCount": 2, "localIpFrequency": {"10.0.0.132": 4, "10.0.0.211": 5}, "localIpTotalDuration": 1671.2201, "localIpDuration": {"10.0.0.132": 1671.2196000000001, "10.0.0.211": 0.0005}}, "Genshin Impact": {"localIpCount": 8, "localIpFrequency": {"10.0.2.185": 20, "10.0.3.131": 8, "10.0.3.234": 5, "10.0.2.32": 39, "10.0.3.242": 14, "10.0.1.104": 1, "10.0.4.14": 5, "10.0.4.33": 4}, "localIpTotalDuration": 232445.52849999996, "localIpDuration": {"10.0.2.185": 44893.8603, "10.0.3.131": 14328.0823, "10.0.3.234": 8728.6595, "10.0.2.32": 108712.3695, "10.0.3.242": 28925.954100000003, "10.0.1.104": 209.4924, "10.0.4.14": 18132.322, "10.0.4.33": 8514.7884}}, "Call of Duty: Mobile": {"localIpCount": 1, "localIpFrequency": {"10.0.4.30": 1}, "localIpTotalDuration": 1314.9954, "localIpDuration": {"10.0.4.30": 1314.9954}}, "MIR4": {"localIpCount": 3, "localIpFrequency": {"10.0.0.35": 1, "10.0.0.22": 7, "10.0.0.128": 8}, "localIpTotalDuration": 14966.494799999999, "localIpDuration": {"10.0.0.35": 282.8187, "10.0.0.22": 11329.8749, "10.0.0.128": 3353.8012}}, "F1 Clash - Car Racing Manager": {"localIpCount": 1, "localIpFrequency": {"10.0.0.9": 1}, "localIpTotalDuration": 433.097, "localIpDuration": {"10.0.0.9": 433.097}}, "The Lord of the Rings: War": {"localIpCount": 1, "localIpFrequency": {"10.0.4.10": 1}, "localIpTotalDuration": 37.902, "localIpDuration": {"10.0.4.10": 37.902}}, "Among us": {"localIpCount": 1, "localIpFrequency": {"10.0.0.18": 1}, "localIpTotalDuration": 526.0005, "localIpDuration": {"10.0.0.18": 526.0005}}, "PUBG Mobile": {"localIpCount": 20, "localIpFrequency": {"10.0.3.177": 7, "10.0.0.39": 18, "10.0.0.111": 21, "10.0.0.189": 2, "10.0.0.158": 10, "10.0.0.196": 1, "10.0.0.8": 9, "10.0.0.198": 3, "10.0.3.251": 1, "10.0.0.211": 15, "10.0.0.212": 10, "10.0.4.20": 6, "10.0.0.221": 1, "10.0.0.222": 2, "10.0.0.223": 4, "10.0.4.31": 1, "10.0.0.225": 5, "10.0.1.138": 1, "10.0.0.226": 2, "10.0.0.227": 5}, "localIpTotalDuration": 634561.2956000003, "localIpDuration": {"10.0.3.177": 3796.303, "10.0.0.39": 56093.422999999995, "10.0.0.111": 51140.6956, "10.0.0.189": 46362.049100000004, "10.0.0.158": 64548.966799999995, "10.0.0.196": 5503.2725, "10.0.0.8": 85737.1001, "10.0.0.198": 47543.0001, "10.0.3.251": 336.0578, "10.0.0.211": 136405.30609999996, "10.0.0.212": 55241.371600000006, "10.0.4.20": 7093.8082, "10.0.0.221": 3968.8497, "10.0.0.222": 8439.9501, "10.0.0.223": 38519.8444, "10.0.4.31": 317.0563, "10.0.0.225": 10120.6834, "10.0.1.138": 191.3549, "10.0.0.226": 3679.2538999999997, "10.0.0.227": 9522.949}}, "Roblox (Adopt Me!)": {"localIpCount": 3, "localIpFrequency": {"10.0.0.17": 5, "10.0.0.18": 5, "10.0.1.110": 5}, "localIpTotalDuration": 10356.6129, "localIpDuration": {"10.0.0.17": 4948.6452, "10.0.0.18": 2909.1537, "10.0.1.110": 2498.814}}, "Apex Legends Mobile": {"localIpCount": 2, "localIpFrequency": {"10.0.1.63": 5, "10.0.1.45": 1}, "localIpTotalDuration": 19335.735099999998, "localIpDuration": {"10.0.1.63": 19045.683599999997, "10.0.1.45": 290.0515}}, "NBA NOW 23": {"localIpCount": 1, "localIpFrequency": {"10.0.3.131": 2}, "localIpTotalDuration": 12.7383, "localIpDuration": {"10.0.3.131": 12.7383}}, "Lineage 2M": {"localIpCount": 1, "localIpFrequency": {"10.0.0.200": 1}, "localIpTotalDuration": 312.1525, "localIpDuration": {"10.0.0.200": 312.1525}}, "Sonic Forces": {"localIpCount": 1, "localIpFrequency": {"10.0.1.104": 18}, "localIpTotalDuration": 91107.4219, "localIpDuration": {"10.0.1.104": 91107.4219}}, "Blue Archive": {"localIpCount": 1, "localIpFrequency": {"10.0.3.248": 2}, "localIpTotalDuration": 2434.096, "localIpDuration": {"10.0.3.248": 2434.096}}, "Modern Warships": {"localIpCount": 1, "localIpFrequency": {"10.0.0.132": 12}, "localIpTotalDuration": 14026.455399999999, "localIpDuration": {"10.0.0.132": 14026.455399999999}}, "TRAHA Global": {"localIpCount": 1, "localIpFrequency": {"10.0.0.200": 2}, "localIpTotalDuration": 305.255, "localIpDuration": {"10.0.0.200": 305.255}}, "\ud0d5\ud0d5\ud2b9\uacf5\ub300": {"localIpCount": 1, "localIpFrequency": {"10.0.1.95": 1}, "localIpTotalDuration": 1080.95, "localIpDuration": {"10.0.1.95": 1080.95}}, "Gunship Battle: Crypto Conflict": {"localIpCount": 5, "localIpFrequency": {"10.0.0.78": 1, "10.0.0.65": 4, "10.0.0.81": 23, "10.0.1.65": 2, "10.0.1.50": 25}, "localIpTotalDuration": 290421.0157000001, "localIpDuration": {"10.0.0.78": 1863.8484, "10.0.0.65": 21852.7379, "10.0.0.81": 167931.94869999998, "10.0.1.65": 17395.7132, "10.0.1.50": 81376.76750000002}}, "Goddess of Victory: Nikke": {"localIpCount": 2, "localIpFrequency": {"10.0.1.53": 3, "10.0.1.89": 3}, "localIpTotalDuration": 12986.571399999999, "localIpDuration": {"10.0.1.53": 1604.5871, "10.0.1.89": 11381.9843}}, "Roblox": {"localIpCount": 4, "localIpFrequency": {"10.0.1.61": 1, "10.0.0.17": 7, "10.0.0.18": 7, "10.0.1.110": 10}, "localIpTotalDuration": 45175.4077, "localIpDuration": {"10.0.1.61": 123.083, "10.0.0.17": 12995.199, "10.0.0.18": 16877.4383, "10.0.1.110": 15179.6874}}, "Pok\u00e9mon GO": {"localIpCount": 2, "localIpFrequency": {"10.0.3.248": 4, "10.0.0.132": 2}, "localIpTotalDuration": 11025.403299999998, "localIpDuration": {"10.0.3.248": 10608.683799999999, "10.0.0.132": 416.7195}}, "Brawl Stars": {"localIpCount": 3, "localIpFrequency": {"10.0.0.78": 12, "10.0.2.185": 2, "10.0.0.132": 2}, "localIpTotalDuration": 13164.012699999997, "localIpDuration": {"10.0.0.78": 9568.542599999999, "10.0.2.185": 1720.4116000000001, "10.0.0.132": 1875.0585}}, "Ninja Must Die": {"localIpCount": 1, "localIpFrequency": {"10.0.1.89": 2}, "localIpTotalDuration": 2673.5766000000003, "localIpDuration": {"10.0.1.89": 2673.5766000000003}}, "Minecraft": {"localIpCount": 3, "localIpFrequency": {"10.0.0.200": 6, "10.0.3.253": 8, "10.0.1.104": 1}, "localIpTotalDuration": 19503.103199999998, "localIpDuration": {"10.0.0.200": 8474.2635, "10.0.3.253": 10996.483100000001, "10.0.1.104": 32.3566}}, "League of Legends: Wild Rift": {"localIpCount": 3, "localIpFrequency": {"10.0.0.9": 2, "10.0.3.253": 26, "10.0.0.200": 1}, "localIpTotalDuration": 41399.1394, "localIpDuration": {"10.0.0.9": 1617.4742, "10.0.3.253": 39512.8726, "10.0.0.200": 268.7926}}, "Hero Blaze: Three Kingdoms": {"localIpCount": 1, "localIpFrequency": {"10.0.0.125": 1}, "localIpTotalDuration": 309.8476, "localIpDuration": {"10.0.0.125": 309.8476}}, "FIFA Mobile": {"localIpCount": 1, "localIpFrequency": {"10.0.4.13": 1}, "localIpTotalDuration": 355.8718, "localIpDuration": {"10.0.4.13": 355.8718}}}