{"Roblox (Game)": {"localIpCount": 67, "localIpFrequency": {"10.0.4.110": 1, "10.0.0.119": 1, "10.0.2.239": 3, "10.0.0.155": 2, "10.0.4.185": 2, "10.0.0.75": 1, "10.0.3.249": 4, "10.0.3.95": 2, "10.0.0.146": 1, "10.0.2.142": 15, "10.0.0.165": 2, "10.0.0.99": 8, "10.0.5.42": 3, "10.0.0.158": 1, "10.0.0.171": 1, "10.0.0.27": 1, "10.0.0.177": 1, "10.0.3.230": 1, "10.0.3.207": 1, "10.0.4.204": 6, "10.0.0.52": 1, "10.0.3.133": 1, "10.0.0.91": 1, "10.0.4.0": 2, "10.0.0.97": 1, "10.0.3.197": 8, "10.0.0.101": 1, "10.0.4.3": 2, "10.0.0.32": 1, "10.0.3.187": 4, "10.0.0.219": 1, "10.0.2.178": 3, "10.0.0.116": 1, "10.0.0.227": 1, "10.0.2.172": 2, "10.0.0.203": 1, "10.0.0.179": 1, "10.0.4.6": 1, "10.0.0.242": 1, "10.0.4.201": 3, "10.0.0.213": 1, "10.0.0.236": 1, "10.0.0.153": 1, "10.0.3.149": 1, "10.0.0.211": 1, "10.0.1.219": 3, "10.0.2.173": 3, "10.0.0.109": 1, "10.0.0.184": 1, "10.0.0.74": 1, "10.0.3.211": 2, "10.0.0.21": 1, "10.0.1.23": 1, "10.0.5.9": 1, "10.0.0.191": 1, "10.0.1.99": 1, "10.0.1.38": 1, "10.0.2.156": 2, "10.0.0.70": 1, "10.0.3.132": 1, "10.0.0.113": 1, "10.0.0.118": 1, "10.0.0.149": 1, "10.0.0.7": 2, "10.0.4.15": 2, "10.0.0.89": 1, "10.0.0.85": 1}, "localIpTotalDuration": 200811.69899999988, "localIpDuration": {"10.0.4.110": 718.0014, "10.0.0.119": 1794.0215, "10.0.2.239": 2534.9501, "10.0.0.155": 3546.0024, "10.0.4.185": 1813.0045, "10.0.0.75": 1725.9985, "10.0.3.249": 5102.006, "10.0.3.95": 1572.9971, "10.0.0.146": 1792.0043, "10.0.2.142": 24420.0355, "10.0.0.165": 3587.9999, "10.0.0.99": 12237.6627, "10.0.5.42": 3804.0121, "10.0.0.158": 1633.9967, "10.0.0.171": 1799.9969, "10.0.0.27": 1790.0001, "10.0.0.177": 1688.0074, "10.0.3.230": 1542.0063, "10.0.3.207": 1609.0075, "10.0.4.204": 10187.0046, "10.0.0.52": 1798.0079, "10.0.3.133": 1721.0006, "10.0.0.91": 1797.9998, "10.0.4.0": 3277.9951, "10.0.0.97": 1769.5142, "10.0.3.197": 11989.0075, "10.0.0.101": 1798.0097, "10.0.4.3": 3585.6355, "10.0.0.32": 1797.4836, "10.0.3.187": 6295.005099999999, "10.0.0.219": 1792.0086, "10.0.2.178": 4719.0159, "10.0.0.116": 1799.593, "10.0.0.227": 1798.0257, "10.0.2.172": 3514.0099, "10.0.0.203": 1790.65, "10.0.0.179": 1799.0574, "10.0.4.6": 1755.9963, "10.0.0.242": 1796.0294, "10.0.4.201": 4684.992200000001, "10.0.0.213": 1799.2435, "10.0.0.236": 1795.5167, "10.0.0.153": 1792.0073, "10.0.3.149": 1708.0059, "10.0.0.211": 1784.1406, "10.0.1.219": 4309.9974, "10.0.2.173": 4606.0029, "10.0.0.109": 1790.0161, "10.0.0.184": 1797.985, "10.0.0.74": 1793.9997, "10.0.3.211": 3414.0015, "10.0.0.21": 1798.0378, "10.0.1.23": 1795.9951, "10.0.5.9": 1790.0032, "10.0.0.191": 1796.0149, "10.0.1.99": 1799.9975, "10.0.1.38": 1797.9986, "10.0.2.156": 1514.0012000000002, "10.0.0.70": 1789.4624, "10.0.3.132": 1799.9892, "10.0.0.113": 1693.528, "10.0.0.118": 1794.0048, "10.0.0.149": 1793.9892, "10.0.0.7": 3488.0016, "10.0.4.15": 76.00399999999999, "10.0.0.89": 1799.9975, "10.0.0.85": 1516.0045}}, "Cookie Run: Kingdom": {"localIpCount": 4, "localIpFrequency": {"10.0.0.9": 1, "10.0.0.200": 1, "10.0.0.19": 5, "10.0.2.172": 1}, "localIpTotalDuration": 8781.9699, "localIpDuration": {"10.0.0.9": 532.9969, "10.0.0.200": 1788.0034, "10.0.0.19": 5409.9697, "10.0.2.172": 1050.9999}}, "Minecraft": {"localIpCount": 2, "localIpFrequency": {"10.0.0.141": 1, "10.0.1.37": 7}, "localIpTotalDuration": 10679.9806, "localIpDuration": {"10.0.0.141": 45.9896, "10.0.1.37": 10633.991}}, "PUBG Mobile": {"localIpCount": 10, "localIpFrequency": {"10.0.5.70": 1, "10.0.0.167": 5, "10.0.1.227": 1, "10.0.0.31": 8, "10.0.1.136": 1, "10.0.0.103": 2, "10.0.0.60": 1, "10.0.1.215": 1, "10.0.1.28": 3, "10.0.1.70": 1}, "localIpTotalDuration": 27285.553399999993, "localIpDuration": {"10.0.5.70": 421.9956, "10.0.0.167": 5423.9923, "10.0.1.227": 1243.9988, "10.0.0.31": 13447.918800000001, "10.0.1.136": 304.9996, "10.0.0.103": 2634.062, "10.0.0.60": 484.0031, "10.0.1.215": 573.0008, "10.0.1.28": 2741.5794, "10.0.1.70": 10.003}}, "WePlay - Party Game & Chat": {"localIpCount": 3, "localIpFrequency": {"10.0.0.62": 1, "10.0.0.65": 6, "10.0.0.74": 1}, "localIpTotalDuration": 10420.0573, "localIpDuration": {"10.0.0.62": 1683.9967, "10.0.0.65": 8224.0494, "10.0.0.74": 512.0112}}, "Zombie High School": {"localIpCount": 1, "localIpFrequency": {"10.0.0.66": 2}, "localIpTotalDuration": 943.9417, "localIpDuration": {"10.0.0.66": 943.9417}}, "HATSUNE MIKU: COLORFUL STAGE!": {"localIpCount": 3, "localIpFrequency": {"10.0.0.79": 1, "10.0.5.88": 1, "10.0.3.189": 2}, "localIpTotalDuration": 1993.0304, "localIpDuration": {"10.0.0.79": 122.0174, "10.0.5.88": 138.001, "10.0.3.189": 1733.0120000000002}}, "\ucef4\ud22c\uc2a4\ud504\ub85c\uc57c\uad6c2022": {"localIpCount": 2, "localIpFrequency": {"10.0.0.202": 3, "10.0.3.211": 1}, "localIpTotalDuration": 3390.0080000000003, "localIpDuration": {"10.0.0.202": 3054.0124, "10.0.3.211": 335.9956}}, "Brawl Stars": {"localIpCount": 15, "localIpFrequency": {"10.0.3.249": 6, "10.0.3.211": 9, "10.0.0.125": 3, "10.0.3.89": 1, "10.0.0.66": 1, "10.0.0.40": 4, "10.0.3.250": 1, "10.0.0.120": 3, "10.0.0.42": 2, "10.0.0.184": 1, "10.0.0.39": 1, "10.0.0.223": 1, "10.0.1.38": 1, "10.0.0.119": 1, "10.0.0.138": 1}, "localIpTotalDuration": 42498.9549, "localIpDuration": {"10.0.3.249": 6625.0041, "10.0.3.211": 6885.9971, "10.0.0.125": 3888.0103, "10.0.3.89": 1186.0045, "10.0.0.66": 1164.0003, "10.0.0.40": 4920.0713, "10.0.3.250": 1649.9971, "10.0.0.120": 3766.0501000000004, "10.0.0.42": 3538.1047, "10.0.0.184": 1751.6007, "10.0.0.39": 1544.0272, "10.0.0.223": 1404.0225, "10.0.1.38": 1612.0226, "10.0.0.119": 1648.028, "10.0.0.138": 916.0144}}, "Odin: Valhalla Rising": {"localIpCount": 1, "localIpFrequency": {"10.0.0.66": 1}, "localIpTotalDuration": 0.0, "localIpDuration": {"10.0.0.66": 0.0}}, "Pok\u00e9mon GO": {"localIpCount": 6, "localIpFrequency": {"10.0.0.128": 10, "10.0.0.77": 7, "10.0.0.142": 6, "10.0.5.39": 1, "10.0.0.230": 1, "10.0.0.242": 1}, "localIpTotalDuration": 33753.855599999995, "localIpDuration": {"10.0.0.128": 13966.0682, "10.0.0.77": 9605.272799999999, "10.0.0.142": 7014.5076, "10.0.5.39": 278.0025, "10.0.0.230": 1760.0079, "10.0.0.242": 1129.9966}}, "Pok\u00e9mon Unite": {"localIpCount": 1, "localIpFrequency": {"10.0.0.94": 3}, "localIpTotalDuration": 3258.0436, "localIpDuration": {"10.0.0.94": 3258.0436}}, "DRAGON BALL LEGENDS": {"localIpCount": 3, "localIpFrequency": {"10.0.0.166": 12, "10.0.0.227": 2, "10.0.0.39": 2}, "localIpTotalDuration": 23293.1517, "localIpDuration": {"10.0.0.166": 17943.0818, "10.0.0.227": 3048.0398999999998, "10.0.0.39": 2302.03}}, "Genshin Impact": {"localIpCount": 6, "localIpFrequency": {"10.0.0.49": 5, "10.0.5.72": 3, "10.0.3.104": 2, "10.0.0.9": 1, "10.0.1.3": 7, "10.0.1.34": 3}, "localIpTotalDuration": 4860.272800000001, "localIpDuration": {"10.0.0.49": 1694.0136, "10.0.5.72": 1019.6441, "10.0.3.104": 135.00990000000002, "10.0.0.9": 280.9989, "10.0.1.3": 1130.5564, "10.0.1.34": 600.0499}}, "\ud0d5\ud0d5\ud2b9\uacf5\ub300": {"localIpCount": 5, "localIpFrequency": {"10.0.0.77": 4, "10.0.0.65": 2, "10.0.0.176": 2, "10.0.0.242": 1, "10.0.0.12": 1}, "localIpTotalDuration": 7544.041100000001, "localIpDuration": {"10.0.0.77": 3479.9975, "10.0.0.65": 1959.9675, "10.0.0.176": 1850.0737, "10.0.0.242": 253.9773, "10.0.0.12": 0.0251}}, "Gunship Battle: Crypto Conflict": {"localIpCount": 1, "localIpFrequency": {"10.0.0.29": 1}, "localIpTotalDuration": 1653.0018, "localIpDuration": {"10.0.0.29": 1653.0018}}, "Clash of Clan": {"localIpCount": 2, "localIpFrequency": {"10.0.5.32": 8, "10.0.3.251": 1}, "localIpTotalDuration": 614.998, "localIpDuration": {"10.0.5.32": 303.00070000000005, "10.0.3.251": 311.9973}}, "KartRider Rush+": {"localIpCount": 3, "localIpFrequency": {"10.0.0.181": 2, "10.0.0.246": 7, "10.0.1.27": 1}, "localIpTotalDuration": 8061.9614, "localIpDuration": {"10.0.0.181": 1506.0398, "10.0.0.246": 5381.9446, "10.0.1.27": 1173.977}}, "League of Legends: Wild Rift": {"localIpCount": 6, "localIpFrequency": {"10.0.0.73": 10, "10.0.0.160": 1, "10.0.0.106": 1, "10.0.5.50": 1,