{"MIR4": {"localIpCount": 2, "localIpFrequency": {"10.0.0.70": 14, "10.0.0.91": 4}, "localIpTotalDuration": 106833.6436, "localIpDuration": {"10.0.0.70": 105868.47959999999, "10.0.0.91": 965.1639999999999}}, "Roblox (Adopt Me!)": {"localIpCount": 5, "localIpFrequency": {"10.0.0.68": 12, "10.0.0.124": 4, "10.0.0.141": 1, "10.0.0.113": 6, "10.0.0.59": 2}, "localIpTotalDuration": 14795.2736, "localIpDuration": {"10.0.0.68": 4260.6541, "10.0.0.124": 824.6299, "10.0.0.141": 62.0502, "10.0.0.113": 7935.057400000001, "10.0.0.59": 1712.882}}, "Birdie Shot": {"localIpCount": 1, "localIpFrequency": {"10.0.0.47": 31}, "localIpTotalDuration": 54731.054299999996, "localIpDuration": {"10.0.0.47": 54731.054299999996}}, "PUBG Mobile": {"localIpCount": 14, "localIpFrequency": {"10.0.0.53": 4, "10.0.0.30": 14, "10.0.0.33": 9, "10.0.0.156": 2, "10.0.0.57": 1, "10.0.0.58": 1, "10.0.0.59": 5, "10.0.0.95": 2, "10.0.0.132": 2, "10.0.0.64": 1, "10.0.0.165": 2, "10.0.0.148": 1, "10.0.0.65": 1, "10.0.0.66": 3}, "localIpTotalDuration": 124094.13680000002, "localIpDuration": {"10.0.0.53": 10872.7619, "10.0.0.30": 19861.2716, "10.0.0.33": 27754.0483, "10.0.0.156": 1261.896, "10.0.0.57": 1968.5444, "10.0.0.58": 5838.2025, "10.0.0.59": 14618.936, "10.0.0.95": 1161.8128000000002, "10.0.0.132": 0.0002, "10.0.0.64": 5907.9691, "10.0.0.165": 25380.6634, "10.0.0.148": 159.1525, "10.0.0.65": 3717.9281, "10.0.0.66": 5590.95}}, "Gunship Battle: Crypto Conflict": {"localIpCount": 2, "localIpFrequency": {"10.0.0.44": 2, "10.0.0.29": 4}, "localIpTotalDuration": 3236.6120999999994, "localIpDuration": {"10.0.0.44": 1718.7093, "10.0.0.29": 1517.9027999999998}}, "Ninja Must Die": {"localIpCount": 1, "localIpFrequency": {"10.0.0.40": 2}, "localIpTotalDuration": 572.0027, "localIpDuration": {"10.0.0.40": 572.0027}}, "Genshin Impact": {"localIpCount": 3, "localIpFrequency": {"10.0.0.18": 22, "10.0.0.9": 7, "10.0.0.22": 6}, "localIpTotalDuration": 58763.38539999998, "localIpDuration": {"10.0.0.18": 42466.746399999996, "10.0.0.9": 5423.3955, "10.0.0.22": 10873.2435}}, "Hero Blaze: Three Kingdoms": {"localIpCount": 2, "localIpFrequency": {"10.0.0.13": 1, "10.0.0.68": 2}, "localIpTotalDuration": 70.6927, "localIpDuration": {"10.0.0.13": 43.1015, "10.0.0.68": 27.5912}}, "Clash of Clan": {"localIpCount": 2, "localIpFrequency": {"10.0.0.33": 7, "10.0.0.8": 2}, "localIpTotalDuration": 7273.9237, "localIpDuration": {"10.0.0.33": 7213.4051, "10.0.0.8": 60.5186}}, "Minecraft": {"localIpCount": 1, "localIpFrequency": {"10.0.0.150": 1}, "localIpTotalDuration": 1318.3636, "localIpDuration": {"10.0.0.150": 1318.3636}}, "League of Legends: Wild Rift": {"localIpCount": 5, "localIpFrequency": {"10.0.0.40": 6, "10.0.0.13": 34, "10.0.0.15": 2, "10.0.0.94": 4, "10.0.0.28": 2}, "localIpTotalDuration": 139512.666, "localIpDuration": {"10.0.0.40": 8614.2476, "10.0.0.13": 85953.8238, "10.0.0.15": 37733.374299999996, "10.0.0.94": 4359.9089, "10.0.0.28": 2851.3114}}, "Roblox": {"localIpCount": 7, "localIpFrequency": {"10.0.0.68": 12, "10.0.0.124": 4, "10.0.0.137": 1, "10.0.0.157": 2, "10.0.0.141": 1, "10.0.0.113": 6, "10.0.0.59": 2}, "localIpTotalDuration": 38911.88719999999, "localIpDuration": {"10.0.0.68": 22695.335099999997, "10.0.0.124": 2096.6524, "10.0.0.137": 878.8978, "10.0.0.157": 570.5086, "10.0.0.141": 490.3051, "10.0.0.113": 9932.6415, "10.0.0.59": 2247.5467}}}