{"Brawl Stars": {"localIpCount": 21, "localIpFrequency": {"10.0.0.69": 2, "10.0.0.34": 1, "10.0.0.97": 2, "10.0.0.213": 1, "10.0.0.9": 1, "10.0.0.208": 3, "10.0.0.130": 2, "10.0.0.61": 3, "10.0.0.11": 1, "10.0.0.219": 1, "10.0.0.81": 3, "10.0.0.250": 1, "10.0.1.13": 1, "10.0.0.243": 2, "10.0.0.123": 1, "10.0.0.73": 1, "10.0.0.86": 1, "10.0.0.43": 2, "10.0.0.95": 3, "10.0.0.129": 1, "10.0.1.6": 2}, "localIpTotalDuration": 44489.331900000005, "localIpDuration": {"10.0.0.69": 2226.0715, "10.0.0.34": 1645.0618, "10.0.0.97": 3086.5352000000003, "10.0.0.213": 1792.0417, "10.0.0.9": 1288.0021, "10.0.0.208": 5117.5517, "10.0.0.130": 2450.185, "10.0.0.61": 1225.0012, "10.0.0.11": 1785.4648, "10.0.0.219": 1708.0599, "10.0.0.81": 4269.5556, "10.0.0.250": 1777.9489, "10.0.1.13": 1719.7472, "10.0.0.243": 2960.0065999999997, "10.0.0.123": 1484.0426, "10.0.0.73": 21.0002, "10.0.0.86": 244.9999, "10.0.0.43": 3381.0364, "10.0.0.95": 3009.9997, "10.0.0.129": 35.0074, "10.0.1.6": 3262.0125}}, "League of Legends: Wild Rift": {"localIpCount": 11, "localIpFrequency": {"10.0.0.177": 3, "10.0.0.181": 4, "10.0.0.182": 3, "10.0.0.9": 1, "10.0.0.232": 2, "10.0.1.7": 4, "10.0.0.13": 1, "10.0.0.247": 6, "10.0.0.87": 1, "10.0.1.57": 2, "10.0.1.49": 1}, "localIpTotalDuration": 35406.414899999996, "localIpDuration": {"10.0.0.177": 3478.9752000000003, "10.0.0.181": 6433.001700000001, "10.0.0.182": 3990.9651000000003, "10.0.0.9": 329.0021, "10.0.0.232": 1329.9859, "10.0.1.7": 7006.9464, "10.0.0.13": 1771.0683, "10.0.0.247": 6753.875099999999, "10.0.0.87": 175.0012, "10.0.1.57": 2450.5329, "10.0.1.49": 1687.061}}, "Pok\u00e9mon GO": {"localIpCount": 7, "localIpFrequency": {"10.0.0.167": 3, "10.0.0.9": 4, "10.0.0.113": 1, "10.0.0.55": 1, "10.0.0.249": 1, "10.0.0.43": 2, "10.0.0.96": 1}, "localIpTotalDuration": 16967.7542, "localIpDuration": {"10.0.0.167": 4333.0548, "10.0.0.9": 5186.0003, "10.0.0.113": 1793.5475, "10.0.0.55": 1798.2618, "10.0.0.249": 1140.9557, "10.0.0.43": 1875.9355, "10.0.0.96": 839.9986}}, "Roblox (Game)": {"localIpCount": 56, "localIpFrequency": {"10.0.0.172": 3, "10.0.0.40": 4, "10.0.0.7": 2, "10.0.0.9": 10, "10.0.0.44": 12, "10.0.0.36": 12, "10.0.0.126": 2, "10.0.0.31": 3, "10.0.0.176": 2, "10.0.0.88": 6, "10.0.0.145": 1, "10.0.0.90": 3, "10.0.0.11": 13, "10.0.0.21": 1, "10.0.0.8": 1, "10.0.0.2": 4, "10.0.0.4": 2, "10.0.0.190": 1, "10.0.0.114": 2, "10.0.0.18": 3, "10.0.0.209": 2, "10.0.0.47": 1, "10.0.0.217": 1, "10.0.0.57": 2, "10.0.0.144": 1, "10.0.0.72": 2, "10.0.0.236": 2, "10.0.0.219": 1, "10.0.0.87": 3, "10.0.0.110": 1, "10.0.0.67": 1, "10.0.0.252": 1, "10.0.0.59": 5, "10.0.0.248": 1, "10.0.0.43": 1, "10.0.0.95": 1, "10.0.0.101": 1, "10.0.0.89": 1, "10.0.0.30": 1, "10.0.0.94": 2, "10.0.0.113": 1, "10.0.0.83": 1, "10.0.1.6": 1, "10.0.0.92": 3, "10.0.0.204": 1, "10.0.0.71": 1, "10.0.0.46": 1, "10.0.0.65": 1, "10.0.0.86": 1, "10.0.1.38": 1, "10.0.0.96": 1, "10.0.0.73": 1, "10.0.1.2": 2, "10.0.0.102": 1, "10.0.1.55": 1, "10.0.0.26": 1}, "localIpTotalDuration": 209281.11969999998, "localIpDuration": {"10.0.0.172": 5376.0284, "10.0.0.40": 6762.013199999999, "10.0.0.7": 1217.9987, "10.0.0.9": 10066.003499999999, "10.0.0.44": 18836.2084, "10.0.0.36": 14392.0152, "10.0.0.126": 3262.0026, "10.0.0.31": 3597.6224, "10.0.0.176": 3143.0036, "10.0.0.88": 10680.7469, "10.0.0.145": 1596.0241, "10.0.0.90": 4892.5932999999995, "10.0.0.11": 22560.291699999998, "10.0.0.21": 1799.0021, "10.0.0.8": 1791.6252, "10.0.0.2": 7161.0224, "10.0.0.4": 3556.0011000000004, "10.0.0.190": 1799.026, "10.0.0.114": 3596.8557, "10.0.0.18": 4228.012, "10.0.0.209": 3577.1494000000002, "10.0.0.47": 1561.0, "10.0.0.217": 1799.2091, "10.0.0.57": 3093.6257, "10.0.0.144": 1799.02, "10.0.0.72": 3583.5658000000003, "10.0.0.236": 3598.4951, "10.0.0.219": 1799.3245, "10.0.0.87": 2555.0063, "10.0.0.110": 1799.1724, "10.0.0.67": 1729.0056, "10.0.0.252": 1799.0258, "10.0.0.59": 5481.0057, "10.0.0.248": 1798.1774, "10.0.0.43": 1302.0036, "10.0.0.95": 1798.5448, "10.0.0.101": 1798.245, "10.0.0.89": 1797.9667, "10.0.0.30": 1799.0033, "10.0.0.94": 1813.0075000000002, "10.0.0.113": 1791.5551, "10.0.0.83": 1644.6407, "10.0.1.6": 1798.4749, "10.0.0.92": 5256.6307, "10.0.0.204": 1798.4729, "10.0.0.71": 1770.6439, "10.0.0.46": 1798.4707, "10.0.0.65": 1798.3243, "10.0.0.86": 1504.6153, "10.0.1.38": 1798.6379, "10.0.0.96": 1770.9999, "10.0.0.73": 1175.4938, "10.0.1.2": 3570.5045, "10.0.0.102": 1770.9996, "10.0.1.55": 1792.002, "10.0.0.26": 1645.0033}}, "Random Dice: Defense": {"localIpCount": 3, "localIpFrequency": {"10.0.0.90": 1, "10.0.0.129": 2, "10.0.0.86": 1}, "localIpTotalDuration": 1666.0273, "localIpDuration": {"10.0.0.90": 455.0016, "10.0.0.129": 959.0206999999999, "10.0.0.86": 252.005}}, "ZEPETO": {"localIpCount": 1, "localIpFrequency": {"10.0.1.17": 1}, "localIpTotalDuration": 812.0079, "localIpDuration": {"10.0.1.17": 812.0079}}, "Cookie Run: Kingdom": {"localIpCount": 7, "localIpFrequency": {"10.0.0.18": 1, "10.0.0.198": 4, "10.0.0.27": 1, "10.0.0.218": 3, "10.0.0.251": 2, "10.0.0.209": 1, "10.0.0.83": 1}, "localIpTotalDuration": 12510.2952, "localIpDuration": {"10.0.0.18": 342.9996, "10.0.0.198": 2451.0639, "10.0.0.27": 700.023, "10.0.0.218": 2842.1202999999996, "10.0.0.251": 3339.0299999999997, "10.0.0.209": 1792.0576, "10.0.0.83": 1043.0008}}, "Among us": {"localIpCount": 1, "localIpFrequency": {"10.0.0.213": 3}, "localIpTotalDuration": 2189.6707, "localIpDuration": {"10.0.0.213": 2189.6707}}, "New State Mobile": {"localIpCount": 1, "localIpFrequency": {"10.0.0.138": 5}, "localIpTotalDuration": 4110.1842, "localIpDuration": {"10.0.0.138": 4110.1842}}, "Genshin Impact": {"localIpCount": 5, "localIpFrequency": {"10.0.0.33": 6, "10.0.0.37": 11, "10.0.0.190": 1, "10.0.0.31": 14, "10.0.0.117": 3}, "localIpTotalDuration": 39643.82740000001, "localIpDuration": {"10.0.0.33": 4170.525500000001, "10.0.0.37": 11703.267999999998, "10.0.0.190": 784.0385, "10.0.0.31": 19025.246400000004, "10.0.0.117": 3960.749}}, "Guardian Tales": {"localIpCount": 1, "localIpFrequency": {"10.0.0.31": 1}, "localIpTotalDuration": 1126.9987, "localIpDuration": {"10.0.0.31": 1126.9987}}, "Zombie High School": {"localIpCount": 1, "localIpFrequency": {"10.0.0.31": 1}, "localIpTotalDuration": 28.002, "localIpDuration": {"10.0.0.31": 28.002}}, "Blue Archive": {"localIpCount": 1, "localIpFrequency": {"10.0.0.3": 1}, "localIpTotalDuration": 392.0007, "localIpDuration": {"10.0.0.3": 392.0007}}, "FIFA ONLINE 4 M": {"localIpCount": 5, "localIpFrequency": {"10.0.0.123": 1, "10.0.0.215": 2, "10.0.0.252": 1, "10.0.0.86": 1, "10.0.0.57": 1}, "localIpTotalDuration": 3163.9904999999994, "localIpDuration": {"10.0.0.123": 1126.983, "10.0.0.215": 1259.9926, "10.0.0.252": 63.0101, "10.0.0.86": 98.0006, "10.0.0.57": 616.0042}}, "Sky Warriors": {"localIpCount": 1, "localIpFrequency": {"10.0.0.239": 1}, "localIpTotalDuration": 874.9928, "localIpDuration": {"10.0.0.239": 874.9928}}, "Roblox": {"localIpCount": 59, "localIpFrequency": {"10.0.0.124": 5, "10.0.0.40": 6, "10.0.0.28": 5, "10.0.0.66": 1, "10.0.0.172": 2, "10.0.0.18": 5, "10.0.0.37": 6, "10.0.0.91": 2, "10.0.0.44": 8, "10.0.0.36": 12, "10.0.0.26": 10, "10.0.0.126": 1, "10.0.0.9": 14, "10.0.0.176": 1, "10.0.0.88": 7, "10.0.0.11": 3, "10.0.0.90": 4, "10.0.0.186": 1, "10.0.0.2": 1, "10.0.0.191": 1, "10.0.0.46": 1, "10.0.0.202": 1, "10.0.0.219": 2, "10.0.0.47": 2, "10.0.0.81": 1, "10.0.0.57": 1, "10.0.0.190": 1, "10.0.0.72": 2, "10.0.0.7": 2, "10.0.0.4": 4, "10.0.0.58": 2, "10.0.0.65": 2, "10.0.0.87": 4, "10.0.0.199": 1, "10.0.0.10": 3, "10.0.0.31": 1, "10.0.0.252": 1, "10.0.0.73": 1, "10.0.0.248": 1, "10.0.0.50": 1, "10.0.0.19": 2, "10.0.0.74": 4, "10.0.0.195": 3, "10.0.0.238": 1, "10.0.0.83": 3, "10.0.0.94": 2, "10.0.1.32": 1, "10.0.0.92": 2, "10.0.1.35": 1, "10.0.0.71": 2, "10.0.1.40": 1, "10.0.0.59": 2, "10.0.0.123": 1, "10.0.0.86": 1, "10.0.0.218": 2, "10.0.0.96": 1, "10.0.0.221": 1, "10.0.0.164": 1, "10.0.1.2": 1}, "localIpTotalDuration": 276909.11280000006,