{"Genshin Impact": {"localIpCount": 5, "localIpFrequency": {"10.0.0.57": 117, "10.0.0.244": 108, "10.0.1.62": 8, "10.0.0.220": 1, "10.0.1.49": 10}, "localIpTotalDuration": 664807.3885999995, "localIpDuration": {"10.0.0.57": 237938.59489999997, "10.0.0.244": 236660.6270999999, "10.0.1.62": 167473.76940000002, "10.0.0.220": 1892.9973, "10.0.1.49": 20841.399899999997}}, "Roblox (Adopt Me!)": {"localIpCount": 3, "localIpFrequency": {"10.0.1.141": 4, "10.0.1.48": 2, "10.0.0.153": 2}, "localIpTotalDuration": 4845.3396999999995, "localIpDuration": {"10.0.1.141": 1562.0408, "10.0.1.48": 1352.2778999999998, "10.0.0.153": 1931.021}}, "Hero Blaze: Three Kingdoms": {"localIpCount": 3, "localIpFrequency": {"10.0.0.160": 3, "10.0.1.34": 2, "10.0.1.214": 1}, "localIpTotalDuration": 67193.01469999999, "localIpDuration": {"10.0.0.160": 284.99969999999996, "10.0.1.34": 66785.56169999999, "10.0.1.214": 122.4533}}, "Roblox": {"localIpCount": 3, "localIpFrequency": {"10.0.1.141": 4, "10.0.1.48": 3, "10.0.0.153": 2}, "localIpTotalDuration": 9766.4636, "localIpDuration": {"10.0.1.141": 2852.1868, "10.0.1.48": 3577.6086, "10.0.0.153": 3336.6682}}, "Clash of Clan": {"localIpCount": 3, "localIpFrequency": {"10.0.0.244": 28, "10.0.0.132": 1, "10.0.1.49": 2}, "localIpTotalDuration": 19253.2939, "localIpDuration": {"10.0.0.244": 16711.9339, "10.0.0.132": 30.1564, "10.0.1.49": 2511.2036}}, "MIR4": {"localIpCount": 2, "localIpFrequency": {"10.0.0.4": 1, "10.0.0.48": 1}, "localIpTotalDuration": 835.7151, "localIpDuration": {"10.0.0.4": 383.7183, "10.0.0.48": 451.9968}}, "DRAGON BALL LEGENDS": {"localIpCount": 1, "localIpFrequency": {"10.0.0.153": 1}, "localIpTotalDuration": 241.9996, "localIpDuration": {"10.0.0.153": 241.9996}}, "Brawl Stars": {"localIpCount": 5, "localIpFrequency": {"10.0.0.132": 4, "10.0.1.1": 5, "10.0.0.78": 51, "10.0.1.48": 1, "10.0.0.196": 1}, "localIpTotalDuration": 185723.88810000007, "localIpDuration": {"10.0.0.132": 9632.6032, "10.0.1.1": 35091.735, "10.0.0.78": 139282.25470000002, "10.0.1.48": 1714.9999, "10.0.0.196": 2.2953}}, "League of Legends: Wild Rift": {"localIpCount": 6, "localIpFrequency": {"10.0.0.9": 111, "10.0.1.106": 1, "10.0.0.29": 5, "10.0.1.81": 8, "10.0.0.49": 1, "10.0.0.57": 1}, "localIpTotalDuration": 248697.33, "localIpDuration": {"10.0.0.9": 225788.95949999994, "10.0.1.106": 85.9273, "10.0.0.29": 9207.9751, "10.0.1.81": 11437.334, "10.0.0.49": 632.9123, "10.0.0.57": 1544.2218}}, "Apex Legends Mobile": {"localIpCount": 1, "localIpFrequency": {"10.0.1.135": 2}, "localIpTotalDuration": 3181.6468, "localIpDuration": {"10.0.1.135": 3181.6468}}, "\ud0d5\ud0d5\ud2b9\uacf5\ub300": {"localIpCount": 1, "localIpFrequency": {"10.0.2.10": 1}, "localIpTotalDuration": 0.0001, "localIpDuration": {"10.0.2.10": 0.0001}}, "FIFA Mobile": {"localIpCount": 1, "localIpFrequency": {"10.0.1.198": 1}, "localIpTotalDuration": 2244.9506, "localIpDuration": {"10.0.1.198": 2244.9506}}, "PUBG Mobile": {"localIpCount": 20, "localIpFrequency": {"10.0.1.17": 1, "10.0.1.16": 32, "10.0.1.19": 4, "10.0.1.21": 3, "10.0.1.22": 4, "10.0.1.23": 1, "10.0.0.244": 10, "10.0.0.39": 7, "10.0.1.30": 3, "10.0.1.35": 4, "10.0.1.39": 1, "10.0.1.40": 1, "10.0.1.43": 1, "10.0.1.44": 2, "10.0.1.45": 3, "10.0.1.196": 1, "10.0.1.46": 1, "10.0.1.50": 3, "10.0.1.51": 1, "10.0.1.52": 1}, "localIpTotalDuration": 288626.6432000001, "localIpDuration": {"10.0.1.17": 5120.7543, "10.0.1.16": 82194.31560000003, "10.0.1.19": 4347.6187, "10.0.1.21": 6633.0424, "10.0.1.22": 7404.2892, "10.0.1.23": 3525.0556, "10.0.0.244": 100856.1761, "10.0.0.39": 9804.9409, "10.0.1.30": 24459.5789, "10.0.1.35": 18442.052200000002, "10.0.1.39": 2070.0001, "10.0.1.40": 210.2021, "10.0.1.43": 643.0513, "10.0.1.44": 2355.999, "10.0.1.45": 12892.0003, "10.0.1.196": 496.9428, "10.0.1.46": 351.5216, "10.0.1.50": 4321.0014, "10.0.1.51": 748.1017, "10.0.1.52": 1749.999}}, "Diablo Immortal": {"localIpCount": 1, "localIpFrequency": {"10.0.0.49": 1}, "localIpTotalDuration": 1667.0002, "localIpDuration": {"10.0.0.49": 1667.0002}}, "The Lord of the Rings: War": {"localIpCount": 1, "localIpFrequency": {"10.0.0.49": 1}, "localIpTotalDuration": 58.6476, "localIpDuration": {"10.0.0.49": 58.6476}}, "Pok\u00e9mon GO": {"localIpCount": 2, "localIpFrequency": {"10.0.1.5": 4, "10.0.0.27": 13}, "localIpTotalDuration": 42048.5428, "localIpDuration": {"10.0.1.5": 0.0004, "10.0.0.27": 42048.5424}}}