{"MapleStory M": {"localIpCount": 1, "localIpFrequency": {"10.0.1.135": 2}, "localIpTotalDuration": 574.0044, "localIpDuration": {"10.0.1.135": 574.0044}}, "Among us": {"localIpCount": 2, "localIpFrequency": {"10.0.2.114": 1, "10.0.0.184": 2}, "localIpTotalDuration": 3008.0024000000003, "localIpDuration": {"10.0.2.114": 185.9992, "10.0.0.184": 2822.0032}}, "Pok\u00e9mon GO": {"localIpCount": 5, "localIpFrequency": {"10.0.0.235": 1, "10.0.0.128": 12, "10.0.1.160": 2, "10.0.4.55": 1, "10.0.6.247": 1}, "localIpTotalDuration": 16762.5906, "localIpDuration": {"10.0.0.235": 208.0012, "10.0.0.128": 14293.574300000002, "10.0.1.160": 2058.0046, "10.0.4.55": 188.004, "10.0.6.247": 15.0065}}, "League of Legends: Wild Rift": {"localIpCount": 8, "localIpFrequency": {"10.0.2.57": 1, "10.0.5.253": 6, "10.0.2.169": 9, "10.0.0.58": 2, "10.0.5.176": 1, "10.0.3.135": 1, "10.0.0.73": 1, "10.0.0.106": 1}, "localIpTotalDuration": 32509.5382, "localIpDuration": {"10.0.2.57": 1459.9942, "10.0.5.253": 7893.9997, "10.0.2.169": 13739.559299999999, "10.0.0.58": 3108.0083999999997, "10.0.5.176": 1383.9971, "10.0.3.135": 1417.9907, "10.0.0.73": 1733.9938, "10.0.0.106": 1771.995}}, "Genshin Impact": {"localIpCount": 1, "localIpFrequency": {"10.0.5.103": 12}, "localIpTotalDuration": 15159.544399999999, "localIpDuration": {"10.0.5.103": 15159.544399999999}}, "ZEPETO": {"localIpCount": 1, "localIpFrequency": {"10.0.6.0": 1}, "localIpTotalDuration": 0.0, "localIpDuration": {"10.0.6.0": 0.0}}, "FIFA ONLINE 4 M": {"localIpCount": 10, "localIpFrequency": {"10.0.1.31": 1, "10.0.0.190": 1, "10.0.6.39": 9, "10.0.1.23": 2, "10.0.5.34": 1, "10.0.5.102": 1, "10.0.0.92": 2, "10.0.0.58": 1, "10.0.0.215": 1, "10.0.1.74": 2}, "localIpTotalDuration": 13790.592900000003, "localIpDuration": {"10.0.1.31": 0.0, "10.0.0.190": 0.0048, "10.0.6.39": 5145.586, "10.0.1.23": 1224.0005, "10.0.5.34": 155.0014, "10.0.5.102": 1799.9953, "10.0.0.92": 1772.0033, "10.0.0.58": 163.9963, "10.0.0.215": 150.0076, "10.0.1.74": 3379.9977}}, "Zombie High School": {"localIpCount": 1, "localIpFrequency": {"10.0.4.37": 2}, "localIpTotalDuration": 943.9961000000001, "localIpDuration": {"10.0.4.37": 943.9961000000001}}, "Random Dice: Defense": {"localIpCount": 1, "localIpFrequency": {"10.0.2.94": 3}, "localIpTotalDuration": 980.0043000000001, "localIpDuration": {"10.0.2.94": 980.0043000000001}}, "Brawl Stars": {"localIpCount": 8, "localIpFrequency": {"10.0.2.242": 1, "10.0.5.34": 7, "10.0.2.94": 5, "10.0.7.85": 1, "10.0.4.55": 4, "10.0.0.184": 2, "10.0.0.39": 1, "10.0.0.42": 1}, "localIpTotalDuration": 26111.524199999996, "localIpDuration": {"10.0.2.242": 1592.0033, "10.0.5.34": 9165.017, "10.0.2.94": 5439.631, "10.0.7.85": 1075.0043, "10.0.4.55": 6250.007800000001, "10.0.0.184": 940.0062, "10.0.0.39": 1378.0543, "10.0.0.42": 271.8003}}, "Clash of Clan": {"localIpCount": 3, "localIpFrequency": {"10.0.4.109": 7, "10.0.6.237": 1, "10.0.1.88": 1}, "localIpTotalDuration": 6839.8493, "localIpDuration": {"10.0.4.109": 5635.8449, "10.0.6.237": 0.0011, "10.0.1.88": 1204.0033}}, "Clash Royale": {"localIpCount": 1, "localIpFrequency": {"10.0.3.178": 1}, "localIpTotalDuration": 0.0, "localIpDuration": {"10.0.3.178": 0.0}}, "\ucef4\ud22c\uc2a4\ud504\ub85c\uc57c\uad6c2022": {"localIpCount": 2, "localIpFrequency": {"10.0.0.153": 2, "10.0.5.13": 1}, "localIpTotalDuration": 2133.9795, "localIpDuration": {"10.0.0.153": 974.0016, "10.0.5.13": 1159.9779}}, "Ninja Must Die": {"localIpCount": 1, "localIpFrequency": {"10.0.0.215": 4}, "localIpTotalDuration": 14.0021, "localIpDuration": {"10.0.0.215": 14.0021}}, "Guardian Tales": {"localIpCount": 1, "localIpFrequency": {"10.0.3.130": 1}, "localIpTotalDuration": 171.9986, "localIpDuration": {"10.0.3.130": 171.9986}}, "FreezeTag Online": {"localIpCount": 1, "localIpFrequency": {"10.0.0.236": 1}, "localIpTotalDuration": 104.0163, "localIpDuration": {"10.0.0.236": 104.0163}}, "FIFA Mobile": {"localIpCount": 14, "localIpFrequency": {"10.0.1.31": 1, "10.0.6.39": 6, "10.0.5.34": 2, "10.0.0.190": 1, "10.0.0.215": 3, "10.0.1.23": 3, "10.0.5.102": 3, "10.0.0.92": 2, "10.0.4.208": 1, "10.0.0.125": 2, "10.0.0.91": 1, "10.0.3.189": 2, "10.0.0.58": 2, "10.0.7.178": 1}, "localIpTotalDuration": 32062.997499999998, "localIpDuration": {"10.0.1.31": 680.002, "10.0.6.39": 8261.9459, "10.0.5.34": 1380.0078, "10.0.0.190": 804.0031, "10.0.0.215": 4228.0036, "10.0.1.23": 3466.0027, "10.0.5.102": 4950.017, "10.0.0.92": 2439.9927, "10.0.4.208": 159.9985, "10.0.0.125": 1800.0053, "10.0.0.91": 164.0116, "10.0.3.189": 1340.0018, "10.0.0.58": 2234.0061, "10.0.7.178": 154.9994}}, "Cookie Run: Kingdom": {"localIpCount": 2, "localIpFrequency": {"10.0.0.190": 1, "10.0.1.250": 1}, "localIpTotalDuration": 646.0008, "localIpDuration": {"10.0.0.190": 138.0004, "10.0.1.250": 508.0004}}, "Roblox": {"localIpCount": 57, "localIpFrequency": {"10.0.0.178": 1, "10.0.6.247": 9, "10.0.4.194": 2, "10.0.1.244": 11, "10.0.6.249": 8, "10.0.6.5": 2, "10.0.0.156": 2, "10.0.4.61": 1, "10.0.0.12": 3, "10.0.0.27": 2, "10.0.6.237": 4, "10.0.5.42": 4, "10.0.0.7": 2, "10.0.2.16": 4, "10.0.1.23": 12, "10.0.3.27": 1, "10.0.0.91": 1, "10.0.0.215": 1, "10.0.7.147": 6, "10.0.5.37": 1, "10.0.2.166": 1, "10.0.1.250": 6, "10.0.3.3": 1, "10.0.5.181": 5, "10.0.0.179": 1, "10.0.0.113": 1, "10.0.0.42": 2, "10.0.7.35": 1, "10.0.1.150": 2, "10.0.6.24": 1, "10.0.4.208": 1, "10.0.0.116": 2, "10.0.0.223": 2, "10.0.0.250": 3, "10.0.0.211": 1, "10.0.2.118": 1, "10.0.0.222": 1, "10.0.0.112": 2, "10.0.0.176": 1, "10.0.2.121": 1, "10.0.7.173": 1, "10.0.0.31": 3, "10.0.0.40": 1, "10.0.2.174": 2, "10.0.1.18": 1, "10.0.7.149": 1, "10.0.3.134": 1, "10.0.0.233": 1, "10.0.7.154": 3, "10.0.2.90": 1, "10.0.2.74": 1, "10.0.0.140": 1, "10.0.7.175": 1, "10.0.0.235": 2, "10.0.0.246": 1, "10.0.4.52": 2, "10.0.1.217": 1}, "localIpTotalDuration": 245698.51050000006, "localIpDuration": {"10.0.0.178": 1800.0002, "10.0.6.247": 16195.8392, "10.0.4.194": 3599.0971, "10.0.1.244": 19319.452100000002, "10.0.6.249": 14396.8188, "10.0.6.5": 3599.1103000000003, "10.0.0.156": 3599.1864, "10.0.4.61": 1799.6208, "10.0.0.12": 5398.4855, "10.0.0.27": 3599.1198999999997, "10.0.6.237": 7193.5855, "10.0.5.42": 7198.5062, "10.0.0.7": 3599.1551, "10.0.2.16": 7194.8060000000005, "10.0.1.23": 21249.425, "10.0.3.27": 1799.9952, "10.0.0.91": 1799.5667, "10.0.0.215": 1799.5675, "10.0.7.147": 10798.1064, "10.0.5.37": 1799.5833, "10.0.2.166": 1799.3956, "10.0.1.250": 10793.73, "10.0.3.3": 1799.5987, "10.0.5.181": 8993.5866, "10.0.0.179": 1799.6391, "10.0.0.113": 1799.459, "10.0.0.42": 3599.0913, "10.0.7.35": 1799.9996, "10.0.1.150": 3599.0368, "10.0.6.24": 1799.5298, "10.0.4.208": 1800.0001, "10.0.0.116": 3599.0172000000002, "10.0.0.223": 3599.2529999999997, "10.0.0.250": 5398.5484, "10.0.0.211": 1800.0001, "10.0.2.118": 1799.6264, "10.0.0.222": 1799.5351, "10.0.0.112": 3597.2790999999997, "10.0.0.176": 1799.9989, "10.0.2.121": 1798.0008, "10.0.7.173": 1799.5835, "10.0.0.31": 5397.2575, "10.0.0.40": 1799.4969, "10.0.2.174": 3599.0467, "10.0.1.18": 1799.5445, "10.0.7.149": 1799.6092, "10.0.3.134": 1799.5537, "10.0.0.233": 1799.6281, "10.0.7.154": 5398.8666, "10.0.2.90": 1799.9998, "10.0.2.74": 1799.5189, "10.0.0.140": 1799.5379, "10.0.7.175": 1799.6214, "10.0.0.235": 3597.6319, "10.0.0.246": 1799.5147, "10.0.4.52": 3599.1122, "10.0.1.217": 1797.6342}}, "DRAGON BALL LEGENDS": {"localIpCount": 2, "localIpFrequency": {"10.0.3.134": 3, "10.0.0.39": 3}, "localIpTotalDuration": 6026.0046999999995, "localIpDuration": {"10.0.3.134": 1944.0060999999998, "10.0.0.39": 4081.9986}}, "Roblox (Game)": {"localIpCount": 62, "localIpFrequency": {"10.0.1.31": 1, "10.0.0.178": 3, "10.0.6.166": 1, "10.0.6.5": 1, "10.0.4.194": 2, "10.0.0.238": 2, "10.0.0.156": 1, "10.0.4.61": 1, "10.0.0.7": 1, "10.0.5.42": 5, "10.0.2.16": 10, "10.0.0.140": 2, "10.0.6.199": 1, "10.0.6.247": 3, "10.0.6.249": 3, "10.0.1.23": 8, "10.0.5.37": 1, "10.0.7.166": 1, "10.0.0.215": 2, "10.0.7.135": 1, "10.0.5.229": 1, "10.0.1.244": 5, "10.0.7.147": 7, "10.0.0.113": 3,