{"MIR4": {"localIpCount": 1, "localIpFrequency": {"10.0.0.4": 7}, "localIpTotalDuration": 2411.8941, "localIpDuration": {"10.0.0.4": 2411.8941}}, "Genshin Impact": {"localIpCount": 2, "localIpFrequency": {"10.0.0.110": 70, "10.0.1.43": 6}, "localIpTotalDuration": 53441.20219999999, "localIpDuration": {"10.0.0.110": 45905.15699999999, "10.0.1.43": 7536.0452}}, "Gunship Battle: Crypto Conflict": {"localIpCount": 1, "localIpFrequency": {"10.0.1.26": 1}, "localIpTotalDuration": 1158.9497, "localIpDuration": {"10.0.1.26": 1158.9497}}, "Clash of Clan": {"localIpCount": 2, "localIpFrequency": {"10.0.0.110": 10, "10.0.1.57": 3}, "localIpTotalDuration": 903.7396, "localIpDuration": {"10.0.0.110": 842.2783, "10.0.1.57": 61.4613}}, "Roblox": {"localIpCount": 5, "localIpFrequency": {"10.0.0.238": 3, "10.0.0.252": 1, "10.0.1.12": 2, "10.0.1.25": 1, "10.0.1.31": 1}, "localIpTotalDuration": 4427.7384, "localIpDuration": {"10.0.0.238": 1260.024, "10.0.0.252": 992.5591, "10.0.1.12": 1184.0004, "10.0.1.25": 450.0011, "10.0.1.31": 541.1538}}, "Brawl Stars": {"localIpCount": 3, "localIpFrequency": {"10.0.0.79": 1, "10.0.0.144": 1, "10.0.1.57": 5}, "localIpTotalDuration": 4186.9697, "localIpDuration": {"10.0.0.79": 244.1526, "10.0.0.144": 242.0517, "10.0.1.57": 3700.7654}}, "World of Tanks": {"localIpCount": 1, "localIpFrequency": {"10.0.0.196": 1}, "localIpTotalDuration": 214.7654, "localIpDuration": {"10.0.0.196": 214.7654}}, "Blue Archive": {"localIpCount": 1, "localIpFrequency": {"10.0.1.140": 9}, "localIpTotalDuration": 5203.8055, "localIpDuration": {"10.0.1.140": 5203.8055}}, "Pok\u00e9mon GO": {"localIpCount": 1, "localIpFrequency": {"10.0.1.140": 9}, "localIpTotalDuration": 551.9511999999997, "localIpDuration": {"10.0.1.140": 551.9511999999997}}, "League of Legends: Wild Rift": {"localIpCount": 2, "localIpFrequency": {"10.0.1.64": 9, "10.0.1.98": 1}, "localIpTotalDuration": 12667.562899999999, "localIpDuration": {"10.0.1.64": 12667.5628, "10.0.1.98": 0.0001}}, "Cookie Run: Kingdom": {"localIpCount": 1, "localIpFrequency": {"10.0.1.43": 1}, "localIpTotalDuration": 511.0519, "localIpDuration": {"10.0.1.43": 511.0519}}, "Valor Legends: Dog Rescue": {"localIpCount": 1, "localIpFrequency": {"10.0.0.136": 1}, "localIpTotalDuration": 288.0529, "localIpDuration": {"10.0.0.136": 288.0529}}, "Odin: Valhalla Rising": {"localIpCount": 6, "localIpFrequency": {"10.0.1.170": 2, "10.0.1.32": 2, "10.0.0.196": 1, "10.0.1.140": 1, "10.0.0.183": 1, "10.0.1.180": 1}, "localIpTotalDuration": 2289.955, "localIpDuration": {"10.0.1.170": 1006.9488, "10.0.1.32": 280.8997, "10.0.0.196": 63.154, "10.0.1.140": 0.0001, "10.0.0.183": 649.9003, "10.0.1.180": 289.0521}}, "Diablo Immortal": {"localIpCount": 1, "localIpFrequency": {"10.0.0.120": 1}, "localIpTotalDuration": 0.0001, "localIpDuration": {"10.0.0.120": 0.0001}}, "New State Mobile": {"localIpCount": 2, "localIpFrequency": {"10.0.1.182": 1, "10.0.0.161": 1}, "localIpTotalDuration": 605.3226, "localIpDuration": {"10.0.1.182": 468.3228, "10.0.0.161": 136.9998}}, "Roblox (Adopt Me!)": {"localIpCount": 4, "localIpFrequency": {"10.0.0.238": 3, "10.0.0.252": 1, "10.0.1.12": 1, "10.0.1.31": 1}, "localIpTotalDuration": 573.5653, "localIpDuration": {"10.0.0.238": 26.7159, "10.0.0.252": 249.0516, "10.0.1.12": 105.0008, "10.0.1.31": 192.797}}, "PUBG Mobile": {"localIpCount": 13, "localIpFrequency": {"10.0.0.125": 1, "10.0.1.1": 2, "10.0.1.2": 1, "10.0.0.114": 2, "10.0.1.31": 10, "10.0.0.115": 1, "10.0.0.151": 1, "10.0.1.164": 14, "10.0.1.23": 2, "10.0.0.81": 11, "10.0.1.174": 1, "10.0.0.157": 1, "10.0.0.90": 1}, "localIpTotalDuration": 27483.2081, "localIpDuration": {"10.0.0.125": 280.9498, "10.0.1.1": 1621.6967, "10.0.1.2": 859.9504, "10.0.0.114": 421.1022, "10.0.1.31": 6304.8657, "10.0.0.115": 1.7462, "10.0.0.151": 313.152, "10.0.1.164": 5398.640700000001, "10.0.1.23": 990.1512, "10.0.0.81": 10166.849599999998, "10.0.1.174": 382.2548, "10.0.0.157": 297.6968, "10.0.0.90": 444.152}}, "KartRider Rush+": {"localIpCount": 1, "localIpFrequency": {"10.0.0.196": 1}, "localIpTotalDuration": 0.1543, "localIpDuration": {"10.0.0.196": 0.1543}}, "Ensemble Stars": {"localIpCount": 1, "localIpFrequency": {"10.0.1.43": 1}, "localIpTotalDuration": 1036.0523, "localIpDuration": {"10.0.1.43": 1036.0523}}}