{"Clash of Clan": {"localIpCount": 1, "localIpFrequency": {"10.0.0.154": 2}, "localIpTotalDuration": 151.05270000000002, "localIpDuration": {"10.0.0.154": 151.05270000000002}}, "The Wolf": {"localIpCount": 1, "localIpFrequency": {"10.0.0.23": 1}, "localIpTotalDuration": 30.0511, "localIpDuration": {"10.0.0.23": 30.0511}}, "Roblox (Adopt Me!)": {"localIpCount": 1, "localIpFrequency": {"10.0.0.154": 7}, "localIpTotalDuration": 3472.3918000000003, "localIpDuration": {"10.0.0.154": 3472.3918000000003}}, "Roblox": {"localIpCount": 2, "localIpFrequency": {"10.0.0.118": 2, "10.0.0.154": 8}, "localIpTotalDuration": 13161.3149, "localIpDuration": {"10.0.0.118": 600.4123999999999, "10.0.0.154": 12560.902500000002}}}