{"MIR4": {"localIpCount": 2, "localIpFrequency": {"10.0.0.48": 1, "10.0.0.4": 1}, "localIpTotalDuration": 137885.7415, "localIpDuration": {"10.0.0.48": 137885.7414, "10.0.0.4": 0.0001}}, "Cookie Run: Kingdom": {"localIpCount": 1, "localIpFrequency": {"10.0.0.20": 1}, "localIpTotalDuration": 236.9535, "localIpDuration": {"10.0.0.20": 236.9535}}, "Apex Legends Mobile": {"localIpCount": 1, "localIpFrequency": {"10.0.0.239": 1}, "localIpTotalDuration": 302.9439, "localIpDuration": {"10.0.0.239": 302.9439}}, "Odin: Valhalla Rising": {"localIpCount": 2, "localIpFrequency": {"10.0.0.51": 1, "10.0.1.24": 1}, "localIpTotalDuration": 521.4331, "localIpDuration": {"10.0.0.51": 521.433, "10.0.1.24": 0.0001}}, "Pok\u00e9mon GO": {"localIpCount": 2, "localIpFrequency": {"10.0.0.47": 16, "10.0.0.132": 1}, "localIpTotalDuration": 13707.540499999996, "localIpDuration": {"10.0.0.47": 13524.183099999995, "10.0.0.132": 183.3574}}, "Clash of Clan": {"localIpCount": 3, "localIpFrequency": {"10.0.1.100": 1, "10.0.0.132": 1, "10.0.1.62": 2}, "localIpTotalDuration": 1827.8708, "localIpDuration": {"10.0.1.100": 56.0005, "10.0.0.132": 30.718, "10.0.1.62": 1741.1523}}, "NBA NOW 23": {"localIpCount": 1, "localIpFrequency": {"10.0.2.13": 1}, "localIpTotalDuration": 0.0001, "localIpDuration": {"10.0.2.13": 0.0001}}, "League of Legends: Wild Rift": {"localIpCount": 11, "localIpFrequency": {"10.0.0.9": 62, "10.0.0.20": 21, "10.0.0.69": 1, "10.0.0.25": 4, "10.0.0.49": 1, "10.0.0.238": 4, "10.0.1.106": 4, "10.0.0.29": 1, "10.0.0.239": 5, "10.0.0.57": 4, "10.0.0.8": 1}, "localIpTotalDuration": 362184.5691000002, "localIpDuration": {"10.0.0.9": 106952.45049999998, "10.0.0.20": 52100.1151, "10.0.0.69": 1805.0474, "10.0.0.25": 7273.806299999999, "10.0.0.49": 439.9466, "10.0.0.238": 171799.13509999998, "10.0.1.106": 6352.746499999999, "10.0.0.29": 1.7656, "10.0.0.239": 9242.5001, "10.0.0.57": 4387.4158, "10.0.0.8": 1829.6401}}, "Genshin Impact": {"localIpCount": 4, "localIpFrequency": {"10.0.0.57": 46, "10.0.1.62": 23, "10.0.2.32": 36, "10.0.2.75": 1}, "localIpTotalDuration": 320709.6331, "localIpDuration": {"10.0.0.57": 116459.7846, "10.0.1.62": 143303.85460000002, "10.0.2.32": 59498.23229999998, "10.0.2.75": 1447.7616}}, "FIFA ONLINE 4 M": {"localIpCount": 2, "localIpFrequency": {"10.0.0.20": 5, "10.0.0.86": 1}, "localIpTotalDuration": 1240.4202, "localIpDuration": {"10.0.0.20": 963.5185, "10.0.0.86": 276.9017}}, "FIFA Mobile": {"localIpCount": 3, "localIpFrequency": {"10.0.0.20": 2, "10.0.2.43": 4, "10.0.2.46": 3}, "localIpTotalDuration": 10966.128200000001, "localIpDuration": {"10.0.0.20": 459.21380000000005, "10.0.2.43": 7404.051, "10.0.2.46": 3102.8633999999997}}, "PUBG Mobile": {"localIpCount": 10, "localIpFrequency": {"10.0.1.93": 1, "10.0.1.94": 5, "10.0.2.115": 15, "10.0.1.63": 7, "10.0.1.96": 11, "10.0.2.118": 1, "10.0.2.14": 5, "10.0.1.220": 10, "10.0.1.99": 2, "10.0.0.39": 27}, "localIpTotalDuration": 350911.4960000002, "localIpDuration": {"10.0.1.93": 2222.7965, "10.0.1.94": 24932.947799999998, "10.0.2.115": 93985.4474, "10.0.1.63": 52496.5056, "10.0.1.96": 73188.52, "10.0.2.118": 5975.0028, "10.0.2.14": 5948.3465, "10.0.1.220": 7374.488, "10.0.1.99": 57969.9247, "10.0.0.39": 26817.5167}}, "Hero Blaze: Three Kingdoms": {"localIpCount": 6, "localIpFrequency": {"10.0.1.34": 2, "10.0.0.160": 1, "10.0.1.214": 1, "10.0.1.10": 1, "10.0.2.68": 1, "10.0.0.11": 3}, "localIpTotalDuration": 38962.4938, "localIpDuration": {"10.0.1.34": 2.6523000000000003, "10.0.0.160": 117.9522, "10.0.1.214": 22202.9996, "10.0.1.10": 270.9495, "10.0.2.68": 138.9228, "10.0.0.11": 16229.0174}}, "Brawl Stars": {"localIpCount": 3, "localIpFrequency": {"10.0.0.78": 10, "10.0.0.132": 1, "10.0.0.57": 1}, "localIpTotalDuration": 16882.4896, "localIpDuration": {"10.0.0.78": 14212.6357, "10.0.0.132": 43.0543, "10.0.0.57": 2626.7996}}}