{"Gunship Battle: Crypto Conflict": {"localIpCount": 1, "localIpFrequency": {"10.0.0.43": 2}, "localIpTotalDuration": 545.0073, "localIpDuration": {"10.0.0.43": 545.0073}}, "FIFA ONLINE 4 M": {"localIpCount": 5, "localIpFrequency": {"10.0.1.25": 1, "10.0.2.11": 1, "10.0.1.94": 1, "10.0.1.44": 1, "10.0.1.249": 1}, "localIpTotalDuration": 1928.9125000000001, "localIpDuration": {"10.0.1.25": 0.0, "10.0.2.11": 809.0529, "10.0.1.94": 518.973, "10.0.1.44": 600.8866, "10.0.1.249": 0.0}}, "Free Fire": {"localIpCount": 6, "localIpFrequency": {"10.0.3.17": 1, "10.0.1.38": 2, "10.0.0.151": 7, "10.0.2.121": 2, "10.0.1.48": 4, "10.0.0.83": 2}, "localIpTotalDuration": 23681.9788, "localIpDuration": {"10.0.3.17": 405.995, "10.0.1.38": 3042.9993, "10.0.0.151": 10145.9712, "10.0.2.121": 3038.0186000000003, "10.0.1.48": 4920.9997, "10.0.0.83": 2127.995}}, "Minecraft": {"localIpCount": 8, "localIpFrequency": {"10.0.0.191": 2, "10.0.1.65": 1, "10.0.1.115": 2, "10.0.1.146": 2, "10.0.0.237": 3, "10.0.2.130": 1, "10.0.2.13": 1, "10.0.2.148": 1}, "localIpTotalDuration": 11313.203300000001, "localIpDuration": {"10.0.0.191": 186.9828, "10.0.1.65": 1025.0041, "10.0.1.115": 2616.9755999999998, "10.0.1.146": 1521.0006, "10.0.0.237": 3444.1825, "10.0.2.130": 428.996, "10.0.2.13": 338.0, "10.0.2.148": 1752.0617}}, "\ucef4\ud22c\uc2a4\ud504\ub85c\uc57c\uad6cV22": {"localIpCount": 2, "localIpFrequency": {"10.0.1.146": 1, "10.0.2.101": 1}, "localIpTotalDuration": 1046.0551, "localIpDuration": {"10.0.1.146": 116.9986, "10.0.2.101": 929.0565}}, "Odin: Valhalla Rising": {"localIpCount": 2, "localIpFrequency": {"10.0.0.41": 1, "10.0.0.43": 1}, "localIpTotalDuration": 0.0001, "localIpDuration": {"10.0.0.41": 0.0001, "10.0.0.43": 0.0}}, "League of Legends: Wild Rift": {"localIpCount": 5, "localIpFrequency": {"10.0.2.198": 2, "10.0.2.144": 11, "10.0.2.217": 1, "10.0.0.242": 4, "10.0.0.172": 2}, "localIpTotalDuration": 22665.1478, "localIpDuration": {"10.0.2.198": 1265.0113, "10.0.2.144": 13720.0163, "10.0.2.217": 1778.9964, "10.0.0.242": 5564.0482, "10.0.0.172": 337.07559999999995}}, "MapleStory M": {"localIpCount": 1, "localIpFrequency": {"10.0.2.255": 6}, "localIpTotalDuration": 5388.1866, "localIpDuration": {"10.0.2.255": 5388.1866}}, "FreezeTag Online": {"localIpCount": 1, "localIpFrequency": {"10.0.2.197": 1}, "localIpTotalDuration": 1434.016, "localIpDuration": {"10.0.2.197": 1434.016}}, "\ud0d5\ud0d5\ud2b9\uacf5\ub300": {"localIpCount": 5, "localIpFrequency": {"10.0.0.237": 1, "10.0.0.93": 1, "10.0.0.29": 1, "10.0.2.151": 1, "10.0.0.121": 1}, "localIpTotalDuration": 6585.9351, "localIpDuration": {"10.0.0.237": 1790.9768, "10.0.0.93": 1369.0331, "10.0.0.29": 87.0015, "10.0.2.151": 1784.9164, "10.0.0.121": 1554.0073}}, "Genshin Impact": {"localIpCount": 2, "localIpFrequency": {"10.0.0.140": 22, "10.0.2.210": 5}, "localIpTotalDuration": 13333.157799999997, "localIpDuration": {"10.0.0.140": 9050.074800000002, "10.0.2.210": 4283.083}}, "HATSUNE MIKU: COLORFUL STAGE!": {"localIpCount": 2, "localIpFrequency": {"10.0.1.161": 1, "10.0.0.205": 1}, "localIpTotalDuration": 2492.1675, "localIpDuration": {"10.0.1.161": 1175.2017, "10.0.0.205": 1316.9658}}, "FIFA Mobile": {"localIpCount": 16, "localIpFrequency": {"10.0.0.10": 2, "10.0.0.236": 1, "10.0.1.25": 2, "10.0.0.117": 2, "10.0.0.89": 1, "10.0.1.217": 2, "10.0.2.17": 4, "10.0.0.108": 1, "10.0.2.162": 2, "10.0.2.15": 1, "10.0.2.128": 1, "10.0.0.82": 1, "10.0.1.94": 1, "10.0.2.74": 1, "10.0.0.151": 3, "10.0.0.216": 1}, "localIpTotalDuration": 33784.724599999994, "localIpDuration": {"10.0.0.10": 2451.978, "10.0.0.236": 637.9842, "10.0.1.25": 3396.0805, "10.0.0.117": 3017.9710999999998, "10.0.0.89": 495.9999, "10.0.1.217": 3571.0905000000002, "10.0.2.17": 6297.4751, "10.0.0.108": 1761.0205, "10.0.2.162": 262.0025, "10.0.2.15": 1785.1557, "10.0.2.128": 447.001, "10.0.0.82": 1533.8803, "10.0.1.94": 932.1272, "10.0.2.74": 1798.9466, "10.0.0.151": 3836.0, "10.0.0.216": 1560.0115}}, "Zombie High School": {"localIpCount": 5, "localIpFrequency": {"10.0.0.206": 1, "10.0.2.71": 2, "10.0.2.152": 1, "10.0.0.116": 1, "10.0.2.197": 1}, "localIpTotalDuration": 4807.610699999999, "localIpDuration": {"10.0.0.206": 1699.0661, "10.0.2.71": 1233.9985, "10.0.2.152": 300.0011, "10.0.0.116": 995.5367, "10.0.2.197": 579.0083}}, "DRAGON BALL LEGENDS": {"localIpCount": 1, "localIpFrequency": {"10.0.0.238": 2}, "localIpTotalDuration": 1701.0844, "localIpDuration": {"10.0.0.238": 1701.0844}}, "Merge Fantasy Island": {"localIpCount": 1, "localIpFrequency": {"10.0.1.180": 4}, "localIpTotalDuration": 619.7997, "localIpDuration": {"10.0.1.180": 619.7997}}, "Valor Legends: Dog Rescue": {"localIpCount": 2, "localIpFrequency": {"10.0.0.151": 1, "10.0.1.82": 12}, "localIpTotalDuration": 14284.736, "localIpDuration": {"10.0.0.151": 341.0013, "10.0.1.82": 13943.7347}}, "Brawl Stars": {"localIpCount": 11, "localIpFrequency": {"10.0.2.74": 5, "10.0.2.180": 6, "10.0.2.61": 2, "10.0.1.146": 2, "10.0.0.43": 1, "10.0.0.41": 1, "10.0.2.36": 2, "10.0.0.217": 1, "10.0.0.242": 1, "10.0.2.235": 1, "10.0.1.249": 1}, "localIpTotalDuration": 32254.075499999995, "localIpDuration": {"10.0.2.74": 7385.008099999999, "10.0.2.180": 9747.2327, "10.0.2.61": 3577.1636, "10.0.1.146": 294.0068, "10.0.0.43": 1716.9707, "10.0.0.41": 1291.0172, "10.0.2.36": 2546.5523000000003, "10.0.0.217": 1776.1138, "10.0.0.242": 1764.0788, "10.0.2.235": 1772.9075, "10.0.1.249": 383.024}}, "ZEPETO": {"localIpCount": 1, "localIpFrequency": {"10.0.2.124": 4}, "localIpTotalDuration": 2366.2742, "localIpDuration": {"10.0.2.124": 2366.2742}}, "Ensemble Stars": {"localIpCount": 1, "localIpFrequency": {"10.0.0.178": 1}, "localIpTotalDuration": 1256.0101, "localIpDuration": {"10.0.0.178": 1256.0101}}, "WePlay - Party Game & Chat": {"localIpCount": 5, "localIpFrequency": {"10.0.0.208": 2, "10.0.0.40": 4, "10.0.2.81": 1, "10.0.1.173": 2, "10.0.1.151": 1}, "localIpTotalDuration": 8961.995200000001, "localIpDuration": {"10.0.0.208": 1698.9735, "10.0.0.40": 3343.0947, "10.0.2.81": 399.0424, "10.0.1.173": 2866.8733, "10.0.1.151": 654.0113}}, "PUBG Mobile": {"localIpCount": 11, "localIpFrequency": {"10.0.1.34": 1, "10.0.1.64": 2, "10.0.3.31": 3, "10.0.1.94": 1, "10.0.3.42": 1, "10.0.0.44": 1, "10.0.1.59": 3, "10.0.2.163": 1, "10.0.3.54": 3, "10.0.0.60": 1, "10.0.1.37": 1}, "localIpTotalDuration": 14264.508700000002, "localIpDuration": {"10.0.1.34": 8.9982, "10.0.1.64": 2204.303, "10.0.3.31": 4013.0069000000003, "10.0.1.94": 654.9404, "10.0.3.42": 1603.0035, "10.0.0.44": 0.0, "10.0.1.59": 2007.2426, "10.0.2.163": 1233.0006, "10.0.3.54": 2191.0098000000003, "10.0.0.60": 331.0007, "10.0.1.37": 18.003}}, "GUNS UP! Mobile": {"localIpCount": 2, "localIpFrequency": {"10.0.2.78": 1, "10.0.2.151": 1}, "localIpTotalDuration": 202.98250000000002, "localIpDuration": {"10.0.2.78": 0.0001, "10.0.2.151": 202.9824}}, "Roblox (Game)": {"localIpCount": 52, "localIpFrequency": {"10.0.2.255": 4, "10.0.0.92": 1, "10.0.2.65": 2, "10.0.0.15": 1, "10.0.3.31": 1, "10.0.1.212": 2, "10.0.2.18": 2, "10.0.2.189": 1, "10.0.2.172": 3, "10.0.0.175": 1, "10.0.2.209": 2, "10.0.0.5": 1, "10.0.2.142": 14, "10.0.2.198": 2, "10.0.2.71": 6, "10.0.2.130": 1, "10.0.1.142": 6, "10.0.2.8": 3, "10.0.0.43": 1, "10.0.2.53": 6, "10.0.2.214": 1, "10.0.0.18": 1, "10.0.1.55": 1, "10.0.0.210": 1, "10.0.3.18": 1, "10.0.1.36": 1, "10.0.1.141": 4, "10.0.2.136": 1, "10.0.0.50": 1, "10.0.1.34": 1, "10.0.0.14": 1, "10.0.3.21": 6, "10.0.1.143": 3, "10.0.3.3": 2, "10.0.1.46": 1, "10.0.0.12": 1, "10.0.2.153": 1, "10.0.1.99": 3, "10.0.0.83": 1, "10.0.0.236": 1, "10.0.1.161": 1, "10.0.2.156": 2, "10.0.0.219": 1, "10.0.1.217": 1, "10.0.2.158": 1, "10.0.2.58": 2, "10.0.1.146": 1, "10.0.3.4": 1, "10.0.1.233": 1, "10.0.0.48": 1, "10.0.2.179": 2, "10.0.3.50": 1}, "localIpTotalDuration": 175057.55059999993, "localIpDuration": {"10.0.2.255": 6574.0152, "10.0.0.92": 1797.9965, "10.0.2.65": 3293.9984999999997, "10.0.0.15": 1783.9858, "10.0.3.31": 1720.0, "10.0.1.212": 3565.0217000000002,