{"MIR4": {"localIpCount": 1, "localIpFrequency": {"10.0.0.35": 6}, "localIpTotalDuration": 8081.702, "localIpDuration": {"10.0.0.35": 8081.702}}, "PUBG Mobile": {"localIpCount": 5, "localIpFrequency": {"10.0.0.28": 12, "10.0.0.8": 2, "10.0.0.32": 46, "10.0.0.54": 4, "10.0.0.35": 2}, "localIpTotalDuration": 97407.87990000013, "localIpDuration": {"10.0.0.28": 28236.612200000003, "10.0.0.8": 2065.9994, "10.0.0.32": 59880.62089999995, "10.0.0.54": 7224.647199999999, "10.0.0.35": 0.0002}}, "Roblox": {"localIpCount": 7, "localIpFrequency": {"10.0.0.49": 2, "10.0.0.17": 29, "10.0.0.18": 71, "10.0.0.45": 14, "10.0.0.36": 2, "10.0.0.4": 2, "10.0.0.5": 4}, "localIpTotalDuration": 413701.6880999998, "localIpDuration": {"10.0.0.49": 5628.6662, "10.0.0.17": 70657.18250000002, "10.0.0.18": 222772.4363000001, "10.0.0.45": 55845.02799999999, "10.0.0.36": 3601.287, "10.0.0.4": 29250.1694, "10.0.0.5": 25946.918700000002}}, "League of Legends: Wild Rift": {"localIpCount": 2, "localIpFrequency": {"10.0.0.98": 2, "10.0.0.35": 4}, "localIpTotalDuration": 7701.2158, "localIpDuration": {"10.0.0.98": 202.9872, "10.0.0.35": 7498.2285999999995}}, "Hero Blaze: Three Kingdoms": {"localIpCount": 2, "localIpFrequency": {"10.0.0.43": 17, "10.0.0.69": 1}, "localIpTotalDuration": 743.0990999999999, "localIpDuration": {"10.0.0.43": 712.5379999999999, "10.0.0.69": 30.5611}}, "Roblox (Adopt Me!)": {"localIpCount": 6, "localIpFrequency": {"10.0.0.49": 2, "10.0.0.17": 26, "10.0.0.18": 47, "10.0.0.45": 10, "10.0.0.36": 2, "10.0.0.5": 3}, "localIpTotalDuration": 89650.57670000002, "localIpDuration": {"10.0.0.49": 81.63, "10.0.0.17": 28747.547, "10.0.0.18": 48781.1245, "10.0.0.45": 7454.374599999999, "10.0.0.36": 2958.3046, "10.0.0.5": 1627.596}}, "Clash of Clan": {"localIpCount": 1, "localIpFrequency": {"10.0.0.30": 6}, "localIpTotalDuration": 198.61120000000003, "localIpDuration": {"10.0.0.30": 198.61120000000003}}, "Genshin Impact": {"localIpCount": 4, "localIpFrequency": {"10.0.0.30": 135, "10.0.0.12": 2, "10.0.2.244": 37, "10.0.0.9": 1}, "localIpTotalDuration": 515431.33109999937, "localIpDuration": {"10.0.0.30": 325208.09759999946, "10.0.0.12": 2839.9948, "10.0.2.244": 185728.23829999997, "10.0.0.9": 1655.0004}}, "Pok\u00e9mon GO": {"localIpCount": 1, "localIpFrequency": {"10.0.0.96": 2}, "localIpTotalDuration": 179.8988, "localIpDuration": {"10.0.0.96": 179.8988}}, "ZEPETO": {"localIpCount": 1, "localIpFrequency": {"10.0.0.18": 43}, "localIpTotalDuration": 45097.40660000001, "localIpDuration": {"10.0.0.18": 45097.40660000001}}}