{"Pok\u00e9mon GO": {"localIpCount": 4, "localIpFrequency": {"10.0.0.9": 6, "10.0.3.235": 12, "10.0.2.156": 2, "10.0.0.51": 1}, "localIpTotalDuration": 24352.5409, "localIpDuration": {"10.0.0.9": 6124.9994, "10.0.3.235": 15338.404700000001, "10.0.2.156": 2889.0606, "10.0.0.51": 0.0762}}, "PUBG Mobile": {"localIpCount": 14, "localIpFrequency": {"10.0.1.222": 14, "10.0.1.37": 1, "10.0.1.59": 4, "10.0.1.249": 2, "10.0.1.227": 7, "10.0.1.98": 1, "10.0.3.189": 7, "10.0.1.64": 2, "10.0.5.175": 1, "10.0.3.11": 2, "10.0.4.226": 1, "10.0.1.251": 4, "10.0.1.116": 2, "10.0.0.99": 1}, "localIpTotalDuration": 45607.2949, "localIpDuration": {"10.0.1.222": 15722.0155, "10.0.1.37": 1688.0011, "10.0.1.59": 4559.919000000001, "10.0.1.249": 1763.0032, "10.0.1.227": 4441.0038, "10.0.1.98": 611.9993, "10.0.3.189": 7735.008899999999, "10.0.1.64": 1485.1018000000001, "10.0.5.175": 1189.0467, "10.0.3.11": 950.1104, "10.0.4.226": 26.0004, "10.0.1.251": 2510.0008, "10.0.1.116": 2745.9984999999997, "10.0.0.99": 180.0855}}, "Cookie Run: Kingdom": {"localIpCount": 5, "localIpFrequency": {"10.0.0.247": 3, "10.0.2.172": 1, "10.0.0.9": 3, "10.0.3.235": 2, "10.0.0.250": 2}, "localIpTotalDuration": 13649.107, "localIpDuration": {"10.0.0.247": 4607.1765, "10.0.2.172": 1325.9962, "10.0.0.9": 3310.9998, "10.0.3.235": 1406.9262, "10.0.0.250": 2998.0083}}, "Clash Royale": {"localIpCount": 1, "localIpFrequency": {"10.0.0.230": 1}, "localIpTotalDuration": 1.0298, "localIpDuration": {"10.0.0.230": 1.0298}}, "Diablo Immortal": {"localIpCount": 1, "localIpFrequency": {"10.0.5.162": 1}, "localIpTotalDuration": 549.0192, "localIpDuration": {"10.0.5.162": 549.0192}}, "League of Legends: Wild Rift": {"localIpCount": 6, "localIpFrequency": {"10.0.5.236": 1, "10.0.3.192": 1, "10.0.4.1": 3, "10.0.5.219": 1, "10.0.0.13": 9, "10.0.0.242": 2}, "localIpTotalDuration": 21364.599599999998, "localIpDuration": {"10.0.5.236": 1287.1088, "10.0.3.192": 0.0001, "10.0.4.1": 5283.1645, "10.0.5.219": 281.9785, "10.0.0.13": 11455.445900000002, "10.0.0.242": 3056.9017999999996}}, "ZEPETO": {"localIpCount": 3, "localIpFrequency": {"10.0.3.223": 11, "10.0.5.253": 2, "10.0.3.162": 2}, "localIpTotalDuration": 13411.4448, "localIpDuration": {"10.0.3.223": 8641.426099999999, "10.0.5.253": 3021.0761, "10.0.3.162": 1748.9425999999999}}, "MIR4": {"localIpCount": 1, "localIpFrequency": {"10.0.2.189": 1}, "localIpTotalDuration": 369.9943, "localIpDuration": {"10.0.2.189": 369.9943}}, "Random Dice: Defense": {"localIpCount": 1, "localIpFrequency": {"10.0.0.230": 1}, "localIpTotalDuration": 266.975, "localIpDuration": {"10.0.0.230": 266.975}}, "Clash of Clan": {"localIpCount": 3, "localIpFrequency": {"10.0.1.13": 3, "10.0.1.222": 5, "10.0.0.38": 1}, "localIpTotalDuration": 2271.0371, "localIpDuration": {"10.0.1.13": 299.9988, "10.0.1.222": 1970.9999, "10.0.0.38": 0.0384}}, "\ucef4\ud22c\uc2a4\ud504\ub85c\uc57c\uad6cV22": {"localIpCount": 1, "localIpFrequency": {"10.0.0.202": 1}, "localIpTotalDuration": 913.9636, "localIpDuration": {"10.0.0.202": 913.9636}}, "WePlay - Party Game & Chat": {"localIpCount": 3, "localIpFrequency": {"10.0.3.152": 2, "10.0.5.57": 8, "10.0.6.3": 1}, "localIpTotalDuration": 16239.945, "localIpDuration": {"10.0.3.152": 3304.0011, "10.0.5.57": 11147.997800000001, "10.0.6.3": 1787.9461}}, "Genshin Impact": {"localIpCount": 5, "localIpFrequency": {"10.0.0.140": 1, "10.0.0.9": 3, "10.0.3.108": 6, "10.0.2.153": 1, "10.0.6.7": 2}, "localIpTotalDuration": 13121.064000000002, "localIpDuration": {"10.0.0.140": 36.9988, "10.0.0.9": 849.0147, "10.0.3.108": 10185.055, "10.0.2.153": 289.9964, "10.0.6.7": 1759.9991}}, "Gunship Battle: Crypto Conflict": {"localIpCount": 1, "localIpFrequency": {"10.0.0.29": 1}, "localIpTotalDuration": 179.0026, "localIpDuration": {"10.0.0.29": 179.0026}}, "KartRider Rush+": {"localIpCount": 2, "localIpFrequency": {"10.0.3.95": 2, "10.0.0.53": 5}, "localIpTotalDuration": 1592.9266, "localIpDuration": {"10.0.3.95": 1224.0358999999999, "10.0.0.53": 368.8907}}, "Roblox": {"localIpCount": 67, "localIpFrequency": {"10.0.3.128": 2, "10.0.0.114": 1, "10.0.4.212": 2, "10.0.3.176": 8, "10.0.3.235": 2, "10.0.4.223": 1, "10.0.0.15": 1, "10.0.2.32": 4, "10.0.4.24": 1, "10.0.1.83": 2, "10.0.1.103": 2, "10.0.3.166": 2, "10.0.1.183": 1, "10.0.0.62": 2, "10.0.1.44": 1, "10.0.0.242": 1, "10.0.3.83": 4, "10.0.0.224": 1, "10.0.3.142": 3, "10.0.0.151": 1, "10.0.0.144": 2, "10.0.3.194": 5, "10.0.0.238": 1, "10.0.4.183": 2, "10.0.0.22": 1, "10.0.4.204": 5, "10.0.4.117": 1, "10.0.4.206": 1, "10.0.5.154": 1, "10.0.2.162": 1, "10.0.1.99": 3, "10.0.4.79": 1, "10.0.3.186": 2, "10.0.5.207": 1, "10.0.3.160": 5, "10.0.3.199": 2, "10.0.1.64": 1, "10.0.4.233": 1, "10.0.3.157": 3, "10.0.5.194": 1, "10.0.3.245": 3, "10.0.2.152": 6, "10.0.0.81": 1, "10.0.0.69": 1, "10.0.2.172": 2, "10.0.0.51": 1, "10.0.3.132": 4, "10.0.3.197": 1, "10.0.0.175": 1, "10.0.3.201": 4, "10.0.0.33": 1, "10.0.0.111": 1, "10.0.0.125": 1, "10.0.5.181": 1, "10.0.0.86": 1, "10.0.4.209": 1, "10.0.0.173": 1, "10.0.3.55": 3, "10.0.5.15": 1, "10.0.4.34": 1, "10.0.4.162": 1, "10.0.1.204": 1, "10.0.5.219": 1, "10.0.0.85": 1, "10.0.4.100": 1, "10.0.1.102": 1, "10.0.4.147": 1}, "localIpTotalDuration": 217530.5031, "localIpDuration": {"10.0.3.128": 1772.002, "10.0.0.114": 1799.2082, "10.0.4.212": 2181.0079, "10.0.3.176": 13889.892500000002, "10.0.3.235": 3599.0926, "10.0.4.223": 1798.0041, "10.0.0.15": 1799.5822, "10.0.2.32": 5878.9965, "10.0.4.24": 1799.5335, "10.0.1.83": 3599.0205, "10.0.1.103": 3599.2293, "10.0.3.166": 3599.4701, "10.0.1.183": 11.9966, "10.0.0.62": 3598.7425000000003, "10.0.1.44": 1799.6036, "10.0.0.242": 1799.6346, "10.0.3.83": 7197.9514, "10.0.0.224": 1800.0002, "10.0.3.142": 5302.653200000001, "10.0.0.151": 1799.5894, "10.0.0.144": 3599.0365, "10.0.3.194": 8978.6607, "10.0.0.238": 1799.9998, "10.0.4.183": 3593.0059, "10.0.0.22": 1799.9912, "10.0.4.204": 8997.3211, "10.0.4.117": 1799.4801, "10.0.4.206": 1799.6447, "10.0.5.154": 1799.9572, "10.0.2.162": 1799.8275, "10.0.1.99": 5399.635, "10.0.4.79": 1799.3022, "10.0.3.186": 3599.0014, "10.0.5.207": 1799.5433, "10.0.3.160": 8915.2544, "10.0.3.199": 3599.3125, "10.0.1.64": 1799.9667, "10.0.4.233": 1799.458, "10.0.3.157": 5395.2787, "10.0.5.194": 1799.1789, "10.0.3.245": 5388.0082999999995, "10.0.2.152": 10486.6551, "10.0.0.81": 1799.4344, "10.0.0.69": 1799.5116, "10.0.2.172": 3596.666, "10.0.0.51": 1799.4194, "10.0.3.132": 7197.9368, "10.0.3.197": 1797.6348, "10.0.0.175": 1799.542, "10.0.3.201": 7188.925800000001, "10.0.0.33": 1799.336, "10.0.0.111": 1799.5865, "10.0.0.125": 1799.5319, "10.0.5.181": 1799.4214, "10.0.0.86": 1799.3285, "10.0.4.209": 1799.6649, "10.0.0.173": 1799.3881, "10.0.3.55": 5389.9561, "10.0.5.15": 1799.3071, "10.0.4.34": 1799.406, "10.0.4.162": 1798.0016, "10.0.1.204": 1799.3382, "10.0.5.219": 1799.5478, "10.0.0.85": 1799.2438, "10.0.4.100": 1799.0011, "10.0.1.102": 1798.6447, "10.0.4.147": 1799.9985}}, "Roblox (Game)": {"localIpCount": 62, "localIpFrequency": {"10.0.4.100": 4, "10.0.4.235": 1, "10.0.3.176": 5, "10.0.0.100": 1, "10.0.2.32": 2, "10.0.1.83": 2, "10.0.0.151": 3, "10.0.2.209": 1, "10.0.3.166": 2, "10.0.1.22": 2, "10.0.3.83": 2, "10.0.0.175": 2, "10.0.0.247": 1, "10.0.3.142": 2, "10.0.2.245": 1, "10.0.4.225": 1, "10.0.2.178": 1, "10.0.3.128": 1, "10.0.4.183": 1, "10.0.2.165": 1, "10.0.4.162": 1, "10.0.3.194": 2, "10.0.1.44": 1, "10.0.4.204": 4, "10.0.0.22": 1, "10.0.3.186": 2, "10.0.3.223": 1, "10.0.5.224": 1, "10.0.4.215": 1, "10.0.2.162": 2, "10.0.3.245": 3, "10.0.3.197": 2, "10.0.3.160": 6, "10.0.0.121": 1, "10.0.5.240": 1, "10.0.3.199": 3, "10.0.0.86": 1, "10.0.0.63": 1, "10.0.0.92": 2, "10.0.4.212": 1, "10.0.3.152": 1, "10.0.2.238": 2, "10.0.4.201": 3, "10.0.0.19": 1, "10.0.0.62": 2, "10.0.2.172": 2, "10.0.1.99": 2, "10.0.1.51": 1, "10.0.3.201": 4, "10.0.5.255": 1, "10.0.2.152": 2, "10.0.5.18": 1, "10.0.2.108": 1, "10.0.1.212": 1, "10.0.3.14": 1, "10.0.5.175": 1, "10.0.0.130": 1, "10.0.6.6": 1, "10.0.4.147": 1, "10.0.0.15": 2, "10.0.0.5": 1,