{"\ud0d5\ud0d5\ud2b9\uacf5\ub300": {"localIpCount": 3, "localIpFrequency": {"10.0.2.161": 1, "10.0.4.201": 1, "10.0.6.52": 1}, "localIpTotalDuration": 921.0013999999999, "localIpDuration": {"10.0.2.161": 119.9981, "10.0.4.201": 376.0003, "10.0.6.52": 425.003}}, "Genshin Impact": {"localIpCount": 3, "localIpFrequency": {"10.0.0.235": 5, "10.0.2.26": 3, "10.0.1.207": 3}, "localIpTotalDuration": 14465.704399999999, "localIpDuration": {"10.0.0.235": 7101.693799999999, "10.0.2.26": 3392.003, "10.0.1.207": 3972.0076}}, "Gunship Battle: Crypto Conflict": {"localIpCount": 1, "localIpFrequency": {"10.0.0.8": 3}, "localIpTotalDuration": 2094.0011, "localIpDuration": {"10.0.0.8": 2094.0011}}, "Roblox": {"localIpCount": 59, "localIpFrequency": {"10.0.1.99": 5, "10.0.0.113": 1, "10.0.1.68": 8, "10.0.5.42": 16, "10.0.0.34": 3, "10.0.1.10": 11, "10.0.6.121": 10, "10.0.0.190": 7, "10.0.0.250": 5, "10.0.1.27": 5, "10.0.0.166": 5, "10.0.6.128": 8, "10.0.0.156": 5, "10.0.0.54": 2, "10.0.4.195": 2, "10.0.0.29": 2, "10.0.0.172": 2, "10.0.6.156": 3, "10.0.5.181": 2, "10.0.0.27": 3, "10.0.0.223": 4, "10.0.1.231": 1, "10.0.0.102": 3, "10.0.1.150": 2, "10.0.3.132": 6, "10.0.6.206": 1, "10.0.1.116": 1, "10.0.1.153": 4, "10.0.3.5": 2, "10.0.0.30": 3, "10.0.3.186": 1, "10.0.2.224": 3, "10.0.6.133": 2, "10.0.0.87": 1, "10.0.6.155": 1, "10.0.3.72": 2, "10.0.1.157": 4, "10.0.1.160": 1, "10.0.0.116": 1, "10.0.5.34": 1, "10.0.1.159": 1, "10.0.4.220": 1, "10.0.2.74": 1, "10.0.2.166": 1, "10.0.1.23": 3, "10.0.6.212": 2, "10.0.0.86": 1, "10.0.0.244": 1, "10.0.1.171": 1, "10.0.0.72": 1, "10.0.3.28": 1, "10.0.0.43": 3, "10.0.1.81": 1, "10.0.1.148": 10, "10.0.3.244": 2, "10.0.3.3": 1, "10.0.2.78": 1, "10.0.3.229": 1, "10.0.0.7": 1}, "localIpTotalDuration": 325217.8817000001, "localIpDuration": {"10.0.1.99": 8983.1684, "10.0.0.113": 1799.2392, "10.0.1.68": 14389.808900000002, "10.0.5.42": 28760.616700000002, "10.0.0.34": 5398.396699999999, "10.0.1.10": 19746.1921, "10.0.6.121": 17976.7067, "10.0.0.190": 12596.6433, "10.0.0.250": 8997.5373, "10.0.1.27": 8997.885999999999, "10.0.0.166": 8994.5376, "10.0.6.128": 14392.482100000003, "10.0.0.156": 8327.3239, "10.0.0.54": 3598.8115, "10.0.4.195": 3598.825, "10.0.0.29": 3591.9997999999996, "10.0.0.172": 3598.2132, "10.0.6.156": 5398.849099999999, "10.0.5.181": 3599.6206, "10.0.0.27": 5398.7833, "10.0.0.223": 7196.9024, "10.0.1.231": 1799.5631, "10.0.0.102": 5396.9477, "10.0.1.150": 3599.2690000000002, "10.0.3.132": 9812.79, "10.0.6.206": 1799.6376, "10.0.1.116": 1799.5479, "10.0.1.153": 7194.899600000001, "10.0.3.5": 3598.5906, "10.0.0.30": 5396.889, "10.0.3.186": 1799.5741, "10.0.2.224": 5398.2893, "10.0.6.133": 3599.2300999999998, "10.0.0.87": 263.9849, "10.0.6.155": 1799.6244, "10.0.3.72": 3598.1068, "10.0.1.157": 6770.897, "10.0.1.160": 1799.645, "10.0.0.116": 1799.9991, "10.0.5.34": 1799.6454, "10.0.1.159": 1799.6383, "10.0.4.220": 1799.6413, "10.0.2.74": 1799.5498, "10.0.2.166": 1799.545, "10.0.1.23": 5392.9377, "10.0.6.212": 3599.2576, "10.0.0.86": 1799.0899, "10.0.0.244": 1799.9999, "10.0.1.171": 1589.6302, "10.0.0.72": 1799.2832, "10.0.3.28": 1798.0032, "10.0.0.43": 5371.6447, "10.0.1.81": 1799.9997, "10.0.1.148": 17902.585, "10.0.3.244": 3599.6174, "10.0.3.3": 1799.3144, "10.0.2.78": 1799.6132, "10.0.3.229": 1799.6153, "10.0.0.7": 1799.2415}}, "Pok\u00e9mon Unite": {"localIpCount": 1, "localIpFrequency": {"10.0.1.12": 1}, "localIpTotalDuration": 799.9995, "localIpDuration": {"10.0.1.12": 799.9995}}, "KartRider Rush+": {"localIpCount": 1, "localIpFrequency": {"10.0.4.97": 2}, "localIpTotalDuration": 250.00039999999998, "localIpDuration": {"10.0.4.97": 250.00039999999998}}, "HATSUNE MIKU: COLORFUL STAGE!": {"localIpCount": 3, "localIpFrequency": {"10.0.4.164": 1, "10.0.1.160": 3, "10.0.6.209": 2}, "localIpTotalDuration": 5454.0207, "localIpDuration": {"10.0.4.164": 106.0229, "10.0.1.160": 4037.9985, "10.0.6.209": 1309.9993}}, "FIFA ONLINE 4 M": {"localIpCount": 4, "localIpFrequency": {"10.0.4.123": 2, "10.0.1.31": 1, "10.0.1.89": 1, "10.0.1.82": 1}, "localIpTotalDuration": 4084.0073, "localIpDuration": {"10.0.4.123": 1872.0095999999999, "10.0.1.31": 149.9989, "10.0.1.89": 460.0014, "10.0.1.82": 1601.9974}}, "Hay Day": {"localIpCount": 1, "localIpFrequency": {"10.0.0.33": 3}, "localIpTotalDuration": 758.9769, "localIpDuration": {"10.0.0.33": 758.9769}}, "GUNS UP! Mobile": {"localIpCount": 1, "localIpFrequency": {"10.0.0.240": 2}, "localIpTotalDuration": 0.0, "localIpDuration": {"10.0.0.240": 0.0}}, "DRAGON BALL LEGENDS": {"localIpCount": 2, "localIpFrequency": {"10.0.0.166": 4, "10.0.0.39": 1}, "localIpTotalDuration": 5176.0108, "localIpDuration": {"10.0.0.166": 3989.9994, "10.0.0.39": 1186.0114}}, "PUBG Mobile": {"localIpCount": 22, "localIpFrequency": {"10.0.1.43": 2, "10.0.0.243": 4, "10.0.1.33": 2, "10.0.0.15": 1, "10.0.1.15": 1, "10.0.0.64": 2, "10.0.1.48": 2, "10.0.0.201": 1, "10.0.1.32": 2, "10.0.1.62": 1, "10.0.6.200": 1, "10.0.0.235": 2, "10.0.1.42": 2, "10.0.1.45": 1, "10.0.0.138": 2, "10.0.0.194": 1, "10.0.0.239": 4, "10.0.0.9": 2, "10.0.1.41": 1, "10.0.0.178": 1, "10.0.1.67": 2, "10.0.0.202": 1}, "localIpTotalDuration": 40123.56899999998, "localIpDuration": {"10.0.1.43": 2787.1199, "10.0.0.243": 4170.0048, "10.0.1.33": 2547.0424, "10.0.0.15": 1716.0592, "10.0.1.15": 1754.9496, "10.0.0.64": 2606.8529, "10.0.1.48": 729.0758, "10.0.0.201": 258.0794, "10.0.1.32": 3107.973, "10.0.1.62": 65.8959, "10.0.6.200": 1525.0004, "10.0.0.235": 1419.0657, "10.0.1.42": 2166.1261, "10.0.1.45": 12.0633, "10.0.0.138": 656.9431, "10.0.0.194": 1460.9949, "10.0.0.239": 5828.956300000001, "10.0.0.9": 1611.1691, "10.0.1.41": 1662.1341, "10.0.0.178": 578.9651, "10.0.1.67": 1991.9806999999998, "10.0.0.202": 1467.1173}}, "Clash of Clan": {"localIpCount": 10, "localIpFrequency": {"10.0.1.42": 7, "10.0.4.109": 13, "10.0.4.116": 2, "10.0.0.38": 1, "10.0.4.188": 1, "10.0.2.209": 2, "10.0.5.32": 1, "10.0.1.67": 2, "10.0.1.213": 1, "10.0.4.123": 1}, "localIpTotalDuration": 21547.8262, "localIpDuration": {"10.0.1.42": 2198.9860000000003, "10.0.4.109": 11009.611800000002, "10.0.4.116": 3428.0051000000003, "10.0.0.38": 1632.0646, "10.0.4.188": 480.0022, "10.0.2.209": 1.0524, "10.0.5.32": 0.0, "10.0.1.67": 1200.1041, "10.0.1.213": 1598.0, "10.0.4.123": 0.0}}, "WePlay - Party Game & Chat": {"localIpCount": 4, "localIpFrequency": {"10.0.3.55": 1, "10.0.6.156": 1, "10.0.4.178": 1, "10.0.1.67": 1}, "localIpTotalDuration": 527.0074999999999, "localIpDuration": {"10.0.3.55": 199.9972, "10.0.6.156": 15.0013, "10.0.4.178": 152.0033, "10.0.1.67": 160.0057}}, "Brawl Stars": {"localIpCount": 14, "localIpFrequency": {"10.0.4.188": 1, "10.0.6.135": 2, "10.0.1.1": 1, "10.0.3.63": 9, "10.0.1.129": 1, "10.0.6.128": 1, "10.0.0.71": 1, "10.0.5.34": 7, "10.0.1.99": 1, "10.0.0.188": 1, "10.0.0.40": 1, "10.0.4.139": 2, "10.0.0.42": 3, "10.0.0.44": 1}, "localIpTotalDuration": 37751.7896, "localIpDuration": {"10.0.4.188": 318.0012, "10.0.6.135": 2259.9963, "10.0.1.1": 1742.015, "10.0.3.63": 12445.771999999999, "10.0.1.129": 1420.0003, "10.0.6.128": 815.0032, "10.0.0.71": 1614.0052, "10.0.5.34": 5389.9534, "10.0.1.99": 865.0041, "10.0.0.188": 1603.9891, "10.0.0.40": 1794.0151, "10.0.4.139": 3524.0008, "10.0.0.42": 3938.0307, "10.0.0.44": 22.0032}}, "Guardian Tales": {"localIpCount": 1, "localIpFrequency": {"10.0.0.236": 2}, "localIpTotalDuration": 1189.9992, "localIpDuration": {"10.0.0.236": 1189.9992}}, "Odin: Valhalla Rising": {"localIpCount": 1, "localIpFrequency": {"10.0.0.190": 1}, "localIpTotalDuration": 0.0, "localIpDuration": {"10.0.0.190": 0.0}}, "League of Legends: Wild Rift": {"localIpCount": 13, "localIpFrequency": {"10.0.0.106": 1, "10.0.4.174": 3, "10.0.2.101": 1, "10.0.2.57": 4, "10.0.4.199": 18, "10.0.2.169": 7, "10.0.1.50": 1, "10.0.3.129": 1, "10.0.2.167": 2, "10.0.3.135": 1, "10.0.1.79": 1, "10.0.6.133": 1, "10.0.4.129": 1}, "localIpTotalDuration": 59014.590500000006, "localIpDuration": {"10.0.0.106": 0.0, "10.0.4.174": 4379.5987000000005, "10.0.2.101": 159.9993,