{"Diablo Immortal": {"localIpCount": 1, "localIpFrequency": {"10.0.0.49": 1}, "localIpTotalDuration": 1667.0002, "localIpDuration": {"10.0.0.49": 1667.0002}}, "Roblox (Adopt Me!)": {"localIpCount": 3, "localIpFrequency": {"10.0.1.141": 1, "10.0.1.48": 2, "10.0.0.153": 2}, "localIpTotalDuration": 3673.8091, "localIpDuration": {"10.0.1.141": 390.5102, "10.0.1.48": 1352.2778999999998, "10.0.0.153": 1931.021}}, "Clash of Clan": {"localIpCount": 3, "localIpFrequency": {"10.0.0.244": 20, "10.0.0.132": 1, "10.0.1.49": 2}, "localIpTotalDuration": 17885.3523, "localIpDuration": {"10.0.0.244": 15343.992299999996, "10.0.0.132": 30.1564, "10.0.1.49": 2511.2036}}, "Apex Legends Mobile": {"localIpCount": 1, "localIpFrequency": {"10.0.1.135": 2}, "localIpTotalDuration": 3181.6468, "localIpDuration": {"10.0.1.135": 3181.6468}}, "DRAGON BALL LEGENDS": {"localIpCount": 1, "localIpFrequency": {"10.0.0.153": 1}, "localIpTotalDuration": 241.9996, "localIpDuration": {"10.0.0.153": 241.9996}}, "League of Legends: Wild Rift": {"localIpCount": 6, "localIpFrequency": {"10.0.0.9": 57, "10.0.1.106": 1, "10.0.0.29": 3, "10.0.1.81": 4, "10.0.0.49": 1, "10.0.0.57": 1}, "localIpTotalDuration": 117676.62109999996, "localIpDuration": {"10.0.0.9": 104037.87849999998, "10.0.1.106": 85.9273, "10.0.0.29": 5657.0142000000005, "10.0.1.81": 5718.6669999999995, "10.0.0.49": 632.9123, "10.0.0.57": 1544.2218}}, "Brawl Stars": {"localIpCount": 5, "localIpFrequency": {"10.0.0.132": 1, "10.0.1.1": 1, "10.0.0.78": 24, "10.0.1.48": 1, "10.0.0.196": 1}, "localIpTotalDuration": 95738.8536, "localIpDuration": {"10.0.0.132": 2408.1508, "10.0.1.1": 7018.347, "10.0.0.78": 84595.0606, "10.0.1.48": 1714.9999, "10.0.0.196": 2.2953}}, "The Lord of the Rings: War": {"localIpCount": 1, "localIpFrequency": {"10.0.0.49": 1}, "localIpTotalDuration": 58.6476, "localIpDuration": {"10.0.0.49": 58.6476}}, "FIFA Mobile": {"localIpCount": 1, "localIpFrequency": {"10.0.1.198": 1}, "localIpTotalDuration": 2244.9506, "localIpDuration": {"10.0.1.198": 2244.9506}}, "PUBG Mobile": {"localIpCount": 20, "localIpFrequency": {"10.0.1.17": 1, "10.0.1.16": 14, "10.0.1.19": 3, "10.0.1.21": 3, "10.0.1.22": 3, "10.0.1.23": 1, "10.0.0.244": 5, "10.0.0.39": 7, "10.0.1.30": 3, "10.0.1.35": 4, "10.0.1.39": 1, "10.0.1.40": 1, "10.0.1.43": 1, "10.0.1.44": 2, "10.0.1.45": 3, "10.0.1.196": 1, "10.0.1.46": 1, "10.0.1.50": 3, "10.0.1.51": 1, "10.0.1.52": 1}, "localIpTotalDuration": 149085.3938, "localIpDuration": {"10.0.1.17": 5120.7543, "10.0.1.16": 37167.6691, "10.0.1.19": 3904.2834000000003, "10.0.1.21": 6633.0424, "10.0.1.22": 5799.3911, "10.0.1.23": 3525.0556, "10.0.0.244": 8389.8066, "10.0.0.39": 9804.9409, "10.0.1.30": 24459.5789, "10.0.1.35": 18442.052200000002, "10.0.1.39": 2070.0001, "10.0.1.40": 210.2021, "10.0.1.43": 643.0513, "10.0.1.44": 2355.999, "10.0.1.45": 12892.0003, "10.0.1.196": 496.9428, "10.0.1.46": 351.5216, "10.0.1.50": 4321.0014, "10.0.1.51": 748.1017, "10.0.1.52": 1749.999}}, "Genshin Impact": {"localIpCount": 5, "localIpFrequency": {"10.0.0.57": 61, "10.0.0.244": 79, "10.0.1.62": 8, "10.0.0.220": 1, "10.0.1.49": 10}, "localIpTotalDuration": 463219.6888000001, "localIpDuration": {"10.0.0.57": 110639.12049999999, "10.0.0.244": 162372.4017, "10.0.1.62": 167473.76940000002, "10.0.0.220": 1892.9973, "10.0.1.49": 20841.399899999997}}, "\ud0d5\ud0d5\ud2b9\uacf5\ub300": {"localIpCount": 1, "localIpFrequency": {"10.0.2.10": 1}, "localIpTotalDuration": 0.0001, "localIpDuration": {"10.0.2.10": 0.0001}}, "MIR4": {"localIpCount": 2, "localIpFrequency": {"10.0.0.4": 1, "10.0.0.48": 1}, "localIpTotalDuration": 835.7151, "localIpDuration": {"10.0.0.4": 383.7183, "10.0.0.48": 451.9968}}, "Hero Blaze: Three Kingdoms": {"localIpCount": 3, "localIpFrequency": {"10.0.0.160": 1, "10.0.1.34": 2, "10.0.1.214": 1}, "localIpTotalDuration": 67003.0149, "localIpDuration": {"10.0.0.160": 94.9999, "10.0.1.34": 66785.56169999999, "10.0.1.214": 122.4533}}, "Roblox": {"localIpCount": 3, "localIpFrequency": {"10.0.1.141": 1, "10.0.1.48": 2, "10.0.0.153": 2}, "localIpTotalDuration": 6739.5184, "localIpDuration": {"10.0.1.141": 713.0467, "10.0.1.48": 2689.8035, "10.0.0.153": 3336.6682}}, "Pok\u00e9mon GO": {"localIpCount": 2, "localIpFrequency": {"10.0.1.5": 1, "10.0.0.27": 8}, "localIpTotalDuration": 24850.3726, "localIpDuration": {"10.0.1.5": 0.0001, "10.0.0.27": 24850.372499999998}}}