{"Mech Arena": {"localIpCount": 1, "localIpFrequency": {"10.0.6.115": 4}, "localIpTotalDuration": 3450.9918999999995, "localIpDuration": {"10.0.6.115": 3450.9918999999995}}, "FIFA Mobile": {"localIpCount": 3, "localIpFrequency": {"10.0.6.37": 1, "10.0.1.54": 1, "10.0.0.59": 2}, "localIpTotalDuration": 3369.6197, "localIpDuration": {"10.0.6.37": 1246.0017, "10.0.1.54": 155.9193, "10.0.0.59": 1967.6987}}, "League of Legends: Wild Rift": {"localIpCount": 2, "localIpFrequency": {"10.0.3.46": 3, "10.0.1.77": 2}, "localIpTotalDuration": 1680.0806, "localIpDuration": {"10.0.3.46": 0.0, "10.0.1.77": 1680.0806}}, "WePlay - Party Game & Chat": {"localIpCount": 2, "localIpFrequency": {"10.0.5.199": 8, "10.0.1.31": 1}, "localIpTotalDuration": 5248.501200000001, "localIpDuration": {"10.0.5.199": 4192.6525, "10.0.1.31": 1055.8487}}, "Brawl Stars": {"localIpCount": 8, "localIpFrequency": {"10.0.6.149": 3, "10.0.0.247": 4, "10.0.0.224": 3, "10.0.4.236": 3, "10.0.0.59": 6, "10.0.6.153": 1, "10.0.2.185": 1, "10.0.3.109": 1}, "localIpTotalDuration": 20365.5903, "localIpDuration": {"10.0.6.149": 3444.0051999999996, "10.0.0.247": 3984.9786, "10.0.0.224": 3696.0755000000004, "10.0.4.236": 987.0051, "10.0.0.59": 7644.5008, "10.0.6.153": 223.9979, "10.0.2.185": 154.012, "10.0.3.109": 231.0152}}, "MIR4": {"localIpCount": 3, "localIpFrequency": {"10.0.1.20": 1, "10.0.0.164": 2, "10.0.6.156": 2}, "localIpTotalDuration": 4105.4203, "localIpDuration": {"10.0.1.20": 624.0777, "10.0.0.164": 2256.3331, "10.0.6.156": 1225.0095}}, "Roblox (Game)": {"localIpCount": 40, "localIpFrequency": {"10.0.1.37": 4, "10.0.0.70": 1, "10.0.6.124": 4, "10.0.0.2": 3, "10.0.0.233": 1, "10.0.6.148": 2, "10.0.0.9": 2, "10.0.0.247": 3, "10.0.3.247": 1, "10.0.1.9": 3, "10.0.6.151": 1, "10.0.0.98": 3, "10.0.5.125": 1, "10.0.2.97": 1, "10.0.2.185": 2, "10.0.6.92": 2, "10.0.0.249": 1, "10.0.5.173": 1, "10.0.6.140": 2, "10.0.0.57": 1, "10.0.0.224": 1, "10.0.0.145": 3, "10.0.0.45": 1, "10.0.0.170": 2, "10.0.1.61": 1, "10.0.6.154": 1, "10.0.0.241": 2, "10.0.3.108": 1, "10.0.6.155": 1, "10.0.1.62": 2, "10.0.0.23": 1, "10.0.4.56": 1, "10.0.0.18": 2, "10.0.6.25": 2, "10.0.4.216": 2, "10.0.0.68": 2, "10.0.4.238": 1, "10.0.0.38": 1, "10.0.0.103": 1, "10.0.0.108": 1}, "localIpTotalDuration": 107391.05180000004, "localIpDuration": {"10.0.1.37": 2688.2318, "10.0.0.70": 399.0133, "10.0.6.124": 6376.2243, "10.0.0.2": 5263.9982, "10.0.0.233": 1368.0721, "10.0.6.148": 3556.003, "10.0.0.9": 2358.9957, "10.0.0.247": 5051.8925, "10.0.3.247": 1764.0117, "10.0.1.9": 5360.722, "10.0.6.151": 1799.0115, "10.0.0.98": 5327.9628, "10.0.5.125": 1763.5835, "10.0.2.97": 1728.9999, "10.0.2.185": 3591.0109, "10.0.6.92": 1756.9959000000001, "10.0.0.249": 1775.9942, "10.0.5.173": 1763.9979, "10.0.6.140": 3422.6126999999997, "10.0.0.57": 1764.0746, "10.0.0.224": 1796.585, "10.0.0.145": 5368.6451, "10.0.0.45": 1797.1092, "10.0.0.170": 1424.1662999999999, "10.0.1.61": 1799.9981, "10.0.6.154": 1799.0009, "10.0.0.241": 3527.8581000000004, "10.0.3.108": 1322.6173, "10.0.6.155": 1777.9961, "10.0.1.62": 3595.5308, "10.0.0.23": 1752.0831, "10.0.4.56": 1799.0083, "10.0.0.18": 3548.9544, "10.0.6.25": 3597.5969, "10.0.4.216": 3309.2408, "10.0.0.68": 3403.8467, "10.0.4.238": 1546.9976, "10.0.0.38": 1776.0813, "10.0.0.103": 1794.4816, "10.0.0.108": 1771.8457}}, "FIFA ONLINE 4 M": {"localIpCount": 2, "localIpFrequency": {"10.0.6.37": 1, "10.0.0.59": 1}, "localIpTotalDuration": 165.99210000000002, "localIpDuration": {"10.0.6.37": 154.0003, "10.0.0.59": 11.9918}}, "Pok\u00e9mon GO": {"localIpCount": 4, "localIpFrequency": {"10.0.6.73": 10, "10.0.6.115": 11, "10.0.5.125": 1, "10.0.5.199": 1}, "localIpTotalDuration": 26067.994900000005, "localIpDuration": {"10.0.6.73": 11906.9866, "10.0.6.115": 13111.0023, "10.0.5.125": 1050.0059, "10.0.5.199": 0.0001}}, "Clash of Clan": {"localIpCount": 1, "localIpFrequency": {"10.0.3.7": 4}, "localIpTotalDuration": 3423.7852, "localIpDuration": {"10.0.3.7": 3423.7852}}, "Ninja Must Die": {"localIpCount": 2, "localIpFrequency": {"10.0.3.247": 2, "10.0.2.137": 1}, "localIpTotalDuration": 168.006, "localIpDuration": {"10.0.3.247": 0.0034000000000000002, "10.0.2.137": 168.0026}}, "TFT: Teamfight Tactics": {"localIpCount": 1, "localIpFrequency": {"10.0.3.46": 6}, "localIpTotalDuration": 6419.034099999999, "localIpDuration": {"10.0.3.46": 6419.034099999999}}, "Hay Day": {"localIpCount": 1, "localIpFrequency": {"10.0.0.3": 2}, "localIpTotalDuration": 49.0093, "localIpDuration": {"10.0.0.3": 49.0093}}, "Free Fire": {"localIpCount": 1, "localIpFrequency": {"10.0.3.240": 1}, "localIpTotalDuration": 202.9974, "localIpDuration": {"10.0.3.240": 202.9974}}, "Roblox": {"localIpCount": 45, "localIpFrequency": {"10.0.1.37": 4, "10.0.6.94": 1, "10.0.1.41": 2, "10.0.6.73": 12, "10.0.0.249": 2, "10.0.6.124": 5, "10.0.0.233": 1, "10.0.0.23": 3, "10.0.6.148": 1, "10.0.0.9": 2, "10.0.2.185": 1, "10.0.3.247": 1, "10.0.0.224": 3, "10.0.0.2": 3, "10.0.1.9": 3, "10.0.6.140": 2, "10.0.2.97": 2, "10.0.4.236": 1, "10.0.6.99": 1, "10.0.0.103": 4, "10.0.6.92": 3, "10.0.4.56": 1, "10.0.6.126": 2, "10.0.0.59": 1, "10.0.6.121": 1, "10.0.1.64": 2, "10.0.5.199": 1, "10.0.0.243": 3, "10.0.3.109": 2, "10.0.0.98": 4, "10.0.0.247": 1, "10.0.0.145": 1, "10.0.2.140": 1, "10.0.6.25": 2, "10.0.0.18": 1, "10.0.4.216": 2, "10.0.2.142": 1, "10.0.1.61": 1, "10.0.6.130": 1, "10.0.0.96": 1, "10.0.2.50": 1, "10.0.0.108": 1, "10.0.5.51": 1, "10.0.0.45": 1, "10.0.0.170": 1}, "localIpTotalDuration": 153880.63019999996, "localIpDuration": {"10.0.1.37": 6504.5461, "10.0.6.94": 1798.9986, "10.0.1.41": 3594.6295, "10.0.6.73": 20716.661699999997, "10.0.0.249": 1796.8829, "10.0.6.124": 8993.578899999999, "10.0.0.233": 1800.0, "10.0.0.23": 5394.2363000000005, "10.0.6.148": 1798.6344, "10.0.0.9": 3597.6035, "10.0.2.185": 1798.6392, "10.0.3.247": 1798.6178, "10.0.0.224": 5390.9577, "10.0.0.2": 5395.8796, "10.0.1.9": 5390.5634, "10.0.6.140": 3597.2007000000003, "10.0.2.97": 2813.6128, "10.0.4.236": 1798.6346, "10.0.6.99": 1798.627, "10.0.0.103": 7190.8764, "10.0.6.92": 5396.2705, "10.0.4.56": 1798.6208, "10.0.6.126": 3597.2663000000002, "10.0.0.59": 1796.6299, "10.0.6.121": 1798.6191, "10.0.1.64": 3590.4044000000004, "10.0.5.199": 1798.6308, "10.0.0.243": 5390.1512, "10.0.3.109": 3597.2731000000003, "10.0.0.98": 7187.5135, "10.0.0.247": 1797.4407, "10.0.0.145": 1798.6361, "10.0.2.140": 140.0006, "10.0.6.25": 3597.2063, "10.0.0.18": 1796.8728, "10.0.4.216": 3597.2459, "10.0.2.142": 160.9992, "10.0.1.61": 1797.3554, "10.0.6.130": 1798.6213, "10.0.0.96": 1797.1192, "10.0.2.50": 132.9968, "10.0.0.108": 1796.8771, "10.0.5.51": 1154.6503, "10.0.0.45": 1796.8123, "10.0.0.170": 1797.0355}}, "Lineage W": {"localIpCount": 1, "localIpFrequency": {"10.0.0.164": 1}, "localIpTotalDuration": 0.0001, "localIpDuration": {"10.0.0.164": 0.0001}}, "PUBG Mobile": {"localIpCount": 21, "localIpFrequency": {"10.0.2.126": 1, "10.0.6.145": 4, "10.0.1.235": 2, "10.0.2.134": 2, "10.0.0.39": 1, "10.0.0.58": 1, "10.0.2.125": 1, "10.0.2.114": 1, "10.0.1.194": 3, "10.0.2.138": 1, "10.0.0.52": 1, "10.0.1.65": 2, "10.0.6.152": 2, "10.0.1.28": 6, "10.0.2.92": 2, "10.0.1.75": 1, "10.0.0.15": 1, "10.0.1.218": 1, "10.0.0.228": 1, "10.0.2.111": 1, "10.0.1.80": 1}, "localIpTotalDuration": 43769.6948, "localIpDuration": {"10.0.2.126": 1476.9996, "10.0.6.145": 1701.0039, "10.0.1.235": 1680.0006, "10.0.2.134": 2968.0098, "10.0.0.39": 1442.0027, "10.0.0.58": 1652.0018, "10.0.2.125": 1596.0008, "10.0.2.114": 1687.0027, "10.0.1.194": 4032.0085000000004, "10.0.2.138": 1232.0011, "10.0.0.52": 833.0007, "10.0.1.65": 3121.997, "10.0.6.152": 2177.0061, "10.0.1.28": 8602.6323, "10.0.2.92": 1932.0049999999999, "10.0.1.75": 1449.0018, "10.0.0.15": 1582.0038, "10.0.1.218": 623.0052, "10.0.0.228": 1126.9971, "10.0.2.111": 1715.0153, "10.0.1.80": 1139.999}}, "Minecraft": {"localIpCount": 2, "localIpFrequency": {"10.0.6.94": 1, "10.0.1.218": 2}, "localIpTotalDuration": 2261.0007, "localIpDuration": {"10.0.6.94": 28.0002,