{"Sonic Forces": {"localIpCount": 2, "localIpFrequency": {"10.0.0.9": 11, "10.0.0.117": 2}, "localIpTotalDuration": 16936.7562, "localIpDuration": {"10.0.0.9": 16809.265199999998, "10.0.0.117": 127.491}}, "MIR4": {"localIpCount": 3, "localIpFrequency": {"10.0.0.30": 4, "10.0.0.91": 2, "10.0.0.70": 30}, "localIpTotalDuration": 60636.283400000015, "localIpDuration": {"10.0.0.30": 1143.481, "10.0.0.91": 594.4138, "10.0.0.70": 58898.38860000002}}, "Roblox (Adopt Me!)": {"localIpCount": 13, "localIpFrequency": {"10.0.0.38": 2, "10.0.0.49": 4, "10.0.0.59": 9, "10.0.0.61": 2, "10.0.0.62": 3, "10.0.0.68": 16, "10.0.0.93": 2, "10.0.0.9": 1, "10.0.0.113": 1, "10.0.0.101": 4, "10.0.0.115": 1, "10.0.0.50": 1, "10.0.0.27": 1}, "localIpTotalDuration": 23190.292400000002, "localIpDuration": {"10.0.0.38": 1040.9993, "10.0.0.49": 3122.7747, "10.0.0.59": 5702.603, "10.0.0.61": 689.8199, "10.0.0.62": 1150.9479999999999, "10.0.0.68": 7106.261200000003, "10.0.0.93": 444.5428, "10.0.0.9": 98.7652, "10.0.0.113": 1.0673, "10.0.0.101": 3269.3394, "10.0.0.115": 301.9167, "10.0.0.50": 121.0004, "10.0.0.27": 140.2545}}, "PUBG Mobile": {"localIpCount": 21, "localIpFrequency": {"10.0.0.60": 48, "10.0.0.15": 1, "10.0.0.30": 44, "10.0.0.2": 5, "10.0.0.20": 2, "10.0.0.22": 6, "10.0.0.21": 3, "10.0.0.51": 12, "10.0.0.78": 48, "10.0.0.28": 5, "10.0.0.29": 5, "10.0.0.32": 2, "10.0.0.33": 13, "10.0.0.37": 5, "10.0.0.41": 2, "10.0.0.43": 3, "10.0.0.87": 2, "10.0.0.45": 1, "10.0.0.95": 2, "10.0.0.49": 3, "10.0.0.118": 1}, "localIpTotalDuration": 479924.7605000001, "localIpDuration": {"10.0.0.60": 109139.34260000003, "10.0.0.15": 1600.0002, "10.0.0.30": 52352.4358, "10.0.0.2": 28887.303999999996, "10.0.0.20": 3731.0987999999998, "10.0.0.22": 17166.3911, "10.0.0.21": 13953.849400000001, "10.0.0.51": 52506.9887, "10.0.0.78": 87453.28419999997, "10.0.0.28": 8589.1424, "10.0.0.29": 10206.457699999999, "10.0.0.32": 2569.0518, "10.0.0.33": 48631.8762, "10.0.0.37": 8275.2467, "10.0.0.41": 4549.4295, "10.0.0.43": 3981.0101, "10.0.0.87": 1957.9844, "10.0.0.45": 17458.0507, "10.0.0.95": 1828.0095000000001, "10.0.0.49": 5080.807699999999, "10.0.0.118": 6.999}}, "Birdie Shot": {"localIpCount": 1, "localIpFrequency": {"10.0.0.47": 74}, "localIpTotalDuration": 245258.8623000001, "localIpDuration": {"10.0.0.47": 245258.8623000001}}, "Dungeon & Fighter Mobile": {"localIpCount": 1, "localIpFrequency": {"10.0.0.57": 2}, "localIpTotalDuration": 187.354, "localIpDuration": {"10.0.0.57": 187.354}}, "Gunship Battle: Crypto Conflict": {"localIpCount": 6, "localIpFrequency": {"10.0.0.41": 2, "10.0.0.36": 14, "10.0.0.2": 58, "10.0.0.29": 10, "10.0.0.44": 4, "10.0.0.47": 6}, "localIpTotalDuration": 222467.92529999983, "localIpDuration": {"10.0.0.41": 31663.7912, "10.0.0.36": 65522.907400000004, "10.0.0.2": 113746.54679999998, "10.0.0.29": 5986.3171999999995, "10.0.0.44": 3118.3593, "10.0.0.47": 2430.0034}}, "Cookie Run: Kingdom": {"localIpCount": 1, "localIpFrequency": {"10.0.0.57": 2}, "localIpTotalDuration": 674.3088, "localIpDuration": {"10.0.0.57": 674.3088}}, "FIFA Mobile": {"localIpCount": 1, "localIpFrequency": {"10.0.0.63": 2}, "localIpTotalDuration": 1053.0374, "localIpDuration": {"10.0.0.63": 1053.0374}}, "Genshin Impact": {"localIpCount": 6, "localIpFrequency": {"10.0.0.18": 70, "10.0.0.22": 34, "10.0.0.24": 12, "10.0.0.36": 1, "10.0.0.9": 5, "10.0.0.28": 12}, "localIpTotalDuration": 277572.58910000004, "localIpDuration": {"10.0.0.18": 118398.34879999995, "10.0.0.22": 71077.1515, "10.0.0.24": 25166.543100000003, "10.0.0.36": 309.1534, "10.0.0.9": 38437.9853, "10.0.0.28": 24183.407}}, "Minecraft": {"localIpCount": 1, "localIpFrequency": {"10.0.0.9": 1}, "localIpTotalDuration": 77.5609, "localIpDuration": {"10.0.0.9": 77.5609}}, "Clash of Clan": {"localIpCount": 5, "localIpFrequency": {"10.0.0.2": 3, "10.0.0.8": 12, "10.0.0.21": 6, "10.0.0.29": 4, "10.0.0.33": 20}, "localIpTotalDuration": 60518.710100000004, "localIpDuration": {"10.0.0.2": 2864.1032000000005, "10.0.0.8": 2099.5654999999997, "10.0.0.21": 8786.2379, "10.0.0.29": 4592.1035, "10.0.0.33": 42176.69999999999}}, "Hero Blaze: Three Kingdoms": {"localIpCount": 5, "localIpFrequency": {"10.0.0.34": 6, "10.0.0.24": 2, "10.0.0.13": 5, "10.0.0.9": 7, "10.0.0.44": 1}, "localIpTotalDuration": 32630.0556, "localIpDuration": {"10.0.0.34": 5718.641, "10.0.0.24": 153.7657, "10.0.0.13": 15254.796100000001, "10.0.0.9": 7813.7512, "10.0.0.44": 3689.1016}}, "Modern Warships": {"localIpCount": 1, "localIpFrequency": {"10.0.0.8": 12}, "localIpTotalDuration": 7611.464199999999, "localIpDuration": {"10.0.0.8": 7611.464199999999}}, "KartRider Rush+": {"localIpCount": 1, "localIpFrequency": {"10.0.0.44": 4}, "localIpTotalDuration": 2266.5202, "localIpDuration": {"10.0.0.44": 2266.5202}}, "League of Legends: Wild Rift": {"localIpCount": 4, "localIpFrequency": {"10.0.0.13": 54, "10.0.0.40": 4, "10.0.0.84": 8, "10.0.0.94": 4}, "localIpTotalDuration": 133412.77870000002, "localIpDuration": {"10.0.0.13": 97767.49100000002, "10.0.0.40": 6611.4313999999995, "10.0.0.84": 25229.7452, "10.0.0.94": 3804.1111}}, "Roblox": {"localIpCount": 17, "localIpFrequency": {"10.0.0.38": 6, "10.0.0.49": 4, "10.0.0.59": 10, "10.0.0.61": 2, "10.0.0.62": 4, "10.0.0.81": 1, "10.0.0.68": 22, "10.0.0.76": 1, "10.0.0.93": 2, "10.0.0.9": 1, "10.0.0.89": 2, "10.0.0.113": 1, "10.0.0.101": 4, "10.0.0.138": 2, "10.0.0.115": 1, "10.0.0.50": 1, "10.0.0.27": 1}, "localIpTotalDuration": 126037.06600000004, "localIpDuration": {"10.0.0.38": 14084.6554, "10.0.0.49": 7095.959400000001, "10.0.0.59": 25695.625099999997, "10.0.0.61": 5583.5004, "10.0.0.62": 11675.1408, "10.0.0.81": 450.8549, "10.0.0.68": 41248.6278, "10.0.0.76": 6738.349, "10.0.0.93": 1100.6168, "10.0.0.9": 423.9161, "10.0.0.89": 616.2033, "10.0.0.113": 4443.0006, "10.0.0.101": 4393.1533, "10.0.0.138": 10.4132, "10.0.0.115": 401.0, "10.0.0.50": 589.9983, "10.0.0.27": 1486.0516}}, "Brawl Stars": {"localIpCount": 3, "localIpFrequency": {"10.0.0.23": 18, "10.0.0.8": 8, "10.0.0.68": 2}, "localIpTotalDuration": 32198.683399999998, "localIpDuration": {"10.0.0.23": 27346.209199999998, "10.0.0.8": 4852.3708, "10.0.0.68": 0.10339999999999999}}}