{"Genshin Impact": {"localIpCount": 5, "localIpFrequency": {"10.0.0.189": 1, "10.0.0.220": 2, "10.0.0.70": 5, "10.0.0.87": 5, "10.0.1.224": 4}, "totalDuration": 28228.3223, "localIpDuration": {"10.0.0.189": 99.0022, "10.0.0.220": 2185.9965, "10.0.0.70": 12377.8978, "10.0.0.87": 8420.7075, "10.0.1.224": 5144.7183}}, "MIR4": {"localIpCount": 12, "localIpFrequency": {"10.0.0.4": 26, "10.0.0.86": 1, "10.0.0.48": 8, "10.0.0.44": 1, "10.0.0.22": 26, "10.0.0.35": 34, "10.0.0.128": 37, "10.0.0.155": 2, "10.0.0.200": 3, "10.0.0.30": 6, "10.0.0.91": 6, "10.0.0.70": 44}, "totalDuration": 2418846.2986, "localIpDuration": {"10.0.0.4": 677571.3728, "10.0.0.86": 39535.8773, "10.0.0.48": 182881.97950000002, "10.0.0.44": 1414.0004, "10.0.0.22": 144332.84850000002, "10.0.0.35": 959894.0705999999, "10.0.0.128": 235549.2451, "10.0.0.155": 9223.0361, "10.0.0.200": 222.0425, "10.0.0.30": 1895.3798000000002, "10.0.0.91": 1559.5778, "10.0.0.70": 164766.86820000003}}, "HATSUNE MIKU: COLORFUL STAGE!": {"localIpCount": 1, "localIpFrequency": {"10.0.0.255": 1}, "totalDuration": 136.4186, "localIpDuration": {"10.0.0.255": 136.4186}}, "Mario Kart Tour": {"localIpCount": 2, "localIpFrequency": {"10.0.0.53": 1, "10.0.0.200": 1}, "totalDuration": 1529.849, "localIpDuration": {"10.0.0.53": 293.7472, "10.0.0.200": 1236.1018}}, "Lineage 2M": {"localIpCount": 1, "localIpFrequency": {"10.0.0.200": 1}, "totalDuration": 312.1525, "localIpDuration": {"10.0.0.200": 312.1525}}, "TRAHA Global": {"localIpCount": 1, "localIpFrequency": {"10.0.0.200": 2}, "totalDuration": 305.255, "localIpDuration": {"10.0.0.200": 305.255}}, "The Wolf": {"localIpCount": 1, "localIpFrequency": {"10.0.0.23": 1}, "totalDuration": 30.0511, "localIpDuration": {"10.0.0.23": 30.0511}}, "Odin: Valhalla Rising": {"localIpCount": 1, "localIpFrequency": {"10.0.0.10": 2}, "totalDuration": 1645.2357000000002, "localIpDuration": {"10.0.0.10": 1645.2357000000002}}, "Dungeon & Fighter Mobile": {"localIpCount": 1, "localIpFrequency": {"10.0.0.57": 2}, "totalDuration": 187.354, "localIpDuration": {"10.0.0.57": 187.354}}, "PUBG Mobile": {"localIpCount": 10, "localIpFrequency": {"10.0.0.90": 1, "10.0.0.247": 1, "10.0.0.54": 20, "10.0.0.64": 1, "10.0.0.111": 87, "10.0.1.178": 1, "10.0.0.60": 48, "10.0.0.78": 48, "10.0.0.156": 2, "10.0.0.165": 2}, "totalDuration": 606500.0417999997, "localIpDuration": {"10.0.0.90": 444.152, "10.0.0.247": 1771.9983, "10.0.0.54": 108141.54510000002, "10.0.0.64": 10.9982, "10.0.0.111": 272500.2124999999, "10.0.1.178": 395.9495, "10.0.0.60": 109139.34260000003, "10.0.0.78": 87453.28419999997, "10.0.0.156": 1261.896, "10.0.0.165": 25380.6634}}, "Minecraft": {"localIpCount": 4, "localIpFrequency": {"10.0.0.45": 45, "10.0.0.150": 1, "10.0.0.155": 6, "10.0.0.200": 41}, "totalDuration": 133714.54059999998, "localIpDuration": {"10.0.0.45": 37147.63849999999, "10.0.0.150": 295.5076, "10.0.0.155": 26875.518900000003, "10.0.0.200": 69395.87560000003}}, "NBA NOW 23": {"localIpCount": 1, "localIpFrequency": {"10.0.1.198": 1}, "totalDuration": 0.0001, "localIpDuration": {"10.0.1.198": 0.0001}}, "Roblox": {"localIpCount": 6, "localIpFrequency": {"10.0.0.45": 110, "10.0.0.55": 1, "10.0.0.157": 3, "10.0.0.204": 1, "10.0.0.200": 2, "10.0.0.138": 2}, "totalDuration": 277656.7774000001, "localIpDuration": {"10.0.0.45": 272612.10140000016, "10.0.0.55": 564.8472, "10.0.0.157": 717.5603000000001, "10.0.0.204": 1226.8995, "10.0.0.200": 2524.9557999999997, "10.0.0.138": 10.4132}}, "Ninja Must Die": {"localIpCount": 1, "localIpFrequency": {"10.0.1.89": 2}, "totalDuration": 2673.5766000000003, "localIpDuration": {"10.0.1.89": 2673.5766000000003}}, "League of Legends: Wild Rift": {"localIpCount": 12, "localIpFrequency": {"10.0.0.85": 1, "10.0.0.239": 10, "10.0.0.247": 1, "10.0.0.238": 4, "10.0.0.8": 3, "10.0.0.9": 2, "10.0.0.89": 2, "10.0.0.98": 2, "10.0.0.35": 4, "10.0.0.114": 185, "10.0.0.200": 2, "10.0.1.66": 1}, "totalDuration": 1502216.0371000008, "localIpDuration": {"10.0.0.85": 360.05, "10.0.0.239": 74772.14720000002, "10.0.0.247": 60.1041, "10.0.0.238": 171799.13509999998, "10.0.0.8": 5458.5905, "10.0.0.9": 23.410899999999998, "10.0.0.89": 543.8976, "10.0.0.98": 202.9872, "10.0.0.35": 7498.2285999999995, "10.0.0.114": 1239353.2547000006, "10.0.0.200": 1521.6901, "10.0.1.66": 622.5411}}, "HIT 2": {"localIpCount": 1, "localIpFrequency": {"10.0.0.41": 2}, "totalDuration": 163.8986, "localIpDuration": {"10.0.0.41": 163.8986}}, "Boom Beach": {"localIpCount": 1, "localIpFrequency": {"10.0.0.53": 1}, "totalDuration": 0.0001, "localIpDuration": {"10.0.0.53": 0.0001}}, "Diablo Immortal": {"localIpCount": 1, "localIpFrequency": {"10.0.0.120": 1}, "totalDuration": 0.0001, "localIpDuration": {"10.0.0.120": 0.0001}}, "Modern Combat": {"localIpCount": 2, "localIpFrequency": {"10.0.0.149": 1, "10.0.0.45": 41}, "totalDuration": 12710.7644, "localIpDuration": {"10.0.0.149": 461.7446, "10.0.0.45": 12249.019799999998}}, "Birdie Shot": {"localIpCount": 2, "localIpFrequency": {"10.0.0.200": 1, "10.0.0.47": 102}, "totalDuration": 296877.7662000001, "localIpDuration": {"10.0.0.200": 456.002, "10.0.0.47": 296421.76420000003}}, "Sonic Forces": {"localIpCount": 1, "localIpFrequency": {"10.0.0.117": 2}, "totalDuration": 127.491, "localIpDuration": {"10.0.0.117": 127.491}}, "Brawl Stars": {"localIpCount": 3, "localIpFrequency": {"10.0.0.79": 1, "10.0.0.196": 3, "10.0.0.70": 11}, "totalDuration": 15045.811399999999, "localIpDuration": {"10.0.0.79": 244.1526, "10.0.0.196": 794.1939, "10.0.0.70": 14007.464899999999}}, "Lineage W": {"localIpCount": 2, "localIpFrequency": {"10.0.0.41": 27, "10.0.1.135": 1}, "totalDuration": 643607.7724, "localIpDuration": {"10.0.0.41": 643607.7723000001, "10.0.1.135": 0.0001}}, "Hero Blaze: Three Kingdoms": {"localIpCount": 7, "localIpFrequency": {"10.0.0.11": 5, "10.0.0.196": 4, "10.0.0.233": 1, "10.0.1.122": 1, "10.0.1.147": 7, "10.0.0.34": 6, "10.0.0.68": 2}, "totalDuration": 36731.60279999999, "localIpDuration": {"10.0.0.11": 18772.5277, "10.0.0.196": 4467.4859, "10.0.0.233": 224.8965, "10.0.1.122": 985.5842, "10.0.1.147": 6534.8763, "10.0.0.34": 5718.641, "10.0.0.68": 27.5912}}, "KartRider Rush+": {"localIpCount": 1, "localIpFrequency": {"10.0.0.44": 4}, "totalDuration": 2266.5202, "localIpDuration": {"10.0.0.44": 2266.5202}}, "KartRider: Drift": {"localIpCount": 2, "localIpFrequency": {"10.0.0.41": 11, "10.0.1.66": 1}, "totalDuration": 13734.021400000001, "localIpDuration": {"10.0.0.41": 13714.716400000001, "10.0.1.66": 19.305}}, "Gunship Battle: Crypto Conflict": {"localIpCount": 10, "localIpFrequency": {"10.0.1.50": 29, "10.0.1.150": 14, "10.0.1.102": 2, "10.0.1.144": 4, "10.0.0.32": 2, "10.0.0.2": 68, "10.0.0.41": 2, "10.0.0.36": 14, "10.0.0.29": 14, "10.0.0.47": 6}, "totalDuration": 444643.6997, "localIpDuration": {"10.0.1.50": 89477.09370000003, "10.0.1.150": 31321.312199999997, "10.0.1.102": 30965.8245, "10.0.1.144": 5791.5471, "10.0.0.32": 4710.0004, "10.0.0.2": 175256.99979999993, "10.0.0.41": 31663.7912, "10.0.0.36": 65522.907400000004, "10.0.0.29": 7504.219999999999, "10.0.0.47": 2430.0034}}, "Apex Legends Mobile": {"localIpCount": 3, "localIpFrequency": {"10.0.0.239": 2, "10.0.0.9": 1, "10.0.1.45": 1}, "totalDuration": 599.5899999999999, "localIpDuration": {"10.0.0.239": 304.04609999999997, "10.0.0.9": 5.4924, "10.0.1.45": 290.0515}}, "GUNS UP! Mobile": {"localIpCount": 2, "localIpFrequency": {"10.0.0.94": 2, "10.0.0.28": 2}, "totalDuration": 18086.9522, "localIpDuration": {"10.0.0.94": 17464.949800000002, "10.0.0.28": 622.0024}}, "Roblox (Adopt Me!)": {"localIpCount": 2, "localIpFrequency": {"10.0.0.45": 83, "10.0.0.200": 1}, "totalDuration": 88004.05919999999, "localIpDuration": {"10.0.0.45": 86846.9573, "10.0.0.200": 1157.1019}}, "\ud0d5\ud0d5\ud2b9\uacf5\ub300": {"localIpCount": 2, "localIpFrequency": {"10.0.0.67": 2, "10.0.0.45": 18}, "totalDuration": 23775.6237, "localIpDuration": {"10.0.0.67": 80.0012, "10.0.0.45": 23695.6225}}, "Cookie Run: Kingdom": {"localIpCount": 1,