{"Minecraft": {"localIpCount": 3, "localIpFrequency": {"10.0.13.174": 1, "10.0.14.147": 2, "10.0.14.170": 1}, "localIpTotalDuration": 1533.1256, "localIpDuration": {"10.0.13.174": 0.0001, "10.0.14.147": 1533.1255, "10.0.14.170": 0.0}}, "Genshin Impact": {"localIpCount": 1, "localIpFrequency": {"10.0.13.21": 1}, "localIpTotalDuration": 147.0219, "localIpDuration": {"10.0.13.21": 147.0219}}, "Diablo Immortal": {"localIpCount": 2, "localIpFrequency": {"10.0.13.109": 3, "10.0.14.221": 3}, "localIpTotalDuration": 2625.4093000000003, "localIpDuration": {"10.0.13.109": 2093.0028, "10.0.14.221": 532.4064999999999}}, "Sonic Forces": {"localIpCount": 1, "localIpFrequency": {"10.0.13.98": 1}, "localIpTotalDuration": 56.0002, "localIpDuration": {"10.0.13.98": 56.0002}}, "FIFA Mobile": {"localIpCount": 1, "localIpFrequency": {"10.0.12.214": 4}, "localIpTotalDuration": 2464.0764, "localIpDuration": {"10.0.12.214": 2464.0764}}, "Zombie High School": {"localIpCount": 1, "localIpFrequency": {"10.0.12.198": 1}, "localIpTotalDuration": 238.0, "localIpDuration": {"10.0.12.198": 238.0}}, "League of Legends: Wild Rift": {"localIpCount": 15, "localIpFrequency": {"10.0.12.1": 1, "10.0.12.124": 3, "10.0.11.130": 5, "10.0.12.209": 10, "10.0.13.12": 4, "10.0.13.43": 1, "10.0.13.226": 1, "10.0.14.5": 9, "10.0.14.11": 1, "10.0.14.19": 2, "10.0.14.244": 4, "10.0.15.10": 1, "10.0.15.79": 1, "10.0.15.105": 3, "10.0.15.148": 1}, "localIpTotalDuration": 72055.3974, "localIpDuration": {"10.0.12.1": 1519.0314, "10.0.12.124": 5322.1787, "10.0.11.130": 7181.845499999999, "10.0.12.209": 16777.237800000003, "10.0.13.12": 4514.3063, "10.0.13.43": 1763.9933, "10.0.13.226": 629.9023, "10.0.14.5": 14059.064100000001, "10.0.14.11": 1799.5225, "10.0.14.19": 2646.0096, "10.0.14.244": 5219.8670999999995, "10.0.15.10": 1799.0338, "10.0.15.79": 1798.8891, "10.0.15.105": 5337.5537, "10.0.15.148": 1686.9622}}, "\ud0d5\ud0d5\ud2b9\uacf5\ub300": {"localIpCount": 3, "localIpFrequency": {"10.0.12.215": 1, "10.0.14.153": 1, "10.0.14.189": 4}, "localIpTotalDuration": 4668.946, "localIpDuration": {"10.0.12.215": 448.0387, "10.0.14.153": 1567.9112, "10.0.14.189": 2652.9961000000003}}, "Cookie Run: Kingdom": {"localIpCount": 5, "localIpFrequency": {"10.0.12.79": 1, "10.0.12.29": 1, "10.0.13.36": 3, "10.0.13.96": 1, "10.0.14.192": 1}, "localIpTotalDuration": 9625.976299999998, "localIpDuration": {"10.0.12.79": 1077.9276, "10.0.12.29": 1798.9515, "10.0.13.36": 4697.0311, "10.0.13.96": 946.0639, "10.0.14.192": 1106.0022}}, "PUBG Mobile": {"localIpCount": 13, "localIpFrequency": {"10.0.12.128": 1, "10.0.11.196": 3, "10.0.13.1": 3, "10.0.13.59": 3, "10.0.13.95": 1, "10.0.13.142": 2, "10.0.13.242": 2, "10.0.14.13": 1, "10.0.14.176": 2, "10.0.14.217": 1, "10.0.15.61": 1, "10.0.15.124": 1, "10.0.14.151": 1}, "localIpTotalDuration": 17095.780199999997, "localIpDuration": {"10.0.12.128": 1784.8043, "10.0.11.196": 2387.2936999999997, "10.0.13.1": 630.0772, "10.0.13.59": 3346.4129000000003, "10.0.13.95": 692.9407, "10.0.13.142": 1793.3392, "10.0.13.242": 1246.1408999999999, "10.0.14.13": 1518.8645, "10.0.14.176": 1043.3402, "10.0.14.217": 447.9191, "10.0.15.61": 195.9825, "10.0.15.124": 237.8537, "10.0.14.151": 1770.8113}}, "DRAGON BALL LEGENDS": {"localIpCount": 1, "localIpFrequency": {"10.0.13.81": 1}, "localIpTotalDuration": 182.6984, "localIpDuration": {"10.0.13.81": 182.6984}}, "Free Fire": {"localIpCount": 4, "localIpFrequency": {"10.0.13.48": 8, "10.0.13.72": 1, "10.0.13.254": 2, "10.0.15.13": 4}, "localIpTotalDuration": 17990.065300000002, "localIpDuration": {"10.0.13.48": 12332.9422, "10.0.13.72": 756.807, "10.0.13.254": 1266.8791999999999, "10.0.15.13": 3633.4368999999997}}, "Pok\u00e9mon GO": {"localIpCount": 1, "localIpFrequency": {"10.0.11.65": 1}, "localIpTotalDuration": 336.2274, "localIpDuration": {"10.0.11.65": 336.2274}}, "ZEPETO": {"localIpCount": 1, "localIpFrequency": {"10.0.14.151": 2}, "localIpTotalDuration": 0.00030000000000000003, "localIpDuration": {"10.0.14.151": 0.00030000000000000003}}, "Roblox": {"localIpCount": 53, "localIpFrequency": {"10.0.11.150": 2, "10.0.12.16": 1, "10.0.11.235": 1, "10.0.11.109": 1, "10.0.11.37": 3, "10.0.12.137": 1, "10.0.11.62": 1, "10.0.12.72": 1, "10.0.11.94": 2, "10.0.12.167": 1, "10.0.12.192": 1, "10.0.12.193": 2, "10.0.12.205": 3, "10.0.12.219": 1, "10.0.12.212": 2, "10.0.12.240": 1, "10.0.12.248": 2, "10.0.12.245": 1, "10.0.12.214": 1, "10.0.12.184": 1, "10.0.13.44": 1, "10.0.12.230": 1, "10.0.13.51": 2, "10.0.13.106": 1, "10.0.12.251": 1, "10.0.13.45": 6, "10.0.13.238": 1, "10.0.13.244": 1, "10.0.13.246": 1, "10.0.13.149": 1, "10.0.14.36": 2, "10.0.13.10": 1, "10.0.13.20": 1, "10.0.14.60": 1, "10.0.13.125": 1, "10.0.13.104": 2, "10.0.13.6": 1, "10.0.14.142": 2, "10.0.14.147": 2, "10.0.14.170": 1, "10.0.14.150": 1, "10.0.14.218": 1, "10.0.14.136": 2, "10.0.14.224": 1, "10.0.14.197": 1, "10.0.14.248": 1, "10.0.15.5": 2, "10.0.15.2": 1, "10.0.15.72": 1, "10.0.15.88": 1, "10.0.14.190": 1, "10.0.14.231": 1, "10.0.15.146": 1}, "localIpTotalDuration": 132995.67639999997, "localIpDuration": {"10.0.11.150": 3598.3442, "10.0.12.16": 1793.6736, "10.0.11.235": 1799.0473, "10.0.11.109": 1795.1196, "10.0.11.37": 5392.168, "10.0.12.137": 1798.9615, "10.0.11.62": 1793.3592, "10.0.12.72": 1798.6484, "10.0.11.94": 3593.2107, "10.0.12.167": 1795.7683, "10.0.12.192": 1799.0122, "10.0.12.193": 3596.9021000000002, "10.0.12.205": 5395.8639, "10.0.12.219": 1798.3552, "10.0.12.212": 3596.1844, "10.0.12.240": 1798.4069, "10.0.12.248": 3596.6063, "10.0.12.245": 1798.3548, "10.0.12.214": 1798.406, "10.0.12.184": 1798.1444, "10.0.13.44": 1798.0812, "10.0.12.230": 1797.8936, "10.0.13.51": 3596.5203, "10.0.13.106": 1798.4649, "10.0.12.251": 1797.1845, "10.0.13.45": 10786.9458, "10.0.13.238": 1799.0438, "10.0.13.244": 1794.561, "10.0.13.246": 1795.0346, "10.0.13.149": 1799.1138, "10.0.14.36": 3594.9831999999997, "10.0.13.10": 1795.4443, "10.0.13.20": 1799.0302, "10.0.14.60": 1795.4577, "10.0.13.125": 1799.1096, "10.0.13.104": 3590.8994000000002, "10.0.13.6": 1794.6448, "10.0.14.142": 3593.2441, "10.0.14.147": 3598.0069000000003, "10.0.14.170": 1795.5959, "10.0.14.150": 1799.6788, "10.0.14.218": 1795.4348, "10.0.14.136": 3590.1615, "10.0.14.224": 1793.8421, "10.0.14.197": 1794.9611, "10.0.14.248": 1795.1187, "10.0.15.5": 3590.2776999999996, "10.0.15.2": 1794.5599, "10.0.15.72": 1799.0431, "10.0.15.88": 1799.1115, "10.0.14.190": 1795.533, "10.0.14.231": 1795.1241, "10.0.15.146": 1799.0335}}, "Goddess of Victory: Nikke": {"localIpCount": 2, "localIpFrequency": {"10.0.11.210": 1, "10.0.12.109": 1}, "localIpTotalDuration": 2077.7014, "localIpDuration": {"10.0.11.210": 1280.493, "10.0.12.109": 797.2084}}, "WePlay - Party Game & Chat": {"localIpCount": 1, "localIpFrequency": {"10.0.15.123": 1}, "localIpTotalDuration": 609.3664, "localIpDuration": {"10.0.15.123": 609.3664}}, "Brawl Stars": {"localIpCount": 23, "localIpFrequency": {"10.0.11.38": 1, "10.0.12.29": 1, "10.0.11.90": 1, "10.0.12.187": 2, "10.0.12.203": 2, "10.0.12.184": 3, "10.0.12.244": 1, "10.0.12.193": 2, "10.0.12.240": 4, "10.0.12.230": 1, "10.0.12.214": 1, "10.0.12.229": 2, "10.0.13.173": 1, "10.0.13.176": 1, "10.0.13.221": 1, "10.0.14.151": 6, "10.0.14.136": 2, "10.0.14.197": 3, "10.0.14.195": 1, "10.0.14.142": 1, "10.0.15.43": 1, "10.0.14.229": 1, "10.0.15.56": 1}, "localIpTotalDuration": 54133.812900000004, "localIpDuration": {"10.0.11.38": 1736.4098, "10.0.12.29": 0.0021, "10.0.11.90": 1504.8881, "10.0.12.187": 3514.0476, "10.0.12.203": 2800.0194, "10.0.12.184": 3500.0813999999996, "10.0.12.244": 1498.006, "10.0.12.193": 3395.0751, "10.0.12.240": 6999.2968, "10.0.12.230": 1603.0302, "10.0.12.214": 1393.0499, "10.0.12.229": 1379.0637, "10.0.13.173": 1210.7256, "10.0.13.176": 735.5324, "10.0.13.221": 69.9961, "10.0.14.151": 8832.7436, "10.0.14.136": 3303.4453999999996, "10.0.14.197": 2894.6525, "10.0.14.195": 1715.0396, "10.0.14.142": 1672.8798, "10.0.15.43": 1785.1262, "10.0.14.229": 896.6276, "10.0.15.56": 1694.074}}}