{"Among us": {"localIpCount": 3, "localIpFrequency": {"10.0.0.186": 1, "10.0.1.27": 2, "10.0.1.12": 2}, "localIpTotalDuration": 3404.0113, "localIpDuration": {"10.0.0.186": 1.9996, "10.0.1.27": 1838.0087, "10.0.1.12": 1564.003}}, "Zombie High School": {"localIpCount": 2, "localIpFrequency": {"10.0.0.236": 2, "10.0.1.12": 4}, "localIpTotalDuration": 2290.0002000000004, "localIpDuration": {"10.0.0.236": 321.9999, "10.0.1.12": 1968.0003}}, "Brawl Stars": {"localIpCount": 8, "localIpFrequency": {"10.0.1.29": 1, "10.0.0.185": 1, "10.0.1.46": 1, "10.0.1.38": 2, "10.0.0.156": 3, "10.0.1.72": 1, "10.0.1.129": 3, "10.0.0.236": 1}, "localIpTotalDuration": 9094.018600000001, "localIpDuration": {"10.0.1.29": 652.0008, "10.0.0.185": 908.0029, "10.0.1.46": 508.0012, "10.0.1.38": 204.0035, "10.0.0.156": 3370.0, "10.0.1.72": 548.0021, "10.0.1.129": 2628.003, "10.0.0.236": 276.0051}}, "Ninja Must Die": {"localIpCount": 2, "localIpFrequency": {"10.0.0.185": 20, "10.0.1.141": 1}, "localIpTotalDuration": 31653.6506, "localIpDuration": {"10.0.0.185": 30875.6512, "10.0.1.141": 777.9994}}, "GUNS UP! Mobile": {"localIpCount": 1, "localIpFrequency": {"10.0.1.34": 2}, "localIpTotalDuration": 896.002, "localIpDuration": {"10.0.1.34": 896.002}}, "Free Fire": {"localIpCount": 3, "localIpFrequency": {"10.0.0.233": 2, "10.0.0.235": 2, "10.0.0.16": 10}, "localIpTotalDuration": 15868.002199999999, "localIpDuration": {"10.0.0.233": 1882.0001000000002, "10.0.0.235": 2124.0003, "10.0.0.16": 11862.001799999998}}, "Roblox (Game)": {"localIpCount": 44, "localIpFrequency": {"10.0.0.28": 1, "10.0.0.144": 3, "10.0.0.43": 4, "10.0.1.10": 2, "10.0.0.166": 5, "10.0.1.29": 1, "10.0.1.23": 7, "10.0.0.186": 2, "10.0.0.185": 3, "10.0.1.12": 6, "10.0.0.124": 1, "10.0.1.30": 1, "10.0.0.67": 7, "10.0.0.30": 11, "10.0.1.21": 4, "10.0.0.29": 4, "10.0.1.27": 4, "10.0.1.45": 1, "10.0.1.18": 7, "10.0.1.5": 1, "10.0.0.213": 5, "10.0.0.217": 1, "10.0.0.223": 5, "10.0.0.156": 14, "10.0.0.224": 5, "10.0.1.38": 1, "10.0.1.60": 8, "10.0.1.49": 3, "10.0.0.45": 1, "10.0.1.64": 1, "10.0.1.2": 1, "10.0.0.42": 1, "10.0.1.57": 4, "10.0.1.68": 5, "10.0.1.72": 20, "10.0.0.236": 3, "10.0.0.233": 2, "10.0.1.39": 1, "10.0.0.235": 2, "10.0.1.133": 1, "10.0.1.134": 2, "10.0.1.138": 3, "10.0.0.11": 3, "10.0.1.145": 1}, "localIpTotalDuration": 237243.1693000001, "localIpDuration": {"10.0.0.28": 1672.3716, "10.0.0.144": 5254.0016, "10.0.0.43": 4674.0027, "10.0.1.10": 234.0011, "10.0.0.166": 5835.628299999999, "10.0.1.29": 1534.0004, "10.0.1.23": 7096.008100000001, "10.0.0.186": 3384.0037, "10.0.0.185": 5292.0, "10.0.1.12": 10254.0065, "10.0.0.124": 1799.9995, "10.0.1.30": 1689.9993, "10.0.0.67": 11339.650099999999, "10.0.0.30": 18322.0136, "10.0.1.21": 6980.0049, "10.0.0.29": 6555.6188, "10.0.1.27": 6472.0012, "10.0.1.45": 1730.0019, "10.0.1.18": 7278.006199999999, "10.0.1.5": 1590.0012, "10.0.0.213": 7939.9959, "10.0.0.217": 1582.0009, "10.0.0.223": 6859.9989000000005, "10.0.0.156": 11015.6368, "10.0.0.224": 5826.0082, "10.0.1.38": 1798.0026, "10.0.1.60": 12478.0034, "10.0.1.49": 4894.0008, "10.0.0.45": 1348.0035, "10.0.1.64": 1554.0003, "10.0.1.2": 1730.0024, "10.0.0.42": 1763.9993, "10.0.1.57": 5906.006, "10.0.1.68": 6000.0062, "10.0.1.72": 32517.660299999996, "10.0.0.236": 3015.9977, "10.0.0.233": 1737.6410999999998, "10.0.1.39": 1686.0013, "10.0.0.235": 3509.6276, "10.0.1.133": 1726.0003, "10.0.1.134": 2024.0016, "10.0.1.138": 5199.6284000000005, "10.0.0.11": 4951.6281, "10.0.1.145": 1191.997}}, "WePlay - Party Game & Chat": {"localIpCount": 3, "localIpFrequency": {"10.0.1.27": 3, "10.0.0.185": 4, "10.0.0.235": 1}, "localIpTotalDuration": 4979.9987, "localIpDuration": {"10.0.1.27": 772.0001, "10.0.0.185": 3001.999, "10.0.0.235": 1205.9996}}, "FIFA ONLINE 4 M": {"localIpCount": 3, "localIpFrequency": {"10.0.1.30": 1, "10.0.1.12": 1, "10.0.0.100": 2}, "localIpTotalDuration": 1358.0042000000003, "localIpDuration": {"10.0.1.30": 56.0024, "10.0.1.12": 0.0008, "10.0.0.100": 1302.0010000000002}}, "Minecraft": {"localIpCount": 9, "localIpFrequency": {"10.0.1.27": 1, "10.0.0.233": 8, "10.0.0.217": 1, "10.0.0.229": 2, "10.0.0.43": 2, "10.0.0.254": 1, "10.0.0.156": 12, "10.0.0.236": 2, "10.0.0.11": 1}, "localIpTotalDuration": 32249.287900000003, "localIpDuration": {"10.0.1.27": 1081.9994, "10.0.0.233": 12327.280499999999, "10.0.0.217": 434.0036, "10.0.0.229": 1686.0003, "10.0.0.43": 3575.9993999999997, "10.0.0.254": 1517.9998, "10.0.0.156": 11268.004799999999, "10.0.0.236": 348.00030000000004, "10.0.0.11": 9.9998}}, "FIFA Mobile": {"localIpCount": 8, "localIpFrequency": {"10.0.1.29": 4, "10.0.1.30": 6, "10.0.1.12": 3, "10.0.1.18": 1, "10.0.0.156": 4, "10.0.1.78": 6, "10.0.0.236": 4, "10.0.0.235": 1}, "localIpTotalDuration": 29299.601300000002, "localIpDuration": {"10.0.1.29": 4150.0005, "10.0.1.30": 7560.012299999999, "10.0.1.12": 3089.9985, "10.0.1.18": 158.0005, "10.0.0.156": 2374.0003, "10.0.1.78": 6613.584899999999, "10.0.0.236": 3624.0054, "10.0.0.235": 1729.9989}}, "Clash of Clan": {"localIpCount": 2, "localIpFrequency": {"10.0.1.37": 9, "10.0.1.116": 1}, "localIpTotalDuration": 1708.0002, "localIpDuration": {"10.0.1.37": 1456.0003, "10.0.1.116": 251.9999}}, "Pok\u00e9mon GO": {"localIpCount": 5, "localIpFrequency": {"10.0.1.39": 1, "10.0.0.156": 8, "10.0.0.235": 10, "10.0.0.236": 7, "10.0.1.56": 3}, "localIpTotalDuration": 33555.648, "localIpDuration": {"10.0.1.39": 0.0, "10.0.0.156": 7220.0046, "10.0.0.235": 16729.6453, "10.0.0.236": 7397.999599999999, "10.0.1.56": 2207.9984999999997}}, "PUBG Mobile": {"localIpCount": 3, "localIpFrequency": {"10.0.1.29": 5, "10.0.1.94": 1, "10.0.1.112": 1}, "localIpTotalDuration": 4844.0022, "localIpDuration": {"10.0.1.29": 4300.0005, "10.0.1.94": 6.0009, "10.0.1.112": 538.0008}}, "Cookie Run: Kingdom": {"localIpCount": 4, "localIpFrequency": {"10.0.1.29": 1, "10.0.0.236": 2, "10.0.0.67": 5, "10.0.0.254": 1}, "localIpTotalDuration": 9232.001499999998, "localIpDuration": {"10.0.1.29": 306.0002, "10.0.0.236": 3056.0026, "10.0.0.67": 4303.9984, "10.0.0.254": 1566.0003}}, "Guardian Tales": {"localIpCount": 2, "localIpFrequency": {"10.0.0.236": 2, "10.0.1.12": 24}, "localIpTotalDuration": 29429.6367, "localIpDuration": {"10.0.0.236": 2180.0011, "10.0.1.12": 27249.63559999999}}, "MapleStory M": {"localIpCount": 3, "localIpFrequency": {"10.0.0.236": 2, "10.0.0.156": 4, "10.0.0.58": 6}, "localIpTotalDuration": 9531.6185, "localIpDuration": {"10.0.0.236": 750.0009, "10.0.0.156": 2126.0039, "10.0.0.58": 6655.613699999999}}, "Roblox": {"localIpCount": 42, "localIpFrequency": {"10.0.0.45": 14, "10.0.1.23": 10, "10.0.0.144": 6, "10.0.0.43": 26, "10.0.1.10": 15, "10.0.0.186": 1, "10.0.0.185": 7, "10.0.1.27": 5, "10.0.1.44": 1, "10.0.1.30": 2, "10.0.1.5": 1, "10.0.1.18": 6, "10.0.0.213": 18, "10.0.1.38": 1, "10.0.0.166": 8, "10.0.0.217": 1, "10.0.1.46": 5, "10.0.0.224": 3, "10.0.1.57": 7, "10.0.1.56": 1, "10.0.1.60": 4, "10.0.0.30": 9, "10.0.1.49": 1, "10.0.0.156": 16, "10.0.1.2": 2, "10.0.0.42": 1, "10.0.1.68": 14, "10.0.1.72": 25, "10.0.0.236": 2, "10.0.0.233": 20, "10.0.1.78": 3, "10.0.0.223": 7, "10.0.1.17": 2, "10.0.0.29": 2, "10.0.0.67": 3, "10.0.0.11": 3, "10.0.1.133": 1, "10.0.1.134": 3, "10.0.1.12": 1, "10.0.1.138": 3, "10.0.0.235": 1, "10.0.1.142": 1}, "localIpTotalDuration": 435224.7592999999, "localIpDuration": {"10.0.0.45": 18361.4326, "10.0.1.23": 17989.7825, "10.0.0.144": 10780.4956, "10.0.0.43": 46725.320400000004, "10.0.1.10": 26949.4561, "10.0.0.186": 1799.6438, "10.0.0.185": 7447.6426, "10.0.1.27": 8986.873099999999, "10.0.1.44": 1799.6349, "10.0.1.30": 3589.6314, "10.0.1.5": 1799.9995, "10.0.1.18": 9410.447, "10.0.0.213": 31506.213599999995, "10.0.1.38": 1799.6197, "10.0.0.166": 14384.513700000003, "10.0.0.217": 1797.6047, "10.0.1.46": 8988.8889, "10.0.0.224": 3615.6337000000003, "10.0.1.57": 10990.514799999999, "10.0.1.56": 1798.0006, "10.0.1.60": 7195.2713, "10.0.0.30": 16170.102599999998, "10.0.1.49": 1797.6319, "10.0.0.156": 21838.135, "10.0.1.2": 2994.0015000000003,