{"Brawl Stars": {"localIpCount": 3, "localIpFrequency": {"10.0.3.66": 2, "10.0.2.220": 4, "10.0.3.14": 1}, "localIpTotalDuration": 5317.7146, "localIpDuration": {"10.0.3.66": 2498.0112, "10.0.2.220": 2578.7014, "10.0.3.14": 241.002}}, "Genshin Impact": {"localIpCount": 3, "localIpFrequency": {"10.0.3.11": 8, "10.0.1.141": 2, "10.0.3.95": 2}, "localIpTotalDuration": 7064.016, "localIpDuration": {"10.0.3.11": 5684.0098, "10.0.1.141": 2.001, "10.0.3.95": 1378.0052}}, "League of Legends: Wild Rift": {"localIpCount": 1, "localIpFrequency": {"10.0.2.216": 14}, "localIpTotalDuration": 21909.3174, "localIpDuration": {"10.0.2.216": 21909.3174}}, "ZEPETO": {"localIpCount": 1, "localIpFrequency": {"10.0.2.173": 2}, "localIpTotalDuration": 1240.9998, "localIpDuration": {"10.0.2.173": 1240.9998}}, "Minecraft": {"localIpCount": 2, "localIpFrequency": {"10.0.2.156": 17, "10.0.3.92": 1}, "localIpTotalDuration": 14522.004300000002, "localIpDuration": {"10.0.2.156": 13126.002900000001, "10.0.3.92": 1396.0014}}, "Odin: Valhalla Rising": {"localIpCount": 1, "localIpFrequency": {"10.0.0.95": 2}, "localIpTotalDuration": 0.0, "localIpDuration": {"10.0.0.95": 0.0}}, "Cookie Run: Kingdom": {"localIpCount": 2, "localIpFrequency": {"10.0.2.172": 4, "10.0.2.156": 4}, "localIpTotalDuration": 7971.992600000001, "localIpDuration": {"10.0.2.172": 2089.9958, "10.0.2.156": 5881.996800000001}}, "Gunship Battle: Crypto Conflict": {"localIpCount": 2, "localIpFrequency": {"10.0.0.41": 8, "10.0.0.29": 8}, "localIpTotalDuration": 8705.903400000001, "localIpDuration": {"10.0.0.41": 1089.8976, "10.0.0.29": 7616.005800000001}}, "PUBG Mobile": {"localIpCount": 3, "localIpFrequency": {"10.0.0.60": 18, "10.0.2.216": 4, "10.0.3.14": 2}, "localIpTotalDuration": 13692.000899999997, "localIpDuration": {"10.0.0.60": 8180.004599999999, "10.0.2.216": 4237.9954, "10.0.3.14": 1274.0009}}, "Zombie High School": {"localIpCount": 1, "localIpFrequency": {"10.0.2.178": 2}, "localIpTotalDuration": 394.0012, "localIpDuration": {"10.0.2.178": 394.0012}}, "NBA NOW 23": {"localIpCount": 2, "localIpFrequency": {"10.0.1.113": 2, "10.0.2.156": 3}, "localIpTotalDuration": 0.0, "localIpDuration": {"10.0.1.113": 0.0, "10.0.2.156": 0.0}}, "FIFA Mobile": {"localIpCount": 2, "localIpFrequency": {"10.0.2.128": 10, "10.0.3.92": 9}, "localIpTotalDuration": 16406.0109, "localIpDuration": {"10.0.2.128": 8702.000399999999, "10.0.3.92": 7704.0104999999985}}, "Roblox (Game)": {"localIpCount": 31, "localIpFrequency": {"10.0.3.55": 32, "10.0.2.84": 16, "10.0.3.14": 4, "10.0.2.178": 18, "10.0.2.211": 2, "10.0.2.250": 6, "10.0.2.128": 10, "10.0.2.168": 56, "10.0.2.80": 2, "10.0.2.172": 5, "10.0.3.61": 4, "10.0.2.252": 4, "10.0.1.141": 8, "10.0.3.66": 6, "10.0.3.72": 6, "10.0.3.25": 3, "10.0.3.75": 6, "10.0.3.77": 2, "10.0.2.156": 29, "10.0.2.220": 8, "10.0.2.247": 4, "10.0.3.33": 2, "10.0.3.97": 4, "10.0.3.92": 2, "10.0.3.96": 2, "10.0.2.173": 3, "10.0.2.121": 1, "10.0.3.105": 1, "10.0.3.106": 4, "10.0.3.111": 2, "10.0.3.112": 1}, "localIpTotalDuration": 352856.80919999984, "localIpDuration": {"10.0.3.55": 46596.01889999999, "10.0.2.84": 21968.0152, "10.0.3.14": 5474.0126, "10.0.2.178": 25574.0292, "10.0.2.211": 3508.0026, "10.0.2.250": 7032.0106, "10.0.2.128": 14621.315000000002, "10.0.2.168": 88871.08640000001, "10.0.2.80": 3190.0028, "10.0.2.172": 7535.002700000001, "10.0.3.61": 6165.9992, "10.0.2.252": 4265.994000000001, "10.0.1.141": 13752.015200000002, "10.0.3.66": 5100.0014, "10.0.3.72": 4116.0076, "10.0.3.25": 1856.0013000000001, "10.0.3.75": 226.01180000000002, "10.0.3.77": 0.0, "10.0.2.156": 39832.02790000001, "10.0.2.220": 13843.993999999999, "10.0.2.247": 5755.9986, "10.0.3.33": 2795.9998, "10.0.3.97": 6002.0068, "10.0.3.92": 3520.0026, "10.0.3.96": 3390.0112, "10.0.2.173": 4910.2383, "10.0.2.121": 1734.0011, "10.0.3.105": 280.0022, "10.0.3.106": 5802.0019, "10.0.3.111": 3463.9969, "10.0.3.112": 1675.0014}}, "Pok\u00e9mon Unite": {"localIpCount": 1, "localIpFrequency": {"10.0.2.178": 34}, "localIpTotalDuration": 41680.640600000006, "localIpDuration": {"10.0.2.178": 41680.640600000006}}, "Roblox": {"localIpCount": 28, "localIpFrequency": {"10.0.3.55": 31, "10.0.2.178": 36, "10.0.2.84": 30, "10.0.3.14": 5, "10.0.2.250": 8, "10.0.2.156": 61, "10.0.2.168": 52, "10.0.2.172": 5, "10.0.3.61": 4, "10.0.2.252": 4, "10.0.1.141": 12, "10.0.3.66": 12, "10.0.3.69": 36, "10.0.3.72": 14, "10.0.3.75": 6, "10.0.2.220": 28, "10.0.2.247": 4, "10.0.3.33": 2, "10.0.2.128": 9, "10.0.3.96": 6, "10.0.2.121": 2, "10.0.2.242": 1, "10.0.3.105": 4, "10.0.3.106": 4, "10.0.3.25": 2, "10.0.3.97": 2, "10.0.2.173": 1, "10.0.3.112": 1}, "localIpTotalDuration": 652748.1399000002, "localIpDuration": {"10.0.3.55": 55666.173700000014, "10.0.2.178": 58095.89359999998, "10.0.2.84": 53159.763199999994, "10.0.3.14": 8387.6321, "10.0.2.250": 14369.312999999998, "10.0.2.156": 100792.39620000002, "10.0.2.168": 92999.32909999999, "10.0.2.172": 8985.0033, "10.0.3.61": 7156.6128, "10.0.2.252": 6481.3128, "10.0.1.141": 21262.6204, "10.0.3.66": 16574.0328, "10.0.3.69": 64486.522000000004, "10.0.3.72": 24862.0158, "10.0.3.75": 5358.0194, "10.0.2.220": 50211.98820000001, "10.0.2.247": 5618.0058, "10.0.3.33": 3580.0034, "10.0.2.128": 16153.345099999997, "10.0.3.96": 10776.578000000001, "10.0.2.121": 2169.0018999999998, "10.0.2.242": 1322.0017, "10.0.3.105": 6499.3169, "10.0.3.106": 6993.959699999999, "10.0.3.25": 3596.9974, "10.0.3.97": 3598.6423999999997, "10.0.2.173": 1793.0035, "10.0.3.112": 1798.6557}}, "FIFA ONLINE 4 M": {"localIpCount": 1, "localIpFrequency": {"10.0.2.128": 2}, "localIpTotalDuration": 799.999, "localIpDuration": {"10.0.2.128": 799.999}}, "\ud0d5\ud0d5\ud2b9\uacf5\ub300": {"localIpCount": 1, "localIpFrequency": {"10.0.2.172": 18}, "localIpTotalDuration": 17562.010000000002, "localIpDuration": {"10.0.2.172": 17562.010000000002}}, "Free Fire": {"localIpCount": 3, "localIpFrequency": {"10.0.0.83": 11, "10.0.0.186": 2, "10.0.3.110": 1}, "localIpTotalDuration": 11136.004599999997, "localIpDuration": {"10.0.0.83": 8940.0024, "10.0.0.186": 2196.0008, "10.0.3.110": 0.0014}}}