{"Clash of Clan": {"localIpCount": 1, "localIpFrequency": {"10.0.0.84": 1}, "localIpTotalDuration": 2.1556, "localIpDuration": {"10.0.0.84": 2.1556}}, "GUNS UP! Mobile": {"localIpCount": 1, "localIpFrequency": {"10.0.0.25": 1}, "localIpTotalDuration": 13.7973, "localIpDuration": {"10.0.0.25": 13.7973}}, "Cookie Run: Kingdom": {"localIpCount": 1, "localIpFrequency": {"10.0.0.57": 1}, "localIpTotalDuration": 1261.0517, "localIpDuration": {"10.0.0.57": 1261.0517}}, "Gunship Battle: Crypto Conflict": {"localIpCount": 2, "localIpFrequency": {"10.0.0.29": 8, "10.0.0.44": 1}, "localIpTotalDuration": 5494.6267, "localIpDuration": {"10.0.0.29": 5030.7543, "10.0.0.44": 463.8724}}, "Birdie Shot": {"localIpCount": 1, "localIpFrequency": {"10.0.0.47": 57}, "localIpTotalDuration": 79125.0213, "localIpDuration": {"10.0.0.47": 79125.0213}}, "League of Legends: Wild Rift": {"localIpCount": 3, "localIpFrequency": {"10.0.0.182": 1, "10.0.0.61": 1, "10.0.0.215": 12}, "localIpTotalDuration": 16809.9545, "localIpDuration": {"10.0.0.182": 810.9485, "10.0.0.61": 369.9477, "10.0.0.215": 15629.0583}}, "Summoners War: Chronicles": {"localIpCount": 2, "localIpFrequency": {"10.0.0.34": 1, "10.0.0.44": 2}, "localIpTotalDuration": 855.9987, "localIpDuration": {"10.0.0.34": 855.9985, "10.0.0.44": 0.0002}}, "MIR4": {"localIpCount": 3, "localIpFrequency": {"10.0.0.70": 20, "10.0.0.91": 11, "10.0.0.44": 1}, "localIpTotalDuration": 85731.60500000003, "localIpDuration": {"10.0.0.70": 65007.44629999999, "10.0.0.91": 20382.211299999995, "10.0.0.44": 341.9474}}, "Roblox": {"localIpCount": 1, "localIpFrequency": {"10.0.0.157": 1}, "localIpTotalDuration": 285.2543, "localIpDuration": {"10.0.0.157": 285.2543}}, "FIFA Mobile": {"localIpCount": 2, "localIpFrequency": {"10.0.0.61": 1, "10.0.0.44": 1}, "localIpTotalDuration": 1229.3625, "localIpDuration": {"10.0.0.61": 861.1533, "10.0.0.44": 368.2092}}, "The Lord of the Rings: War": {"localIpCount": 1, "localIpFrequency": {"10.0.0.176": 1}, "localIpTotalDuration": 507.9495, "localIpDuration": {"10.0.0.176": 507.9495}}, "Hero Blaze: Three Kingdoms": {"localIpCount": 1, "localIpFrequency": {"10.0.0.68": 1}, "localIpTotalDuration": 13.7956, "localIpDuration": {"10.0.0.68": 13.7956}}, "PUBG Mobile": {"localIpCount": 4, "localIpFrequency": {"10.0.0.156": 1, "10.0.0.165": 1, "10.0.0.60": 13, "10.0.0.166": 2}, "localIpTotalDuration": 25746.633500000004, "localIpDuration": {"10.0.0.156": 630.948, "10.0.0.165": 12690.3317, "10.0.0.60": 11871.789400000003, "10.0.0.166": 553.5644}}, "Odin: Valhalla Rising": {"localIpCount": 1, "localIpFrequency": {"10.0.0.95": 2}, "localIpTotalDuration": 0.0002, "localIpDuration": {"10.0.0.95": 0.0002}}}