{"Hero Blaze: Three Kingdoms": {"localIpCount": 1, "localIpFrequency": {"10.0.0.13": 1}, "localIpTotalDuration": 7.0015, "localIpDuration": {"10.0.0.13": 7.0015}}, "\ud0d5\ud0d5\ud2b9\uacf5\ub300": {"localIpCount": 3, "localIpFrequency": {"10.0.0.65": 2, "10.0.0.233": 4, "10.0.0.170": 1}, "localIpTotalDuration": 3696.0207, "localIpDuration": {"10.0.0.65": 1833.9664000000002, "10.0.0.233": 1862.0541999999998, "10.0.0.170": 0.0001}}, "Zombie High School": {"localIpCount": 2, "localIpFrequency": {"10.0.0.73": 13, "10.0.3.233": 1}, "localIpTotalDuration": 5580.954, "localIpDuration": {"10.0.0.73": 5412.942999999999, "10.0.3.233": 168.011}}, "Clash of Clan": {"localIpCount": 2, "localIpFrequency": {"10.0.0.144": 1, "10.0.0.9": 5}, "localIpTotalDuration": 1218.0193, "localIpDuration": {"10.0.0.144": 0.0001, "10.0.0.9": 1218.0192}}, "Super Mario Run": {"localIpCount": 1, "localIpFrequency": {"10.0.2.120": 1}, "localIpTotalDuration": 35.0226, "localIpDuration": {"10.0.2.120": 35.0226}}, "PUBG Mobile": {"localIpCount": 5, "localIpFrequency": {"10.0.1.253": 1, "10.0.2.193": 1, "10.0.0.144": 1, "10.0.3.209": 2, "10.0.3.15": 1}, "localIpTotalDuration": 2149.0092999999997, "localIpDuration": {"10.0.1.253": 328.9616, "10.0.2.193": 126.0052, "10.0.0.144": 181.9964, "10.0.3.209": 1330.0248, "10.0.3.15": 182.0213}}, "TFT: Teamfight Tactics": {"localIpCount": 8, "localIpFrequency": {"10.0.2.63": 12, "10.0.0.3": 3, "10.0.1.190": 1, "10.0.0.16": 11, "10.0.0.21": 9, "10.0.0.9": 4, "10.0.3.198": 19, "10.0.3.22": 2}, "localIpTotalDuration": 62468.28189999999, "localIpDuration": {"10.0.2.63": 11998.1163, "10.0.0.3": 2295.9858, "10.0.1.190": 147.0296, "10.0.0.16": 12207.9545, "10.0.0.21": 11507.989300000001, "10.0.0.9": 4648.0335000000005, "10.0.3.198": 18053.107899999995, "10.0.3.22": 1610.065}}, "Roblox": {"localIpCount": 57, "localIpFrequency": {"10.0.0.60": 3, "10.0.0.170": 7, "10.0.0.45": 20, "10.0.0.252": 4, "10.0.0.224": 5, "10.0.0.38": 20, "10.0.3.91": 31, "10.0.0.233": 17, "10.0.3.33": 3, "10.0.3.60": 3, "10.0.2.172": 11, "10.0.2.161": 30, "10.0.0.247": 4, "10.0.0.169": 2, "10.0.3.130": 18, "10.0.2.120": 38, "10.0.2.108": 3, "10.0.0.12": 3, "10.0.2.176": 2, "10.0.3.15": 14, "10.0.3.114": 1, "10.0.0.30": 1, "10.0.2.219": 2, "10.0.3.137": 10, "10.0.3.159": 1, "10.0.2.166": 2, "10.0.0.116": 1, "10.0.0.69": 2, "10.0.3.38": 1, "10.0.2.188": 1, "10.0.3.0": 4, "10.0.3.181": 1, "10.0.3.185": 12, "10.0.2.75": 3, "10.0.3.190": 10, "10.0.3.174": 4, "10.0.3.184": 1, "10.0.3.132": 1, "10.0.2.244": 2, "10.0.3.146": 1, "10.0.3.210": 1, "10.0.3.158": 1, "10.0.0.18": 1, "10.0.3.139": 1, "10.0.2.200": 2, "10.0.3.88": 1, "10.0.0.23": 2, "10.0.3.142": 1, "10.0.1.8": 1, "10.0.0.59": 2, "10.0.1.246": 2, "10.0.4.6": 1, "10.0.0.105": 1, "10.0.2.209": 1, "10.0.4.14": 1, "10.0.4.18": 1, "10.0.0.41": 1}, "localIpTotalDuration": 575374.2250000003, "localIpDuration": {"10.0.0.60": 5394.6005000000005, "10.0.0.170": 12588.2742, "10.0.0.45": 35950.5069, "10.0.0.252": 7193.845, "10.0.0.224": 8991.8307, "10.0.0.38": 35957.9037, "10.0.3.91": 55737.0232, "10.0.0.233": 30571.538000000004, "10.0.3.33": 5394.7886, "10.0.3.60": 5390.533, "10.0.2.172": 19782.526599999997, "10.0.2.161": 53935.189900000005, "10.0.0.247": 7189.3787, "10.0.0.169": 3596.3127, "10.0.3.130": 32355.0097, "10.0.2.120": 68333.7766, "10.0.2.108": 5394.5911, "10.0.0.12": 5394.330599999999, "10.0.2.176": 3596.6288, "10.0.3.15": 25168.999800000005, "10.0.3.114": 1799.0514, "10.0.0.30": 1798.2546, "10.0.2.219": 3593.6242, "10.0.3.137": 17984.3541, "10.0.3.159": 1798.2812, "10.0.2.166": 3596.6612999999998, "10.0.0.116": 1798.2878, "10.0.0.69": 3594.6247, "10.0.3.38": 1798.3144, "10.0.2.188": 1798.2998, "10.0.3.0": 7193.5976, "10.0.3.181": 1798.3389, "10.0.3.185": 21579.248499999998, "10.0.2.75": 5395.8478, "10.0.3.190": 17983.815000000002, "10.0.3.174": 7192.2719, "10.0.3.184": 1798.3207, "10.0.3.132": 1798.2926, "10.0.2.244": 3597.2164000000002, "10.0.3.146": 1799.0306, "10.0.3.210": 1798.2733, "10.0.3.158": 1798.347, "10.0.0.18": 1798.3097, "10.0.3.139": 1798.2054, "10.0.2.200": 3596.6481999999996, "10.0.3.88": 1798.3799, "10.0.0.23": 3596.6061, "10.0.3.142": 1798.3094, "10.0.1.8": 1799.0094, "10.0.0.59": 3596.6808, "10.0.1.246": 3596.2848000000004, "10.0.4.6": 1798.1795, "10.0.0.105": 1798.256, "10.0.2.209": 1798.3304, "10.0.4.14": 1793.5887, "10.0.4.18": 1799.0073, "10.0.0.41": 1798.4873}}, "League of Legends: Wild Rift": {"localIpCount": 14, "localIpFrequency": {"10.0.0.3": 2, "10.0.1.190": 1, "10.0.2.63": 4, "10.0.2.179": 1, "10.0.0.16": 7, "10.0.0.21": 7, "10.0.2.255": 1, "10.0.0.9": 8, "10.0.3.146": 7, "10.0.3.77": 1, "10.0.3.198": 11, "10.0.3.22": 1, "10.0.2.47": 1, "10.0.4.2": 1}, "localIpTotalDuration": 24548.271200000003, "localIpDuration": {"10.0.0.3": 7.0017, "10.0.1.190": 139.9679, "10.0.2.63": 14.0388, "10.0.2.179": 433.9715, "10.0.0.16": 1407.0974999999999, "10.0.0.21": 965.9903000000002, "10.0.2.255": 545.9997, "10.0.0.9": 4592.0052, "10.0.3.146": 9673.2484, "10.0.3.77": 1084.9893, "10.0.3.198": 5172.978400000001, "10.0.3.22": 475.9872, "10.0.2.47": 6.99, "10.0.4.2": 28.0053}}, "Genshin Impact": {"localIpCount": 1, "localIpFrequency": {"10.0.3.137": 4}, "localIpTotalDuration": 783.9894, "localIpDuration": {"10.0.3.137": 783.9894}}, "FIFA ONLINE 4 M": {"localIpCount": 6, "localIpFrequency": {"10.0.2.199": 3, "10.0.3.49": 1, "10.0.3.226": 2, "10.0.1.203": 1, "10.0.3.242": 2, "10.0.3.244": 1}, "localIpTotalDuration": 8189.1714, "localIpDuration": {"10.0.2.199": 2925.1274000000003, "10.0.3.49": 707.013, "10.0.3.226": 1008.0221, "10.0.1.203": 1694.0022, "10.0.3.242": 1624.0091, "10.0.3.244": 230.9976}}, "FIFA Mobile": {"localIpCount": 5, "localIpFrequency": {"10.0.3.131": 1, "10.0.3.154": 5, "10.0.3.200": 5, "10.0.3.244": 4, "10.0.3.233": 1}, "localIpTotalDuration": 13836.1784, "localIpDuration": {"10.0.3.131": 581.0449, "10.0.3.154": 5404.0445, "10.0.3.200": 2057.2488, "10.0.3.244": 5163.8485, "10.0.3.233": 629.9917}}, "Cookie Run: Kingdom": {"localIpCount": 3, "localIpFrequency": {"10.0.3.236": 2, "10.0.3.220": 2, "10.0.1.8": 1}, "localIpTotalDuration": 3919.9961000000003, "localIpDuration": {"10.0.3.236": 1448.9978, "10.0.3.220": 1833.9978, "10.0.1.8": 637.0005}}, "HATSUNE MIKU: COLORFUL STAGE!": {"localIpCount": 3, "localIpFrequency": {"10.0.0.252": 11, "10.0.0.7": 1, "10.0.1.8": 1}, "localIpTotalDuration": 7287.1939, "localIpDuration": {"10.0.0.252": 5600.2007, "10.0.0.7": 202.9981, "10.0.1.8": 1483.9951}}, "ZEPETO": {"localIpCount": 2, "localIpFrequency": {"10.0.0.171": 1, "10.0.0.10": 1}, "localIpTotalDuration": 371.0265, "localIpDuration": {"10.0.0.171": 140.0277, "10.0.0.10": 230.9988}}, "Clash Royale": {"localIpCount": 1, "localIpFrequency": {"10.0.0.16": 3}, "localIpTotalDuration": 2975.0058, "localIpDuration": {"10.0.0.16": 2975.0058}}, "Minecraft": {"localIpCount": 5, "localIpFrequency": {"10.0.0.69": 1, "10.0.3.154": 2, "10.0.0.10": 1, "10.0.3.236": 1, "10.0.2.181": 1}, "localIpTotalDuration": 3925.7278, "localIpDuration": {"10.0.0.69": 811.7256, "10.0.3.154": 797.9938, "10.0.0.10": 258.996, "10.0.3.236": 721.0034, "10.0.2.181": 1336.009}}, "WePlay - Party Game & Chat": {"localIpCount": 3, "localIpFrequency": {"10.0.2.4": 1, "10.0.3.228": 2, "10.0.2.176": 1}, "localIpTotalDuration": 735.0196, "localIpDuration": {"10.0.2.4": 413.0056, "10.0.3.228": 286.9954, "10.0.2.176": 35.0186}}, "Call of Duty: Mobile": {"localIpCount": 1, "localIpFrequency": {"10.0.3.124": 1}, "localIpTotalDuration": 0.0001, "localIpDuration": {"10.0.3.124": 0.0001}}, "Pok\u00e9mon GO": {"localIpCount": 4, "localIpFrequency": {"10.0.0.219": 1, "10.0.2.239": 1, "10.0.3.154": 1, "10.0.3.129": 3}, "localIpTotalDuration": 3059.0029, "localIpDuration": {"10.0.0.219": 1015.0095, "10.0.2.239": 0.0308, "10.0.3.154": 763.0383, "10.0.3.129": 1280.9243000000001}}, "Ninja Must Die": {"localIpCount": 1, "localIpFrequency": {"10.0.2.30": 1}, "localIpTotalDuration": 167.9849, "localIpDuration": {"10.0.2.30": 167.9849}}, "Brawl Stars": {"localIpCount": 14,