{"Pok\u00e9mon GO": {"localIpCount": 2, "localIpFrequency": {"10.0.0.219": 2, "10.0.0.69": 3}, "localIpTotalDuration": 3083.8554000000004, "localIpDuration": {"10.0.0.219": 491.9854, "10.0.0.69": 2591.87}}, "FIFA Mobile": {"localIpCount": 9, "localIpFrequency": {"10.0.1.54": 1, "10.0.0.59": 2, "10.0.1.61": 1, "10.0.1.31": 4, "10.0.0.40": 1, "10.0.1.150": 4, "10.0.1.164": 2, "10.0.2.0": 2, "10.0.0.96": 1}, "localIpTotalDuration": 12179.509799999998, "localIpDuration": {"10.0.1.54": 155.9193, "10.0.0.59": 1967.6987, "10.0.1.61": 263.9249, "10.0.1.31": 2736.0252, "10.0.0.40": 420.0527, "10.0.1.150": 1523.9966000000002, "10.0.1.164": 2808.0576, "10.0.2.0": 1728.1523, "10.0.0.96": 575.6825}}, "KartRider Rush+": {"localIpCount": 2, "localIpFrequency": {"10.0.0.34": 1, "10.0.1.164": 1}, "localIpTotalDuration": 203.9715, "localIpDuration": {"10.0.0.34": 143.9881, "10.0.1.164": 59.9834}}, "Odin: Valhalla Rising": {"localIpCount": 2, "localIpFrequency": {"10.0.0.3": 1, "10.0.1.162": 1}, "localIpTotalDuration": 0.0, "localIpDuration": {"10.0.0.3": 0.0, "10.0.1.162": 0.0}}, "Zombie High School": {"localIpCount": 1, "localIpFrequency": {"10.0.1.105": 1}, "localIpTotalDuration": 407.9986, "localIpDuration": {"10.0.1.105": 407.9986}}, "TFT: Teamfight Tactics": {"localIpCount": 8, "localIpFrequency": {"10.0.0.9": 17, "10.0.0.16": 8, "10.0.0.21": 8, "10.0.1.197": 5, "10.0.1.210": 1, "10.0.1.209": 1, "10.0.1.212": 2, "10.0.1.244": 1}, "localIpTotalDuration": 39721.084599999995, "localIpDuration": {"10.0.0.9": 14112.870200000001, "10.0.0.16": 7764.012499999999, "10.0.0.21": 6468.043699999999, "10.0.1.197": 5951.986, "10.0.1.210": 1272.0213, "10.0.1.209": 1775.9283, "10.0.1.212": 2352.0609, "10.0.1.244": 24.1617}}, "Roblox": {"localIpCount": 50, "localIpFrequency": {"10.0.1.37": 4, "10.0.1.41": 2, "10.0.0.249": 2, "10.0.0.233": 17, "10.0.0.23": 26, "10.0.0.224": 3, "10.0.1.9": 4, "10.0.0.103": 26, "10.0.0.59": 1, "10.0.1.64": 2, "10.0.0.243": 4, "10.0.0.98": 18, "10.0.0.247": 10, "10.0.0.18": 2, "10.0.1.61": 9, "10.0.0.96": 24, "10.0.0.108": 2, "10.0.0.45": 48, "10.0.0.170": 12, "10.0.0.68": 6, "10.0.1.91": 1, "10.0.1.85": 1, "10.0.1.92": 1, "10.0.0.219": 2, "10.0.1.115": 1, "10.0.1.34": 3, "10.0.0.69": 3, "10.0.0.102": 1, "10.0.0.30": 6, "10.0.0.40": 1, "10.0.1.135": 2, "10.0.0.161": 2, "10.0.1.164": 5, "10.0.0.162": 1, "10.0.1.177": 2, "10.0.1.99": 1, "10.0.0.60": 4, "10.0.1.184": 9, "10.0.1.180": 1, "10.0.1.196": 1, "10.0.0.229": 2, "10.0.1.219": 1, "10.0.0.119": 3, "10.0.1.21": 1, "10.0.1.241": 7, "10.0.0.35": 1, "10.0.1.223": 3, "10.0.0.241": 1, "10.0.2.15": 1, "10.0.2.0": 2}, "localIpTotalDuration": 509492.92900000006, "localIpDuration": {"10.0.1.37": 6504.5461, "10.0.1.41": 3594.6295, "10.0.0.249": 1796.8829, "10.0.0.233": 30544.988999999998, "10.0.0.23": 46185.29609999999, "10.0.0.224": 5390.9577, "10.0.1.9": 7187.5342, "10.0.0.103": 43499.0726, "10.0.0.59": 1796.6299, "10.0.1.64": 3590.4044000000004, "10.0.0.243": 7189.467000000001, "10.0.0.98": 31149.4171, "10.0.0.247": 17843.722500000003, "10.0.0.18": 1940.8688000000002, "10.0.1.61": 16191.1076, "10.0.0.96": 41727.19730000001, "10.0.0.108": 3596.5915999999997, "10.0.0.45": 86093.3495, "10.0.0.170": 21578.730799999998, "10.0.0.68": 7876.2177, "10.0.1.91": 1796.7222, "10.0.1.85": 1796.791, "10.0.1.92": 1799.3909, "10.0.0.219": 3595.1665, "10.0.1.115": 1799.4082, "10.0.1.34": 5386.8513, "10.0.0.69": 5383.5603, "10.0.0.102": 1799.3998, "10.0.0.30": 9565.8929, "10.0.0.40": 1799.3103, "10.0.1.135": 3455.4017000000003, "10.0.0.161": 3598.5641, "10.0.1.164": 8996.474900000001, "10.0.0.162": 1799.1859, "10.0.1.177": 3598.6301, "10.0.1.99": 1799.3857, "10.0.0.60": 7192.3874000000005, "10.0.1.184": 16183.7485, "10.0.1.180": 1799.4972, "10.0.1.196": 1788.0174, "10.0.0.229": 3598.5706, "10.0.1.219": 1798.5067, "10.0.0.119": 5394.231, "10.0.1.21": 1794.4747, "10.0.1.241": 12557.601999999999, "10.0.0.35": 1799.9973, "10.0.1.223": 5150.7678, "10.0.0.241": 1797.1892, "10.0.2.15": 1796.3393, "10.0.2.0": 3593.8518}}, "Summoners War: Chronicles": {"localIpCount": 1, "localIpFrequency": {"10.0.1.95": 4}, "localIpTotalDuration": 4919.6919, "localIpDuration": {"10.0.1.95": 4919.6919}}, "MIR4": {"localIpCount": 2, "localIpFrequency": {"10.0.1.20": 6, "10.0.0.164": 2}, "localIpTotalDuration": 7773.6477, "localIpDuration": {"10.0.1.20": 5517.314600000001, "10.0.0.164": 2256.3331}}, "FIFA ONLINE 4 M": {"localIpCount": 9, "localIpFrequency": {"10.0.0.59": 1, "10.0.1.61": 1, "10.0.1.88": 6, "10.0.0.99": 5, "10.0.1.31": 2, "10.0.1.150": 1, "10.0.1.164": 1, "10.0.1.168": 1, "10.0.2.13": 1}, "localIpTotalDuration": 9731.838800000001, "localIpDuration": {"10.0.0.59": 11.9918, "10.0.1.61": 95.997, "10.0.1.88": 4487.787600000001, "10.0.0.99": 3227.8986999999997, "10.0.1.31": 1740.0922, "10.0.1.150": 0.0001, "10.0.1.164": 155.9903, "10.0.1.168": 0.0001, "10.0.2.13": 12.081}}, "Hero Blaze: Three Kingdoms": {"localIpCount": 1, "localIpFrequency": {"10.0.0.13": 4}, "localIpTotalDuration": 588.0143, "localIpDuration": {"10.0.0.13": 588.0143}}, "Free Fire": {"localIpCount": 1, "localIpFrequency": {"10.0.1.253": 1}, "localIpTotalDuration": 0.1564, "localIpDuration": {"10.0.1.253": 0.1564}}, "Random Dice: Defense": {"localIpCount": 1, "localIpFrequency": {"10.0.0.233": 1}, "localIpTotalDuration": 492.0015, "localIpDuration": {"10.0.0.233": 492.0015}}, "Mafia42: Mafia Party Game": {"localIpCount": 1, "localIpFrequency": {"10.0.1.155": 1}, "localIpTotalDuration": 780.0007, "localIpDuration": {"10.0.1.155": 780.0007}}, "PUBG Mobile": {"localIpCount": 4, "localIpFrequency": {"10.0.1.80": 1, "10.0.0.35": 1, "10.0.0.144": 1, "10.0.2.4": 1}, "localIpTotalDuration": 3084.0769, "localIpDuration": {"10.0.1.80": 1139.999, "10.0.0.35": 420.0728, "10.0.0.144": 1524.005, "10.0.2.4": 0.0001}}, "Lineage W": {"localIpCount": 1, "localIpFrequency": {"10.0.0.164": 1}, "localIpTotalDuration": 0.0001, "localIpDuration": {"10.0.0.164": 0.0001}}, "Roblox (Game)": {"localIpCount": 56, "localIpFrequency": {"10.0.1.37": 4, "10.0.0.233": 23, "10.0.0.247": 10, "10.0.1.9": 3, "10.0.0.98": 12, "10.0.0.249": 1, "10.0.0.57": 1, "10.0.0.224": 1, "10.0.0.45": 9, "10.0.0.170": 8, "10.0.1.61": 5, "10.0.0.241": 3, "10.0.1.62": 2, "10.0.0.23": 11, "10.0.0.18": 2, "10.0.0.68": 8, "10.0.0.38": 1, "10.0.0.103": 19, "10.0.0.108": 3, "10.0.1.91": 1, "10.0.1.85": 4, "10.0.1.92": 1, "10.0.0.69": 6, "10.0.1.34": 2, "10.0.0.40": 3, "10.0.0.96": 16, "10.0.1.111": 2, "10.0.1.115": 1, "10.0.0.8": 3, "10.0.0.30": 9, "10.0.1.19": 2, "10.0.1.99": 1, "10.0.1.135": 2, "10.0.0.161": 2, "10.0.0.178": 1, "10.0.1.179": 2, "10.0.1.164": 4, "10.0.1.180": 2, "10.0.1.184": 1, "10.0.1.196": 1, "10.0.1.200": 1, "10.0.0.229": 2, "10.0.1.223": 6, "10.0.1.21": 1, "10.0.1.181": 1, "10.0.1.240": 1, "10.0.0.35": 1, "10.0.1.241": 8, "10.0.1.246": 1, "10.0.1.22": 1, "10.0.1.226": 1, "10.0.0.60": 1, "10.0.2.5": 1, "10.0.2.11": 1, "10.0.0.119": 1, "10.0.2.0": 1}, "localIpTotalDuration": 333778.33470000006, "localIpDuration": {"10.0.1.37": 2688.2318, "10.0.0.233": 37487.68319999999, "10.0.0.247": 15811.930699999999, "10.0.1.9": 5360.722, "10.0.0.98": 20653.0996, "10.0.0.249": 1775.9942, "10.0.0.57": 1764.0746, "10.0.0.224": 1796.585, "10.0.0.45": 14132.4272, "10.0.0.170": 10052.1942, "10.0.1.61": 8136.012900000001, "10.0.0.241": 5279.8503, "10.0.1.62": 3595.5308, "10.0.0.23": 15860.379099999998, "10.0.0.18": 3548.9544, "10.0.0.68": 8743.1654, "10.0.0.38": 1776.0813, "10.0.0.103": 26784.429300000003, "10.0.0.108": 5251.8829000000005, "10.0.1.91": 1548.0069, "10.0.1.85": 6982.6498, "10.0.1.92": 1739.9167, "10.0.0.69": 10392.0629, "10.0.1.34": 3504.0394, "10.0.0.40": 4582.558300000001, "10.0.0.96": 19859.436700000002, "10.0.1.111": 3491.9893, "10.0.1.115": 935.9979, "10.0.0.8": 4667.3265, "10.0.0.30": 14912.125800000002, "10.0.1.19": 3310.7318999999998, "10.0.1.99": 1799.9889, "10.0.1.135": 2303.415, "10.0.0.161": 3564.0617, "10.0.0.178": 1752.0096, "10.0.1.179": 3599.9053000000004, "10.0.1.164": 4019.3013,