{"TFT: Teamfight Tactics": {"localIpCount": 1, "localIpFrequency": {"10.0.0.2": 1}, "localIpTotalDuration": 0.0606, "localIpDuration": {"10.0.0.2": 0.0606}}, "Roblox": {"localIpCount": 16, "localIpFrequency": {"10.0.1.148": 7, "10.0.1.102": 6, "10.0.1.95": 4, "10.0.0.109": 3, "10.0.1.154": 4, "10.0.0.132": 7, "10.0.1.146": 9, "10.0.1.54": 1, "10.0.1.49": 1, "10.0.1.109": 1, "10.0.0.146": 1, "10.0.1.159": 1, "10.0.1.160": 1, "10.0.1.164": 1, "10.0.1.169": 2, "10.0.1.174": 2}, "localIpTotalDuration": 91633.18059999999, "localIpDuration": {"10.0.1.148": 12576.9525, "10.0.1.102": 10781.7024, "10.0.1.95": 7190.5095, "10.0.0.109": 5390.6321, "10.0.1.154": 7186.3647, "10.0.0.132": 12574.236499999999, "10.0.1.146": 16169.284200000002, "10.0.1.54": 1797.1209, "10.0.1.49": 1796.9822, "10.0.1.109": 1796.2499, "10.0.0.146": 1796.6304, "10.0.1.159": 1796.8047, "10.0.1.160": 1797.1929, "10.0.1.164": 1796.3205, "10.0.1.169": 3592.2039, "10.0.1.174": 3593.9933}}, "Gunship Battle: Crypto Conflict": {"localIpCount": 1, "localIpFrequency": {"10.0.0.49": 1}, "localIpTotalDuration": 590.001, "localIpDuration": {"10.0.0.49": 590.001}}, "FIFA ONLINE 4 M": {"localIpCount": 2, "localIpFrequency": {"10.0.1.54": 1, "10.0.1.159": 1}, "localIpTotalDuration": 139.7675, "localIpDuration": {"10.0.1.54": 0.0001, "10.0.1.159": 139.7674}}, "Free Fire": {"localIpCount": 1, "localIpFrequency": {"10.0.0.21": 6}, "localIpTotalDuration": 8450.080100000001, "localIpDuration": {"10.0.0.21": 8450.080100000001}}, "Roblox (Game)": {"localIpCount": 18, "localIpFrequency": {"10.0.1.146": 9, "10.0.0.14": 1, "10.0.1.102": 4, "10.0.0.132": 5, "10.0.1.148": 3, "10.0.1.95": 1, "10.0.1.54": 1, "10.0.1.160": 2, "10.0.0.71": 1, "10.0.1.165": 1, "10.0.1.169": 2, "10.0.1.106": 1, "10.0.1.172": 1, "10.0.1.164": 3, "10.0.1.174": 2, "10.0.1.154": 1, "10.0.1.176": 1, "10.0.1.35": 1}, "localIpTotalDuration": 64922.250300000014, "localIpDuration": {"10.0.1.146": 15007.3848, "10.0.0.14": 760.1516, "10.0.1.102": 4786.7286, "10.0.0.132": 8456.8107, "10.0.1.148": 5250.3888, "10.0.1.95": 1749.9971, "10.0.1.54": 1710.0019, "10.0.1.160": 3579.9296999999997, "10.0.0.71": 1796.9706, "10.0.1.165": 1579.9097, "10.0.1.169": 3290.0127, "10.0.1.106": 1659.9787, "10.0.1.172": 1770.0747, "10.0.1.164": 5176.9457999999995, "10.0.1.174": 3150.0685000000003, "10.0.1.154": 1666.9691, "10.0.1.176": 1769.9797, "10.0.1.35": 1759.9476}}, "FIFA Mobile": {"localIpCount": 3, "localIpFrequency": {"10.0.1.54": 1, "10.0.1.53": 1, "10.0.1.159": 2}, "localIpTotalDuration": 3189.9156, "localIpDuration": {"10.0.1.54": 679.9897, "10.0.1.53": 229.8487, "10.0.1.159": 2280.0772}}, "PUBG Mobile": {"localIpCount": 1, "localIpFrequency": {"10.0.1.54": 2}, "localIpTotalDuration": 2330.1543, "localIpDuration": {"10.0.1.54": 2330.1543}}, "Zombie High School": {"localIpCount": 1, "localIpFrequency": {"10.0.1.160": 1}, "localIpTotalDuration": 10.0144, "localIpDuration": {"10.0.1.160": 10.0144}}, "Brawl Stars": {"localIpCount": 2, "localIpFrequency": {"10.0.1.148": 1, "10.0.1.172": 1}, "localIpTotalDuration": 1790.0746, "localIpDuration": {"10.0.1.148": 1009.9941, "10.0.1.172": 780.0805}}, "\ud0d5\ud0d5\ud2b9\uacf5\ub300": {"localIpCount": 1, "localIpFrequency": {"10.0.0.71": 1}, "localIpTotalDuration": 920.1489, "localIpDuration": {"10.0.0.71": 920.1489}}, "League of Legends: Wild Rift": {"localIpCount": 2, "localIpFrequency": {"10.0.0.2": 2, "10.0.1.164": 1}, "localIpTotalDuration": 520.0591, "localIpDuration": {"10.0.0.2": 300.0608, "10.0.1.164": 219.9983}}}