{"Cookie Run: Kingdom": {"localIpCount": 3, "localIpFrequency": {"10.0.105.75": 1, "10.0.106.108": 1, "10.0.107.162": 1}, "localIpTotalDuration": 2351.9892, "localIpDuration": {"10.0.105.75": 223.9968, "10.0.106.108": 462.0048, "10.0.107.162": 1665.9876}}, "Brawl Stars": {"localIpCount": 9, "localIpFrequency": {"10.0.106.54": 1, "10.0.104.158": 1, "10.0.106.106": 2, "10.0.106.110": 3, "10.0.106.142": 1, "10.0.106.188": 1, "10.0.106.160": 3, "10.0.107.62": 1, "10.0.106.159": 1}, "localIpTotalDuration": 17366.8127, "localIpDuration": {"10.0.106.54": 1673.0029, "10.0.104.158": 0.0006, "10.0.106.106": 1876.0009, "10.0.106.110": 4494.0051, "10.0.106.142": 1343.9953, "10.0.106.188": 1588.7946, "10.0.106.160": 3885.0096, "10.0.107.62": 1799.0063, "10.0.106.159": 706.9974}}, "New State Mobile": {"localIpCount": 1, "localIpFrequency": {"10.0.106.192": 3}, "localIpTotalDuration": 2079.0033, "localIpDuration": {"10.0.106.192": 2079.0033}}, "Pok\u00e9mon GO": {"localIpCount": 2, "localIpFrequency": {"10.0.106.108": 8, "10.0.107.62": 1}, "localIpTotalDuration": 8014.9737, "localIpDuration": {"10.0.106.108": 8014.9737, "10.0.107.62": 0.0}}, "Blue Archive": {"localIpCount": 1, "localIpFrequency": {"10.0.106.206": 1}, "localIpTotalDuration": 1700.9887, "localIpDuration": {"10.0.106.206": 1700.9887}}, "Zombie High School": {"localIpCount": 1, "localIpFrequency": {"10.0.106.16": 1}, "localIpTotalDuration": 1603.0076, "localIpDuration": {"10.0.106.16": 1603.0076}}, "Genshin Impact": {"localIpCount": 4, "localIpFrequency": {"10.0.105.16": 1, "10.0.106.177": 1, "10.0.106.167": 1, "10.0.107.224": 2}, "localIpTotalDuration": 1960.9374000000003, "localIpDuration": {"10.0.105.16": 84.0055, "10.0.106.177": 168.877, "10.0.106.167": 140.0517, "10.0.107.224": 1568.0032}}, "NBA NOW 23": {"localIpCount": 2, "localIpFrequency": {"10.0.105.128": 1, "10.0.106.245": 2}, "localIpTotalDuration": 174.9905, "localIpDuration": {"10.0.105.128": 139.9907, "10.0.106.245": 34.9998}}, "Free Fire": {"localIpCount": 8, "localIpFrequency": {"10.0.105.32": 1, "10.0.106.19": 1, "10.0.106.37": 1, "10.0.106.130": 1, "10.0.106.149": 2, "10.0.106.165": 1, "10.0.107.17": 1, "10.0.107.71": 3}, "localIpTotalDuration": 6537.773800000001, "localIpDuration": {"10.0.105.32": 84.0194, "10.0.106.19": 300.9994, "10.0.106.37": 209.9981, "10.0.106.130": 42.0008, "10.0.106.149": 1987.9999, "10.0.106.165": 686.0044, "10.0.107.17": 0.0, "10.0.107.71": 3226.7518}}, "League of Legends: Wild Rift": {"localIpCount": 6, "localIpFrequency": {"10.0.106.36": 2, "10.0.106.100": 3, "10.0.106.152": 1, "10.0.106.194": 4, "10.0.106.104": 2, "10.0.107.183": 1}, "localIpTotalDuration": 14594.622500000001, "localIpDuration": {"10.0.106.36": 2876.9988000000003, "10.0.106.100": 3716.8035, "10.0.106.152": 105.0007, "10.0.106.194": 4724.7995, "10.0.106.104": 1722.0046, "10.0.107.183": 1449.0154}}, "Roblox": {"localIpCount": 37, "localIpFrequency": {"10.0.105.224": 2, "10.0.104.213": 2, "10.0.105.156": 1, "10.0.104.244": 1, "10.0.106.31": 2, "10.0.105.128": 1, "10.0.106.57": 1, "10.0.106.54": 1, "10.0.106.65": 2, "10.0.104.171": 3, "10.0.106.78": 1, "10.0.106.92": 8, "10.0.106.110": 1, "10.0.106.109": 1, "10.0.106.122": 2, "10.0.106.137": 1, "10.0.106.156": 1, "10.0.106.169": 2, "10.0.106.199": 1, "10.0.106.204": 1, "10.0.106.188": 1, "10.0.106.228": 3, "10.0.106.249": 1, "10.0.106.132": 1, "10.0.107.37": 1, "10.0.107.46": 1, "10.0.107.56": 6, "10.0.107.75": 1, "10.0.106.171": 1, "10.0.106.252": 1, "10.0.107.32": 1, "10.0.107.159": 2, "10.0.106.210": 1, "10.0.106.201": 1, "10.0.106.245": 3, "10.0.108.17": 1, "10.0.108.33": 2}, "localIpTotalDuration": 113096.1192, "localIpDuration": {"10.0.105.224": 3590.581, "10.0.104.213": 3598.0133, "10.0.105.156": 1798.809, "10.0.104.244": 1777.999, "10.0.106.31": 3583.5847000000003, "10.0.105.128": 1799.0077, "10.0.106.57": 1798.801, "10.0.106.54": 1799.0066, "10.0.106.65": 3597.5692, "10.0.104.171": 5396.312, "10.0.106.78": 1798.7516, "10.0.106.92": 14370.192200000001, "10.0.106.110": 1798.7825, "10.0.106.109": 1798.8065, "10.0.106.122": 3597.3936000000003, "10.0.106.137": 1798.8134, "10.0.106.156": 1798.7897, "10.0.106.169": 3597.5846, "10.0.106.199": 1798.7846, "10.0.106.204": 1798.7551, "10.0.106.188": 1798.7514, "10.0.106.228": 5375.597, "10.0.106.249": 1798.8057, "10.0.106.132": 1798.7778, "10.0.107.37": 1798.7979, "10.0.107.46": 1798.7883, "10.0.107.56": 10722.6775, "10.0.107.75": 1798.7714, "10.0.106.171": 1798.7866, "10.0.106.252": 1799.0017, "10.0.107.32": 1798.8028, "10.0.107.159": 3562.865, "10.0.106.210": 1798.7899, "10.0.106.201": 1763.9926, "10.0.106.245": 5389.8176, "10.0.108.17": 1798.7579, "10.0.108.33": 3598.0008}}, "HATSUNE MIKU: COLORFUL STAGE!": {"localIpCount": 1, "localIpFrequency": {"10.0.106.168": 1}, "localIpTotalDuration": 427.0076, "localIpDuration": {"10.0.106.168": 427.0076}}, "Clash of Clan": {"localIpCount": 2, "localIpFrequency": {"10.0.104.164": 1, "10.0.106.181": 1}, "localIpTotalDuration": 49.0026, "localIpDuration": {"10.0.104.164": 0.0006, "10.0.106.181": 49.002}}, "FIFA Mobile": {"localIpCount": 2, "localIpFrequency": {"10.0.106.142": 2, "10.0.106.245": 1}, "localIpTotalDuration": 2177.0163000000002, "localIpDuration": {"10.0.106.142": 2170.0078000000003, "10.0.106.245": 7.0085}}, "Among us": {"localIpCount": 1, "localIpFrequency": {"10.0.107.136": 4}, "localIpTotalDuration": 5285.0803, "localIpDuration": {"10.0.107.136": 5285.0803}}, "PUBG Mobile": {"localIpCount": 21, "localIpFrequency": {"10.0.104.167": 3, "10.0.105.122": 4, "10.0.105.243": 1, "10.0.105.102": 1, "10.0.106.101": 1, "10.0.106.86": 1, "10.0.106.130": 1, "10.0.106.174": 2, "10.0.106.207": 1, "10.0.106.234": 1, "10.0.107.15": 1, "10.0.107.55": 2, "10.0.107.70": 3, "10.0.107.86": 1, "10.0.107.72": 4, "10.0.107.186": 2, "10.0.107.201": 2, "10.0.107.222": 1, "10.0.107.233": 1, "10.0.107.223": 1, "10.0.108.34": 1}, "localIpTotalDuration": 39409.792099999984, "localIpDuration": {"10.0.104.167": 3437.0036, "10.0.105.122": 5656.048000000001, "10.0.105.243": 1309.0342, "10.0.105.102": 734.9987, "10.0.106.101": 629.997, "10.0.106.86": 161.0085, "10.0.106.130": 28.0074, "10.0.106.174": 2730.0118, "10.0.106.207": 111.9995, "10.0.106.234": 1155.0023, "10.0.107.15": 1666.0099, "10.0.107.55": 1799.0497, "10.0.107.70": 4766.7659, "10.0.107.86": 1798.993, "10.0.107.72": 5327.0527999999995, "10.0.107.186": 2393.7938, "10.0.107.201": 3542.0061, "10.0.107.222": 203.0048, "10.0.107.233": 370.9984, "10.0.107.223": 168.0063, "10.0.108.34": 1421.0004}}}