{"MIR4": {"localIpCount": 1, "localIpFrequency": {"10.0.0.30": 1}, "localIpTotalDuration": 402.9974, "localIpDuration": {"10.0.0.30": 402.9974}}, "Free Fire": {"localIpCount": 1, "localIpFrequency": {"10.0.0.83": 2}, "localIpTotalDuration": 1681.9992, "localIpDuration": {"10.0.0.83": 1681.9992}}, "Cookie Run: Kingdom": {"localIpCount": 1, "localIpFrequency": {"10.0.2.172": 2}, "localIpTotalDuration": 1401.9986, "localIpDuration": {"10.0.2.172": 1401.9986}}, "Minecraft": {"localIpCount": 2, "localIpFrequency": {"10.0.2.205": 1, "10.0.2.204": 1}, "localIpTotalDuration": 2416.9963000000002, "localIpDuration": {"10.0.2.205": 628.9957, "10.0.2.204": 1788.0006}}, "Clash Royale": {"localIpCount": 3, "localIpFrequency": {"10.0.2.221": 5, "10.0.2.172": 1, "10.0.2.243": 1}, "localIpTotalDuration": 5643.005400000001, "localIpDuration": {"10.0.2.221": 4239.007500000001, "10.0.2.172": 0.0, "10.0.2.243": 1403.9979}}, "Gunship Battle: Crypto Conflict": {"localIpCount": 1, "localIpFrequency": {"10.0.0.105": 1}, "localIpTotalDuration": 170.9994, "localIpDuration": {"10.0.0.105": 170.9994}}, "PUBG Mobile": {"localIpCount": 1, "localIpFrequency": {"10.0.2.207": 4}, "localIpTotalDuration": 2805.0025, "localIpDuration": {"10.0.2.207": 2805.0025}}, "Genshin Impact": {"localIpCount": 1, "localIpFrequency": {"10.0.2.205": 10}, "localIpTotalDuration": 5072.0127, "localIpDuration": {"10.0.2.205": 5072.0127}}, "Roblox (Game)": {"localIpCount": 12, "localIpFrequency": {"10.0.2.239": 6, "10.0.2.233": 4, "10.0.2.234": 4, "10.0.2.207": 1, "10.0.2.178": 6, "10.0.2.243": 2, "10.0.2.205": 1, "10.0.2.249": 2, "10.0.2.204": 2, "10.0.2.168": 1, "10.0.2.84": 8, "10.0.2.220": 1}, "localIpTotalDuration": 58371.65629999999, "localIpDuration": {"10.0.2.239": 7370.007899999999, "10.0.2.233": 5696.000900000001, "10.0.2.234": 5565.0031, "10.0.2.207": 1781.0001, "10.0.2.178": 10282.016000000001, "10.0.2.243": 3450.9956, "10.0.2.205": 1696.9993, "10.0.2.249": 2851.9991, "10.0.2.204": 3498.0023, "10.0.2.168": 1597.9989, "10.0.2.84": 12794.634799999998, "10.0.2.220": 1786.9983}}, "Valor Legends: Dog Rescue": {"localIpCount": 1, "localIpFrequency": {"10.0.2.206": 3}, "localIpTotalDuration": 2236.0053, "localIpDuration": {"10.0.2.206": 2236.0053}}, "\ud0d5\ud0d5\ud2b9\uacf5\ub300": {"localIpCount": 1, "localIpFrequency": {"10.0.2.172": 1}, "localIpTotalDuration": 510.0028, "localIpDuration": {"10.0.2.172": 510.0028}}, "\ucef4\ud22c\uc2a4\ud504\ub85c\uc57c\uad6c2022": {"localIpCount": 1, "localIpFrequency": {"10.0.2.206": 1}, "localIpTotalDuration": 640.0022, "localIpDuration": {"10.0.2.206": 640.0022}}, "Roblox": {"localIpCount": 10, "localIpFrequency": {"10.0.2.220": 4, "10.0.2.239": 7, "10.0.2.205": 6, "10.0.2.234": 12, "10.0.2.233": 1, "10.0.2.178": 7, "10.0.2.207": 1, "10.0.2.204": 5, "10.0.2.84": 5, "10.0.2.249": 1}, "localIpTotalDuration": 88100.20850000001, "localIpDuration": {"10.0.2.220": 7190.9492, "10.0.2.239": 12591.302500000002, "10.0.2.205": 10785.657700000002, "10.0.2.234": 21584.251900000007, "10.0.2.233": 1797.6495, "10.0.2.178": 12576.225400000001, "10.0.2.207": 1799.6527, "10.0.2.204": 8987.923499999999, "10.0.2.84": 8992.942299999999, "10.0.2.249": 1793.6538}}, "FIFA Mobile": {"localIpCount": 3, "localIpFrequency": {"10.0.2.207": 6, "10.0.2.223": 1, "10.0.2.205": 3}, "localIpTotalDuration": 9940.997500000001, "localIpDuration": {"10.0.2.207": 6579.0027, "10.0.2.223": 422.9998, "10.0.2.205": 2938.995}}}