{"Brawl Stars": {"localIpCount": 4, "localIpFrequency": {"10.0.0.18": 1, "10.0.0.185": 2, "10.0.0.165": 2, "10.0.0.156": 1}, "localIpTotalDuration": 6186.063899999999, "localIpDuration": {"10.0.0.18": 740.0015, "10.0.0.185": 3148.0032, "10.0.0.165": 2010.0547, "10.0.0.156": 288.0045}}, "FIFA Mobile": {"localIpCount": 3, "localIpFrequency": {"10.0.0.171": 12, "10.0.0.162": 2, "10.0.0.153": 1}, "localIpTotalDuration": 18578.0119, "localIpDuration": {"10.0.0.171": 15638.0065, "10.0.0.162": 2862.005, "10.0.0.153": 78.0004}}, "Among us": {"localIpCount": 2, "localIpFrequency": {"10.0.0.156": 1, "10.0.0.155": 1}, "localIpTotalDuration": 1712.0013999999999, "localIpDuration": {"10.0.0.156": 1690.0002, "10.0.0.155": 22.0012}}, "Odin: Valhalla Rising": {"localIpCount": 1, "localIpFrequency": {"10.0.0.161": 1}, "localIpTotalDuration": 296.0002, "localIpDuration": {"10.0.0.161": 296.0002}}, "Minecraft": {"localIpCount": 2, "localIpFrequency": {"10.0.0.15": 10, "10.0.0.186": 1}, "localIpTotalDuration": 16811.6172, "localIpDuration": {"10.0.0.15": 15011.617199999999, "10.0.0.186": 1800.0}}, "Cookie Run: Kingdom": {"localIpCount": 1, "localIpFrequency": {"10.0.0.67": 2}, "localIpTotalDuration": 2119.998, "localIpDuration": {"10.0.0.67": 2119.998}}, "\ucef4\ud22c\uc2a4\ud504\ub85c\uc57c\uad6c2022": {"localIpCount": 1, "localIpFrequency": {"10.0.0.153": 1}, "localIpTotalDuration": 599.9967, "localIpDuration": {"10.0.0.153": 599.9967}}, "Call of Duty: Mobile": {"localIpCount": 1, "localIpFrequency": {"10.0.0.51": 2}, "localIpTotalDuration": 1820.0038, "localIpDuration": {"10.0.0.51": 1820.0038}}, "Free Fire": {"localIpCount": 1, "localIpFrequency": {"10.0.0.16": 3}, "localIpTotalDuration": 4326.0036, "localIpDuration": {"10.0.0.16": 4326.0036}}, "Genshin Impact": {"localIpCount": 1, "localIpFrequency": {"10.0.0.161": 3}, "localIpTotalDuration": 65.5767, "localIpDuration": {"10.0.0.161": 65.5767}}, "Ninja Must Die": {"localIpCount": 2, "localIpFrequency": {"10.0.0.185": 1, "10.0.0.51": 2}, "localIpTotalDuration": 3248.0002000000004, "localIpDuration": {"10.0.0.185": 1788.0006, "10.0.0.51": 1459.9996}}, "WePlay - Party Game & Chat": {"localIpCount": 1, "localIpFrequency": {"10.0.0.185": 4}, "localIpTotalDuration": 5273.4583, "localIpDuration": {"10.0.0.185": 5273.4583}}, "PUBG Mobile": {"localIpCount": 1, "localIpFrequency": {"10.0.0.57": 8}, "localIpTotalDuration": 8227.9458, "localIpDuration": {"10.0.0.57": 8227.9458}}, "Roblox": {"localIpCount": 25, "localIpFrequency": {"10.0.0.129": 5, "10.0.0.156": 2, "10.0.0.175": 5, "10.0.0.171": 3, "10.0.0.29": 2, "10.0.0.38": 4, "10.0.0.173": 1, "10.0.0.151": 1, "10.0.0.31": 2, "10.0.0.181": 4, "10.0.0.134": 1, "10.0.0.185": 3, "10.0.0.154": 1, "10.0.0.51": 1, "10.0.0.197": 1, "10.0.0.182": 1, "10.0.0.44": 1, "10.0.0.186": 3, "10.0.0.190": 2, "10.0.0.165": 4, "10.0.0.43": 7, "10.0.0.67": 1, "10.0.0.45": 7, "10.0.0.205": 1, "10.0.0.194": 2}, "localIpTotalDuration": 116366.6197, "localIpDuration": {"10.0.0.129": 8959.2399, "10.0.0.156": 3584.0018, "10.0.0.175": 8493.2658, "10.0.0.171": 5394.003, "10.0.0.29": 3599.2702, "10.0.0.38": 7188.5114, "10.0.0.173": 1797.6255, "10.0.0.151": 1799.6182, "10.0.0.31": 3598.0242, "10.0.0.181": 7191.2567, "10.0.0.134": 1799.6206, "10.0.0.185": 5392.8772, "10.0.0.154": 1799.6133, "10.0.0.51": 1799.6088, "10.0.0.197": 1799.587, "10.0.0.182": 1798.0011, "10.0.0.44": 1799.6135, "10.0.0.186": 5396.8639, "10.0.0.190": 3597.6207000000004, "10.0.0.165": 7192.8931, "10.0.0.43": 12595.7752, "10.0.0.67": 1799.6047, "10.0.0.45": 12591.237, "10.0.0.205": 1799.6368, "10.0.0.194": 3599.2501}}, "Pok\u00e9mon GO": {"localIpCount": 1, "localIpFrequency": {"10.0.0.173": 2}, "localIpTotalDuration": 330.0019, "localIpDuration": {"10.0.0.173": 330.0019}}, "Roblox (Game)": {"localIpCount": 28, "localIpFrequency": {"10.0.0.150": 1, "10.0.0.129": 4, "10.0.0.156": 2, "10.0.0.175": 4, "10.0.0.171": 4, "10.0.0.29": 2, "10.0.0.38": 1, "10.0.0.43": 1, "10.0.0.173": 1, "10.0.0.179": 4, "10.0.0.151": 1, "10.0.0.42": 1, "10.0.0.186": 2, "10.0.0.44": 3, "10.0.0.189": 1, "10.0.0.165": 3, "10.0.0.181": 3, "10.0.0.185": 1, "10.0.0.193": 1, "10.0.0.154": 1, "10.0.0.31": 1, "10.0.0.67": 1, "10.0.0.190": 2, "10.0.0.182": 1, "10.0.0.205": 2, "10.0.0.153": 2, "10.0.0.199": 1, "10.0.0.51": 2}, "localIpTotalDuration": 83364.18169999997, "localIpDuration": {"10.0.0.150": 1104.0004, "10.0.0.129": 4604.0004, "10.0.0.156": 3316.0020999999997, "10.0.0.175": 4036.0013, "10.0.0.171": 6885.6384, "10.0.0.29": 3426.0, "10.0.0.38": 1758.001, "10.0.0.43": 1758.0531, "10.0.0.173": 1761.632, "10.0.0.179": 6690.002799999999, "10.0.0.151": 1786.002, "10.0.0.42": 1750.0004, "10.0.0.186": 3427.6146, "10.0.0.44": 5135.9999, "10.0.0.189": 1705.6028, "10.0.0.165": 5068.0, "10.0.0.181": 3154.0035, "10.0.0.185": 1788.0016, "10.0.0.193": 1790.0006, "10.0.0.154": 1788.0023, "10.0.0.31": 1795.9984, "10.0.0.67": 1786.0017, "10.0.0.190": 3523.6219, "10.0.0.182": 1796.0015, "10.0.0.205": 2959.9999, "10.0.0.153": 3565.9993999999997, "10.0.0.199": 1798.0002, "10.0.0.51": 3405.9995}}, "Gunship Battle: Crypto Conflict": {"localIpCount": 1, "localIpFrequency": {"10.0.0.8": 2}, "localIpTotalDuration": 2836.0032, "localIpDuration": {"10.0.0.8": 2836.0032}}, "FIFA ONLINE 4 M": {"localIpCount": 2, "localIpFrequency": {"10.0.0.171": 1, "10.0.0.162": 1}, "localIpTotalDuration": 274.00120000000004, "localIpDuration": {"10.0.0.171": 136.0, "10.0.0.162": 138.0012}}}