{"Roblox (Game)": {"localIpCount": 33, "localIpFrequency": {"10.0.2.71": 6, "10.0.1.142": 24, "10.0.2.8": 3, "10.0.1.141": 5, "10.0.1.143": 3, "10.0.2.153": 1, "10.0.2.156": 2, "10.0.2.158": 1, "10.0.2.58": 11, "10.0.2.168": 8, "10.0.2.160": 1, "10.0.2.169": 11, "10.0.2.84": 12, "10.0.2.173": 1, "10.0.2.164": 6, "10.0.2.172": 5, "10.0.2.176": 2, "10.0.2.177": 4, "10.0.2.181": 1, "10.0.2.183": 4, "10.0.2.178": 12, "10.0.2.202": 2, "10.0.2.205": 3, "10.0.2.204": 8, "10.0.2.216": 2, "10.0.2.217": 1, "10.0.2.219": 3, "10.0.2.162": 1, "10.0.2.220": 4, "10.0.2.233": 1, "10.0.2.235": 1, "10.0.2.234": 1, "10.0.2.239": 1}, "localIpTotalDuration": 216677.7029, "localIpDuration": {"10.0.2.71": 6909.009900000001, "10.0.1.142": 36784.0219, "10.0.2.8": 4343.9979, "10.0.1.141": 8210.0016, "10.0.1.143": 5210.9995, "10.0.2.153": 1738.9995, "10.0.2.156": 3569.0043, "10.0.2.158": 410.0044, "10.0.2.58": 14758.959599999998, "10.0.2.168": 14021.0093, "10.0.2.160": 1795.9976, "10.0.2.169": 17129.0093, "10.0.2.84": 18855.006900000004, "10.0.2.173": 599.0029, "10.0.2.164": 4029.9956, "10.0.2.172": 7564.006, "10.0.2.176": 2144.0049, "10.0.2.177": 4552.0025000000005, "10.0.2.181": 91.001, "10.0.2.183": 5192.006800000001, "10.0.2.178": 18816.641600000003, "10.0.2.202": 2146.0008, "10.0.2.205": 4146.003000000001, "10.0.2.204": 12703.0086, "10.0.2.216": 3506.9975999999997, "10.0.2.217": 118.9973, "10.0.2.219": 1941.0022999999999, "10.0.2.162": 1484.0004, "10.0.2.220": 6882.0058, "10.0.2.233": 1679.002, "10.0.2.235": 1774.0032, "10.0.2.234": 1772.0017, "10.0.2.239": 1799.9972}}, "Roblox": {"localIpCount": 34, "localIpFrequency": {"10.0.2.145": 1, "10.0.1.142": 71, "10.0.2.71": 7, "10.0.2.8": 2, "10.0.1.141": 3, "10.0.1.143": 4, "10.0.2.156": 3, "10.0.2.58": 17, "10.0.2.160": 5, "10.0.2.164": 6, "10.0.2.168": 10, "10.0.2.169": 33, "10.0.2.173": 2, "10.0.2.162": 3, "10.0.2.172": 4, "10.0.2.176": 2, "10.0.2.84": 16, "10.0.2.181": 1, "10.0.2.177": 2, "10.0.2.183": 3, "10.0.2.178": 11, "10.0.2.202": 6, "10.0.2.212": 1, "10.0.2.208": 2, "10.0.2.210": 5, "10.0.2.219": 4, "10.0.2.220": 6, "10.0.2.204": 8, "10.0.2.223": 1, "10.0.2.227": 1, "10.0.2.233": 2, "10.0.2.236": 1, "10.0.2.205": 1, "10.0.2.234": 1}, "localIpTotalDuration": 420978.1348999999, "localIpDuration": {"10.0.2.145": 1379.0025, "10.0.1.142": 127238.48270000001, "10.0.2.71": 12573.3262, "10.0.2.8": 3100.6579, "10.0.1.141": 5389.650900000001, "10.0.1.143": 7190.003, "10.0.2.156": 5377.9506, "10.0.2.58": 30512.257000000005, "10.0.2.160": 8528.662100000001, "10.0.2.164": 8752.6518, "10.0.2.168": 17966.613599999997, "10.0.2.169": 50501.6014, "10.0.2.173": 3588.9988999999996, "10.0.2.162": 3168.0042000000003, "10.0.2.172": 7196.6577, "10.0.2.176": 3595.6583, "10.0.2.84": 26301.1618, "10.0.2.181": 378.9992, "10.0.2.177": 3594.0019, "10.0.2.183": 5389.323, "10.0.2.178": 19398.861800000002, "10.0.2.202": 10793.000799999998, "10.0.2.212": 1795.6472, "10.0.2.208": 3589.2919, "10.0.2.210": 8756.3319, "10.0.2.219": 7183.6572, "10.0.2.220": 10789.5941, "10.0.2.204": 14389.219600000002, "10.0.2.223": 1763.6334, "10.0.2.227": 1799.6438, "10.0.2.233": 3599.6565, "10.0.2.236": 1799.6517, "10.0.2.205": 1796.6412, "10.0.2.234": 1799.6391}}, "Valor Legends: Dog Rescue": {"localIpCount": 1, "localIpFrequency": {"10.0.2.206": 2}, "localIpTotalDuration": 1239.9997, "localIpDuration": {"10.0.2.206": 1239.9997}}, "PUBG Mobile": {"localIpCount": 1, "localIpFrequency": {"10.0.0.60": 2}, "localIpTotalDuration": 626.0025, "localIpDuration": {"10.0.0.60": 626.0025}}, "Pok\u00e9mon GO": {"localIpCount": 4, "localIpFrequency": {"10.0.2.220": 1, "10.0.2.208": 1, "10.0.2.210": 1, "10.0.2.206": 1}, "localIpTotalDuration": 1668.9026999999999, "localIpDuration": {"10.0.2.220": 74.9979, "10.0.2.208": 751.9058, "10.0.2.210": 0.9975, "10.0.2.206": 841.0015}}, "Minecraft": {"localIpCount": 2, "localIpFrequency": {"10.0.1.142": 1, "10.0.2.171": 1}, "localIpTotalDuration": 1216.0028, "localIpDuration": {"10.0.1.142": 1216.0028, "10.0.2.171": 0.0}}, "League of Legends: Wild Rift": {"localIpCount": 1, "localIpFrequency": {"10.0.2.210": 3}, "localIpTotalDuration": 3345.0074, "localIpDuration": {"10.0.2.210": 3345.0074}}, "Cookie Run: Kingdom": {"localIpCount": 2, "localIpFrequency": {"10.0.2.172": 5, "10.0.2.206": 1}, "localIpTotalDuration": 7300.9965999999995, "localIpDuration": {"10.0.2.172": 6936.9956, "10.0.2.206": 364.001}}, "FIFA Mobile": {"localIpCount": 6, "localIpFrequency": {"10.0.2.128": 1, "10.0.2.205": 5, "10.0.2.212": 1, "10.0.2.207": 8, "10.0.2.208": 3, "10.0.2.223": 2}, "localIpTotalDuration": 26472.016900000002, "localIpDuration": {"10.0.2.128": 447.001, "10.0.2.205": 4858.0108, "10.0.2.212": 1617.0027, "10.0.2.207": 11157.002799999998, "10.0.2.208": 4956.0027, "10.0.2.223": 3436.9969}}, "KartRider Rush+": {"localIpCount": 1, "localIpFrequency": {"10.0.2.208": 2}, "localIpTotalDuration": 1409.0016999999998, "localIpDuration": {"10.0.2.208": 1409.0016999999998}}, "Zombie High School": {"localIpCount": 3, "localIpFrequency": {"10.0.2.71": 2, "10.0.2.152": 1, "10.0.2.216": 1}, "localIpTotalDuration": 1900.0054, "localIpDuration": {"10.0.2.71": 1233.9985, "10.0.2.152": 300.0011, "10.0.2.216": 366.0058}}, "Sonic Forces": {"localIpCount": 1, "localIpFrequency": {"10.0.2.204": 1}, "localIpTotalDuration": 0.0, "localIpDuration": {"10.0.2.204": 0.0}}, "MIR4": {"localIpCount": 1, "localIpFrequency": {"10.0.0.30": 3}, "localIpTotalDuration": 1422.0025, "localIpDuration": {"10.0.0.30": 1422.0025}}, "FIFA ONLINE 4 M": {"localIpCount": 1, "localIpFrequency": {"10.0.2.205": 1}, "localIpTotalDuration": 0.0, "localIpDuration": {"10.0.2.205": 0.0}}, "Free Fire": {"localIpCount": 2, "localIpFrequency": {"10.0.0.83": 4, "10.0.2.137": 1}, "localIpTotalDuration": 3433.9964, "localIpDuration": {"10.0.0.83": 3002.9955, "10.0.2.137": 431.0009}}, "\ucef4\ud22c\uc2a4\ud504\ub85c\uc57c\uad6c2022": {"localIpCount": 1, "localIpFrequency": {"10.0.2.206": 2}, "localIpTotalDuration": 2483.9996, "localIpDuration": {"10.0.2.206": 2483.9996}}, "Clash Royale": {"localIpCount": 2, "localIpFrequency": {"10.0.2.221": 10, "10.0.2.208": 1}, "localIpTotalDuration": 10284.9956, "localIpDuration": {"10.0.2.221": 10203.9946, "10.0.2.208": 81.001}}, "\ud0d5\ud0d5\ud2b9\uacf5\ub300": {"localIpCount": 1, "localIpFrequency": {"10.0.2.172": 6}, "localIpTotalDuration": 6950.9954, "localIpDuration": {"10.0.2.172": 6950.9954}}, "Random Dice: Defense": {"localIpCount": 1, "localIpFrequency": {"10.0.2.216": 2}, "localIpTotalDuration": 1343.9986, "localIpDuration": {"10.0.2.216": 1343.9986}}, "Gunship Battle: Crypto Conflict": {"localIpCount": 4, "localIpFrequency": {"10.0.0.43": 3, "10.0.0.41": 4, "10.0.0.105": 1, "10.0.0.29": 1}, "localIpTotalDuration": 2064.0151, "localIpDuration": {"10.0.0.43": 599.0092999999999, "10.0.0.41": 315.00610000000006, "10.0.0.105": 356.0001, "10.0.0.29": 793.9996}}, "Odin: Valhalla Rising": {"localIpCount": 2, "localIpFrequency": {"10.0.0.43": 1, "10.0.0.95": 3}, "localIpTotalDuration": 309.0007, "localIpDuration": {"10.0.0.43": 0.0, "10.0.0.95": 309.0007}}, "WePlay - Party Game & Chat": {"localIpCount": 1, "localIpFrequency": {"10.0.2.160": 1}, "localIpTotalDuration": 576.999, "localIpDuration": {"10.0.2.160": 576.999}}, "Genshin Impact": {"localIpCount": 3, "localIpFrequency": {"10.0.2.144": 1, "10.0.2.7": 3, "10.0.2.205": 17}, "localIpTotalDuration": 5207.0241000000005, "localIpDuration": {"10.0.2.144": 249.9994, "10.0.2.7": 600.0060000000001, "10.0.2.205": 4357.0187000000005}}, "Clash of Clan": {"localIpCount": 1, "localIpFrequency": {"10.0.0.84": 1}, "localIpTotalDuration": 0.9988, "localIpDuration": {"10.0.0.84": 0.9988}}, "Brawl Stars": {"localIpCount": 5, "localIpFrequency": {"10.0.2.164": 11, "10.0.2.177": 2, "10.0.0.84": 1, "10.0.2.220": 3, "10.0.2.208": 3}, "localIpTotalDuration": 18745.024800000003, "localIpDuration": {"10.0.2.164": 9620.010900000001, "10.0.2.177": 1295.0035, "10.0.0.84": 245.0007, "10.0.2.220": 2497.9966, "10.0.2.208": 5087.0131}}}