{"FIFA Mobile": {"localIpCount": 3, "localIpFrequency": {"10.0.0.57": 1, "10.0.0.86": 1, "10.0.0.95": 1}, "localIpTotalDuration": 1085.0064, "localIpDuration": {"10.0.0.57": 532.002, "10.0.0.86": 308.0022, "10.0.0.95": 245.0022}}, "Free Fire": {"localIpCount": 1, "localIpFrequency": {"10.0.0.41": 1}, "localIpTotalDuration": 636.9993, "localIpDuration": {"10.0.0.41": 636.9993}}, "Minecraft": {"localIpCount": 3, "localIpFrequency": {"10.0.0.41": 4, "10.0.0.86": 1, "10.0.0.88": 1}, "localIpTotalDuration": 5999.0068, "localIpDuration": {"10.0.0.41": 4445.0025000000005, "10.0.0.86": 1393.0034, "10.0.0.88": 161.0009}}, "Clash of Clan": {"localIpCount": 1, "localIpFrequency": {"10.0.0.32": 1}, "localIpTotalDuration": 0.0012, "localIpDuration": {"10.0.0.32": 0.0012}}, "Genshin Impact": {"localIpCount": 2, "localIpFrequency": {"10.0.0.33": 6, "10.0.0.31": 14}, "localIpTotalDuration": 23195.7719, "localIpDuration": {"10.0.0.33": 4170.525500000001, "10.0.0.31": 19025.246400000004}}, "PUBG Mobile": {"localIpCount": 2, "localIpFrequency": {"10.0.0.41": 1, "10.0.0.95": 5}, "localIpTotalDuration": 5557.6083, "localIpDuration": {"10.0.0.41": 210.0072, "10.0.0.95": 5347.6011}}, "WePlay - Party Game & Chat": {"localIpCount": 3, "localIpFrequency": {"10.0.0.31": 2, "10.0.0.8": 1, "10.0.0.74": 1}, "localIpTotalDuration": 632.9593, "localIpDuration": {"10.0.0.31": 168.00330000000002, "10.0.0.8": 316.0209, "10.0.0.74": 148.9351}}, "Hero Blaze: Three Kingdoms": {"localIpCount": 1, "localIpFrequency": {"10.0.0.21": 1}, "localIpTotalDuration": 7.0029, "localIpDuration": {"10.0.0.21": 7.0029}}, "Brawl Stars": {"localIpCount": 3, "localIpFrequency": {"10.0.0.9": 1, "10.0.0.86": 1, "10.0.0.95": 3}, "localIpTotalDuration": 4543.0017, "localIpDuration": {"10.0.0.9": 1288.0021, "10.0.0.86": 244.9999, "10.0.0.95": 3009.9997}}, "Random Dice: Defense": {"localIpCount": 1, "localIpFrequency": {"10.0.0.86": 1}, "localIpTotalDuration": 252.005, "localIpDuration": {"10.0.0.86": 252.005}}, "Ninja Must Die": {"localIpCount": 1, "localIpFrequency": {"10.0.0.44": 1}, "localIpTotalDuration": 139.9997, "localIpDuration": {"10.0.0.44": 139.9997}}, "KartRider Rush+": {"localIpCount": 1, "localIpFrequency": {"10.0.0.103": 1}, "localIpTotalDuration": 14.001, "localIpDuration": {"10.0.0.103": 14.001}}, "Roblox (Game)": {"localIpCount": 14, "localIpFrequency": {"10.0.0.40": 2, "10.0.0.9": 4, "10.0.0.36": 12, "10.0.0.4": 2, "10.0.0.44": 11, "10.0.0.72": 1, "10.0.0.31": 1, "10.0.0.43": 1, "10.0.0.90": 1, "10.0.0.92": 3, "10.0.0.71": 1, "10.0.0.86": 1, "10.0.0.73": 1, "10.0.0.102": 1}, "localIpTotalDuration": 62801.67650000001, "localIpDuration": {"10.0.0.40": 3402.0029, "10.0.0.9": 6321.0044, "10.0.0.36": 14392.0152, "10.0.0.4": 3556.0011000000004, "10.0.0.44": 17044.639, "10.0.0.72": 1785.0019, "10.0.0.31": 1798.6221, "10.0.0.43": 1302.0036, "10.0.0.90": 1722.003, "10.0.0.92": 5256.6307, "10.0.0.71": 1770.6439, "10.0.0.86": 1504.6153, "10.0.0.73": 1175.4938, "10.0.0.102": 1770.9996}}, "Cookie Run: Kingdom": {"localIpCount": 1, "localIpFrequency": {"10.0.0.18": 1}, "localIpTotalDuration": 342.9996, "localIpDuration": {"10.0.0.18": 342.9996}}, "League of Legends: Wild Rift": {"localIpCount": 1, "localIpFrequency": {"10.0.0.9": 1}, "localIpTotalDuration": 329.0021, "localIpDuration": {"10.0.0.9": 329.0021}}, "Zombie High School": {"localIpCount": 1, "localIpFrequency": {"10.0.0.31": 1}, "localIpTotalDuration": 28.002, "localIpDuration": {"10.0.0.31": 28.002}}, "Guardian Tales": {"localIpCount": 1, "localIpFrequency": {"10.0.0.31": 1}, "localIpTotalDuration": 1126.9987, "localIpDuration": {"10.0.0.31": 1126.9987}}, "Roblox": {"localIpCount": 12, "localIpFrequency": {"10.0.0.40": 3, "10.0.0.37": 6, "10.0.0.44": 8, "10.0.0.36": 12, "10.0.0.9": 7, "10.0.0.72": 1, "10.0.0.4": 4, "10.0.0.31": 1, "10.0.0.74": 3, "10.0.0.92": 2, "10.0.0.71": 2, "10.0.0.86": 1}, "localIpTotalDuration": 89904.69650000002, "localIpDuration": {"10.0.0.40": 5395.8952, "10.0.0.37": 10791.8086, "10.0.0.44": 14388.9118, "10.0.0.36": 21556.797300000002, "10.0.0.9": 12590.4839, "10.0.0.72": 1798.6443, "10.0.0.4": 7194.534899999999, "10.0.0.31": 1798.6356, "10.0.0.74": 5395.8699, "10.0.0.92": 3597.2091, "10.0.0.71": 3597.2688, "10.0.0.86": 1798.6371}}, "FIFA ONLINE 4 M": {"localIpCount": 2, "localIpFrequency": {"10.0.0.86": 1, "10.0.0.57": 1}, "localIpTotalDuration": 714.0047999999999, "localIpDuration": {"10.0.0.86": 98.0006, "10.0.0.57": 616.0042}}}