{"Brawl Stars": {"localIpCount": 12, "localIpFrequency": {"10.0.0.179": 6, "10.0.0.240": 19, "10.0.0.159": 1, "10.0.0.193": 1, "10.0.1.41": 3, "10.0.1.33": 2, "10.0.0.139": 2, "10.0.1.88": 8, "10.0.0.207": 1, "10.0.1.126": 6, "10.0.0.47": 2, "10.0.1.22": 1}, "localIpTotalDuration": 44583.61989999998, "localIpDuration": {"10.0.0.179": 3843.0238, "10.0.0.240": 16450.0278, "10.0.0.159": 231.002, "10.0.0.193": 168.0036, "10.0.1.41": 3437.0016, "10.0.1.33": 3143.0027, "10.0.0.139": 406.0036, "10.0.1.88": 7147.021700000001, "10.0.0.207": 749.0029, "10.0.1.126": 6377.5289, "10.0.0.47": 1896.9989, "10.0.1.22": 735.0024}}, "Roblox": {"localIpCount": 59, "localIpFrequency": {"10.0.1.13": 8, "10.0.0.196": 9, "10.0.0.57": 4, "10.0.0.157": 5, "10.0.0.219": 17, "10.0.0.236": 8, "10.0.0.234": 4, "10.0.0.237": 27, "10.0.0.240": 4, "10.0.0.167": 6, "10.0.0.243": 15, "10.0.1.2": 3, "10.0.1.20": 2, "10.0.1.22": 1, "10.0.1.25": 1, "10.0.1.28": 2, "10.0.0.229": 3, "10.0.1.32": 1, "10.0.0.29": 27, "10.0.0.179": 14, "10.0.1.29": 70, "10.0.1.33": 10, "10.0.1.46": 1, "10.0.0.193": 4, "10.0.1.37": 1, "10.0.0.244": 1, "10.0.1.48": 2, "10.0.1.61": 1, "10.0.1.62": 1, "10.0.1.54": 13, "10.0.1.23": 2, "10.0.1.72": 5, "10.0.1.42": 1, "10.0.0.253": 2, "10.0.0.221": 2, "10.0.0.18": 1, "10.0.1.82": 1, "10.0.1.84": 1, "10.0.1.85": 9, "10.0.1.89": 4, "10.0.1.88": 2, "10.0.0.85": 1, "10.0.1.96": 1, "10.0.1.60": 1, "10.0.1.100": 4, "10.0.1.101": 1, "10.0.1.106": 2, "10.0.1.113": 4, "10.0.1.110": 1, "10.0.1.114": 1, "10.0.1.116": 2, "10.0.1.107": 4, "10.0.0.43": 2, "10.0.1.121": 5, "10.0.1.125": 1, "10.0.1.130": 1, "10.0.1.134": 3, "10.0.1.18": 1, "10.0.0.71": 1}, "localIpTotalDuration": 592317.5054000003, "localIpDuration": {"10.0.1.13": 14368.1126, "10.0.0.196": 16188.068099999999, "10.0.0.57": 7194.4582, "10.0.0.157": 8993.243, "10.0.0.219": 30570.1796, "10.0.0.236": 14389.4468, "10.0.0.234": 7187.4794999999995, "10.0.0.237": 48548.3925, "10.0.0.240": 7188.4833, "10.0.0.167": 10728.819399999998, "10.0.0.243": 26966.163200000003, "10.0.1.2": 5395.8581, "10.0.1.20": 3597.2594, "10.0.1.22": 1798.6089, "10.0.1.25": 1798.5968, "10.0.1.28": 3597.2196, "10.0.0.229": 5395.8704, "10.0.1.32": 1798.6269, "10.0.0.29": 48468.1468, "10.0.0.179": 25025.793400000002, "10.0.1.29": 125876.73949999997, "10.0.1.33": 17700.787099999998, "10.0.1.46": 1798.6385, "10.0.0.193": 7194.569, "10.0.1.37": 1798.6394, "10.0.0.244": 1798.6197, "10.0.1.48": 3597.2658, "10.0.1.61": 1798.6414, "10.0.1.62": 1798.6362, "10.0.1.54": 23368.4823, "10.0.1.23": 3590.2721, "10.0.1.72": 8930.183, "10.0.1.42": 1798.6366, "10.0.0.253": 3596.9908, "10.0.0.221": 3590.6521000000002, "10.0.0.18": 1798.6428, "10.0.1.82": 1798.6171, "10.0.1.84": 1798.6307, "10.0.1.85": 16180.7094, "10.0.1.89": 7194.8985, "10.0.1.88": 3590.6477, "10.0.0.85": 1799.0042, "10.0.1.96": 1798.639, "10.0.1.60": 1784.627, "10.0.1.100": 7194.5331, "10.0.1.101": 1798.6363, "10.0.1.106": 3282.6455, "10.0.1.113": 7194.8783, "10.0.1.110": 1392.6184, "10.0.1.114": 315.0046, "10.0.1.116": 3596.8865, "10.0.1.107": 7194.5217999999995, "10.0.0.43": 3583.2542, "10.0.1.121": 8993.1628, "10.0.1.125": 1798.6151, "10.0.1.130": 1798.6393, "10.0.1.134": 5395.8426, "10.0.1.18": 1798.6336, "10.0.0.71": 1798.6369}}, "Minecraft": {"localIpCount": 6, "localIpFrequency": {"10.0.0.179": 5, "10.0.1.33": 3, "10.0.0.88": 1, "10.0.1.106": 4, "10.0.0.226": 1, "10.0.0.229": 1}, "localIpTotalDuration": 10317.7966, "localIpDuration": {"10.0.0.179": 1638.0051999999998, "10.0.1.33": 2058.0543, "10.0.0.88": 118.9986, "10.0.1.106": 5327.0010999999995, "10.0.0.226": 923.9975, "10.0.0.229": 251.7399}}, "FIFA Mobile": {"localIpCount": 10, "localIpFrequency": {"10.0.0.243": 1, "10.0.1.18": 6, "10.0.0.151": 4, "10.0.1.41": 7, "10.0.1.42": 3, "10.0.0.245": 6, "10.0.1.100": 6, "10.0.1.107": 1, "10.0.0.180": 6, "10.0.1.134": 1}, "localIpTotalDuration": 42070.16829999999, "localIpDuration": {"10.0.0.243": 62.9989, "10.0.1.18": 7539.372399999999, "10.0.0.151": 1099.0084, "10.0.1.41": 7637.0107, "10.0.1.42": 3563.0027, "10.0.0.245": 6537.7545, "10.0.1.100": 6089.991, "10.0.1.107": 973.0016, "10.0.0.180": 7658.0306, "10.0.1.134": 909.9975}}, "Gunship Battle: Crypto Conflict": {"localIpCount": 2, "localIpFrequency": {"10.0.0.153": 1, "10.0.0.21": 15}, "localIpTotalDuration": 11500.6322, "localIpDuration": {"10.0.0.153": 140.0047, "10.0.0.21": 11360.627499999999}}, "NBA NOW 23": {"localIpCount": 1, "localIpFrequency": {"10.0.1.18": 1}, "localIpTotalDuration": 0.0, "localIpDuration": {"10.0.1.18": 0.0}}, "Roblox (Game)": {"localIpCount": 56, "localIpFrequency": {"10.0.1.2": 9, "10.0.0.240": 9, "10.0.1.13": 7, "10.0.0.57": 5, "10.0.0.196": 4, "10.0.0.236": 16, "10.0.0.179": 21, "10.0.0.3": 1, "10.0.0.219": 6, "10.0.1.21": 2, "10.0.0.237": 10, "10.0.1.25": 1, "10.0.0.47": 1, "10.0.1.29": 70, "10.0.1.8": 1, "10.0.0.167": 3, "10.0.0.159": 2, "10.0.1.22": 4, "10.0.0.243": 6, "10.0.0.72": 1, "10.0.1.23": 3, "10.0.1.48": 1, "10.0.0.234": 2, "10.0.1.54": 14, "10.0.0.82": 1, "10.0.1.61": 1, "10.0.1.62": 2, "10.0.1.72": 8, "10.0.1.33": 5, "10.0.1.81": 1, "10.0.0.221": 3, "10.0.1.82": 1, "10.0.1.84": 1, "10.0.1.89": 2, "10.0.0.88": 1, "10.0.1.18": 3, "10.0.0.207": 2, "10.0.1.85": 3, "10.0.1.60": 2, "10.0.1.88": 1, "10.0.1.101": 1, "10.0.1.106": 3, "10.0.0.29": 1, "10.0.1.100": 1, "10.0.1.110": 2, "10.0.1.114": 1, "10.0.1.113": 3, "10.0.1.116": 2, "10.0.1.107": 1, "10.0.1.118": 2, "10.0.1.121": 16, "10.0.1.125": 1, "10.0.1.127": 1, "10.0.0.125": 1, "10.0.0.229": 1, "10.0.0.71": 1}, "localIpTotalDuration": 427524.1988999999, "localIpDuration": {"10.0.1.2": 14488.865800000001, "10.0.0.240": 15315.627199999999, "10.0.1.13": 9540.275800000001, "10.0.0.57": 5887.0074, "10.0.0.196": 6348.625399999999, "10.0.0.236": 26494.223400000003, "10.0.0.179": 35782.4716, "10.0.0.3": 1777.9996, "10.0.0.219": 10562.2859, "10.0.1.21": 3548.5446, "10.0.0.237": 14999.8825, "10.0.1.25": 1392.9985, "10.0.0.47": 1792.0006, "10.0.1.29": 107266.59050000002, "10.0.1.8": 1281.0071, "10.0.0.167": 5228.5566, "10.0.0.159": 3478.9979, "10.0.1.22": 6180.2525000000005, "10.0.0.243": 8294.6149, "10.0.0.72": 1749.9976, "10.0.1.23": 3905.6454000000003, "10.0.1.48": 1434.997, "10.0.0.234": 3430.0016, "10.0.1.54": 22727.6284, "10.0.0.82": 1736.0065, "10.0.1.61": 1798.608, "10.0.1.62": 3430.3756, "10.0.1.72": 11221.007700000002, "10.0.1.33": 7272.598999999999, "10.0.1.81": 1623.9998, "10.0.0.221": 2834.6392, "10.0.1.82": 1750.0006, "10.0.1.84": 1602.9984, "10.0.1.89": 3031.0016, "10.0.0.88": 1631.0007, "10.0.1.18": 3549.059, "10.0.0.207": 2765.0088, "10.0.1.85": 4521.638, "10.0.1.60": 1645.0037000000002, "10.0.1.88": 1561.001, "10.0.1.101": 1637.9969, "10.0.1.106": 5215.0066, "10.0.0.29": 1638.002, "10.0.1.100": 1694.0003, "10.0.1.110": 2597.0046, "10.0.1.114": 14.001, "10.0.1.113": 5082.0056, "10.0.1.116": 3205.9989, "10.0.1.107": 1799.0037, "10.0.1.118": 3485.6234, "10.0.1.121": 27487.875399999997, "10.0.1.125": 1784.9995, "10.0.1.127": 1791.6248, "10.0.0.125": 1715.0036, "10.0.0.229": 1785.0019, "10.0.0.71": 1708.0053}}, "TFT: Teamfight Tactics": {"localIpCount": 5, "localIpFrequency": {"10.0.0.213": 1, "10.0.0.117": 4, "10.0.0.208": 2, "10.0.0.17": 3, "10.0.0.116": 1}, "localIpTotalDuration": 7413.3622000000005, "localIpDuration": {"10.0.0.213": 6.9988, "10.0.0.117": 3976.363, "10.0.0.208": 833.0, "10.0.0.17": 1021.9995, "10.0.0.116": 1575.0009}}, "Genshin Impact": {"localIpCount": 1, "localIpFrequency": {"10.0.0.47": 4}, "localIpTotalDuration": 5767.9941, "localIpDuration": {"10.0.0.47": 5767.9941}}, "Free Fire": {"localIpCount": 1, "localIpFrequency": {"10.0.1.44": 18}, "localIpTotalDuration": 20726.6525, "localIpDuration": {"10.0.1.44": 20726.6525}}, "Blue Archive": {"localIpCount": 1, "localIpFrequency": {"10.0.0.226": 1}, "localIpTotalDuration": 468.9999, "localIpDuration": {"10.0.0.226": 468.9999}}, "MapleStory M": {"localIpCount": 1, "localIpFrequency": {"10.0.0.85": 2}, "localIpTotalDuration": 1771.0040999999999,