{"Odin: Valhalla Rising": {"localIpCount": 1, "localIpFrequency": {"10.0.0.10": 2}, "localIpTotalDuration": 1645.2357000000002, "localIpDuration": {"10.0.0.10": 1645.2357000000002}}, "MIR4": {"localIpCount": 1, "localIpFrequency": {"10.0.0.4": 5}, "localIpTotalDuration": 1641.0004, "localIpDuration": {"10.0.0.4": 1641.0004}}}