{"Genshin Impact": {"localIpCount": 2, "localIpFrequency": {"10.0.0.235": 5, "10.0.1.132": 1}, "localIpTotalDuration": 7253.693799999999, "localIpDuration": {"10.0.0.235": 7101.693799999999, "10.0.1.132": 152.0}}, "MapleStory M": {"localIpCount": 1, "localIpFrequency": {"10.0.1.222": 2}, "localIpTotalDuration": 485.3786, "localIpDuration": {"10.0.1.222": 485.3786}}, "PUBG Mobile": {"localIpCount": 3, "localIpFrequency": {"10.0.1.182": 1, "10.0.1.56": 2, "10.0.1.105": 1}, "localIpTotalDuration": 1200.0029, "localIpDuration": {"10.0.1.182": 415.9996, "10.0.1.56": 784.0026, "10.0.1.105": 0.0007}}, "League of Legends: Wild Rift": {"localIpCount": 6, "localIpFrequency": {"10.0.1.162": 1, "10.0.0.64": 2, "10.0.1.222": 1, "10.0.0.235": 6, "10.0.1.56": 1, "10.0.0.27": 1}, "localIpTotalDuration": 8508.0053, "localIpDuration": {"10.0.1.162": 155.9996, "10.0.0.64": 136.0009, "10.0.1.222": 56.0006, "10.0.0.235": 6430.0021, "10.0.1.56": 1260.0001, "10.0.0.27": 470.002}}, "Free Fire": {"localIpCount": 1, "localIpFrequency": {"10.0.1.252": 1}, "localIpTotalDuration": 18.0003, "localIpDuration": {"10.0.1.252": 18.0003}}, "Roblox (Game)": {"localIpCount": 52, "localIpFrequency": {"10.0.1.10": 1, "10.0.0.29": 4, "10.0.0.30": 19, "10.0.1.138": 1, "10.0.1.72": 6, "10.0.1.150": 1, "10.0.1.153": 2, "10.0.1.154": 1, "10.0.1.27": 4, "10.0.0.166": 2, "10.0.1.159": 4, "10.0.1.23": 9, "10.0.0.67": 7, "10.0.1.166": 1, "10.0.1.167": 1, "10.0.1.168": 3, "10.0.1.157": 13, "10.0.1.136": 3, "10.0.1.174": 14, "10.0.0.156": 4, "10.0.1.180": 5, "10.0.0.229": 6, "10.0.1.162": 8, "10.0.1.57": 10, "10.0.1.196": 2, "10.0.0.223": 2, "10.0.1.199": 1, "10.0.1.148": 2, "10.0.1.188": 2, "10.0.1.202": 1, "10.0.1.190": 1, "10.0.0.43": 1, "10.0.1.200": 4, "10.0.0.235": 6, "10.0.1.211": 4, "10.0.1.217": 5, "10.0.0.236": 2, "10.0.0.64": 1, "10.0.1.223": 2, "10.0.1.139": 1, "10.0.1.232": 1, "10.0.1.233": 1, "10.0.0.171": 1, "10.0.0.233": 2, "10.0.1.229": 5, "10.0.1.135": 3, "10.0.1.241": 3, "10.0.1.56": 1, "10.0.1.242": 3, "10.0.1.244": 2, "10.0.1.243": 2, "10.0.0.252": 1}, "localIpTotalDuration": 261634.5806, "localIpDuration": {"10.0.1.10": 1534.0004, "10.0.0.29": 6850.0013, "10.0.0.30": 27589.6589, "10.0.1.138": 1413.9994, "10.0.1.72": 10430.0089, "10.0.1.150": 1794.0017, "10.0.1.153": 3266.001, "10.0.1.154": 1653.9987, "10.0.1.27": 7155.952, "10.0.0.166": 3548.0017, "10.0.1.159": 6140.0039, "10.0.1.23": 13827.635799999998, "10.0.0.67": 10592.0043, "10.0.1.166": 1105.9501, "10.0.1.167": 827.9978, "10.0.1.168": 2138.0053, "10.0.1.157": 16491.6464, "10.0.1.136": 5179.6059000000005, "10.0.1.174": 13404.0029, "10.0.0.156": 6414.0010999999995, "10.0.1.180": 4114.0056, "10.0.0.229": 7823.9457999999995, "10.0.1.162": 11895.1883, "10.0.1.57": 13477.2527, "10.0.1.196": 2092.001, "10.0.0.223": 1974.0014, "10.0.1.199": 136.0006, "10.0.1.148": 2294.0077, "10.0.1.188": 2955.6309, "10.0.1.202": 1786.0, "10.0.1.190": 1728.0005, "10.0.0.43": 1278.0003, "10.0.1.200": 5481.9987, "10.0.0.235": 8998.0005, "10.0.1.211": 4682.0103, "10.0.1.217": 8635.9997, "10.0.0.236": 2227.9995, "10.0.0.64": 768.0022, "10.0.1.223": 3540.0019, "10.0.1.139": 690.0003, "10.0.1.232": 1754.001, "10.0.1.233": 0.0019, "10.0.0.171": 1588.0011, "10.0.0.233": 1965.9994, "10.0.1.229": 3565.9984999999997, "10.0.1.135": 5000.001499999999, "10.0.1.241": 5332.0495, "10.0.1.56": 1752.0007, "10.0.1.242": 4724.003000000001, "10.0.1.244": 3590.0006000000003, "10.0.1.243": 2659.9982, "10.0.0.252": 1767.9998}}, "WePlay - Party Game & Chat": {"localIpCount": 5, "localIpFrequency": {"10.0.1.27": 1, "10.0.1.190": 1, "10.0.1.200": 1, "10.0.1.246": 1, "10.0.0.235": 5}, "localIpTotalDuration": 5776.005300000001, "localIpDuration": {"10.0.1.27": 70.0002, "10.0.1.190": 844.0, "10.0.1.200": 60.0026, "10.0.1.246": 152.0, "10.0.0.235": 4650.0025000000005}}, "Gunship Battle: Crypto Conflict": {"localIpCount": 2, "localIpFrequency": {"10.0.0.8": 5, "10.0.0.58": 1}, "localIpTotalDuration": 2536.0011, "localIpDuration": {"10.0.0.8": 2400.0009, "10.0.0.58": 136.0002}}, "GUNS UP! Mobile": {"localIpCount": 1, "localIpFrequency": {"10.0.0.240": 2}, "localIpTotalDuration": 0.0, "localIpDuration": {"10.0.0.240": 0.0}}, "Random Dice: Defense": {"localIpCount": 2, "localIpFrequency": {"10.0.1.200": 4, "10.0.1.228": 1}, "localIpTotalDuration": 1720.0029000000002, "localIpDuration": {"10.0.1.200": 1408.0014, "10.0.1.228": 312.0015}}, "Pok\u00e9mon Unite": {"localIpCount": 1, "localIpFrequency": {"10.0.1.12": 2}, "localIpTotalDuration": 1874.0, "localIpDuration": {"10.0.1.12": 1874.0}}, "Zombie High School": {"localIpCount": 2, "localIpFrequency": {"10.0.0.236": 1, "10.0.1.12": 1}, "localIpTotalDuration": 282.0025, "localIpDuration": {"10.0.0.236": 56.001, "10.0.1.12": 226.0015}}, "MIR4": {"localIpCount": 1, "localIpFrequency": {"10.0.0.98": 1}, "localIpTotalDuration": 390.0011, "localIpDuration": {"10.0.0.98": 390.0011}}, "Pok\u00e9mon GO": {"localIpCount": 3, "localIpFrequency": {"10.0.0.236": 1, "10.0.1.190": 1, "10.0.1.211": 4}, "localIpTotalDuration": 468.0052, "localIpDuration": {"10.0.0.236": 363.9997, "10.0.1.190": 0.0021, "10.0.1.211": 104.0034}}, "FIFA Mobile": {"localIpCount": 6, "localIpFrequency": {"10.0.1.23": 8, "10.0.0.236": 1, "10.0.1.162": 1, "10.0.0.235": 3, "10.0.1.57": 1, "10.0.1.242": 2}, "localIpTotalDuration": 8408.002, "localIpDuration": {"10.0.1.23": 2786.0005000000006, "10.0.0.236": 198.0002, "10.0.1.162": 158.0005, "10.0.0.235": 2324.0011999999997, "10.0.1.57": 1118.0002, "10.0.1.242": 1823.9994000000002}}, "Guardian Tales": {"localIpCount": 2, "localIpFrequency": {"10.0.0.236": 2, "10.0.1.12": 7}, "localIpTotalDuration": 8488.0056, "localIpDuration": {"10.0.0.236": 1189.9992, "10.0.1.12": 7298.0064}}, "KartRider Rush+": {"localIpCount": 2, "localIpFrequency": {"10.0.1.56": 1, "10.0.1.200": 3}, "localIpTotalDuration": 1773.9972, "localIpDuration": {"10.0.1.56": 283.9993, "10.0.1.200": 1489.9979}}, "Clash Royale": {"localIpCount": 1, "localIpFrequency": {"10.0.1.203": 1}, "localIpTotalDuration": 6.0007, "localIpDuration": {"10.0.1.203": 6.0007}}, "Ninja Must Die": {"localIpCount": 1, "localIpFrequency": {"10.0.1.241": 2}, "localIpTotalDuration": 258.003, "localIpDuration": {"10.0.1.241": 258.003}}, "Roblox": {"localIpCount": 52, "localIpFrequency": {"10.0.1.68": 9, "10.0.1.10": 17, "10.0.0.29": 2, "10.0.0.166": 6, "10.0.0.223": 9, "10.0.1.150": 2, "10.0.1.153": 4, "10.0.0.30": 10, "10.0.1.157": 21, "10.0.1.160": 1, "10.0.1.27": 2, "10.0.1.159": 6, "10.0.1.23": 20, "10.0.0.156": 7, "10.0.0.43": 11, "10.0.1.148": 22, "10.0.1.180": 8, "10.0.0.229": 10, "10.0.1.156": 1, "10.0.1.190": 1, "10.0.1.162": 4, "10.0.0.180": 1, "10.0.1.168": 2, "10.0.1.57": 4, "10.0.0.67": 3, "10.0.1.200": 19, "10.0.1.188": 1, "10.0.1.203": 3, "10.0.1.136": 1, "10.0.1.174": 32, "10.0.1.199": 1, "10.0.0.235": 10, "10.0.1.217": 2, "10.0.1.144": 3, "10.0.0.236": 3, "10.0.0.64": 1, "10.0.1.196": 1, "10.0.0.15": 1, "10.0.1.228": 1, "10.0.0.171": 1, "10.0.0.233": 7, "10.0.1.229": 1, "10.0.1.211": 2, "10.0.1.135": 2, "10.0.1.241": 5, "10.0.1.244": 2, "10.0.1.223": 1, "10.0.1.249": 1, "10.0.1.242": 1, "10.0.1.250": 1, "10.0.1.251": 1, "10.0.1.19": 2}, "localIpTotalDuration": 496483.21089999983, "localIpDuration": {"10.0.1.68": 16185.808800000003, "10.0.1.10": 30531.4825, "10.0.0.29": 3591.9997999999996, "10.0.0.166": 10786.8824, "10.0.0.223": 15645.8306, "10.0.1.150": 3599.2690000000002, "10.0.1.153": 7194.899600000001, "10.0.0.30": 17284.1384, "10.0.1.157": 36814.7338, "10.0.1.160": 1799.645, "10.0.1.27": 3599.2354, "10.0.1.159": 9128.5128, "10.0.1.23": 35955.6742, "10.0.0.156": 10063.6086, "10.0.0.43": 19752.9249, "10.0.1.148": 39265.8896, "10.0.1.180": 13294.9371, "10.0.0.229": 17959.817000000003, "10.0.1.156": 1794.0006, "10.0.1.190": 1795.629, "10.0.1.162": 6365.6418, "10.0.0.180": 1608.0006, "10.0.1.168": 3251.2438, "10.0.1.57": 6923.6327, "10.0.0.67": 3598.0009, "10.0.1.200": 30526.7308, "10.0.1.188": 1795.9999, "10.0.1.203": 5365.2268, "10.0.1.136": 1798.0016,