{"Birdie Shot": {"localIpCount": 1, "localIpFrequency": {"10.0.0.47": 6}, "localIpTotalDuration": 5091.195299999999, "localIpDuration": {"10.0.0.47": 5091.195299999999}}, "Roblox": {"localIpCount": 3, "localIpFrequency": {"10.0.1.140": 1, "10.0.1.141": 1, "10.0.1.142": 4}, "localIpTotalDuration": 9424.1654, "localIpDuration": {"10.0.1.140": 1413.7781, "10.0.1.141": 1795.4601, "10.0.1.142": 6214.9272}}, "Hero Blaze: Three Kingdoms": {"localIpCount": 1, "localIpFrequency": {"10.0.0.37": 11}, "localIpTotalDuration": 18162.438400000003, "localIpDuration": {"10.0.0.37": 18162.438400000003}}, "PUBG Mobile": {"localIpCount": 1, "localIpFrequency": {"10.0.0.166": 2}, "localIpTotalDuration": 1095.7983, "localIpDuration": {"10.0.0.166": 1095.7983}}, "Roblox (Adopt Me!)": {"localIpCount": 3, "localIpFrequency": {"10.0.1.140": 1, "10.0.1.141": 1, "10.0.1.142": 4}, "localIpTotalDuration": 8694.6906, "localIpDuration": {"10.0.1.140": 1393.2254, "10.0.1.141": 1771.4148, "10.0.1.142": 5530.0504}}, "MIR4": {"localIpCount": 3, "localIpFrequency": {"10.0.0.44": 18, "10.0.0.70": 1, "10.0.0.30": 1}, "localIpTotalDuration": 21594.5083, "localIpDuration": {"10.0.0.44": 21078.3534, "10.0.0.70": 164.0515, "10.0.0.30": 352.1034}}, "Odin: Valhalla Rising": {"localIpCount": 3, "localIpFrequency": {"10.0.0.29": 1, "10.0.0.95": 2, "10.0.0.44": 1}, "localIpTotalDuration": 1746.9592, "localIpDuration": {"10.0.0.29": 791.1127, "10.0.0.95": 642.8473, "10.0.0.44": 312.9992}}}