{"Genshin Impact": {"localIpCount": 3, "localIpFrequency": {"10.0.1.251": 5, "10.0.2.48": 1, "10.0.1.194": 1}, "localIpTotalDuration": 2266.0166, "localIpDuration": {"10.0.1.251": 1968.0123999999998, "10.0.2.48": 270.0008, "10.0.1.194": 28.0034}}, "Cookie Run: Kingdom": {"localIpCount": 4, "localIpFrequency": {"10.0.0.67": 1, "10.0.0.252": 1, "10.0.1.250": 1, "10.0.2.79": 1}, "localIpTotalDuration": 2557.9966999999997, "localIpDuration": {"10.0.0.67": 337.9987, "10.0.0.252": 309.9997, "10.0.1.250": 1296.0001, "10.0.2.79": 613.9982}}, "GUNS UP! Mobile": {"localIpCount": 1, "localIpFrequency": {"10.0.2.66": 2}, "localIpTotalDuration": 1526.0, "localIpDuration": {"10.0.2.66": 1526.0}}, "Guardian Tales": {"localIpCount": 1, "localIpFrequency": {"10.0.0.236": 5}, "localIpTotalDuration": 2800.013, "localIpDuration": {"10.0.0.236": 2800.013}}, "Apex Legends Mobile": {"localIpCount": 1, "localIpFrequency": {"10.0.1.254": 1}, "localIpTotalDuration": 80.0013, "localIpDuration": {"10.0.1.254": 80.0013}}, "Clash Royale": {"localIpCount": 2, "localIpFrequency": {"10.0.1.242": 1, "10.0.0.66": 1}, "localIpTotalDuration": 448.002, "localIpDuration": {"10.0.1.242": 0.0008, "10.0.0.66": 448.0012}}, "HATSUNE MIKU: COLORFUL STAGE!": {"localIpCount": 1, "localIpFrequency": {"10.0.1.241": 1}, "localIpTotalDuration": 146.0016, "localIpDuration": {"10.0.1.241": 146.0016}}, "Minecraft": {"localIpCount": 6, "localIpFrequency": {"10.0.0.233": 9, "10.0.0.156": 3, "10.0.1.241": 1, "10.0.0.49": 2, "10.0.1.250": 1, "10.0.1.19": 1}, "localIpTotalDuration": 18047.6087, "localIpDuration": {"10.0.0.233": 9669.6124, "10.0.0.156": 3843.9989, "10.0.1.241": 1043.9994, "10.0.0.49": 2541.9992, "10.0.1.250": 405.9995, "10.0.1.19": 541.9993}}, "League of Legends: Wild Rift": {"localIpCount": 6, "localIpFrequency": {"10.0.0.64": 2, "10.0.0.235": 3, "10.0.0.20": 3, "10.0.1.56": 1, "10.0.2.65": 2, "10.0.0.92": 1}, "localIpTotalDuration": 7133.9547, "localIpDuration": {"10.0.0.64": 150.0033, "10.0.0.235": 920.0035, "10.0.0.20": 2073.9494, "10.0.1.56": 406.0, "10.0.2.65": 2984.0003, "10.0.0.92": 599.9982}}, "Gunship Battle: Crypto Conflict": {"localIpCount": 1, "localIpFrequency": {"10.0.0.8": 8}, "localIpTotalDuration": 3324.0119, "localIpDuration": {"10.0.0.8": 3324.0119}}, "Roblox (Game)": {"localIpCount": 57, "localIpFrequency": {"10.0.0.156": 2, "10.0.1.19": 8, "10.0.0.112": 12, "10.0.1.10": 1, "10.0.1.241": 5, "10.0.0.252": 2, "10.0.1.217": 10, "10.0.0.166": 3, "10.0.2.0": 2, "10.0.0.233": 1, "10.0.1.23": 18, "10.0.1.255": 1, "10.0.1.130": 1, "10.0.1.251": 1, "10.0.1.244": 6, "10.0.0.140": 4, "10.0.1.157": 2, "10.0.0.179": 1, "10.0.1.56": 1, "10.0.2.3": 1, "10.0.0.124": 1, "10.0.0.223": 15, "10.0.1.148": 3, "10.0.1.196": 1, "10.0.2.22": 1, "10.0.1.211": 2, "10.0.2.17": 13, "10.0.0.213": 6, "10.0.1.229": 4, "10.0.2.27": 1, "10.0.1.243": 2, "10.0.0.235": 6, "10.0.0.29": 1, "10.0.2.39": 1, "10.0.1.242": 2, "10.0.0.67": 8, "10.0.2.30": 2, "10.0.0.181": 1, "10.0.2.46": 2, "10.0.2.47": 1, "10.0.2.50": 1, "10.0.2.61": 2, "10.0.2.66": 1, "10.0.1.144": 1, "10.0.0.238": 7, "10.0.2.72": 1, "10.0.2.74": 3, "10.0.2.77": 2, "10.0.2.78": 1, "10.0.2.85": 2, "10.0.2.2": 1, "10.0.1.12": 1, "10.0.0.31": 2, "10.0.0.153": 1, "10.0.2.57": 1, "10.0.1.250": 3, "10.0.0.178": 1}, "localIpTotalDuration": 252374.62900000007, "localIpDuration": {"10.0.0.156": 2053.9997, "10.0.1.19": 11481.2059, "10.0.0.112": 13160.002299999998, "10.0.1.10": 27.9991, "10.0.1.241": 8363.9973, "10.0.0.252": 3410.0016, "10.0.1.217": 9178.006699999998, "10.0.0.166": 4163.9985, "10.0.2.0": 3534.0008, "10.0.0.233": 1799.9989, "10.0.1.23": 28553.637899999998, "10.0.1.255": 1799.5989, "10.0.1.130": 1791.9998, "10.0.1.251": 1796.0015, "10.0.1.244": 10507.630500000001, "10.0.0.140": 3568.0013, "10.0.1.157": 3575.6012, "10.0.0.179": 1781.998, "10.0.1.56": 1737.6124, "10.0.2.3": 1700.0013, "10.0.0.124": 1648.0003, "10.0.0.223": 18595.627099999998, "10.0.1.148": 2067.9998, "10.0.1.196": 353.9992, "10.0.2.22": 1663.9995, "10.0.1.211": 2821.9987, "10.0.2.17": 15420.001800000002, "10.0.0.213": 10362.0056, "10.0.1.229": 1588.004, "10.0.2.27": 1755.9988, "10.0.1.243": 2694.0025, "10.0.0.235": 7985.999799999999, "10.0.0.29": 1735.9982, "10.0.2.39": 1753.998, "10.0.1.242": 3502.0020999999997, "10.0.0.67": 10247.6337, "10.0.2.30": 2484.0002, "10.0.0.181": 49.9977, "10.0.2.46": 2503.9989, "10.0.2.47": 1574.0009, "10.0.2.50": 1733.9975, "10.0.2.61": 2203.9986, "10.0.2.66": 1764.0008, "10.0.1.144": 1394.0, "10.0.0.238": 9780.0004, "10.0.2.72": 28.0002, "10.0.2.74": 5358.0106000000005, "10.0.2.77": 3584.0, "10.0.2.78": 1622.0037, "10.0.2.85": 3244.0532000000003, "10.0.2.2": 1797.9981, "10.0.1.12": 1800.0, "10.0.0.31": 3082.0013, "10.0.0.153": 1425.9985, "10.0.2.57": 1794.0024, "10.0.1.250": 5180.0048, "10.0.0.178": 1787.9985}}, "WePlay - Party Game & Chat": {"localIpCount": 1, "localIpFrequency": {"10.0.0.235": 17}, "localIpTotalDuration": 10142.001400000001, "localIpDuration": {"10.0.0.235": 10142.001400000001}}, "\ucef4\ud22c\uc2a4\ud504\ub85c\uc57c\uad6c2022": {"localIpCount": 1, "localIpFrequency": {"10.0.0.153": 3}, "localIpTotalDuration": 3885.6335, "localIpDuration": {"10.0.0.153": 3885.6335}}, "FIFA Mobile": {"localIpCount": 5, "localIpFrequency": {"10.0.1.242": 9, "10.0.1.250": 2, "10.0.2.62": 1, "10.0.2.79": 3, "10.0.1.78": 2}, "localIpTotalDuration": 12450.0022, "localIpDuration": {"10.0.1.242": 8514.0042, "10.0.1.250": 1117.9972, "10.0.2.62": 748.0007, "10.0.2.79": 1941.9991, "10.0.1.78": 128.001}}, "Brawl Stars": {"localIpCount": 8, "localIpFrequency": {"10.0.0.236": 2, "10.0.2.17": 4, "10.0.1.56": 1, "10.0.2.66": 3, "10.0.1.78": 6, "10.0.2.79": 2, "10.0.2.57": 1, "10.0.0.64": 1}, "localIpTotalDuration": 19608.013000000003, "localIpDuration": {"10.0.0.236": 2014.0034999999998, "10.0.2.17": 5266.0016, "10.0.1.56": 186.0003, "10.0.2.66": 2237.9999000000003, "10.0.1.78": 7264.007299999999, "10.0.2.79": 2444.0006, "10.0.2.57": 0.0, "10.0.0.64": 195.9998}}, "Roblox": {"localIpCount": 50, "localIpFrequency": {"10.0.1.19": 8, "10.0.0.112": 9, "10.0.1.243": 8, "10.0.1.229": 2, "10.0.1.241": 20, "10.0.1.10": 3, "10.0.0.252": 1, "10.0.0.166": 5, "10.0.1.217": 58, "10.0.0.67": 3, "10.0.2.0": 1, "10.0.2.1": 1, "10.0.1.255": 2, "10.0.0.66": 1, "10.0.0.29": 3, "10.0.1.56": 1, "10.0.0.31": 5, "10.0.2.3": 2, "10.0.1.251": 3, "10.0.1.250": 9, "10.0.0.140": 1, "10.0.1.148": 4, "10.0.1.23": 19, "10.0.1.136": 1, "10.0.2.17": 15, "10.0.1.196": 1, "10.0.2.22": 1, "10.0.0.213": 10, "10.0.0.235": 28, "10.0.1.244": 7, "10.0.2.13": 1, "10.0.2.26": 1, "10.0.0.223": 15, "10.0.2.36": 1, "10.0.2.46": 2, "10.0.2.30": 2, "10.0.2.61": 2, "10.0.1.144": 3, "10.0.2.65": 2, "10.0.0.238": 6, "10.0.2.72": 1, "10.0.2.74": 5, "10.0.2.77": 1, "10.0.2.81": 2, "10.0.1.139": 1, "10.0.2.76": 1, "10.0.1.12": 1, "10.0.1.78": 1, "10.0.2.57": 1, "10.0.0.178": 1}, "localIpTotalDuration": 494611.96099999984, "localIpDuration": {"10.0.1.19": 14393.697699999997, "10.0.0.112": 15427.2858, "10.0.1.243": 14379.812100000001, "10.0.1.229": 3583.2553, "10.0.1.241": 35893.109000000004, "10.0.1.10": 5397.2785, "10.0.0.252": 1799.9999, "10.0.0.166": 8994.5398, "10.0.1.217": 103145.87059999997, "10.0.0.67": 5398.9127, "10.0.2.0": 1799.6278, "10.0.2.1": 1799.641, "10.0.1.255": 3599.2336, "10.0.0.66": 1799.5451, "10.0.0.29": 5396.8839, "10.0.1.56": 1799.6248, "10.0.0.31": 8994.4557, "10.0.2.3": 3599.2472, "10.0.1.251": 4925.6386, "10.0.1.250": 16037.7353, "10.0.0.140": 1799.6384, "10.0.1.148": 7184.8639, "10.0.1.23": 34092.3347, "10.0.1.136": 1798.0, "10.0.2.17": 26433.0681, "10.0.1.196": 1793.636, "10.0.2.22": 1796.0007, "10.0.0.213": 17973.066899999998, "10.0.0.235": 47304.0404, "10.0.1.244": 12251.2614, "10.0.2.13": 1797.6313, "10.0.2.26": 1797.9996, "10.0.0.223": 26947.9738, "10.0.2.36": 1796.0012, "10.0.2.46": 3599.0347, "10.0.2.30": 3593.9993, "10.0.2.61": 3194.0011999999997, "10.0.1.144": 5011.9997, "10.0.2.65": 3303.639, "10.0.0.238": 10337.279299999998, "10.0.2.72": 191.9997, "10.0.2.74": 8981.2648,