{"Modern Combat": {"localIpCount": 1, "localIpFrequency": {"10.0.0.45": 13}, "localIpTotalDuration": 3856.7415000000005, "localIpDuration": {"10.0.0.45": 3856.7415000000005}}, "Roblox": {"localIpCount": 1, "localIpFrequency": {"10.0.0.45": 41}, "localIpTotalDuration": 95336.57539999994, "localIpDuration": {"10.0.0.45": 95336.57539999994}}, "KartRider: Drift": {"localIpCount": 1, "localIpFrequency": {"10.0.0.41": 4}, "localIpTotalDuration": 4987.1696, "localIpDuration": {"10.0.0.41": 4987.1696}}, "Brawl Stars": {"localIpCount": 1, "localIpFrequency": {"10.0.0.70": 4}, "localIpTotalDuration": 5093.6236, "localIpDuration": {"10.0.0.70": 5093.6236}}, "Lineage W": {"localIpCount": 1, "localIpFrequency": {"10.0.0.41": 4}, "localIpTotalDuration": 247.7956, "localIpDuration": {"10.0.0.41": 247.7956}}, "MIR4": {"localIpCount": 2, "localIpFrequency": {"10.0.0.35": 7, "10.0.0.128": 7}, "localIpTotalDuration": 163757.12180000002, "localIpDuration": {"10.0.0.35": 94340.88260000001, "10.0.0.128": 69416.23920000001}}, "PUBG Mobile": {"localIpCount": 2, "localIpFrequency": {"10.0.0.54": 4, "10.0.0.111": 8}, "localIpTotalDuration": 22129.915200000007, "localIpDuration": {"10.0.0.54": 7224.647199999999, "10.0.0.111": 14905.267999999998}}, "Pok\u00e9mon GO": {"localIpCount": 1, "localIpFrequency": {"10.0.0.96": 2}, "localIpTotalDuration": 179.8988, "localIpDuration": {"10.0.0.96": 179.8988}}, "League of Legends: Wild Rift": {"localIpCount": 3, "localIpFrequency": {"10.0.0.98": 2, "10.0.0.35": 4, "10.0.0.114": 55}, "localIpTotalDuration": 333884.12389999983, "localIpDuration": {"10.0.0.98": 202.9872, "10.0.0.35": 7498.2285999999995, "10.0.0.114": 326182.9080999998}}, "Roblox (Adopt Me!)": {"localIpCount": 1, "localIpFrequency": {"10.0.0.45": 31}, "localIpTotalDuration": 33550.91609999999, "localIpDuration": {"10.0.0.45": 33550.91609999999}}, "Minecraft": {"localIpCount": 1, "localIpFrequency": {"10.0.0.45": 12}, "localIpTotalDuration": 9125.1964, "localIpDuration": {"10.0.0.45": 9125.1964}}}