{"PUBG Mobile": {"localIpCount": 3, "localIpFrequency": {"10.0.0.166": 2, "10.0.1.188": 1, "10.0.0.60": 10}, "localIpTotalDuration": 7601.9318, "localIpDuration": {"10.0.0.166": 1095.7983, "10.0.1.188": 441.2547, "10.0.0.60": 6064.8787999999995}}, "Zombie High School": {"localIpCount": 1, "localIpFrequency": {"10.0.1.165": 1}, "localIpTotalDuration": 118.0008, "localIpDuration": {"10.0.1.165": 118.0008}}, "Genshin Impact": {"localIpCount": 2, "localIpFrequency": {"10.0.1.112": 8, "10.0.2.7": 13}, "localIpTotalDuration": 14148.020699999997, "localIpDuration": {"10.0.1.112": 10019.8089, "10.0.2.7": 4128.2118}}, "FIFA Mobile": {"localIpCount": 1, "localIpFrequency": {"10.0.1.154": 1}, "localIpTotalDuration": 32.0508, "localIpDuration": {"10.0.1.154": 32.0508}}, "Roblox": {"localIpCount": 14, "localIpFrequency": {"10.0.1.140": 2, "10.0.1.141": 11, "10.0.1.142": 52, "10.0.1.155": 1, "10.0.1.154": 1, "10.0.1.163": 1, "10.0.1.178": 3, "10.0.1.165": 11, "10.0.1.176": 5, "10.0.1.204": 17, "10.0.1.187": 1, "10.0.1.247": 6, "10.0.1.143": 3, "10.0.2.7": 3}, "localIpTotalDuration": 179810.87939999998, "localIpDuration": {"10.0.1.140": 3195.7282999999998, "10.0.1.141": 15975.839500000002, "10.0.1.142": 82844.59459999998, "10.0.1.155": 1328.898, "10.0.1.154": 1797.1537, "10.0.1.163": 1799.0502, "10.0.1.178": 3737.0895, "10.0.1.165": 14573.0638, "10.0.1.176": 7216.3527, "10.0.1.204": 29566.0258, "10.0.1.187": 345.1539, "10.0.1.247": 8628.0871, "10.0.1.143": 5392.9464, "10.0.2.7": 3410.8959}}, "Hero Blaze: Three Kingdoms": {"localIpCount": 3, "localIpFrequency": {"10.0.0.37": 11, "10.0.0.68": 1, "10.0.0.47": 2}, "localIpTotalDuration": 19154.0309, "localIpDuration": {"10.0.0.37": 18162.438400000003, "10.0.0.68": 125.6904, "10.0.0.47": 865.9021}}, "FIFA ONLINE 4 M": {"localIpCount": 1, "localIpFrequency": {"10.0.2.10": 1}, "localIpTotalDuration": 946.0002, "localIpDuration": {"10.0.2.10": 946.0002}}, "Roblox (Adopt Me!)": {"localIpCount": 12, "localIpFrequency": {"10.0.1.140": 2, "10.0.1.141": 9, "10.0.1.142": 38, "10.0.1.154": 1, "10.0.1.163": 1, "10.0.1.164": 1, "10.0.1.165": 5, "10.0.1.176": 5, "10.0.1.204": 18, "10.0.1.178": 1, "10.0.1.187": 1, "10.0.1.247": 6}, "localIpTotalDuration": 118278.8221, "localIpDuration": {"10.0.1.140": 3053.9269, "10.0.1.141": 9691.726100000002, "10.0.1.142": 56476.897699999994, "10.0.1.154": 1752.1043, "10.0.1.163": 1187.2058, "10.0.1.164": 1176.7665, "10.0.1.165": 5797.1453, "10.0.1.176": 5801.3495, "10.0.1.204": 24254.055099999998, "10.0.1.178": 1535.1039, "10.0.1.187": 41.1542, "10.0.1.247": 7511.386799999999}}, "MIR4": {"localIpCount": 5, "localIpFrequency": {"10.0.0.44": 26, "10.0.0.70": 7, "10.0.0.30": 2, "10.0.0.91": 5, "10.0.2.10": 1}, "localIpTotalDuration": 31719.293499999996, "localIpDuration": {"10.0.0.44": 27197.1325, "10.0.0.70": 1657.6923, "10.0.0.30": 756.1062, "10.0.0.91": 1496.2601, "10.0.2.10": 612.1024}}, "Pok\u00e9mon GO": {"localIpCount": 2, "localIpFrequency": {"10.0.1.156": 1, "10.0.1.165": 1}, "localIpTotalDuration": 1295.8690000000001, "localIpDuration": {"10.0.1.156": 664.0329, "10.0.1.165": 631.8361}}, "Gunship Battle: Crypto Conflict": {"localIpCount": 5, "localIpFrequency": {"10.0.0.29": 1, "10.0.0.41": 2, "10.0.0.43": 2, "10.0.0.105": 2, "10.0.0.36": 3}, "localIpTotalDuration": 3197.159, "localIpDuration": {"10.0.0.29": 293.797, "10.0.0.41": 198.1563, "10.0.0.43": 337.9987, "10.0.0.105": 370.4902, "10.0.0.36": 1996.7168}}, "Odin: Valhalla Rising": {"localIpCount": 3, "localIpFrequency": {"10.0.0.29": 1, "10.0.0.95": 8, "10.0.0.44": 1}, "localIpTotalDuration": 3564.4969000000006, "localIpDuration": {"10.0.0.29": 791.1127, "10.0.0.95": 2460.385, "10.0.0.44": 312.9992}}, "Birdie Shot": {"localIpCount": 1, "localIpFrequency": {"10.0.0.47": 28}, "localIpTotalDuration": 27040.903900000005, "localIpDuration": {"10.0.0.47": 27040.903900000005}}}