{"Pok\u00e9mon GO": {"localIpCount": 5, "localIpFrequency": {"10.0.98.213": 1, "10.0.97.230": 2, "10.0.99.74": 1, "10.0.102.102": 2, "10.0.102.212": 1}, "localIpTotalDuration": 7510.7228, "localIpDuration": {"10.0.98.213": 307.9256, "10.0.97.230": 2428.8331, "10.0.99.74": 252.0449, "10.0.102.102": 3548.9525999999996, "10.0.102.212": 972.9666}}, "Minecraft": {"localIpCount": 5, "localIpFrequency": {"10.0.99.153": 1, "10.0.101.77": 3, "10.0.102.108": 4, "10.0.102.177": 4, "10.0.102.221": 1}, "localIpTotalDuration": 13265.4735, "localIpDuration": {"10.0.99.153": 280.0116, "10.0.101.77": 3211.9233, "10.0.102.108": 6405.6306, "10.0.102.177": 2912.8734999999997, "10.0.102.221": 455.0345}}, "FIFA ONLINE 4 M": {"localIpCount": 3, "localIpFrequency": {"10.0.98.154": 1, "10.0.99.14": 5, "10.0.99.190": 1}, "localIpTotalDuration": 3164.0182000000004, "localIpDuration": {"10.0.98.154": 0.0001, "10.0.99.14": 3080.0073, "10.0.99.190": 84.0108}}, "WePlay - Party Game & Chat": {"localIpCount": 3, "localIpFrequency": {"10.0.99.94": 5, "10.0.99.152": 1, "10.0.102.235": 3}, "localIpTotalDuration": 9828.726899999998, "localIpDuration": {"10.0.99.94": 6214.9481, "10.0.99.152": 462.0053, "10.0.102.235": 3151.7735000000002}}, "Brawl Stars": {"localIpCount": 26, "localIpFrequency": {"10.0.98.134": 1, "10.0.98.231": 1, "10.0.98.233": 1, "10.0.99.74": 3, "10.0.99.143": 1, "10.0.99.94": 2, "10.0.99.204": 2, "10.0.99.126": 2, "10.0.100.173": 1, "10.0.100.138": 9, "10.0.100.202": 2, "10.0.100.216": 1, "10.0.101.91": 1, "10.0.101.9": 1, "10.0.100.212": 2, "10.0.102.80": 1, "10.0.102.108": 2, "10.0.102.96": 3, "10.0.102.102": 4, "10.0.102.132": 1, "10.0.102.81": 2, "10.0.102.136": 5, "10.0.102.148": 1, "10.0.103.1": 1, "10.0.103.64": 1, "10.0.103.84": 1}, "localIpTotalDuration": 73874.77299999999, "localIpDuration": {"10.0.98.134": 979.9992, "10.0.98.231": 1743.2198, "10.0.98.233": 0.0001, "10.0.99.74": 4018.0220999999997, "10.0.99.143": 1707.9393, "10.0.99.94": 1407.0091, "10.0.99.204": 1883.0206999999998, "10.0.99.126": 1799.1887, "10.0.100.173": 125.848, "10.0.100.138": 13951.089500000002, "10.0.100.202": 3417.0383, "10.0.100.216": 832.2291, "10.0.101.91": 1791.9763, "10.0.101.9": 1736.0331, "10.0.100.212": 3535.0321999999996, "10.0.102.80": 1764.2334, "10.0.102.108": 1624.5520000000001, "10.0.102.96": 5152.0007000000005, "10.0.102.102": 6894.6404, "10.0.102.132": 1581.9989, "10.0.102.81": 3499.6175000000003, "10.0.102.136": 8682.8227, "10.0.102.148": 1225.1873, "10.0.103.1": 1799.018, "10.0.103.64": 1134.0128, "10.0.103.84": 1589.0438}}, "PUBG Mobile": {"localIpCount": 27, "localIpFrequency": {"10.0.97.193": 1, "10.0.98.179": 1, "10.0.98.20": 1, "10.0.98.190": 1, "10.0.99.39": 3, "10.0.99.59": 4, "10.0.99.185": 1, "10.0.99.82": 1, "10.0.99.229": 1, "10.0.99.241": 1, "10.0.100.98": 1, "10.0.100.125": 1, "10.0.100.187": 3, "10.0.100.251": 1, "10.0.101.48": 1, "10.0.101.179": 2, "10.0.101.228": 2, "10.0.101.242": 2, "10.0.102.22": 1, "10.0.102.37": 1, "10.0.102.149": 1, "10.0.102.173": 4, "10.0.102.209": 5, "10.0.102.253": 1, "10.0.103.17": 1, "10.0.103.53": 1, "10.0.103.137": 1}, "localIpTotalDuration": 41898.87070000001, "localIpDuration": {"10.0.97.193": 489.9512, "10.0.98.179": 1680.0008, "10.0.98.20": 538.9618, "10.0.98.190": 1463.3717, "10.0.99.39": 3646.6422000000002, "10.0.99.59": 1519.1227, "10.0.99.185": 28.0226, "10.0.99.82": 1785.007, "10.0.99.229": 497.0137, "10.0.99.241": 230.803, "10.0.100.98": 273.0375, "10.0.100.125": 1560.8938, "10.0.100.187": 4354.039699999999, "10.0.100.251": 1463.5345, "10.0.101.48": 160.984, "10.0.101.179": 2828.0853, "10.0.101.228": 3037.9438, "10.0.101.242": 161.0035, "10.0.102.22": 0.002, "10.0.102.37": 175.0304, "10.0.102.149": 175.1182, "10.0.102.173": 6978.7254, "10.0.102.209": 5741.7602, "10.0.102.253": 1113.0474, "10.0.103.17": 796.6428, "10.0.103.53": 780.1569, "10.0.103.137": 419.9686}}, "\ud0d5\ud0d5\ud2b9\uacf5\ub300": {"localIpCount": 2, "localIpFrequency": {"10.0.98.255": 3, "10.0.102.190": 1}, "localIpTotalDuration": 2309.8978, "localIpDuration": {"10.0.98.255": 2191.1846, "10.0.102.190": 118.7132}}, "Diablo Immortal": {"localIpCount": 1, "localIpFrequency": {"10.0.100.92": 2}, "localIpTotalDuration": 273.11289999999997, "localIpDuration": {"10.0.100.92": 273.11289999999997}}, "League of Legends: Wild Rift": {"localIpCount": 20, "localIpFrequency": {"10.0.97.187": 1, "10.0.97.115": 2, "10.0.99.100": 5, "10.0.99.128": 8, "10.0.100.85": 1, "10.0.100.150": 5, "10.0.100.204": 1, "10.0.101.5": 1, "10.0.101.19": 2, "10.0.101.55": 10, "10.0.101.152": 1, "10.0.101.187": 1, "10.0.101.167": 1, "10.0.101.253": 1, "10.0.102.122": 1, "10.0.102.182": 7, "10.0.102.183": 1, "10.0.103.6": 3, "10.0.103.7": 1, "10.0.103.123": 1}, "localIpTotalDuration": 75590.60970000002, "localIpDuration": {"10.0.97.187": 300.9599, "10.0.97.115": 2116.4845, "10.0.99.100": 8771.7472, "10.0.99.128": 12723.1321, "10.0.100.85": 525.0455, "10.0.100.150": 6972.0037, "10.0.100.204": 0.0001, "10.0.101.5": 1784.8929, "10.0.101.19": 1847.5932, "10.0.101.55": 16171.056599999998, "10.0.101.152": 1791.9942, "10.0.101.187": 1798.4537, "10.0.101.167": 1791.9823, "10.0.101.253": 1686.3479, "10.0.102.122": 252.0813, "10.0.102.182": 9442.159599999999, "10.0.102.183": 1708.4679, "10.0.103.6": 3995.0353000000005, "10.0.103.7": 1771.1164, "10.0.103.123": 140.0554}}, "Cookie Run: Kingdom": {"localIpCount": 5, "localIpFrequency": {"10.0.98.243": 2, "10.0.100.173": 2, "10.0.102.72": 1, "10.0.102.171": 1, "10.0.102.190": 1}, "localIpTotalDuration": 5614.352200000001, "localIpDuration": {"10.0.98.243": 1673.3769, "10.0.100.173": 2632.0001, "10.0.102.72": 518.0163, "10.0.102.171": 377.9957, "10.0.102.190": 412.9632}}, "Honkai: Star Rail": {"localIpCount": 6, "localIpFrequency": {"10.0.99.26": 1, "10.0.99.50": 1, "10.0.98.243": 1, "10.0.100.172": 1, "10.0.100.196": 1, "10.0.103.112": 1}, "localIpTotalDuration": 1295.0581, "localIpDuration": {"10.0.99.26": 133.0107, "10.0.99.50": 161.0073, "10.0.98.243": 147.0073, "10.0.100.172": 133.0032, "10.0.100.196": 154.0079, "10.0.103.112": 567.0217}}, "Blue Archive": {"localIpCount": 3, "localIpFrequency": {"10.0.97.185": 1, "10.0.99.188": 1, "10.0.100.179": 1}, "localIpTotalDuration": 539.1727, "localIpDuration": {"10.0.97.185": 175.2035, "10.0.99.188": 363.9692, "10.0.100.179": 0.0}}, "Roblox": {"localIpCount": 62, "localIpFrequency": {"10.0.97.110": 4, "10.0.98.186": 1, "10.0.97.246": 2, "10.0.98.115": 2, "10.0.97.211": 2, "10.0.98.158": 3, "10.0.97.169": 1, "10.0.99.5": 11, "10.0.99.31": 5, "10.0.99.67": 1, "10.0.99.90": 2, "10.0.99.137": 1, "10.0.99.124": 2, "10.0.99.181": 1, "10.0.99.126": 3, "10.0.99.223": 3, "10.0.99.224": 1, "10.0.99.242": 2, "10.0.100.20": 1, "10.0.99.221": 5, "10.0.99.198": 1, "10.0.100.47": 1, "10.0.99.239": 1, "10.0.100.138": 2, "10.0.100.155": 14, "10.0.100.175": 3, "10.0.100.213": 1, "10.0.100.222": 1, "10.0.100.200": 1, "10.0.100.252": 1, "10.0.101.4": 2, "10.0.101.58": 1, "10.0.101.82": 2, "10.0.101.108": 1, "10.0.101.104": 2, "10.0.101.119": 1, "10.0.101.117": 1, "10.0.101.198": 1, "10.0.101.86": 9, "10.0.100.215": 1, "10.0.102.30": 1, "10.0.102.64": 1, "10.0.102.75": 1, "10.0.102.80": 3, "10.0.102.110": 2, "10.0.102.86": 1, "10.0.102.102": 2, "10.0.102.136": 1, "10.0.102.127": 3, "10.0.102.117": 3, "10.0.102.108": 1, "10.0.102.221": 1, "10.0.102.249": 1, "10.0.103.3": 1, "10.0.102.220": 1, "10.0.102.48": 1, "10.0.102.212": 1, "10.0.102.234": 1, "10.0.103.1": 1, "10.0.102.114": 1, "10.0.103.108": 1, "10.0.102.196": 1}, "localIpTotalDuration": 230493.27499999997, "localIpDuration": {"10.0.97.110": 7188.6317, "10.0.98.186": 1784.8723, "10.0.97.246": 3574.8017, "10.0.98.115": 3591.0207, "10.0.97.211": 3595.5964999999997, "10.0.98.158": 5387.6922, "10.0.97.169": 1799.0375, "10.0.99.5": 19745.8223, "10.0.99.31": 8952.254, "10.0.99.67": 1798.4601, "10.0.99.90": 3597.4581, "10.0.99.137": 1798.4726, "10.0.99.124": 3597.23, "10.0.99.181": 1798.4933, "10.0.99.126": 5391.3266, "10.0.99.223": 5391.213400000001,