{"MIR4": {"localIpCount": 1, "localIpFrequency": {"10.0.0.30": 1}, "localIpTotalDuration": 402.9974, "localIpDuration": {"10.0.0.30": 402.9974}}, "Genshin Impact": {"localIpCount": 3, "localIpFrequency": {"10.0.2.205": 56, "10.0.3.39": 1, "10.0.3.11": 1}, "localIpTotalDuration": 35045.05519999998, "localIpDuration": {"10.0.2.205": 34653.050399999986, "10.0.3.39": 264.0044, "10.0.3.11": 128.0004}}, "Roblox": {"localIpCount": 24, "localIpFrequency": {"10.0.2.220": 13, "10.0.2.239": 12, "10.0.2.205": 48, "10.0.2.234": 53, "10.0.2.233": 1, "10.0.2.178": 29, "10.0.2.207": 1, "10.0.2.204": 5, "10.0.2.84": 9, "10.0.2.249": 6, "10.0.2.242": 1, "10.0.2.128": 14, "10.0.3.2": 1, "10.0.2.168": 7, "10.0.2.156": 1, "10.0.2.49": 6, "10.0.2.211": 1, "10.0.2.176": 1, "10.0.3.14": 2, "10.0.3.12": 1, "10.0.3.24": 1, "10.0.1.141": 3, "10.0.2.154": 3, "10.0.3.44": 1}, "localIpTotalDuration": 371790.4659000001, "localIpDuration": {"10.0.2.220": 22398.6139, "10.0.2.239": 21587.270600000003, "10.0.2.205": 80801.48350000003, "10.0.2.234": 93343.09600000003, "10.0.2.233": 1797.6495, "10.0.2.178": 47358.496300000006, "10.0.2.207": 1799.6527, "10.0.2.204": 8987.923499999999, "10.0.2.84": 14190.941199999997, "10.0.2.249": 9816.951700000001, "10.0.2.242": 1793.0013, "10.0.2.128": 23293.555699999997, "10.0.3.2": 1799.6473, "10.0.2.168": 12584.289400000001, "10.0.2.156": 1796.0044, "10.0.2.49": 10565.003100000002, "10.0.2.211": 344.0008, "10.0.2.176": 1796.6289, "10.0.3.14": 3595.9984, "10.0.3.12": 1197.0005, "10.0.3.24": 1796.656, "10.0.1.141": 5397.9407, "10.0.2.154": 3587.6573, "10.0.3.44": 161.0032}}, "Zombie High School": {"localIpCount": 1, "localIpFrequency": {"10.0.2.154": 1}, "localIpTotalDuration": 83.0015, "localIpDuration": {"10.0.2.154": 83.0015}}, "FIFA Mobile": {"localIpCount": 4, "localIpFrequency": {"10.0.2.207": 9, "10.0.2.223": 8, "10.0.2.205": 14, "10.0.2.128": 13}, "localIpTotalDuration": 47111.6633, "localIpDuration": {"10.0.2.207": 9357.0072, "10.0.2.223": 7487.6533, "10.0.2.205": 11232.001499999997, "10.0.2.128": 19035.001299999996}}, "Cookie Run: Kingdom": {"localIpCount": 2, "localIpFrequency": {"10.0.2.172": 2, "10.0.2.234": 1}, "localIpTotalDuration": 2302.9984, "localIpDuration": {"10.0.2.172": 1401.9986, "10.0.2.234": 900.9998}}, "Valor Legends: Dog Rescue": {"localIpCount": 1, "localIpFrequency": {"10.0.2.206": 3}, "localIpTotalDuration": 2236.0053, "localIpDuration": {"10.0.2.206": 2236.0053}}, "\ud0d5\ud0d5\ud2b9\uacf5\ub300": {"localIpCount": 1, "localIpFrequency": {"10.0.2.172": 1}, "localIpTotalDuration": 510.0028, "localIpDuration": {"10.0.2.172": 510.0028}}, "\ucef4\ud22c\uc2a4\ud504\ub85c\uc57c\uad6c2022": {"localIpCount": 1, "localIpFrequency": {"10.0.2.206": 1}, "localIpTotalDuration": 640.0022, "localIpDuration": {"10.0.2.206": 640.0022}}, "Roblox (Game)": {"localIpCount": 28, "localIpFrequency": {"10.0.2.239": 8, "10.0.2.233": 4, "10.0.2.234": 19, "10.0.2.207": 1, "10.0.2.178": 23, "10.0.2.243": 2, "10.0.2.205": 11, "10.0.2.249": 9, "10.0.2.204": 2, "10.0.2.168": 10, "10.0.2.84": 10, "10.0.2.220": 5, "10.0.2.242": 1, "10.0.2.128": 14, "10.0.3.2": 1, "10.0.2.156": 1, "10.0.3.4": 1, "10.0.3.7": 1, "10.0.2.211": 1, "10.0.2.176": 1, "10.0.3.14": 2, "10.0.3.16": 1, "10.0.3.12": 1, "10.0.3.24": 1, "10.0.2.49": 3, "10.0.3.9": 1, "10.0.3.33": 2, "10.0.2.154": 1}, "localIpTotalDuration": 181401.75089999987, "localIpDuration": {"10.0.2.239": 9242.009399999999, "10.0.2.233": 5696.000900000001, "10.0.2.234": 25528.033900000002, "10.0.2.207": 1781.0001, "10.0.2.178": 28989.0349, "10.0.2.243": 3450.9956, "10.0.2.205": 10360.0052, "10.0.2.249": 11203.000700000002, "10.0.2.204": 3498.0023, "10.0.2.168": 16503.6417, "10.0.2.84": 15286.633499999998, "10.0.2.220": 6732.9991, "10.0.2.242": 1363.0028, "10.0.2.128": 19411.3566, "10.0.3.2": 1791.0006, "10.0.2.156": 1729.9974, "10.0.3.4": 1751.0048, "10.0.3.7": 1363.0034, "10.0.2.211": 67.0001, "10.0.2.176": 1780.0061, "10.0.3.14": 3548.0071, "10.0.3.16": 410.0008, "10.0.3.12": 130.9992, "10.0.3.24": 1608.001, "10.0.2.49": 4776.0028, "10.0.3.9": 14.0027, "10.0.3.33": 2069.0048, "10.0.2.154": 1318.0034}}, "Gunship Battle: Crypto Conflict": {"localIpCount": 1, "localIpFrequency": {"10.0.0.105": 7}, "localIpTotalDuration": 2058.9984, "localIpDuration": {"10.0.0.105": 2058.9984}}, "PUBG Mobile": {"localIpCount": 2, "localIpFrequency": {"10.0.2.207": 5, "10.0.0.60": 8}, "localIpTotalDuration": 7652.0073, "localIpDuration": {"10.0.2.207": 2864.0051, "10.0.0.60": 4788.0022}}, "Clash Royale": {"localIpCount": 3, "localIpFrequency": {"10.0.2.221": 5, "10.0.2.172": 1, "10.0.2.243": 1}, "localIpTotalDuration": 5643.005400000001, "localIpDuration": {"10.0.2.221": 4239.007500000001, "10.0.2.172": 0.0, "10.0.2.243": 1403.9979}}, "Pok\u00e9mon GO": {"localIpCount": 1, "localIpFrequency": {"10.0.2.220": 2}, "localIpTotalDuration": 292.00239999999997, "localIpDuration": {"10.0.2.220": 292.00239999999997}}, "Odin: Valhalla Rising": {"localIpCount": 1, "localIpFrequency": {"10.0.0.95": 1}, "localIpTotalDuration": 0.0, "localIpDuration": {"10.0.0.95": 0.0}}, "League of Legends: Wild Rift": {"localIpCount": 1, "localIpFrequency": {"10.0.2.223": 2}, "localIpTotalDuration": 401.00469999999996, "localIpDuration": {"10.0.2.223": 401.00469999999996}}, "Minecraft": {"localIpCount": 3, "localIpFrequency": {"10.0.2.205": 1, "10.0.2.204": 1, "10.0.2.234": 1}, "localIpTotalDuration": 3670.0031000000004, "localIpDuration": {"10.0.2.205": 628.9957, "10.0.2.204": 1788.0006, "10.0.2.234": 1253.0068}}, "Brawl Stars": {"localIpCount": 2, "localIpFrequency": {"10.0.2.216": 1, "10.0.2.220": 2}, "localIpTotalDuration": 1538.0032, "localIpDuration": {"10.0.2.216": 821.0014, "10.0.2.220": 717.0018}}, "HATSUNE MIKU: COLORFUL STAGE!": {"localIpCount": 1, "localIpFrequency": {"10.0.2.230": 1}, "localIpTotalDuration": 36.0011, "localIpDuration": {"10.0.2.230": 36.0011}}, "Free Fire": {"localIpCount": 2, "localIpFrequency": {"10.0.0.83": 6, "10.0.0.186": 1}, "localIpTotalDuration": 4980.9965, "localIpDuration": {"10.0.0.83": 3809.9962000000005, "10.0.0.186": 1171.0003}}}