{"Brawl Stars": {"localIpCount": 4, "localIpFrequency": {"10.0.2.191": 4, "10.0.2.88": 4, "10.0.2.201": 3, "10.0.2.206": 2}, "localIpTotalDuration": 14119.143900000001, "localIpDuration": {"10.0.2.191": 5901.0143, "10.0.2.88": 3451.054, "10.0.2.201": 2429.064, "10.0.2.206": 2338.0116}}, "Gunship Battle: Crypto Conflict": {"localIpCount": 1, "localIpFrequency": {"10.0.0.13": 1}, "localIpTotalDuration": 1624.0197, "localIpDuration": {"10.0.0.13": 1624.0197}}, "Pok\u00e9mon GO": {"localIpCount": 1, "localIpFrequency": {"10.0.0.244": 1}, "localIpTotalDuration": 0.0018, "localIpDuration": {"10.0.0.244": 0.0018}}, "Hero Blaze: Three Kingdoms": {"localIpCount": 2, "localIpFrequency": {"10.0.2.211": 1, "10.0.0.13": 1}, "localIpTotalDuration": 1785.0289, "localIpDuration": {"10.0.2.211": 427.0246, "10.0.0.13": 1358.0043}}, "Random Dice: Defense": {"localIpCount": 1, "localIpFrequency": {"10.0.0.233": 1}, "localIpTotalDuration": 98.0062, "localIpDuration": {"10.0.0.233": 98.0062}}, "Genshin Impact": {"localIpCount": 1, "localIpFrequency": {"10.0.0.79": 3}, "localIpTotalDuration": 1484.0023, "localIpDuration": {"10.0.0.79": 1484.0023}}, "Minecraft": {"localIpCount": 3, "localIpFrequency": {"10.0.0.79": 5, "10.0.2.201": 3, "10.0.2.206": 6}, "localIpTotalDuration": 12480.6802, "localIpDuration": {"10.0.0.79": 1331.8351, "10.0.2.201": 4688.4541, "10.0.2.206": 6460.391}}, "ZEPETO": {"localIpCount": 1, "localIpFrequency": {"10.0.0.10": 1}, "localIpTotalDuration": 168.0335, "localIpDuration": {"10.0.0.10": 168.0335}}, "WePlay - Party Game & Chat": {"localIpCount": 1, "localIpFrequency": {"10.0.0.103": 1}, "localIpTotalDuration": 441.0055, "localIpDuration": {"10.0.0.103": 441.0055}}, "Roblox": {"localIpCount": 26, "localIpFrequency": {"10.0.1.246": 7, "10.0.2.161": 10, "10.0.0.233": 5, "10.0.0.23": 2, "10.0.0.243": 1, "10.0.0.162": 1, "10.0.2.203": 1, "10.0.0.169": 1, "10.0.0.30": 1, "10.0.2.172": 3, "10.0.2.201": 1, "10.0.2.145": 1, "10.0.0.219": 1, "10.0.0.252": 1, "10.0.2.188": 1, "10.0.0.41": 1, "10.0.2.219": 1, "10.0.1.160": 1, "10.0.2.223": 1, "10.0.2.75": 1, "10.0.2.206": 1, "10.0.0.59": 1, "10.0.0.45": 1, "10.0.2.218": 1, "10.0.2.103": 1, "10.0.0.103": 1}, "localIpTotalDuration": 86287.706, "localIpDuration": {"10.0.1.246": 12582.430999999999, "10.0.2.161": 17964.0341, "10.0.0.233": 8992.6168, "10.0.0.23": 3596.6063999999997, "10.0.0.243": 1798.207, "10.0.0.162": 1798.4384, "10.0.2.203": 1798.3857, "10.0.0.169": 1798.2764, "10.0.0.30": 1798.3333, "10.0.2.172": 5394.6888, "10.0.2.201": 1797.8101, "10.0.2.145": 1798.0445, "10.0.0.219": 1798.3403, "10.0.0.252": 1798.1997, "10.0.2.188": 1798.2729, "10.0.0.41": 1798.369, "10.0.2.219": 1798.2038, "10.0.1.160": 1798.3475, "10.0.2.223": 1798.1894, "10.0.2.75": 1799.0219, "10.0.2.206": 1798.1489, "10.0.0.59": 1798.3775, "10.0.0.45": 1798.3048, "10.0.2.218": 1791.4866, "10.0.2.103": 1798.2664, "10.0.0.103": 1798.3048}}, "HATSUNE MIKU: COLORFUL STAGE!": {"localIpCount": 2, "localIpFrequency": {"10.0.2.75": 2, "10.0.0.252": 1}, "localIpTotalDuration": 1050.0197, "localIpDuration": {"10.0.2.75": 742.0134, "10.0.0.252": 308.0063}}}