{"Cookie Run: Kingdom": {"localIpCount": 5, "localIpFrequency": {"10.0.2.176": 1, "10.0.3.14": 1, "10.0.2.243": 3, "10.0.3.35": 2, "10.0.1.246": 2}, "localIpTotalDuration": 5325.3875, "localIpDuration": {"10.0.2.176": 195.1772, "10.0.3.14": 104.9927, "10.0.2.243": 2995.1497, "10.0.3.35": 161.003, "10.0.1.246": 1869.0648999999999}}, "Call of Duty: Mobile": {"localIpCount": 1, "localIpFrequency": {"10.0.2.243": 1}, "localIpTotalDuration": 1175.971, "localIpDuration": {"10.0.2.243": 1175.971}}, "ZEPETO": {"localIpCount": 3, "localIpFrequency": {"10.0.0.10": 3, "10.0.2.228": 2, "10.0.3.37": 6}, "localIpTotalDuration": 2051.0379999999996, "localIpDuration": {"10.0.0.10": 532.042, "10.0.2.228": 1091.9947, "10.0.3.37": 427.0013}}, "FIFA Mobile": {"localIpCount": 2, "localIpFrequency": {"10.0.1.210": 3, "10.0.0.204": 1}, "localIpTotalDuration": 2086.0156, "localIpDuration": {"10.0.1.210": 1960.0166000000002, "10.0.0.204": 125.999}}, "Clash of Clan": {"localIpCount": 1, "localIpFrequency": {"10.0.1.210": 5}, "localIpTotalDuration": 1218.0032999999999, "localIpDuration": {"10.0.1.210": 1218.0032999999999}}, "Random Dice: Defense": {"localIpCount": 2, "localIpFrequency": {"10.0.0.233": 1, "10.0.2.184": 1}, "localIpTotalDuration": 203.02100000000002, "localIpDuration": {"10.0.0.233": 98.0062, "10.0.2.184": 105.0148}}, "Genshin Impact": {"localIpCount": 4, "localIpFrequency": {"10.0.0.79": 7, "10.0.1.155": 3, "10.0.0.39": 1, "10.0.0.15": 1}, "localIpTotalDuration": 5634.944700000001, "localIpDuration": {"10.0.0.79": 4144.0064, "10.0.1.155": 566.9578, "10.0.0.39": 783.9772, "10.0.0.15": 140.0033}}, "Gunship Battle: Crypto Conflict": {"localIpCount": 2, "localIpFrequency": {"10.0.0.13": 6, "10.0.1.151": 1}, "localIpTotalDuration": 7322.9965, "localIpDuration": {"10.0.0.13": 7322.9964, "10.0.1.151": 0.0001}}, "\ud0d5\ud0d5\ud2b9\uacf5\ub300": {"localIpCount": 2, "localIpFrequency": {"10.0.1.190": 1, "10.0.0.233": 1}, "localIpTotalDuration": 511.00239999999997, "localIpDuration": {"10.0.1.190": 0.0001, "10.0.0.233": 511.0023}}, "Honkai: Star Rail": {"localIpCount": 2, "localIpFrequency": {"10.0.1.155": 1, "10.0.0.15": 2}, "localIpTotalDuration": 1532.0788, "localIpDuration": {"10.0.1.155": 125.9886, "10.0.0.15": 1406.0902}}, "TFT: Teamfight Tactics": {"localIpCount": 7, "localIpFrequency": {"10.0.0.21": 11, "10.0.1.210": 14, "10.0.0.3": 1, "10.0.2.63": 27, "10.0.1.140": 1, "10.0.0.16": 11, "10.0.1.216": 4}, "localIpTotalDuration": 57868.89410000001, "localIpDuration": {"10.0.0.21": 9701.984999999999, "10.0.1.210": 15169.0688, "10.0.0.3": 1749.9848, "10.0.2.63": 20859.160799999998, "10.0.1.140": 1511.9977, "10.0.0.16": 5117.6976, "10.0.1.216": 3758.9993999999997}}, "PUBG Mobile": {"localIpCount": 2, "localIpFrequency": {"10.0.0.35": 1, "10.0.3.40": 1}, "localIpTotalDuration": 181.9704, "localIpDuration": {"10.0.0.35": 181.9694, "10.0.3.40": 0.001}}, "KartRider Rush+": {"localIpCount": 1, "localIpFrequency": {"10.0.0.77": 1}, "localIpTotalDuration": 0.0199, "localIpDuration": {"10.0.0.77": 0.0199}}, "\ucef4\ud22c\uc2a4\ud504\ub85c\uc57c\uad6c2022": {"localIpCount": 1, "localIpFrequency": {"10.0.3.49": 3}, "localIpTotalDuration": 2036.9948, "localIpDuration": {"10.0.3.49": 2036.9948}}, "Ninja Must Die": {"localIpCount": 1, "localIpFrequency": {"10.0.3.105": 4}, "localIpTotalDuration": 2450.9609, "localIpDuration": {"10.0.3.105": 2450.9609}}, "Minecraft": {"localIpCount": 6, "localIpFrequency": {"10.0.0.79": 5, "10.0.2.201": 4, "10.0.2.206": 6, "10.0.0.69": 7, "10.0.2.181": 1, "10.0.1.201": 1}, "localIpTotalDuration": 18457.021400000005, "localIpDuration": {"10.0.0.79": 1331.8351, "10.0.2.201": 4946.6638, "10.0.2.206": 6460.391, "10.0.0.69": 4949.0091, "10.0.2.181": 650.9888, "10.0.1.201": 118.1336}}, "HATSUNE MIKU: COLORFUL STAGE!": {"localIpCount": 5, "localIpFrequency": {"10.0.2.75": 2, "10.0.0.252": 10, "10.0.2.186": 1, "10.0.0.7": 1, "10.0.0.80": 1}, "localIpTotalDuration": 9514.311499999998, "localIpDuration": {"10.0.2.75": 742.0134, "10.0.0.252": 8252.301099999999, "10.0.2.186": 154.6311, "10.0.0.7": 148.3558, "10.0.0.80": 217.0101}}, "League of Legends: Wild Rift": {"localIpCount": 11, "localIpFrequency": {"10.0.0.21": 8, "10.0.1.210": 6, "10.0.0.3": 1, "10.0.2.255": 4, "10.0.1.140": 1, "10.0.2.63": 15, "10.0.0.16": 4, "10.0.1.216": 2, "10.0.1.162": 1, "10.0.3.73": 1, "10.0.0.115": 1}, "localIpTotalDuration": 17366.2675, "localIpDuration": {"10.0.0.21": 1617.4305, "10.0.1.210": 1476.9996999999998, "10.0.0.3": 21.0126, "10.0.2.255": 6172.7165, "10.0.1.140": 216.9982, "10.0.2.63": 3927.075100000001, "10.0.0.16": 322.0227, "10.0.1.216": 854.0004, "10.0.1.162": 146.9989, "10.0.3.73": 1673.0015, "10.0.0.115": 938.0114}}, "Zombie High School": {"localIpCount": 1, "localIpFrequency": {"10.0.0.204": 2}, "localIpTotalDuration": 104.9596, "localIpDuration": {"10.0.0.204": 104.9596}}, "Brawl Stars": {"localIpCount": 19, "localIpFrequency": {"10.0.2.191": 4, "10.0.2.88": 13, "10.0.2.201": 6, "10.0.2.206": 2, "10.0.0.170": 2, "10.0.2.243": 3, "10.0.2.178": 1, "10.0.0.96": 1, "10.0.3.35": 13, "10.0.0.24": 1, "10.0.3.39": 1, "10.0.2.220": 1, "10.0.3.88": 4, "10.0.0.224": 1, "10.0.1.183": 1, "10.0.0.115": 1, "10.0.3.100": 1, "10.0.3.111": 1, "10.0.3.15": 3}, "localIpTotalDuration": 62353.77260000001, "localIpDuration": {"10.0.2.191": 5901.0143, "10.0.2.88": 13608.1713, "10.0.2.201": 6174.077999999999, "10.0.2.206": 2338.0116, "10.0.0.170": 1708.0022, "10.0.2.243": 3766.0409, "10.0.2.178": 1042.9938, "10.0.0.96": 294.0029, "10.0.3.35": 13473.4055, "10.0.0.24": 1021.9932, "10.0.3.39": 1000.999, "10.0.2.220": 1224.9849, "10.0.3.88": 3555.0088, "10.0.0.224": 1330.0316, "10.0.1.183": 1176.0236, "10.0.0.115": 356.9991, "10.0.3.100": 1560.9804, "10.0.3.111": 322.0018, "10.0.3.15": 2499.0297}}, "Roblox": {"localIpCount": 75, "localIpFrequency": {"10.0.1.246": 7, "10.0.2.161": 24, "10.0.0.233": 23, "10.0.0.23": 7, "10.0.0.243": 2, "10.0.0.162": 1, "10.0.2.203": 1, "10.0.0.169": 2, "10.0.0.30": 1, "10.0.2.172": 4, "10.0.2.201": 6, "10.0.2.145": 1, "10.0.0.219": 1, "10.0.0.252": 5, "10.0.2.188": 3, "10.0.0.41": 3, "10.0.2.219": 2, "10.0.1.160": 1, "10.0.2.223": 1, "10.0.2.75": 1, "10.0.2.206": 5, "10.0.0.59": 10, "10.0.0.45": 28, "10.0.2.218": 1, "10.0.2.103": 24, "10.0.0.103": 4, "10.0.0.170": 5, "10.0.2.236": 3, "10.0.2.186": 1, "10.0.0.104": 2, "10.0.0.18": 2, "10.0.0.97": 1, "10.0.2.88": 1, "10.0.0.35": 1, "10.0.2.155": 1, "10.0.0.12": 3, "10.0.3.0": 11, "10.0.0.119": 3, "10.0.2.176": 2, "10.0.2.228": 1, "10.0.0.69": 8, "10.0.0.73": 1, "10.0.0.38": 3, "10.0.3.13": 1, "10.0.2.120": 6, "10.0.1.223": 1, "10.0.0.96": 10, "10.0.3.21": 5, "10.0.0.60": 8, "10.0.0.8": 1, "10.0.2.96": 2, "10.0.2.239": 2, "10.0.2.108": 6, "10.0.2.220": 1, "10.0.3.35": 1, "10.0.3.39": 1, "10.0.3.33": 5, "10.0.2.209": 1, "10.0.2.207": 1, "10.0.2.244": 1, "10.0.3.60": 7, "10.0.2.115": 1, "10.0.3.46": 7, "10.0.3.57": 2, "10.0.0.224": 1, "10.0.1.92": 1, "10.0.3.88": 2, "10.0.3.91": 5, "10.0.2.200": 2, "10.0.2.250": 1, "10.0.2.175": 1, "10.0.3.104": 1, "10.0.3.115": 1, "10.0.1.253": 1, "10.0.0.247": 1}, "localIpTotalDuration": 544633.5974999997, "localIpDuration": {"10.0.1.246": 12582.430999999999, "10.0.2.161": 43123.51479999998, "10.0.0.233": 41349.2037, "10.0.0.23": 12588.5626, "10.0.0.243": 3596.4311, "10.0.0.162": 1798.4384, "10.0.2.203": 1798.3857, "10.0.0.169": 3596.6838, "10.0.0.30": 1798.3333, "10.0.2.172": 7193.0485, "10.0.2.201": 10777.4897, "10.0.2.145": 1798.0445, "10.0.0.219": 1798.3403, "10.0.0.252": 8993.358, "10.0.2.188": 5395.5075, "10.0.0.41": 5394.9095, "10.0.2.219": 3596.6225, "10.0.1.160": 1798.3475, "10.0.2.223": 1798.1894, "10.0.2.75": 1799.0219, "10.0.2.206": 8990.3418, "10.0.0.59": 17983.8722, "10.0.0.45": 50299.7554, "10.0.2.218": 1791.4866, "10.0.2.103": 43094.956999999995, "10.0.0.103": 7193.7241, "10.0.0.170": 8992.784200000002, "10.0.2.236": 5395.0835, "10.0.2.186": 1799.0009, "10.0.0.104": 3596.6374, "10.0.0.18": 3596.6032999999998, "10.0.0.97": 1798.2797, "10.0.2.88": 1796.4746,