{"Brawl Stars": {"localIpCount": 23, "localIpFrequency": {"10.0.19.153": 1, "10.0.19.92": 1, "10.0.19.228": 2, "10.0.20.249": 1, "10.0.21.23": 2, "10.0.21.38": 7, "10.0.21.67": 1, "10.0.21.68": 1, "10.0.21.20": 1, "10.0.21.76": 1, "10.0.21.135": 2, "10.0.21.177": 1, "10.0.21.212": 4, "10.0.21.101": 1, "10.0.22.62": 4, "10.0.22.89": 1, "10.0.21.165": 1, "10.0.22.252": 4, "10.0.22.246": 1, "10.0.23.14": 1, "10.0.23.75": 1, "10.0.23.82": 1, "10.0.23.84": 2}, "localIpTotalDuration": 59914.77669999999, "localIpDuration": {"10.0.19.153": 412.9813, "10.0.19.92": 196.0167, "10.0.19.228": 2030.0439999999999, "10.0.20.249": 1260.0116, "10.0.21.23": 3381.3554, "10.0.21.38": 11584.057499999999, "10.0.21.67": 1666.0345, "10.0.21.68": 1743.1465, "10.0.21.20": 1630.9606, "10.0.21.76": 1798.8838, "10.0.21.135": 3486.3424999999997, "10.0.21.177": 1770.6263, "10.0.21.212": 3108.1951, "10.0.21.101": 1155.1266, "10.0.22.62": 5740.4454000000005, "10.0.22.89": 1756.7359, "10.0.21.165": 1680.0163, "10.0.22.252": 7174.1989, "10.0.22.246": 1743.0452, "10.0.23.14": 1729.0118, "10.0.23.75": 1780.7201, "10.0.23.82": 1014.8903, "10.0.23.84": 2071.9304}}, "Roblox": {"localIpCount": 50, "localIpFrequency": {"10.0.19.228": 3, "10.0.19.217": 5, "10.0.19.61": 1, "10.0.19.153": 1, "10.0.20.99": 1, "10.0.20.193": 2, "10.0.19.220": 2, "10.0.20.149": 1, "10.0.20.249": 1, "10.0.21.29": 1, "10.0.21.41": 1, "10.0.21.27": 1, "10.0.21.20": 2, "10.0.21.74": 2, "10.0.21.69": 1, "10.0.21.72": 1, "10.0.21.109": 1, "10.0.21.76": 1, "10.0.21.116": 2, "10.0.21.12": 1, "10.0.21.141": 1, "10.0.21.148": 5, "10.0.21.24": 1, "10.0.21.101": 2, "10.0.21.77": 2, "10.0.22.5": 1, "10.0.21.66": 2, "10.0.21.177": 1, "10.0.21.198": 1, "10.0.21.218": 1, "10.0.22.108": 1, "10.0.21.224": 1, "10.0.21.165": 1, "10.0.21.234": 1, "10.0.22.67": 6, "10.0.21.45": 2, "10.0.21.51": 1, "10.0.22.213": 1, "10.0.22.228": 1, "10.0.22.224": 1, "10.0.22.233": 1, "10.0.23.24": 1, "10.0.22.227": 2, "10.0.23.53": 1, "10.0.23.25": 2, "10.0.23.68": 1, "10.0.22.229": 1, "10.0.23.95": 1, "10.0.23.122": 1, "10.0.23.127": 1}, "localIpTotalDuration": 136591.492, "localIpDuration": {"10.0.19.228": 5393.542, "10.0.19.217": 8991.573, "10.0.19.61": 1798.1984, "10.0.19.153": 1798.3162, "10.0.20.99": 1798.1598, "10.0.20.193": 3596.7368, "10.0.19.220": 3596.8554999999997, "10.0.20.149": 1799.0168, "10.0.20.249": 1798.4054, "10.0.21.29": 1799.0406, "10.0.21.41": 1798.2261, "10.0.21.27": 1798.2575, "10.0.21.20": 3592.4314, "10.0.21.74": 3595.0248, "10.0.21.69": 1798.2201, "10.0.21.72": 1798.3722, "10.0.21.109": 1795.5132, "10.0.21.76": 1793.7604, "10.0.21.116": 3594.6278, "10.0.21.12": 1794.4887, "10.0.21.141": 1794.8874, "10.0.21.148": 8982.0349, "10.0.21.24": 1794.8783, "10.0.21.101": 3589.0513, "10.0.21.77": 3595.6971999999996, "10.0.22.5": 1798.3235, "10.0.21.66": 3597.3141, "10.0.21.177": 1798.046, "10.0.21.198": 1797.9948, "10.0.21.218": 1798.5294, "10.0.22.108": 1797.8876, "10.0.21.224": 1798.1279, "10.0.21.165": 1798.4734, "10.0.21.234": 1798.4325, "10.0.22.67": 10784.7427, "10.0.21.45": 3589.8869, "10.0.21.51": 1798.1645, "10.0.22.213": 1797.6873, "10.0.22.228": 1799.0097, "10.0.22.224": 1798.3091, "10.0.22.233": 1798.2264, "10.0.23.24": 1797.7917, "10.0.22.227": 3593.4401, "10.0.23.53": 1797.5064, "10.0.23.25": 3595.5674, "10.0.23.68": 1789.113, "10.0.22.229": 1793.6806, "10.0.23.95": 1794.3334, "10.0.23.122": 1799.9959, "10.0.23.127": 1795.5919}}, "Minecraft": {"localIpCount": 2, "localIpFrequency": {"10.0.21.38": 3, "10.0.21.198": 1}, "localIpTotalDuration": 3213.5135999999998, "localIpDuration": {"10.0.21.38": 2933.1023999999998, "10.0.21.198": 280.4112}}, "FIFA Mobile": {"localIpCount": 4, "localIpFrequency": {"10.0.19.134": 1, "10.0.20.67": 1, "10.0.21.23": 2, "10.0.23.135": 1}, "localIpTotalDuration": 3310.3753, "localIpDuration": {"10.0.19.134": 496.956, "10.0.20.67": 133.0158, "10.0.21.23": 895.2885, "10.0.23.135": 1785.115}}, "Diablo Immortal": {"localIpCount": 2, "localIpFrequency": {"10.0.21.128": 7, "10.0.23.85": 1}, "localIpTotalDuration": 7501.090800000001, "localIpDuration": {"10.0.21.128": 7304.984900000001, "10.0.23.85": 196.1059}}, "TFT: Teamfight Tactics": {"localIpCount": 1, "localIpFrequency": {"10.0.23.94": 2}, "localIpTotalDuration": 1025.5729000000001, "localIpDuration": {"10.0.23.94": 1025.5729000000001}}, "Genshin Impact": {"localIpCount": 3, "localIpFrequency": {"10.0.21.160": 1, "10.0.21.207": 4, "10.0.22.218": 1}, "localIpTotalDuration": 4815.5896999999995, "localIpDuration": {"10.0.21.160": 153.6079, "10.0.21.207": 4514.9791000000005, "10.0.22.218": 147.0027}}, "Free Fire": {"localIpCount": 14, "localIpFrequency": {"10.0.20.15": 1, "10.0.19.78": 2, "10.0.20.202": 1, "10.0.21.136": 1, "10.0.21.155": 2, "10.0.21.187": 1, "10.0.21.231": 1, "10.0.22.18": 1, "10.0.21.252": 1, "10.0.22.194": 1, "10.0.21.197": 1, "10.0.22.245": 1, "10.0.23.35": 1, "10.0.23.116": 1}, "localIpTotalDuration": 10542.9192, "localIpDuration": {"10.0.20.15": 342.9987, "10.0.19.78": 1820.0884, "10.0.20.202": 97.9781, "10.0.21.136": 1106.012, "10.0.21.155": 2694.9494, "10.0.21.187": 84.2393, "10.0.21.231": 126.64, "10.0.22.18": 1645.1907, "10.0.21.252": 181.847, "10.0.22.194": 1196.9952, "10.0.21.197": 244.9999, "10.0.22.245": 588.0017, "10.0.23.35": 0.0001, "10.0.23.116": 412.9787}}, "League of Legends: Wild Rift": {"localIpCount": 18, "localIpFrequency": {"10.0.19.239": 5, "10.0.20.210": 3, "10.0.19.234": 1, "10.0.21.9": 1, "10.0.21.61": 2, "10.0.21.112": 1, "10.0.21.126": 1, "10.0.21.146": 2, "10.0.21.176": 1, "10.0.21.210": 1, "10.0.21.228": 1, "10.0.21.227": 7, "10.0.21.250": 2, "10.0.21.2": 1, "10.0.23.6": 1, "10.0.23.83": 3, "10.0.23.107": 1, "10.0.23.117": 1}, "localIpTotalDuration": 51593.381900000015, "localIpDuration": {"10.0.19.239": 8861.414700000001, "10.0.20.210": 5333.4710000000005, "10.0.19.234": 1798.3301, "10.0.21.9": 840.0065, "10.0.21.61": 1785.0029, "10.0.21.112": 1652.3233, "10.0.21.126": 1722.0714, "10.0.21.146": 1932.7921999999999, "10.0.21.176": 721.9911, "10.0.21.210": 1799.5302, "10.0.21.228": 1758.6391, "10.0.21.227": 10415.8831, "10.0.21.250": 3451.5305, "10.0.21.2": 1763.544, "10.0.23.6": 336.0193, "10.0.23.83": 3850.5346, "10.0.23.107": 1771.1092, "10.0.23.117": 1799.1887}}, "Black Desert Mobile": {"localIpCount": 1, "localIpFrequency": {"10.0.19.159": 1}, "localIpTotalDuration": 223.7753, "localIpDuration": {"10.0.19.159": 223.7753}}, "World of Tanks": {"localIpCount": 1, "localIpFrequency": {"10.0.21.37": 1}, "localIpTotalDuration": 777.0283, "localIpDuration": {"10.0.21.37": 777.0283}}, "HATSUNE MIKU: COLORFUL STAGE!": {"localIpCount": 2, "localIpFrequency": {"10.0.21.23": 2, "10.0.23.118": 1}, "localIpTotalDuration": 1000.8024, "localIpDuration": {"10.0.21.23": 1000.8024, "10.0.23.118": 0.0}}, "Cookie Run: Kingdom": {"localIpCount": 2, "localIpFrequency": {"10.0.21.23": 5, "10.0.21.74": 1}, "localIpTotalDuration": 4426.0989, "localIpDuration": {"10.0.21.23": 3437.0755, "10.0.21.74": 989.0234}}, "Honkai: Star Rail": {"localIpCount": 2, "localIpFrequency": {"10.0.20.79": 1, "10.0.22.218": 1}, "localIpTotalDuration": 335.972, "localIpDuration": {"10.0.20.79": 189.0065, "10.0.22.218": 146.9655}}, "Clash Royale": {"localIpCount": 1, "localIpFrequency": {"10.0.22.247": 1}, "localIpTotalDuration": 0.0118, "localIpDuration": {"10.0.22.247": 0.0118}}, "Pok\u00e9mon GO": {"localIpCount": 2, "localIpFrequency": {"10.0.21.27": 1, "10.0.21.173": 1}, "localIpTotalDuration": 1568.8875, "localIpDuration": {"10.0.21.27": 119.9222, "10.0.21.173": 1448.9653}}, "Random Dice: Defense": {"localIpCount": 1, "localIpFrequency": {"10.0.21.23": 2}, "localIpTotalDuration": 1162.0473, "localIpDuration": {"10.0.21.23": 1162.0473}}, "Mafia42: Mafia Party Game": {"localIpCount": 1, "localIpFrequency": {"10.0.21.21": 1}, "localIpTotalDuration": 391.9683, "localIpDuration": {"10.0.21.21": 391.9683}}, "WePlay - Party Game & Chat": {"localIpCount": 1, "localIpFrequency": {"10.0.21.173": 4}, "localIpTotalDuration": 5271.029,