{"HATSUNE MIKU: COLORFUL STAGE!": {"localIpCount": 1, "localIpFrequency": {"10.0.1.48": 1}, "localIpTotalDuration": 0.0, "localIpDuration": {"10.0.1.48": 0.0}}, "Zombie High School": {"localIpCount": 2, "localIpFrequency": {"10.0.0.112": 1, "10.0.2.147": 1}, "localIpTotalDuration": 339.3519, "localIpDuration": {"10.0.0.112": 27.3495, "10.0.2.147": 312.0024}}, "New State Mobile": {"localIpCount": 2, "localIpFrequency": {"10.0.2.131": 1, "10.0.2.48": 1}, "localIpTotalDuration": 2364.0852999999997, "localIpDuration": {"10.0.2.131": 1344.0021, "10.0.2.48": 1020.0832}}, "Cookie Run: OvenBreak": {"localIpCount": 1, "localIpFrequency": {"10.0.0.146": 1}, "localIpTotalDuration": 64.9992, "localIpDuration": {"10.0.0.146": 64.9992}}, "FIFA Mobile": {"localIpCount": 12, "localIpFrequency": {"10.0.2.96": 2, "10.0.0.56": 12, "10.0.2.107": 4, "10.0.2.27": 1, "10.0.2.41": 4, "10.0.0.211": 7, "10.0.2.186": 1, "10.0.3.15": 2, "10.0.3.33": 13, "10.0.2.211": 1, "10.0.2.60": 1, "10.0.3.102": 1}, "localIpTotalDuration": 48157.30280000001, "localIpDuration": {"10.0.2.96": 965.0395000000001, "10.0.0.56": 14052.341199999999, "10.0.2.107": 3131.6929, "10.0.2.27": 72.0817, "10.0.2.41": 3532.0227999999997, "10.0.0.211": 9802.8925, "10.0.2.186": 675.9865, "10.0.3.15": 1586.0653, "10.0.3.33": 13533.2482, "10.0.2.211": 155.8357, "10.0.2.60": 338.0488, "10.0.3.102": 312.0477}}, "KartRider Rush+": {"localIpCount": 4, "localIpFrequency": {"10.0.2.27": 3, "10.0.1.159": 1, "10.0.2.183": 1, "10.0.0.12": 1}, "localIpTotalDuration": 2970.7667, "localIpDuration": {"10.0.2.27": 1193.8666, "10.0.1.159": 203.9879, "10.0.2.183": 0.0, "10.0.0.12": 1572.9122}}, "Honkai: Star Rail": {"localIpCount": 1, "localIpFrequency": {"10.0.2.48": 1}, "localIpTotalDuration": 120.0826, "localIpDuration": {"10.0.2.48": 120.0826}}, "Genshin Impact": {"localIpCount": 1, "localIpFrequency": {"10.0.0.112": 3}, "localIpTotalDuration": 3092.8392, "localIpDuration": {"10.0.0.112": 3092.8392}}, "Among us": {"localIpCount": 4, "localIpFrequency": {"10.0.1.159": 1, "10.0.2.182": 2, "10.0.2.195": 2, "10.0.2.147": 1}, "localIpTotalDuration": 6552.903399999999, "localIpDuration": {"10.0.1.159": 1392.0168, "10.0.2.182": 1183.0316, "10.0.2.195": 2313.8567000000003, "10.0.2.147": 1663.9983}}, "Brawl Stars": {"localIpCount": 15, "localIpFrequency": {"10.0.2.102": 1, "10.0.2.107": 1, "10.0.1.235": 5, "10.0.0.11": 1, "10.0.1.102": 1, "10.0.0.56": 3, "10.0.1.174": 1, "10.0.2.147": 13, "10.0.1.35": 1, "10.0.2.253": 1, "10.0.2.227": 8, "10.0.2.126": 1, "10.0.3.33": 6, "10.0.0.112": 1, "10.0.3.22": 1}, "localIpTotalDuration": 40323.27279999999, "localIpDuration": {"10.0.2.102": 48.0843, "10.0.2.107": 227.9916, "10.0.1.235": 7000.5713, "10.0.0.11": 1320.086, "10.0.1.102": 804.0033, "10.0.0.56": 3300.514, "10.0.1.174": 372.0819, "10.0.2.147": 11647.4376, "10.0.1.35": 0.0001, "10.0.2.253": 13.1973, "10.0.2.227": 8127.026800000001, "10.0.2.126": 650.0618, "10.0.3.33": 5109.1976, "10.0.0.112": 13.0195, "10.0.3.22": 1689.9997}}, "Gunship Battle: Crypto Conflict": {"localIpCount": 2, "localIpFrequency": {"10.0.0.49": 6, "10.0.2.44": 1}, "localIpTotalDuration": 6353.775900000001, "localIpDuration": {"10.0.0.49": 6209.873299999999, "10.0.2.44": 143.9026}}, "ZEPETO": {"localIpCount": 2, "localIpFrequency": {"10.0.2.182": 1, "10.0.3.96": 1}, "localIpTotalDuration": 142.99699999999999, "localIpDuration": {"10.0.2.182": 142.9963, "10.0.3.96": 0.0007}}, "UNO": {"localIpCount": 1, "localIpFrequency": {"10.0.0.26": 1}, "localIpTotalDuration": 38.9834, "localIpDuration": {"10.0.0.26": 38.9834}}, "Pok\u00e9mon GO": {"localIpCount": 4, "localIpFrequency": {"10.0.2.47": 2, "10.0.1.239": 1, "10.0.3.37": 2, "10.0.2.224": 1}, "localIpTotalDuration": 4248.052900000001, "localIpDuration": {"10.0.2.47": 984.0052, "10.0.1.239": 975.1938, "10.0.3.37": 961.9094, "10.0.2.224": 1326.9445}}, "\ud0d5\ud0d5\ud2b9\uacf5\ub300": {"localIpCount": 1, "localIpFrequency": {"10.0.0.132": 6}, "localIpTotalDuration": 5017.2397, "localIpDuration": {"10.0.0.132": 5017.2397}}, "WePlay - Party Game & Chat": {"localIpCount": 6, "localIpFrequency": {"10.0.2.113": 1, "10.0.2.137": 1, "10.0.2.165": 5, "10.0.2.147": 2, "10.0.3.116": 10, "10.0.3.128": 4}, "localIpTotalDuration": 24026.361399999998, "localIpDuration": {"10.0.2.113": 12.1691, "10.0.2.137": 72.0876, "10.0.2.165": 793.775, "10.0.2.147": 689.2275000000001, "10.0.3.116": 15361.782099999999, "10.0.3.128": 7097.3201}}, "PUBG Mobile": {"localIpCount": 5, "localIpFrequency": {"10.0.2.94": 1, "10.0.2.27": 4, "10.0.2.48": 8, "10.0.2.211": 2, "10.0.3.100": 1}, "localIpTotalDuration": 11174.5388, "localIpDuration": {"10.0.2.94": 0.0001, "10.0.2.27": 3107.9636, "10.0.2.48": 7416.0596000000005, "10.0.2.211": 507.4253, "10.0.3.100": 143.0902}}, "Call of Duty: Mobile": {"localIpCount": 1, "localIpFrequency": {"10.0.2.48": 2}, "localIpTotalDuration": 2051.9263, "localIpDuration": {"10.0.2.48": 2051.9263}}, "Blue Archive": {"localIpCount": 1, "localIpFrequency": {"10.0.0.3": 1}, "localIpTotalDuration": 108.9463, "localIpDuration": {"10.0.0.3": 108.9463}}, "Roll Roll: Dice Heroes": {"localIpCount": 2, "localIpFrequency": {"10.0.2.23": 1, "10.0.1.202": 1}, "localIpTotalDuration": 84.03559999999999, "localIpDuration": {"10.0.2.23": 84.0212, "10.0.1.202": 0.0144}}, "FIFA ONLINE 4 M": {"localIpCount": 7, "localIpFrequency": {"10.0.2.96": 2, "10.0.0.56": 2, "10.0.2.41": 1, "10.0.2.180": 1, "10.0.3.15": 1, "10.0.3.33": 2, "10.0.0.11": 1}, "localIpTotalDuration": 3501.4667, "localIpDuration": {"10.0.2.96": 313.00890000000004, "10.0.0.56": 168.735, "10.0.2.41": 1679.9161, "10.0.2.180": 39.746, "10.0.3.15": 116.9768, "10.0.3.33": 598.1582, "10.0.0.11": 584.9257}}, "Roblox": {"localIpCount": 84, "localIpFrequency": {"10.0.0.12": 32, "10.0.1.102": 13, "10.0.2.23": 7, "10.0.0.211": 2, "10.0.0.132": 25, "10.0.0.31": 6, "10.0.2.27": 1, "10.0.2.96": 1, "10.0.2.61": 2, "10.0.2.74": 1, "10.0.1.211": 3, "10.0.2.16": 2, "10.0.0.56": 1, "10.0.2.107": 2, "10.0.1.159": 1, "10.0.1.63": 1, "10.0.1.95": 2, "10.0.0.35": 3, "10.0.2.115": 1, "10.0.2.119": 4, "10.0.1.179": 3, "10.0.2.22": 2, "10.0.2.126": 13, "10.0.2.48": 1, "10.0.2.129": 1, "10.0.2.78": 3, "10.0.2.123": 4, "10.0.2.59": 1, "10.0.1.174": 2, "10.0.2.137": 8, "10.0.2.20": 6, "10.0.2.141": 1, "10.0.0.27": 1, "10.0.2.145": 1, "10.0.2.42": 1, "10.0.2.170": 6, "10.0.2.147": 1, "10.0.2.154": 5, "10.0.2.150": 6, "10.0.2.161": 3, "10.0.2.179": 3, "10.0.2.182": 1, "10.0.2.187": 2, "10.0.2.191": 1, "10.0.2.163": 1, "10.0.0.146": 1, "10.0.2.56": 1, "10.0.2.195": 3, "10.0.2.214": 8, "10.0.2.231": 3, "10.0.2.233": 1, "10.0.2.230": 3, "10.0.2.165": 3, "10.0.2.198": 10, "10.0.3.5": 1, "10.0.3.14": 1, "10.0.2.253": 1, "10.0.3.20": 7, "10.0.3.22": 1, "10.0.3.29": 3, "10.0.2.208": 2, "10.0.3.41": 1, "10.0.3.13": 3, "10.0.3.77": 2, "10.0.3.66": 1, "10.0.3.50": 2, "10.0.0.18": 2, "10.0.3.91": 1, "10.0.3.37": 3, "10.0.3.19": 3, "10.0.3.46": 1, "10.0.2.235": 1, "10.0.0.47": 1, "10.0.3.106": 6, "10.0.3.31": 2, "10.0.3.43": 2, "10.0.3.102": 1, "10.0.3.71": 1, "10.0.3.116": 2, "10.0.3.105": 1, "10.0.3.113": 1, "10.0.3.52": 1, "10.0.3.85": 1, "10.0.3.138": 1}, "localIpTotalDuration": 493540.80620000034, "localIpDuration": {"10.0.0.12": 55701.12510000001, "10.0.1.102": 23336.8876, "10.0.2.23": 12566.1831, "10.0.0.211": 3592.5168, "10.0.0.132": 44897.33750000001, "10.0.0.31": 10766.2972, "10.0.2.27": 1795.2793, "10.0.2.96": 1796.4958, "10.0.2.61": 3589.2383, "10.0.2.74": 1797.1146, "10.0.1.211": 5390.6179, "10.0.2.16": 3593.7529000000004, "10.0.0.56": 1797.9144, "10.0.2.107": 3592.483, "10.0.1.159": 1796.6335, "10.0.1.63": 1796.56, "10.0.1.95": 3592.0152, "10.0.0.35": 5385.2064, "10.0.2.115": 1795.6582, "10.0.2.119": 7182.5774, "10.0.1.179": 5391.0302, "10.0.2.22": 3599.5012, "10.0.2.126": 23358.792200000004, "10.0.2.48": 1799.1599, "10.0.2.129": 1798.4336, "10.0.2.78": 5395.0034, "10.0.2.123": 7184.4252, "10.0.2.59": 1796.408, "10.0.1.174": 3593.2407000000003, "10.0.2.137": 14352.6047, "10.0.2.20": 10768.9128,