{"DRAGON BALL LEGENDS": {"localIpCount": 1, "localIpFrequency": {"10.0.30.99": 2}, "localIpTotalDuration": 1771.5261, "localIpDuration": {"10.0.30.99": 1771.5261}}, "Call of Duty: Mobile": {"localIpCount": 1, "localIpFrequency": {"10.0.30.223": 1}, "localIpTotalDuration": 231.0422, "localIpDuration": {"10.0.30.223": 231.0422}}, "Modern Combat": {"localIpCount": 1, "localIpFrequency": {"10.0.31.103": 1}, "localIpTotalDuration": 945.5991, "localIpDuration": {"10.0.31.103": 945.5991}}, "TFT: Teamfight Tactics": {"localIpCount": 2, "localIpFrequency": {"10.0.30.194": 1, "10.0.31.226": 1}, "localIpTotalDuration": 1750.575, "localIpDuration": {"10.0.30.194": 1750.5731, "10.0.31.226": 0.0019}}, "Honkai: Star Rail": {"localIpCount": 2, "localIpFrequency": {"10.0.31.177": 1, "10.0.32.7": 1}, "localIpTotalDuration": 2037.1378, "localIpDuration": {"10.0.31.177": 510.9718, "10.0.32.7": 1526.166}}, "FIFA ONLINE 4 M": {"localIpCount": 2, "localIpFrequency": {"10.0.31.181": 1, "10.0.31.188": 1}, "localIpTotalDuration": 1631.0176999999999, "localIpDuration": {"10.0.31.181": 1631.0176, "10.0.31.188": 0.0001}}, "PUBG Mobile": {"localIpCount": 13, "localIpFrequency": {"10.0.30.13": 1, "10.0.29.223": 1, "10.0.30.125": 1, "10.0.30.152": 1, "10.0.30.187": 1, "10.0.30.200": 1, "10.0.30.186": 1, "10.0.30.245": 2, "10.0.30.252": 1, "10.0.31.144": 1, "10.0.31.196": 1, "10.0.32.111": 1, "10.0.32.107": 1}, "localIpTotalDuration": 9604.560500000001, "localIpDuration": {"10.0.30.13": 1078.0047, "10.0.29.223": 965.9959, "10.0.30.125": 322.0261, "10.0.30.152": 594.95, "10.0.30.187": 1204.0092, "10.0.30.200": 308.2396, "10.0.30.186": 0.0, "10.0.30.245": 2400.6981, "10.0.30.252": 1105.9954, "10.0.31.144": 497.1098, "10.0.31.196": 147.129, "10.0.32.111": 742.1649, "10.0.32.107": 238.2378}}, "HATSUNE MIKU: COLORFUL STAGE!": {"localIpCount": 2, "localIpFrequency": {"10.0.29.8": 1, "10.0.32.69": 1}, "localIpTotalDuration": 1652.0214999999998, "localIpDuration": {"10.0.29.8": 168.0267, "10.0.32.69": 1483.9948}}, "League of Legends: Wild Rift": {"localIpCount": 19, "localIpFrequency": {"10.0.29.61": 1, "10.0.29.94": 1, "10.0.30.31": 3, "10.0.30.54": 6, "10.0.29.233": 2, "10.0.30.83": 4, "10.0.30.141": 6, "10.0.30.165": 5, "10.0.30.183": 2, "10.0.30.173": 5, "10.0.31.42": 2, "10.0.30.251": 1, "10.0.31.9": 1, "10.0.31.219": 4, "10.0.31.235": 4, "10.0.31.248": 2, "10.0.32.37": 3, "10.0.32.110": 2, "10.0.32.45": 3}, "localIpTotalDuration": 87865.88079999998, "localIpDuration": {"10.0.29.61": 615.9409, "10.0.29.94": 1497.9599, "10.0.30.31": 4870.2738, "10.0.30.54": 10300.9525, "10.0.29.233": 2379.1728, "10.0.30.83": 6831.4226, "10.0.30.141": 10592.8543, "10.0.30.165": 6678.4866999999995, "10.0.30.183": 3566.1493, "10.0.30.173": 8653.7663, "10.0.31.42": 2814.1481000000003, "10.0.30.251": 1763.4356, "10.0.31.9": 1750.1716, "10.0.31.219": 4724.2303, "10.0.31.235": 5950.439899999999, "10.0.31.248": 2569.0591999999997, "10.0.32.37": 5295.1392, "10.0.32.110": 3558.7210999999998, "10.0.32.45": 3453.5567}}, "Cookie Run: Kingdom": {"localIpCount": 2, "localIpFrequency": {"10.0.31.176": 1, "10.0.31.192": 1}, "localIpTotalDuration": 2358.9114, "localIpDuration": {"10.0.31.176": 1105.9323, "10.0.31.192": 1252.9791}}, "Roblox": {"localIpCount": 39, "localIpFrequency": {"10.0.29.255": 1, "10.0.29.179": 1, "10.0.29.9": 10, "10.0.30.55": 1, "10.0.30.32": 3, "10.0.30.72": 2, "10.0.30.88": 1, "10.0.30.111": 1, "10.0.30.101": 1, "10.0.30.126": 2, "10.0.30.123": 1, "10.0.30.155": 1, "10.0.30.135": 1, "10.0.30.144": 2, "10.0.30.113": 4, "10.0.30.197": 5, "10.0.30.218": 1, "10.0.30.90": 2, "10.0.30.241": 1, "10.0.30.248": 2, "10.0.30.79": 8, "10.0.30.181": 2, "10.0.31.66": 1, "10.0.31.2": 2, "10.0.31.215": 2, "10.0.31.243": 1, "10.0.32.5": 2, "10.0.32.31": 1, "10.0.32.51": 1, "10.0.32.63": 2, "10.0.32.92": 1, "10.0.32.104": 1, "10.0.32.121": 2, "10.0.32.138": 1, "10.0.32.155": 1, "10.0.32.157": 1, "10.0.32.78": 1, "10.0.32.143": 1, "10.0.32.93": 1}, "localIpTotalDuration": 131730.24329999997, "localIpDuration": {"10.0.29.255": 1797.8936, "10.0.29.179": 1791.2105, "10.0.29.9": 17980.9816, "10.0.30.55": 1798.3131, "10.0.30.32": 5390.2742, "10.0.30.72": 3598.9275, "10.0.30.88": 1798.4092, "10.0.30.111": 1799.0906, "10.0.30.101": 1795.5322, "10.0.30.126": 3590.7988, "10.0.30.123": 1796.0743, "10.0.30.155": 1795.3581, "10.0.30.135": 1794.3053, "10.0.30.144": 3595.6073, "10.0.30.113": 7190.4607000000005, "10.0.30.197": 8960.4912, "10.0.30.218": 1796.9648, "10.0.30.90": 3590.6513, "10.0.30.241": 1794.7268, "10.0.30.248": 3591.2942000000003, "10.0.30.79": 13895.159699999998, "10.0.30.181": 3595.5841, "10.0.31.66": 1793.9142, "10.0.31.2": 3598.0725, "10.0.31.215": 1743.0067, "10.0.31.243": 1763.9922, "10.0.32.5": 2919.0449, "10.0.32.31": 1799.1213, "10.0.32.51": 1799.9908, "10.0.32.63": 3596.7396, "10.0.32.92": 1800.0006, "10.0.32.104": 1800.0002, "10.0.32.121": 3593.4404999999997, "10.0.32.138": 1794.8568, "10.0.32.155": 1799.0119, "10.0.32.157": 1798.4003, "10.0.32.78": 1799.1958, "10.0.32.143": 1799.1148, "10.0.32.93": 1794.2311}}, "The Walking Dead: All-Stars": {"localIpCount": 1, "localIpFrequency": {"10.0.32.180": 1}, "localIpTotalDuration": 322.1606, "localIpDuration": {"10.0.32.180": 322.1606}}, "Brawl Stars": {"localIpCount": 20, "localIpFrequency": {"10.0.29.61": 1, "10.0.29.9": 1, "10.0.30.103": 4, "10.0.30.127": 4, "10.0.30.117": 1, "10.0.30.115": 1, "10.0.30.146": 1, "10.0.30.72": 1, "10.0.30.226": 1, "10.0.30.239": 1, "10.0.31.29": 1, "10.0.30.79": 1, "10.0.31.192": 2, "10.0.31.187": 1, "10.0.31.188": 2, "10.0.32.6": 4, "10.0.32.15": 2, "10.0.32.5": 1, "10.0.32.158": 1, "10.0.32.160": 3}, "localIpTotalDuration": 42335.0325, "localIpDuration": {"10.0.29.61": 986.9836, "10.0.29.9": 1092.1607, "10.0.30.103": 6567.4527, "10.0.30.127": 5198.5908, "10.0.30.117": 1463.4307, "10.0.30.115": 1000.9515, "10.0.30.146": 1784.7923, "10.0.30.72": 1778.3936, "10.0.30.226": 0.0757, "10.0.30.239": 462.2405, "10.0.31.29": 364.0844, "10.0.30.79": 0.0042, "10.0.31.192": 3311.0546, "10.0.31.187": 265.4598, "10.0.31.188": 1743.0092, "10.0.32.6": 6190.4846, "10.0.32.15": 3045.0716, "10.0.32.5": 154.2292, "10.0.32.158": 1799.0159, "10.0.32.160": 5127.546899999999}}, "KartRider Rush+": {"localIpCount": 1, "localIpFrequency": {"10.0.31.187": 1}, "localIpTotalDuration": 35.0029, "localIpDuration": {"10.0.31.187": 35.0029}}, "New State Mobile": {"localIpCount": 1, "localIpFrequency": {"10.0.30.106": 2}, "localIpTotalDuration": 119.0398, "localIpDuration": {"10.0.30.106": 119.0398}}, "Diablo Immortal": {"localIpCount": 3, "localIpFrequency": {"10.0.29.79": 2, "10.0.30.158": 4, "10.0.31.231": 5}, "localIpTotalDuration": 7861.114, "localIpDuration": {"10.0.29.79": 1554.0372, "10.0.30.158": 4465.8451000000005, "10.0.31.231": 1841.2317}}, "Free Fire": {"localIpCount": 7, "localIpFrequency": {"10.0.30.53": 3, "10.0.30.97": 8, "10.0.30.206": 3, "10.0.30.238": 1, "10.0.31.14": 2, "10.0.31.90": 1, "10.0.32.11": 1}, "localIpTotalDuration": 23226.781799999997, "localIpDuration": {"10.0.30.53": 3598.0055999999995, "10.0.30.97": 9926.137999999999, "10.0.30.206": 4011.4805000000006, "10.0.30.238": 1736.1155, "10.0.31.14": 1267.1168, "10.0.31.90": 1672.9677, "10.0.32.11": 1014.9577}}, "Random Dice: Defense": {"localIpCount": 3, "localIpFrequency": {"10.0.29.68": 2, "10.0.30.99": 1, "10.0.31.247": 2}, "localIpTotalDuration": 3227.5283, "localIpDuration": {"10.0.29.68": 979.951, "10.0.30.99": 343.511, "10.0.31.247": 1904.0663}}, "FIFA Mobile": {"localIpCount": 3, "localIpFrequency": {"10.0.30.220": 1, "10.0.31.187": 3, "10.0.31.192": 1}, "localIpTotalDuration": 3311.0513, "localIpDuration": {"10.0.30.220": 987.0543, "10.0.31.187": 531.9982, "10.0.31.192": 1791.9988}}, "Pok\u00e9mon GO": {"localIpCount": 8, "localIpFrequency": {"10.0.29.163": 2, "10.0.30.117": 7, "10.0.30.99": 4, "10.0.30.183": 2, "10.0.30.241": 1, "10.0.31.177": 1, "10.0.32.34": 1, "10.0.31.247": 1}, "localIpTotalDuration": 20996.540600000004,