{"Random Dice: Defense": {"localIpCount": 1, "localIpFrequency": {"10.0.2.94": 3}, "localIpTotalDuration": 980.0043000000001, "localIpDuration": {"10.0.2.94": 980.0043000000001}}, "FIFA Mobile": {"localIpCount": 1, "localIpFrequency": {"10.0.1.23": 3}, "localIpTotalDuration": 3466.0027, "localIpDuration": {"10.0.1.23": 3466.0027}}, "\ucef4\ud22c\uc2a4\ud504\ub85c\uc57c\uad6c2022": {"localIpCount": 1, "localIpFrequency": {"10.0.0.153": 2}, "localIpTotalDuration": 974.0016, "localIpDuration": {"10.0.0.153": 974.0016}}, "Roblox (Game)": {"localIpCount": 16, "localIpFrequency": {"10.0.0.178": 3, "10.0.0.238": 2, "10.0.0.140": 2, "10.0.1.23": 8, "10.0.1.244": 5, "10.0.1.250": 4, "10.0.0.166": 1, "10.0.2.115": 1, "10.0.2.116": 1, "10.0.0.31": 3, "10.0.0.235": 1, "10.0.0.233": 1, "10.0.2.119": 1, "10.0.2.74": 1, "10.0.0.67": 2, "10.0.0.112": 1}, "localIpTotalDuration": 54010.0338, "localIpDuration": {"10.0.0.178": 4836.0042, "10.0.0.238": 2484.0024, "10.0.0.140": 2271.9997, "10.0.1.23": 9582.000399999999, "10.0.1.244": 7536.0028, "10.0.1.250": 6392.0039, "10.0.0.166": 1373.9972, "10.0.2.115": 1624.0036, "10.0.2.116": 1726.0003, "10.0.0.31": 4678.0028, "10.0.0.235": 1679.9998, "10.0.0.233": 1730.0031, "10.0.2.119": 1756.0023, "10.0.2.74": 1478.0034, "10.0.0.67": 3184.0067, "10.0.0.112": 1678.0012}}, "Cookie Run: Kingdom": {"localIpCount": 1, "localIpFrequency": {"10.0.1.250": 1}, "localIpTotalDuration": 508.0004, "localIpDuration": {"10.0.1.250": 508.0004}}, "FIFA ONLINE 4 M": {"localIpCount": 1, "localIpFrequency": {"10.0.1.23": 2}, "localIpTotalDuration": 1224.0005, "localIpDuration": {"10.0.1.23": 1224.0005}}, "Minecraft": {"localIpCount": 1, "localIpFrequency": {"10.0.0.236": 1}, "localIpTotalDuration": 243.998, "localIpDuration": {"10.0.0.236": 243.998}}, "Roblox": {"localIpCount": 14, "localIpFrequency": {"10.0.0.178": 1, "10.0.1.244": 11, "10.0.1.23": 12, "10.0.1.250": 6, "10.0.0.179": 1, "10.0.0.223": 2, "10.0.2.118": 1, "10.0.0.112": 2, "10.0.2.121": 1, "10.0.0.31": 3, "10.0.0.233": 1, "10.0.2.90": 1, "10.0.0.235": 2, "10.0.1.217": 1}, "localIpTotalDuration": 80148.55720000001, "localIpDuration": {"10.0.0.178": 1800.0002, "10.0.1.244": 19319.452100000002, "10.0.1.23": 21249.425, "10.0.1.250": 10793.73, "10.0.0.179": 1799.6391, "10.0.0.223": 3599.2529999999997, "10.0.2.118": 1799.6264, "10.0.0.112": 3597.2790999999997, "10.0.2.121": 1798.0008, "10.0.0.31": 5397.2575, "10.0.0.233": 1799.6281, "10.0.2.90": 1799.9998, "10.0.0.235": 3597.6319, "10.0.1.217": 1797.6342}}, "WePlay - Party Game & Chat": {"localIpCount": 1, "localIpFrequency": {"10.0.0.235": 1}, "localIpTotalDuration": 435.9999, "localIpDuration": {"10.0.0.235": 435.9999}}, "Brawl Stars": {"localIpCount": 1, "localIpFrequency": {"10.0.2.94": 5}, "localIpTotalDuration": 5439.631, "localIpDuration": {"10.0.2.94": 5439.631}}, "Among us": {"localIpCount": 1, "localIpFrequency": {"10.0.2.114": 1}, "localIpTotalDuration": 185.9992, "localIpDuration": {"10.0.2.114": 185.9992}}, "Pok\u00e9mon GO": {"localIpCount": 1, "localIpFrequency": {"10.0.0.235": 1}, "localIpTotalDuration": 208.0012, "localIpDuration": {"10.0.0.235": 208.0012}}}