{"Gunship Battle: Crypto Conflict": {"localIpCount": 1, "localIpFrequency": {"10.0.0.29": 1}, "localIpTotalDuration": 1653.0018, "localIpDuration": {"10.0.0.29": 1653.0018}}, "Roblox": {"localIpCount": 14, "localIpFrequency": {"10.0.2.239": 23, "10.0.3.230": 5, "10.0.3.249": 3, "10.0.4.0": 1, "10.0.2.247": 1, "10.0.2.178": 3, "10.0.3.255": 1, "10.0.4.6": 2, "10.0.3.197": 5, "10.0.3.211": 2, "10.0.2.172": 1, "10.0.2.156": 1, "10.0.2.173": 3, "10.0.4.15": 2}, "localIpTotalDuration": 95265.44650000002, "localIpDuration": {"10.0.2.239": 41320.75099999999, "10.0.3.230": 8987.2845, "10.0.3.249": 5395.0, "10.0.4.0": 1798.0007, "10.0.2.247": 1799.6477, "10.0.2.178": 5392.6529, "10.0.3.255": 1799.6028, "10.0.4.6": 3596.2821, "10.0.3.197": 8986.2863, "10.0.3.211": 3597.3168, "10.0.2.172": 1799.6519, "10.0.2.156": 1799.6533, "10.0.2.173": 5396.6503, "10.0.4.15": 3596.6661999999997}}, "FIFA Mobile": {"localIpCount": 1, "localIpFrequency": {"10.0.3.251": 2}, "localIpTotalDuration": 2596.9997000000003, "localIpDuration": {"10.0.3.251": 2596.9997000000003}}, "Roblox (Game)": {"localIpCount": 15, "localIpFrequency": {"10.0.2.239": 3, "10.0.3.249": 4, "10.0.3.230": 1, "10.0.3.207": 1, "10.0.3.133": 1, "10.0.4.0": 2, "10.0.3.197": 8, "10.0.4.3": 2, "10.0.2.178": 3, "10.0.2.172": 2, "10.0.4.6": 1, "10.0.2.173": 3, "10.0.3.211": 2, "10.0.2.156": 2, "10.0.4.15": 2}, "localIpTotalDuration": 50960.64030000001, "localIpDuration": {"10.0.2.239": 2534.9501, "10.0.3.249": 5102.006, "10.0.3.230": 1542.0063, "10.0.3.207": 1609.0075, "10.0.3.133": 1721.0006, "10.0.4.0": 3277.9951, "10.0.3.197": 11989.0075, "10.0.4.3": 3585.6355, "10.0.2.178": 4719.0159, "10.0.2.172": 3514.0099, "10.0.4.6": 1755.9963, "10.0.2.173": 4606.0029, "10.0.3.211": 3414.0015, "10.0.2.156": 1514.0012000000002, "10.0.4.15": 76.00399999999999}}, "Cookie Run: Kingdom": {"localIpCount": 1, "localIpFrequency": {"10.0.2.172": 1}, "localIpTotalDuration": 1050.9999, "localIpDuration": {"10.0.2.172": 1050.9999}}, "PUBG Mobile": {"localIpCount": 1, "localIpFrequency": {"10.0.0.60": 1}, "localIpTotalDuration": 484.0031, "localIpDuration": {"10.0.0.60": 484.0031}}, "ZEPETO": {"localIpCount": 1, "localIpFrequency": {"10.0.2.173": 4}, "localIpTotalDuration": 2373.0014, "localIpDuration": {"10.0.2.173": 2373.0014}}, "\ucef4\ud22c\uc2a4\ud504\ub85c\uc57c\uad6c2022": {"localIpCount": 1, "localIpFrequency": {"10.0.3.211": 1}, "localIpTotalDuration": 335.9956, "localIpDuration": {"10.0.3.211": 335.9956}}, "Brawl Stars": {"localIpCount": 3, "localIpFrequency": {"10.0.3.249": 6, "10.0.3.211": 9, "10.0.3.250": 1}, "localIpTotalDuration": 15160.998300000001, "localIpDuration": {"10.0.3.249": 6625.0041, "10.0.3.211": 6885.9971, "10.0.3.250": 1649.9971}}, "Clash of Clan": {"localIpCount": 1, "localIpFrequency": {"10.0.3.251": 1}, "localIpTotalDuration": 311.9973, "localIpDuration": {"10.0.3.251": 311.9973}}}