{"Genshin Impact": {"localIpCount": 3, "localIpFrequency": {"10.0.2.7": 5, "10.0.1.112": 7, "10.0.2.31": 2}, "localIpTotalDuration": 15888.392, "localIpDuration": {"10.0.2.7": 4053.449, "10.0.1.112": 9802.7917, "10.0.2.31": 2032.1513}}, "Roblox (Adopt Me!)": {"localIpCount": 12, "localIpFrequency": {"10.0.1.204": 74, "10.0.1.143": 10, "10.0.1.141": 6, "10.0.1.176": 4, "10.0.1.142": 36, "10.0.1.178": 1, "10.0.2.40": 2, "10.0.2.46": 11, "10.0.2.55": 1, "10.0.2.58": 4, "10.0.2.8": 4, "10.0.2.73": 1}, "localIpTotalDuration": 191127.6259, "localIpDuration": {"10.0.1.204": 76317.59099999999, "10.0.1.143": 9757.4201, "10.0.1.141": 10368.1215, "10.0.1.176": 5970.2591, "10.0.1.142": 52051.151699999995, "10.0.1.178": 1763.407, "10.0.2.40": 1831.1523, "10.0.2.46": 17068.565800000004, "10.0.2.55": 1064.2032, "10.0.2.58": 6460.466199999999, "10.0.2.8": 6684.4429, "10.0.2.73": 1790.8451}}, "MIR4": {"localIpCount": 3, "localIpFrequency": {"10.0.0.30": 1, "10.0.0.91": 6, "10.0.2.53": 3}, "localIpTotalDuration": 3671.0532999999996, "localIpDuration": {"10.0.0.30": 213.0006, "10.0.0.91": 1669.1522, "10.0.2.53": 1788.9004999999997}}, "FIFA Mobile": {"localIpCount": 2, "localIpFrequency": {"10.0.2.40": 4, "10.0.2.46": 3}, "localIpTotalDuration": 7830.2374, "localIpDuration": {"10.0.2.40": 4448.7817, "10.0.2.46": 3381.4557000000004}}, "Odin: Valhalla Rising": {"localIpCount": 4, "localIpFrequency": {"10.0.0.25": 2, "10.0.0.95": 4, "10.0.0.96": 1, "10.0.0.41": 1}, "localIpTotalDuration": 603.9991999999997, "localIpDuration": {"10.0.0.25": 0.0002, "10.0.0.95": 301.1017999999999, "10.0.0.96": 302.0501, "10.0.0.41": 0.8471}}, "Birdie Shot": {"localIpCount": 1, "localIpFrequency": {"10.0.0.47": 18}, "localIpTotalDuration": 14730.931400000001, "localIpDuration": {"10.0.0.47": 14730.931400000001}}, "Dragon Village": {"localIpCount": 1, "localIpFrequency": {"10.0.2.10": 1}, "localIpTotalDuration": 150.1019, "localIpDuration": {"10.0.2.10": 150.1019}}, "Pok\u00e9mon GO": {"localIpCount": 2, "localIpFrequency": {"10.0.1.143": 2, "10.0.0.84": 1}, "localIpTotalDuration": 423.3542, "localIpDuration": {"10.0.1.143": 271.30379999999997, "10.0.0.84": 152.0504}}, "Roblox": {"localIpCount": 13, "localIpFrequency": {"10.0.1.204": 190, "10.0.1.143": 9, "10.0.1.141": 6, "10.0.1.176": 7, "10.0.1.142": 32, "10.0.1.178": 3, "10.0.2.32": 1, "10.0.2.40": 2, "10.0.2.46": 8, "10.0.1.247": 2, "10.0.2.58": 9, "10.0.2.8": 5, "10.0.2.73": 2}, "localIpTotalDuration": 487027.1490000001, "localIpDuration": {"10.0.1.204": 337698.9857, "10.0.1.143": 14948.4201, "10.0.1.141": 8942.6276, "10.0.1.176": 11163.906599999998, "10.0.1.142": 56799.28110000001, "10.0.1.178": 5379.5005, "10.0.2.32": 1797.2437, "10.0.2.40": 3577.2285, "10.0.2.46": 14367.4271, "10.0.1.247": 3596.6005999999998, "10.0.2.58": 16160.279, "10.0.2.8": 8996.0882, "10.0.2.73": 3599.5603}}, "Brawl Stars": {"localIpCount": 1, "localIpFrequency": {"10.0.1.247": 1}, "localIpTotalDuration": 0.2021, "localIpDuration": {"10.0.1.247": 0.2021}}, "PUBG Mobile": {"localIpCount": 2, "localIpFrequency": {"10.0.0.60": 9, "10.0.2.52": 1}, "localIpTotalDuration": 5157.210900000001, "localIpDuration": {"10.0.0.60": 4997.161400000001, "10.0.2.52": 160.0495}}, "Clash of Clan": {"localIpCount": 2, "localIpFrequency": {"10.0.2.37": 2, "10.0.2.41": 9}, "localIpTotalDuration": 12379.1125, "localIpDuration": {"10.0.2.37": 2158.1040000000003, "10.0.2.41": 10221.0085}}, "Cookie Run: Kingdom": {"localIpCount": 1, "localIpFrequency": {"10.0.1.247": 1}, "localIpTotalDuration": 316.6091, "localIpDuration": {"10.0.1.247": 316.6091}}, "Minecraft": {"localIpCount": 3, "localIpFrequency": {"10.0.1.142": 5, "10.0.1.178": 1, "10.0.2.69": 1}, "localIpTotalDuration": 4655.5411, "localIpDuration": {"10.0.1.142": 3505.2567, "10.0.1.178": 724.2533, "10.0.2.69": 426.0311}}, "League of Legends: Wild Rift": {"localIpCount": 1, "localIpFrequency": {"10.0.0.39": 1}, "localIpTotalDuration": 150.7448, "localIpDuration": {"10.0.0.39": 150.7448}}, "Among us": {"localIpCount": 1, "localIpFrequency": {"10.0.1.178": 1}, "localIpTotalDuration": 656.9995, "localIpDuration": {"10.0.1.178": 656.9995}}, "Gunship Battle: Crypto Conflict": {"localIpCount": 3, "localIpFrequency": {"10.0.0.41": 2, "10.0.0.43": 1, "10.0.0.29": 1}, "localIpTotalDuration": 923.5169000000001, "localIpDuration": {"10.0.0.41": 170.8199, "10.0.0.43": 481.9495, "10.0.0.29": 270.7475}}}