{"HATSUNE MIKU: COLORFUL STAGE!": {"localIpCount": 2, "localIpFrequency": {"10.0.63.110": 3, "10.0.64.20": 1}, "localIpTotalDuration": 212.2201, "localIpDuration": {"10.0.63.110": 79.101, "10.0.64.20": 133.1191}}, "Diablo Immortal": {"localIpCount": 1, "localIpFrequency": {"10.0.64.61": 1}, "localIpTotalDuration": 232.4672, "localIpDuration": {"10.0.64.61": 232.4672}}, "Sonic Forces": {"localIpCount": 1, "localIpFrequency": {"10.0.65.233": 1}, "localIpTotalDuration": 196.0096, "localIpDuration": {"10.0.65.233": 196.0096}}, "FIFA Mobile": {"localIpCount": 3, "localIpFrequency": {"10.0.63.147": 1, "10.0.65.198": 1, "10.0.67.31": 2}, "localIpTotalDuration": 3008.6278, "localIpDuration": {"10.0.63.147": 175.039, "10.0.65.198": 1069.4854, "10.0.67.31": 1764.1034}}, "KartRider Rush+": {"localIpCount": 1, "localIpFrequency": {"10.0.64.92": 1}, "localIpTotalDuration": 6.8926, "localIpDuration": {"10.0.64.92": 6.8926}}, "Mech Arena": {"localIpCount": 2, "localIpFrequency": {"10.0.63.165": 1, "10.0.65.96": 1}, "localIpTotalDuration": 2170.111, "localIpDuration": {"10.0.63.165": 441.1113, "10.0.65.96": 1728.9997}}, "NBA NOW 23": {"localIpCount": 2, "localIpFrequency": {"10.0.63.209": 1, "10.0.65.133": 1}, "localIpTotalDuration": 0.0001, "localIpDuration": {"10.0.63.209": 0.0001, "10.0.65.133": 0.0}}, "DRAGON BALL LEGENDS": {"localIpCount": 1, "localIpFrequency": {"10.0.65.100": 1}, "localIpTotalDuration": 126.0402, "localIpDuration": {"10.0.65.100": 126.0402}}, "Honkai: Star Rail": {"localIpCount": 1, "localIpFrequency": {"10.0.63.230": 1}, "localIpTotalDuration": 7.0429, "localIpDuration": {"10.0.63.230": 7.0429}}, "Genshin Impact": {"localIpCount": 7, "localIpFrequency": {"10.0.62.9": 2, "10.0.61.172": 3, "10.0.63.164": 9, "10.0.63.156": 1, "10.0.65.161": 4, "10.0.65.246": 4, "10.0.66.17": 1}, "localIpTotalDuration": 20265.4439, "localIpDuration": {"10.0.62.9": 1659.0738999999999, "10.0.61.172": 2387.1151, "10.0.63.164": 4360.9246, "10.0.63.156": 553.2638, "10.0.65.161": 3290.0652999999998, "10.0.65.246": 6216.0005, "10.0.66.17": 1799.0007}}, "Among us": {"localIpCount": 1, "localIpFrequency": {"10.0.64.23": 1}, "localIpTotalDuration": 28.1572, "localIpDuration": {"10.0.64.23": 28.1572}}, "Brawl Stars": {"localIpCount": 37, "localIpFrequency": {"10.0.61.110": 1, "10.0.61.160": 1, "10.0.61.40": 1, "10.0.63.43": 1, "10.0.63.34": 1, "10.0.63.115": 1, "10.0.63.112": 2, "10.0.63.91": 1, "10.0.63.165": 1, "10.0.63.99": 2, "10.0.63.213": 3, "10.0.63.209": 1, "10.0.63.251": 3, "10.0.63.223": 2, "10.0.63.222": 1, "10.0.63.110": 1, "10.0.63.239": 1, "10.0.63.189": 1, "10.0.64.74": 2, "10.0.65.98": 2, "10.0.65.96": 1, "10.0.65.164": 1, "10.0.65.100": 1, "10.0.65.133": 2, "10.0.65.116": 1, "10.0.65.207": 2, "10.0.66.5": 1, "10.0.65.85": 1, "10.0.65.109": 1, "10.0.65.151": 2, "10.0.65.182": 1, "10.0.65.170": 1, "10.0.65.95": 1, "10.0.66.158": 1, "10.0.66.145": 1, "10.0.65.92": 1, "10.0.67.22": 1}, "localIpTotalDuration": 63776.19779999997, "localIpDuration": {"10.0.61.110": 0.4823, "10.0.61.160": 0.0347, "10.0.61.40": 1743.3528, "10.0.63.43": 133.006, "10.0.63.34": 539.0286, "10.0.63.115": 1568.0819, "10.0.63.112": 2226.3948, "10.0.63.91": 1540.331, "10.0.63.165": 1757.4337, "10.0.63.99": 2421.7469, "10.0.63.213": 4501.0936, "10.0.63.209": 1765.1827, "10.0.63.251": 5209.2849, "10.0.63.223": 2642.3797, "10.0.63.222": 910.5747, "10.0.63.110": 1799.6814, "10.0.63.239": 1036.9074, "10.0.63.189": 1400.0041, "10.0.64.74": 706.8116, "10.0.65.98": 2282.008, "10.0.65.96": 1455.9912, "10.0.65.164": 1722.0729, "10.0.65.100": 1694.0266, "10.0.65.133": 2514.4394, "10.0.65.116": 1658.9923, "10.0.65.207": 3505.7262, "10.0.66.5": 1517.8618, "10.0.65.85": 1784.9718, "10.0.65.109": 1778.0574, "10.0.65.151": 3499.6322, "10.0.65.182": 1778.5848, "10.0.65.170": 1766.8806, "10.0.65.95": 1469.6833, "10.0.66.158": 1729.2108, "10.0.66.145": 1463.7666, "10.0.65.92": 0.6392, "10.0.67.22": 251.8399}}, "ZEPETO": {"localIpCount": 2, "localIpFrequency": {"10.0.65.208": 5, "10.0.66.137": 1}, "localIpTotalDuration": 1925.5497999999998, "localIpDuration": {"10.0.65.208": 832.4308999999998, "10.0.66.137": 1093.1189}}, "Pok\u00e9mon GO": {"localIpCount": 3, "localIpFrequency": {"10.0.63.52": 1, "10.0.63.165": 2, "10.0.64.16": 1}, "localIpTotalDuration": 403.67600000000004, "localIpDuration": {"10.0.63.52": 14.0874, "10.0.63.165": 328.79330000000004, "10.0.64.16": 60.7953}}, "\ud0d5\ud0d5\ud2b9\uacf5\ub300": {"localIpCount": 1, "localIpFrequency": {"10.0.63.38": 1}, "localIpTotalDuration": 987.2003, "localIpDuration": {"10.0.63.38": 987.2003}}, "PUBG Mobile": {"localIpCount": 21, "localIpFrequency": {"10.0.62.13": 4, "10.0.62.196": 1, "10.0.63.25": 1, "10.0.64.15": 6, "10.0.64.67": 1, "10.0.64.16": 1, "10.0.63.110": 1, "10.0.64.146": 3, "10.0.64.217": 1, "10.0.64.71": 1, "10.0.65.71": 1, "10.0.65.158": 1, "10.0.65.227": 1, "10.0.65.243": 1, "10.0.66.41": 2, "10.0.65.151": 1, "10.0.66.202": 3, "10.0.66.213": 1, "10.0.66.242": 1, "10.0.67.11": 1, "10.0.67.14": 1}, "localIpTotalDuration": 40743.925899999995, "localIpDuration": {"10.0.62.13": 4375.7429999999995, "10.0.62.196": 1484.1587, "10.0.63.25": 1701.1095, "10.0.64.15": 9617.8603, "10.0.64.67": 679.4444, "10.0.64.16": 1679.513, "10.0.63.110": 0.0001, "10.0.64.146": 4145.2059, "10.0.64.217": 853.9758, "10.0.64.71": 1197.2549, "10.0.65.71": 42.0048, "10.0.65.158": 721.0022, "10.0.65.227": 552.9461, "10.0.65.243": 1273.9925, "10.0.66.41": 3009.9779, "10.0.65.151": 861.0976, "10.0.66.202": 5300.5692, "10.0.66.213": 0.0003, "10.0.66.242": 1449.0416, "10.0.67.11": 1610.1505, "10.0.67.14": 188.8776}}, "Call of Duty: Mobile": {"localIpCount": 1, "localIpFrequency": {"10.0.63.115": 2}, "localIpTotalDuration": 2996.5518, "localIpDuration": {"10.0.63.115": 2996.5518}}, "Blue Archive": {"localIpCount": 3, "localIpFrequency": {"10.0.63.44": 2, "10.0.65.106": 2, "10.0.66.193": 6}, "localIpTotalDuration": 10660.5207, "localIpDuration": {"10.0.63.44": 1190.2827, "10.0.65.106": 2855.8181999999997, "10.0.66.193": 6614.4198}}, "MIR4": {"localIpCount": 1, "localIpFrequency": {"10.0.67.28": 1}, "localIpTotalDuration": 406.3147, "localIpDuration": {"10.0.67.28": 406.3147}}, "Roblox": {"localIpCount": 72, "localIpFrequency": {"10.0.61.237": 2, "10.0.61.221": 1, "10.0.62.175": 1, "10.0.61.111": 1, "10.0.62.22": 1, "10.0.61.99": 1, "10.0.61.104": 1, "10.0.61.103": 2, "10.0.61.135": 2, "10.0.62.207": 2, "10.0.61.20": 1, "10.0.61.30": 1, "10.0.63.43": 2, "10.0.63.42": 1, "10.0.63.99": 1, "10.0.63.41": 1, "10.0.63.87": 1, "10.0.63.135": 1, "10.0.63.132": 1, "10.0.63.158": 1, "10.0.63.174": 1, "10.0.63.34": 1, "10.0.63.96": 1, "10.0.63.125": 5, "10.0.63.200": 4, "10.0.63.228": 2, "10.0.64.66": 1, "10.0.63.94": 1, "10.0.64.16": 1, "10.0.64.127": 1, "10.0.64.174": 1, "10.0.63.239": 1, "10.0.63.91": 1, "10.0.63.106": 1, "10.0.63.38": 2, "10.0.63.207": 1, "10.0.64.231": 1, "10.0.63.172": 1, "10.0.64.214": 1, "10.0.64.86": 1, "10.0.64.245": 1, "10.0.64.187": 1, "10.0.63.37": 1, "10.0.63.44": 1, "10.0.65.80": 1, "10.0.65.92": 1, "10.0.65.108": 1, "10.0.65.120": 3, "10.0.65.126": 1, "10.0.65.93": 1, "10.0.65.144": 5, "10.0.65.204": 1, "10.0.65.178": 2, "10.0.65.224": 1, "10.0.65.179": 1, "10.0.65.217": 1, "10.0.65.248": 1, "10.0.66.21": 1, "10.0.65.194": 1, "10.0.66.36": 1, "10.0.65.124": 1, "10.0.65.89": 2, "10.0.65.105": 1, "10.0.66.186": 2, "10.0.65.122": 1, "10.0.66.227": 1, "10.0.66.118": 1, "10.0.66.14": 1, "10.0.66.231": 1, "10.0.66.228": 1, "10.0.66.28": 1, "10.0.66.33": 1}, "localIpTotalDuration": 170712.3298, "localIpDuration": {"10.0.61.237": 3589.2846, "10.0.61.221": 1795.3582, "10.0.62.175": 1797.0168, "10.0.61.111": 1798.4791, "10.0.62.22": 1799.3125, "10.0.61.99": 1796.3993, "10.0.61.104": 1795.0466, "10.0.61.103": 3593.2943, "10.0.61.135": 3598.0725, "10.0.62.207": 3593.5913, "10.0.61.20": 1796.7106, "10.0.61.30": 1796.2395, "10.0.63.43": 3595.6705, "10.0.63.42": 1798.4301, "10.0.63.99": 1799.0474, "10.0.63.41": 1796.4701, "10.0.63.87": 1795.0359, "10.0.63.135": 1797.127,