{"Cookie Run: Kingdom": {"localIpCount": 5, "localIpFrequency": {"10.0.8.216": 2, "10.0.8.193": 2, "10.0.10.65": 1, "10.0.10.64": 1, "10.0.12.169": 1}, "localIpTotalDuration": 3733.1382, "localIpDuration": {"10.0.8.216": 679.4371, "10.0.8.193": 406.12109999999996, "10.0.10.65": 1295.0032, "10.0.10.64": 141.3583, "10.0.12.169": 1211.2185}}, "Cookie Run: OvenBreak": {"localIpCount": 1, "localIpFrequency": {"10.0.9.105": 1}, "localIpTotalDuration": 49.1129, "localIpDuration": {"10.0.9.105": 49.1129}}, "FIFA Mobile": {"localIpCount": 9, "localIpFrequency": {"10.0.9.3": 1, "10.0.9.88": 1, "10.0.9.156": 1, "10.0.10.142": 1, "10.0.10.107": 1, "10.0.12.16": 1, "10.0.12.156": 1, "10.0.12.154": 1, "10.0.12.122": 1}, "localIpTotalDuration": 7461.3151, "localIpDuration": {"10.0.9.3": 1168.8849, "10.0.9.88": 616.2221, "10.0.9.156": 413.7219, "10.0.10.142": 1225.0376, "10.0.10.107": 245.122, "10.0.12.16": 356.6452, "10.0.12.156": 1730.0875, "10.0.12.154": 430.8813, "10.0.12.122": 1274.7126}}, "Clash of Clan": {"localIpCount": 3, "localIpFrequency": {"10.0.9.216": 1, "10.0.10.185": 1, "10.0.13.19": 1}, "localIpTotalDuration": 869.3702999999999, "localIpDuration": {"10.0.9.216": 868.8126, "10.0.10.185": 0.0001, "10.0.13.19": 0.5576}}, "Random Dice: Defense": {"localIpCount": 3, "localIpFrequency": {"10.0.6.70": 2, "10.0.10.65": 1, "10.0.12.130": 1}, "localIpTotalDuration": 518.4219, "localIpDuration": {"10.0.6.70": 308.22610000000003, "10.0.10.65": 77.0839, "10.0.12.130": 133.1119}}, "DRAGON BALL LEGENDS": {"localIpCount": 2, "localIpFrequency": {"10.0.10.92": 2, "10.0.12.157": 1}, "localIpTotalDuration": 2240.4842, "localIpDuration": {"10.0.10.92": 1169.0413, "10.0.12.157": 1071.4429}}, "Genshin Impact": {"localIpCount": 5, "localIpFrequency": {"10.0.8.134": 5, "10.0.9.83": 4, "10.0.11.91": 3, "10.0.12.124": 1, "10.0.13.56": 1}, "localIpTotalDuration": 13769.478400000002, "localIpDuration": {"10.0.8.134": 3871.3341, "10.0.9.83": 3366.9682, "10.0.11.91": 4305.3048, "10.0.12.124": 882.1527, "10.0.13.56": 1343.7186}}, "\ud0d5\ud0d5\ud2b9\uacf5\ub300": {"localIpCount": 1, "localIpFrequency": {"10.0.7.236": 1}, "localIpTotalDuration": 133.0321, "localIpDuration": {"10.0.7.236": 133.0321}}, "PUBG Mobile": {"localIpCount": 21, "localIpFrequency": {"10.0.7.243": 1, "10.0.7.249": 1, "10.0.8.129": 1, "10.0.8.153": 3, "10.0.9.82": 3, "10.0.9.122": 1, "10.0.9.140": 1, "10.0.9.178": 1, "10.0.9.215": 1, "10.0.10.204": 8, "10.0.10.222": 1, "10.0.11.13": 1, "10.0.11.72": 1, "10.0.11.79": 1, "10.0.10.124": 1, "10.0.11.26": 1, "10.0.12.220": 2, "10.0.13.16": 1, "10.0.13.28": 1, "10.0.13.66": 1, "10.0.13.78": 1}, "localIpTotalDuration": 34099.5657, "localIpDuration": {"10.0.7.243": 875.0091, "10.0.7.249": 1456.0123, "10.0.8.129": 1211.2018, "10.0.8.153": 4264.5284, "10.0.9.82": 1218.7074, "10.0.9.122": 231.6749, "10.0.9.140": 13.9805, "10.0.9.178": 189.5773, "10.0.9.215": 1484.0087, "10.0.10.204": 8966.7299, "10.0.10.222": 1610.4789, "10.0.11.13": 1435.3549, "10.0.11.72": 1694.2371, "10.0.11.79": 973.0445, "10.0.10.124": 1799.3407, "10.0.11.26": 1797.2786, "10.0.12.220": 671.7486, "10.0.13.16": 322.0022, "10.0.13.28": 1673.0369, "10.0.13.66": 1799.524, "10.0.13.78": 412.089}}, "Honkai: Star Rail": {"localIpCount": 1, "localIpFrequency": {"10.0.12.42": 1}, "localIpTotalDuration": 147.0006, "localIpDuration": {"10.0.12.42": 147.0006}}, "TFT: Teamfight Tactics": {"localIpCount": 1, "localIpFrequency": {"10.0.12.242": 1}, "localIpTotalDuration": 1532.9598, "localIpDuration": {"10.0.12.242": 1532.9598}}, "Pok\u00e9mon Unite": {"localIpCount": 4, "localIpFrequency": {"10.0.7.126": 1, "10.0.8.168": 3, "10.0.10.243": 1, "10.0.11.149": 3}, "localIpTotalDuration": 9945.1409, "localIpDuration": {"10.0.7.126": 931.0084, "10.0.8.168": 3661.1328, "10.0.10.243": 1120.7111, "10.0.11.149": 4232.2886}}, "Clash Royale": {"localIpCount": 3, "localIpFrequency": {"10.0.9.38": 1, "10.0.10.164": 1, "10.0.12.54": 1}, "localIpTotalDuration": 167.7467, "localIpDuration": {"10.0.9.38": 7.0147, "10.0.10.164": 153.7678, "10.0.12.54": 6.9642}}, "Diablo Immortal": {"localIpCount": 3, "localIpFrequency": {"10.0.9.62": 4, "10.0.10.254": 1, "10.0.12.245": 2}, "localIpTotalDuration": 6929.5127999999995, "localIpDuration": {"10.0.9.62": 4157.5983, "10.0.10.254": 1385.6101, "10.0.12.245": 1386.3044}}, "Ninja Must Die": {"localIpCount": 1, "localIpFrequency": {"10.0.11.139": 1}, "localIpTotalDuration": 160.9826, "localIpDuration": {"10.0.11.139": 160.9826}}, "NBA NOW 23": {"localIpCount": 1, "localIpFrequency": {"10.0.11.107": 1}, "localIpTotalDuration": 0.0001, "localIpDuration": {"10.0.11.107": 0.0001}}, "Minecraft": {"localIpCount": 9, "localIpFrequency": {"10.0.8.220": 2, "10.0.8.246": 1, "10.0.9.111": 1, "10.0.9.38": 1, "10.0.10.244": 1, "10.0.10.64": 1, "10.0.10.205": 1, "10.0.12.161": 1, "10.0.12.67": 2}, "localIpTotalDuration": 7560.938900000001, "localIpDuration": {"10.0.8.220": 1349.7002, "10.0.8.246": 280.0677, "10.0.9.111": 1301.9756, "10.0.9.38": 0.0001, "10.0.10.244": 826.4889, "10.0.10.64": 112.6316, "10.0.10.205": 56.079, "10.0.12.161": 651.1135, "10.0.12.67": 2982.8823}}, "Blue Archive": {"localIpCount": 1, "localIpFrequency": {"10.0.12.196": 1}, "localIpTotalDuration": 175.6003, "localIpDuration": {"10.0.12.196": 175.6003}}, "HATSUNE MIKU: COLORFUL STAGE!": {"localIpCount": 1, "localIpFrequency": {"10.0.12.54": 1}, "localIpTotalDuration": 203.1219, "localIpDuration": {"10.0.12.54": 203.1219}}, "League of Legends: Wild Rift": {"localIpCount": 22, "localIpFrequency": {"10.0.6.203": 2, "10.0.8.113": 1, "10.0.8.124": 5, "10.0.8.178": 4, "10.0.8.226": 5, "10.0.8.247": 3, "10.0.9.12": 3, "10.0.9.74": 3, "10.0.9.73": 1, "10.0.8.191": 1, "10.0.9.214": 2, "10.0.9.227": 1, "10.0.10.15": 1, "10.0.10.23": 1, "10.0.10.57": 4, "10.0.10.178": 6, "10.0.11.53": 3, "10.0.11.109": 9, "10.0.10.104": 3, "10.0.12.114": 2, "10.0.12.188": 4, "10.0.12.219": 3}, "localIpTotalDuration": 98697.31099999997, "localIpDuration": {"10.0.6.203": 1743.0487, "10.0.8.113": 1749.9969, "10.0.8.124": 5558.555200000001, "10.0.8.178": 6850.246400000001, "10.0.8.226": 7231.285000000001, "10.0.8.247": 4104.4763, "10.0.9.12": 2918.7073, "10.0.9.74": 4559.7909, "10.0.9.73": 273.9225, "10.0.8.191": 1225.0387, "10.0.9.214": 3562.3396000000002, "10.0.9.227": 1799.0161, "10.0.10.15": 1799.1142, "10.0.10.23": 1778.0881, "10.0.10.57": 6208.357, "10.0.10.178": 9923.179199999999, "10.0.11.53": 5243.5181, "10.0.11.109": 15132.7862, "10.0.10.104": 5267.3639, "10.0.12.114": 2065.2834, "10.0.12.188": 4363.7365, "10.0.12.219": 5339.4608}}, "Brawl Stars": {"localIpCount": 47, "localIpFrequency": {"10.0.6.171": 1, "10.0.7.118": 1, "10.0.7.78": 1, "10.0.8.87": 2, "10.0.8.149": 3, "10.0.8.120": 1, "10.0.8.161": 6, "10.0.8.104": 2, "10.0.8.172": 1, "10.0.8.171": 2, "10.0.8.151": 1, "10.0.8.145": 1, "10.0.9.66": 1, "10.0.9.88": 1, "10.0.8.128": 1, "10.0.8.168": 1, "10.0.9.135": 2, "10.0.9.161": 1, "10.0.10.69": 1, "10.0.10.81": 4, "10.0.10.133": 1, "10.0.10.124": 2, "10.0.10.147": 1, "10.0.10.188": 4, "10.0.10.117": 1, "10.0.10.207": 1, "10.0.10.146": 5, "10.0.11.58": 1, "10.0.10.109": 1, "10.0.10.85": 1, "10.0.10.151": 1, "10.0.11.127": 1, "10.0.11.213": 1, "10.0.11.201": 2, "10.0.12.16": 1, "10.0.12.60": 2, "10.0.12.45": 2, "10.0.12.73": 2, "10.0.12.55": 1, "10.0.12.95": 2, "10.0.12.139": 1, "10.0.12.93": 2, "10.0.12.160": 1, "10.0.12.134": 1, "10.0.12.146": 1, "10.0.13.3": 1, "10.0.13.57": 1}, "localIpTotalDuration": 107649.61210000001, "localIpDuration": {"10.0.6.171": 707.0618, "10.0.7.118": 440.808, "10.0.7.78": 0.0898, "10.0.8.87": 3430.2392, "10.0.8.149": 5230.9044, "10.0.8.120": 1785.1173, "10.0.8.161": 8357.821600000001, "10.0.8.104": 2177.4739, "10.0.8.172": 1666.2439, "10.0.8.171": 3303.7072, "10.0.8.151": 1735.8463, "10.0.8.145": 945.5916, "10.0.9.66": 1485.7683, "10.0.9.88": 1651.7385, "10.0.8.128": 1036.7208, "10.0.8.168": 1785.0242, "10.0.9.135": 3459.9542, "10.0.9.161": 1785.3475, "10.0.10.69": 1799.0029, "10.0.10.81": 5333.6763,