{"Genshin Impact": {"localIpCount": 1, "localIpFrequency": {"10.0.3.95": 2}, "localIpTotalDuration": 620.9982, "localIpDuration": {"10.0.3.95": 620.9982}}, "Minecraft": {"localIpCount": 2, "localIpFrequency": {"10.0.3.112": 1, "10.0.2.156": 4}, "localIpTotalDuration": 5850.000400000001, "localIpDuration": {"10.0.3.112": 406.9987, "10.0.2.156": 5443.0017}}, "Free Fire": {"localIpCount": 2, "localIpFrequency": {"10.0.3.119": 5, "10.0.0.83": 1}, "localIpTotalDuration": 8231.9923, "localIpDuration": {"10.0.3.119": 7528.9908, "10.0.0.83": 703.0015}}, "League of Legends: Wild Rift": {"localIpCount": 1, "localIpFrequency": {"10.0.3.121": 1}, "localIpTotalDuration": 280.0011, "localIpDuration": {"10.0.3.121": 280.0011}}, "Pok\u00e9mon GO": {"localIpCount": 2, "localIpFrequency": {"10.0.3.112": 1, "10.0.3.120": 1}, "localIpTotalDuration": 1471.9975, "localIpDuration": {"10.0.3.112": 1080.0003, "10.0.3.120": 391.9972}}, "FIFA Mobile": {"localIpCount": 2, "localIpFrequency": {"10.0.3.69": 1, "10.0.3.112": 1}, "localIpTotalDuration": 1715.0046, "localIpDuration": {"10.0.3.69": 993.0047, "10.0.3.112": 721.9999}}, "Cookie Run: Kingdom": {"localIpCount": 1, "localIpFrequency": {"10.0.2.172": 1}, "localIpTotalDuration": 311.6531, "localIpDuration": {"10.0.2.172": 311.6531}}, "Roblox (Game)": {"localIpCount": 13, "localIpFrequency": {"10.0.3.69": 2, "10.0.3.96": 1, "10.0.3.112": 1, "10.0.3.117": 1, "10.0.2.168": 3, "10.0.3.55": 8, "10.0.3.120": 1, "10.0.2.172": 2, "10.0.3.14": 1, "10.0.3.61": 2, "10.0.2.128": 2, "10.0.3.106": 4, "10.0.2.250": 1}, "localIpTotalDuration": 42061.2812, "localIpDuration": {"10.0.3.69": 1944.9995000000001, "10.0.3.96": 340.0011, "10.0.3.112": 1725.004, "10.0.3.117": 1790.008, "10.0.2.168": 5032.9981, "10.0.3.55": 13246.0225, "10.0.3.120": 1448.9973, "10.0.2.172": 3585.6444, "10.0.3.14": 1675.0003, "10.0.3.61": 3599.9987, "10.0.2.128": 3564.608, "10.0.3.106": 3788.001, "10.0.2.250": 319.9983}}, "Roblox": {"localIpCount": 12, "localIpFrequency": {"10.0.3.112": 11, "10.0.3.69": 10, "10.0.2.168": 3, "10.0.3.60": 2, "10.0.3.61": 5, "10.0.3.55": 5, "10.0.2.172": 2, "10.0.2.128": 2, "10.0.2.156": 1, "10.0.3.123": 1, "10.0.3.106": 3, "10.0.2.250": 1}, "localIpTotalDuration": 77747.6692, "localIpDuration": {"10.0.3.112": 19478.2978, "10.0.3.69": 17959.2932, "10.0.2.168": 5390.968800000001, "10.0.3.60": 3599.6524, "10.0.3.61": 8990.6526, "10.0.3.55": 7698.9205999999995, "10.0.2.172": 1799.9985, "10.0.2.128": 3599.2814, "10.0.2.156": 1799.0003, "10.0.3.123": 1697.0009, "10.0.3.106": 5140.601000000001, "10.0.2.250": 594.0017}}, "\ud0d5\ud0d5\ud2b9\uacf5\ub300": {"localIpCount": 2, "localIpFrequency": {"10.0.2.172": 3, "10.0.3.120": 1}, "localIpTotalDuration": 4128.003599999999, "localIpDuration": {"10.0.2.172": 3732.9983999999995, "10.0.3.120": 395.0052}}}