{"HATSUNE MIKU: COLORFUL STAGE!": {"localIpCount": 2, "localIpFrequency": {"10.0.0.94": 4, "10.0.0.187": 2}, "localIpTotalDuration": 3178.3549, "localIpDuration": {"10.0.0.94": 2394.3372, "10.0.0.187": 784.0177}}, "MIR4": {"localIpCount": 1, "localIpFrequency": {"10.0.0.148": 1}, "localIpTotalDuration": 133.112, "localIpDuration": {"10.0.0.148": 133.112}}, "Random Dice: Defense": {"localIpCount": 1, "localIpFrequency": {"10.0.0.149": 1}, "localIpTotalDuration": 77.0738, "localIpDuration": {"10.0.0.149": 77.0738}}, "WePlay - Party Game & Chat": {"localIpCount": 3, "localIpFrequency": {"10.0.0.177": 1, "10.0.0.186": 1, "10.0.1.27": 1}, "localIpTotalDuration": 1266.8767, "localIpDuration": {"10.0.0.177": 251.9394, "10.0.0.186": 874.9376, "10.0.1.27": 139.9997}}, "Among us": {"localIpCount": 1, "localIpFrequency": {"10.0.0.147": 1}, "localIpTotalDuration": 798.0194, "localIpDuration": {"10.0.0.147": 798.0194}}, "TFT: Teamfight Tactics": {"localIpCount": 3, "localIpFrequency": {"10.0.1.45": 4, "10.0.1.91": 2, "10.0.1.98": 2}, "localIpTotalDuration": 9092.4801, "localIpDuration": {"10.0.1.45": 5270.4661, "10.0.1.91": 2051.0096, "10.0.1.98": 1771.0043999999998}}, "Hero Blaze: Three Kingdoms": {"localIpCount": 1, "localIpFrequency": {"10.0.0.71": 1}, "localIpTotalDuration": 0.0091, "localIpDuration": {"10.0.0.71": 0.0091}}, "FIFA Mobile": {"localIpCount": 2, "localIpFrequency": {"10.0.0.178": 1, "10.0.0.5": 4}, "localIpTotalDuration": 4857.3633, "localIpDuration": {"10.0.0.178": 70.0441, "10.0.0.5": 4787.319200000001}}, "Genshin Impact": {"localIpCount": 2, "localIpFrequency": {"10.0.0.50": 1, "10.0.0.184": 1}, "localIpTotalDuration": 235.044, "localIpDuration": {"10.0.0.50": 25.0275, "10.0.0.184": 210.0165}}, "PUBG Mobile": {"localIpCount": 7, "localIpFrequency": {"10.0.0.50": 1, "10.0.0.101": 2, "10.0.0.201": 1, "10.0.0.217": 1, "10.0.0.118": 3, "10.0.0.250": 1, "10.0.0.175": 1}, "localIpTotalDuration": 4562.684700000001, "localIpDuration": {"10.0.0.50": 13.2053, "10.0.0.101": 2666.5692, "10.0.0.201": 182.0034, "10.0.0.217": 517.949, "10.0.0.118": 1007.9554999999999, "10.0.0.250": 0.0009, "10.0.0.175": 175.0014}}, "Pok\u00e9mon GO": {"localIpCount": 1, "localIpFrequency": {"10.0.0.170": 20}, "localIpTotalDuration": 29071.5463, "localIpDuration": {"10.0.0.170": 29071.5463}}, "Brawl Stars": {"localIpCount": 8, "localIpFrequency": {"10.0.0.80": 1, "10.0.0.219": 1, "10.0.0.38": 2, "10.0.0.216": 5, "10.0.0.247": 2, "10.0.0.25": 1, "10.0.1.50": 1, "10.0.0.211": 1}, "localIpTotalDuration": 19104.741800000003, "localIpDuration": {"10.0.0.80": 216.9885, "10.0.0.219": 1771.0375, "10.0.0.38": 3017.0347, "10.0.0.216": 8430.222, "10.0.0.247": 2260.1652, "10.0.0.25": 1750.326, "10.0.1.50": 1609.9991, "10.0.0.211": 48.9688}}, "Gunship Battle: Crypto Conflict": {"localIpCount": 1, "localIpFrequency": {"10.0.0.180": 1}, "localIpTotalDuration": 1259.9732, "localIpDuration": {"10.0.0.180": 1259.9732}}, "Roblox": {"localIpCount": 43, "localIpFrequency": {"10.0.0.13": 1, "10.0.0.49": 1, "10.0.0.46": 1, "10.0.0.51": 3, "10.0.0.42": 3, "10.0.0.25": 3, "10.0.0.18": 1, "10.0.0.5": 1, "10.0.0.8": 3, "10.0.0.73": 1, "10.0.0.14": 1, "10.0.0.32": 2, "10.0.0.102": 1, "10.0.0.143": 2, "10.0.0.77": 3, "10.0.0.171": 1, "10.0.0.22": 1, "10.0.0.164": 2, "10.0.0.38": 2, "10.0.0.31": 1, "10.0.0.118": 1, "10.0.0.212": 1, "10.0.0.78": 1, "10.0.0.244": 1, "10.0.0.195": 1, "10.0.0.218": 1, "10.0.0.144": 2, "10.0.1.19": 1, "10.0.0.229": 1, "10.0.0.4": 1, "10.0.0.197": 1, "10.0.1.32": 1, "10.0.0.177": 1, "10.0.0.172": 1, "10.0.1.57": 1, "10.0.1.7": 1, "10.0.0.23": 6, "10.0.0.186": 5, "10.0.0.108": 3, "10.0.0.74": 2, "10.0.0.250": 2, "10.0.0.247": 1, "10.0.0.211": 2}, "localIpTotalDuration": 129418.95940000002, "localIpDuration": {"10.0.0.13": 1799.4039, "10.0.0.49": 1796.0892, "10.0.0.46": 1799.3495, "10.0.0.51": 5391.1326, "10.0.0.42": 5389.3468, "10.0.0.25": 5391.6999, "10.0.0.18": 1793.9993, "10.0.0.5": 1795.2036, "10.0.0.8": 5390.6927, "10.0.0.73": 1795.6885, "10.0.0.14": 1795.6009, "10.0.0.32": 3594.3526, "10.0.0.102": 1796.1447, "10.0.0.143": 3593.4505, "10.0.0.77": 5395.5364, "10.0.0.171": 1798.3931, "10.0.0.22": 1798.2132, "10.0.0.164": 3592.4717, "10.0.0.38": 3596.3746, "10.0.0.31": 1798.3003, "10.0.0.118": 1798.3732, "10.0.0.212": 1798.4007, "10.0.0.78": 1795.4905, "10.0.0.244": 1798.3745, "10.0.0.195": 1798.4264, "10.0.0.218": 1797.9387, "10.0.0.144": 3596.8454, "10.0.1.19": 1799.4384, "10.0.0.229": 1795.2838, "10.0.0.4": 1794.3927, "10.0.0.197": 1795.9305, "10.0.1.32": 1793.8411, "10.0.0.177": 1793.4946, "10.0.0.172": 1798.2691, "10.0.1.57": 1798.2529, "10.0.1.7": 1798.3644, "10.0.0.23": 10790.3883, "10.0.0.186": 8991.8301, "10.0.0.108": 5395.5898, "10.0.0.74": 3596.7909, "10.0.0.250": 3596.8154, "10.0.0.247": 1798.2782, "10.0.0.211": 3596.7057999999997}}, "League of Legends: Wild Rift": {"localIpCount": 4, "localIpFrequency": {"10.0.0.53": 16, "10.0.0.5": 2, "10.0.0.38": 7, "10.0.1.91": 3}, "localIpTotalDuration": 43271.5446, "localIpDuration": {"10.0.0.53": 25917.959300000002, "10.0.0.5": 3493.002, "10.0.0.38": 11949.5778, "10.0.1.91": 1911.0054999999998}}, "Clash of Clan": {"localIpCount": 1, "localIpFrequency": {"10.0.1.28": 1}, "localIpTotalDuration": 6.879, "localIpDuration": {"10.0.1.28": 6.879}}, "Clash Royale": {"localIpCount": 1, "localIpFrequency": {"10.0.0.78": 1}, "localIpTotalDuration": 14.5644, "localIpDuration": {"10.0.0.78": 14.5644}}}