{"Brawl Stars": {"localIpCount": 2, "localIpFrequency": {"10.0.3.207": 1, "10.0.4.42": 1}, "localIpTotalDuration": 63.1145, "localIpDuration": {"10.0.3.207": 63.1145, "10.0.4.42": 0.0}}, "Genshin Impact": {"localIpCount": 1, "localIpFrequency": {"10.0.0.35": 1}, "localIpTotalDuration": 917.0001, "localIpDuration": {"10.0.0.35": 917.0001}}, "League of Legends: Wild Rift": {"localIpCount": 1, "localIpFrequency": {"10.0.1.162": 1}, "localIpTotalDuration": 14.0201, "localIpDuration": {"10.0.1.162": 14.0201}}, "HATSUNE MIKU: COLORFUL STAGE!": {"localIpCount": 2, "localIpFrequency": {"10.0.0.252": 5, "10.0.2.186": 1}, "localIpTotalDuration": 1672.9472, "localIpDuration": {"10.0.0.252": 1203.91, "10.0.2.186": 469.0372}}, "Minecraft": {"localIpCount": 1, "localIpFrequency": {"10.0.2.67": 1}, "localIpTotalDuration": 1666.0055, "localIpDuration": {"10.0.2.67": 1666.0055}}, "Cookie Run: Kingdom": {"localIpCount": 1, "localIpFrequency": {"10.0.1.8": 1}, "localIpTotalDuration": 119.0111, "localIpDuration": {"10.0.1.8": 119.0111}}, "WePlay - Party Game & Chat": {"localIpCount": 1, "localIpFrequency": {"10.0.2.75": 2}, "localIpTotalDuration": 2375.0679, "localIpDuration": {"10.0.2.75": 2375.0679}}, "FIFA ONLINE 4 M": {"localIpCount": 1, "localIpFrequency": {"10.0.4.42": 1}, "localIpTotalDuration": 0.0, "localIpDuration": {"10.0.4.42": 0.0}}, "Zombie High School": {"localIpCount": 1, "localIpFrequency": {"10.0.0.73": 8}, "localIpTotalDuration": 4340.1529, "localIpDuration": {"10.0.0.73": 4340.1529}}, "Pok\u00e9mon Unite": {"localIpCount": 1, "localIpFrequency": {"10.0.0.38": 1}, "localIpTotalDuration": 796.9731, "localIpDuration": {"10.0.0.38": 796.9731}}, "FIFA Mobile": {"localIpCount": 3, "localIpFrequency": {"10.0.0.35": 1, "10.0.1.8": 1, "10.0.4.42": 2}, "localIpTotalDuration": 4325.9103000000005, "localIpDuration": {"10.0.0.35": 1749.9917, "10.0.1.8": 6.8843, "10.0.4.42": 2569.0343000000003}}, "Roblox": {"localIpCount": 20, "localIpFrequency": {"10.0.4.3": 5, "10.0.0.38": 15, "10.0.3.185": 1, "10.0.0.252": 1, "10.0.3.91": 5, "10.0.3.130": 1, "10.0.0.233": 2, "10.0.2.75": 4, "10.0.0.30": 1, "10.0.4.30": 1, "10.0.1.189": 1, "10.0.3.181": 1, "10.0.0.59": 1, "10.0.4.34": 1, "10.0.3.146": 1, "10.0.0.170": 2, "10.0.3.207": 1, "10.0.4.0": 1, "10.0.2.120": 1, "10.0.4.27": 1}, "localIpTotalDuration": 84498.23640000002, "localIpDuration": {"10.0.4.3": 8986.2876, "10.0.0.38": 26975.938200000004, "10.0.3.185": 1798.3851, "10.0.0.252": 1798.3824, "10.0.3.91": 8992.8735, "10.0.3.130": 1798.4114, "10.0.0.233": 3597.2579, "10.0.2.75": 7186.4217, "10.0.0.30": 1798.4084, "10.0.4.30": 1798.2767, "10.0.1.189": 1798.1113, "10.0.3.181": 1798.2511, "10.0.0.59": 1798.2002, "10.0.4.34": 1798.1949, "10.0.3.146": 1794.8096, "10.0.0.170": 3593.3003, "10.0.3.207": 1795.0268, "10.0.4.0": 1794.3181, "10.0.2.120": 1799.0186, "10.0.4.27": 1798.3626}}, "\ud0d5\ud0d5\ud2b9\uacf5\ub300": {"localIpCount": 1, "localIpFrequency": {"10.0.0.65": 1}, "localIpTotalDuration": 209.99, "localIpDuration": {"10.0.0.65": 209.99}}}