{"PUBG Mobile": {"localIpCount": 1, "localIpFrequency": {"10.0.0.57": 1}, "localIpTotalDuration": 82.0002, "localIpDuration": {"10.0.0.57": 82.0002}}, "FIFA Mobile": {"localIpCount": 1, "localIpFrequency": {"10.0.0.38": 1}, "localIpTotalDuration": 698.0025, "localIpDuration": {"10.0.0.38": 698.0025}}, "ZEPETO": {"localIpCount": 1, "localIpFrequency": {"10.0.0.35": 2}, "localIpTotalDuration": 14.0008, "localIpDuration": {"10.0.0.35": 14.0008}}, "Roblox": {"localIpCount": 19, "localIpFrequency": {"10.0.4.69": 3, "10.0.4.32": 9, "10.0.0.7": 1, "10.0.0.9": 1, "10.0.0.11": 1, "10.0.0.14": 1, "10.0.0.15": 2, "10.0.0.18": 1, "10.0.0.28": 1, "10.0.0.29": 4, "10.0.0.31": 2, "10.0.0.32": 1, "10.0.0.38": 3, "10.0.0.42": 1, "10.0.0.44": 5, "10.0.0.46": 1, "10.0.0.45": 2, "10.0.0.51": 2, "10.0.0.43": 1}, "localIpTotalDuration": 73000.01130000003, "localIpDuration": {"10.0.4.69": 5385.6541, "10.0.4.32": 16133.953600000003, "10.0.0.7": 1798.0001, "10.0.0.9": 1800.0, "10.0.0.11": 1793.6389, "10.0.0.14": 1733.6327, "10.0.0.15": 1810.0009, "10.0.0.18": 1789.9999, "10.0.0.28": 1202.0001, "10.0.0.29": 7191.2585, "10.0.0.31": 3593.263, "10.0.0.32": 1798.0002, "10.0.0.38": 5397.2472, "10.0.0.42": 1789.6224, "10.0.0.44": 8993.2565, "10.0.0.46": 1795.6251, "10.0.0.45": 3599.6206, "10.0.0.51": 3597.6075, "10.0.0.43": 1797.63}}, "Pok\u00e9mon GO": {"localIpCount": 1, "localIpFrequency": {"10.0.0.47": 1}, "localIpTotalDuration": 1539.9998, "localIpDuration": {"10.0.0.47": 1539.9998}}, "Roblox (Game)": {"localIpCount": 14, "localIpFrequency": {"10.0.4.69": 1, "10.0.0.9": 1, "10.0.0.11": 1, "10.0.0.14": 1, "10.0.0.18": 1, "10.0.0.28": 1, "10.0.0.31": 1, "10.0.0.32": 2, "10.0.0.15": 1, "10.0.0.38": 4, "10.0.0.42": 3, "10.0.0.44": 5, "10.0.0.51": 1, "10.0.0.43": 1}, "localIpTotalDuration": 33626.0098, "localIpDuration": {"10.0.4.69": 230.0018, "10.0.0.9": 1744.0034, "10.0.0.11": 1178.0, "10.0.0.14": 1769.9995, "10.0.0.18": 2.001, "10.0.0.28": 989.9999, "10.0.0.31": 851.9993, "10.0.0.32": 3197.9991, "10.0.0.15": 1223.9995, "10.0.0.38": 6336.001, "10.0.0.42": 5286.0022, "10.0.0.44": 7578.002499999999, "10.0.0.51": 1727.9998, "10.0.0.43": 1510.0008}}, "Free Fire": {"localIpCount": 1, "localIpFrequency": {"10.0.0.16": 2}, "localIpTotalDuration": 783.9996, "localIpDuration": {"10.0.0.16": 783.9996}}, "Ninja Must Die": {"localIpCount": 1, "localIpFrequency": {"10.0.0.29": 2}, "localIpTotalDuration": 546.0, "localIpDuration": {"10.0.0.29": 546.0}}, "Minecraft": {"localIpCount": 1, "localIpFrequency": {"10.0.0.49": 3}, "localIpTotalDuration": 3878.0016, "localIpDuration": {"10.0.0.49": 3878.0016}}}