{"Free Fire": {"localIpCount": 9, "localIpFrequency": {"10.0.0.35": 1, "10.0.0.154": 7, "10.0.1.85": 1, "10.0.1.181": 1, "10.0.1.215": 2, "10.0.1.191": 1, "10.0.1.236": 1, "10.0.2.184": 1, "10.0.3.131": 1}, "localIpTotalDuration": 16083.3398, "localIpDuration": {"10.0.0.35": 0.0001, "10.0.0.154": 9999.765800000001, "10.0.1.85": 301.1137, "10.0.1.181": 686.3193, "10.0.1.215": 3115.1121000000003, "10.0.1.191": 111.9919, "10.0.1.236": 210.0057, "10.0.2.184": 0.0001, "10.0.3.131": 1659.0311}}, "Clash of Clan": {"localIpCount": 2, "localIpFrequency": {"10.0.0.89": 2, "10.0.2.117": 1}, "localIpTotalDuration": 2253.9992, "localIpDuration": {"10.0.0.89": 2253.9982, "10.0.2.117": 0.001}}, "Pok\u00e9mon Unite": {"localIpCount": 2, "localIpFrequency": {"10.0.0.244": 1, "10.0.1.22": 2}, "localIpTotalDuration": 1758.6485, "localIpDuration": {"10.0.0.244": 238.0166, "10.0.1.22": 1520.6318999999999}}, "PUBG Mobile": {"localIpCount": 29, "localIpFrequency": {"10.0.0.35": 1, "10.0.0.84": 1, "10.0.0.157": 1, "10.0.0.206": 2, "10.0.0.212": 1, "10.0.0.216": 1, "10.0.0.246": 1, "10.0.1.79": 1, "10.0.1.130": 2, "10.0.1.194": 2, "10.0.1.224": 1, "10.0.2.4": 1, "10.0.2.22": 1, "10.0.1.195": 2, "10.0.2.55": 1, "10.0.2.60": 2, "10.0.2.82": 2, "10.0.2.109": 1, "10.0.2.125": 1, "10.0.2.138": 2, "10.0.2.165": 1, "10.0.2.179": 1, "10.0.2.183": 1, "10.0.2.191": 1, "10.0.2.207": 5, "10.0.2.244": 1, "10.0.3.41": 1, "10.0.3.70": 2, "10.0.3.101": 1}, "localIpTotalDuration": 40837.3437, "localIpDuration": {"10.0.0.35": 958.9962, "10.0.0.84": 1323.3704, "10.0.0.157": 315.0411, "10.0.0.206": 3315.0641, "10.0.0.212": 1799.0129, "10.0.0.216": 189.0465, "10.0.0.246": 1281.0194, "10.0.1.79": 146.8869, "10.0.1.130": 2058.009, "10.0.1.194": 1330.1293, "10.0.1.224": 259.1902, "10.0.2.4": 434.1596, "10.0.2.22": 1036.0813, "10.0.1.195": 3185.0518, "10.0.2.55": 1659.1169, "10.0.2.60": 3031.0366999999997, "10.0.2.82": 3437.0461, "10.0.2.109": 1651.9823, "10.0.2.125": 1392.9821, "10.0.2.138": 972.9745, "10.0.2.165": 580.9611, "10.0.2.179": 686.0055, "10.0.2.183": 168.2472, "10.0.2.191": 1785.5961, "10.0.2.207": 2135.3659, "10.0.2.244": 196.0092, "10.0.3.41": 1749.9972, "10.0.3.70": 3016.9888, "10.0.3.101": 741.9754}}, "Minecraft": {"localIpCount": 4, "localIpFrequency": {"10.0.1.20": 3, "10.0.1.27": 1, "10.0.2.230": 1, "10.0.2.253": 1}, "localIpTotalDuration": 4166.023, "localIpDuration": {"10.0.1.20": 2604.9911, "10.0.1.27": 90.9616, "10.0.2.230": 1463.0217, "10.0.2.253": 7.0486}}, "Genshin Impact": {"localIpCount": 5, "localIpFrequency": {"10.0.0.91": 3, "10.0.0.155": 2, "10.0.1.86": 4, "10.0.2.89": 1, "10.0.2.190": 1}, "localIpTotalDuration": 7918.065899999999, "localIpDuration": {"10.0.0.91": 4178.9645, "10.0.0.155": 392.3046, "10.0.1.86": 2982.6872999999996, "10.0.2.89": 216.9787, "10.0.2.190": 147.1308}}, "Clash Royale": {"localIpCount": 1, "localIpFrequency": {"10.0.2.228": 1}, "localIpTotalDuration": 6.9895, "localIpDuration": {"10.0.2.228": 6.9895}}, "FIFA Mobile": {"localIpCount": 3, "localIpFrequency": {"10.0.0.244": 1, "10.0.3.1": 1, "10.0.3.79": 1}, "localIpTotalDuration": 1126.9357, "localIpDuration": {"10.0.0.244": 279.9344, "10.0.3.1": 651.0092, "10.0.3.79": 195.9921}}, "HATSUNE MIKU: COLORFUL STAGE!": {"localIpCount": 1, "localIpFrequency": {"10.0.1.160": 1}, "localIpTotalDuration": 147.1195, "localIpDuration": {"10.0.1.160": 147.1195}}, "League of Legends: Wild Rift": {"localIpCount": 18, "localIpFrequency": {"10.0.0.43": 1, "10.0.0.72": 2, "10.0.0.109": 1, "10.0.0.204": 1, "10.0.0.13": 1, "10.0.0.214": 1, "10.0.1.12": 6, "10.0.1.19": 5, "10.0.1.63": 2, "10.0.1.176": 5, "10.0.1.113": 5, "10.0.2.52": 2, "10.0.2.146": 2, "10.0.2.43": 1, "10.0.2.214": 4, "10.0.3.76": 3, "10.0.3.92": 2, "10.0.3.109": 1}, "localIpTotalDuration": 67789.44150000002, "localIpDuration": {"10.0.0.43": 1701.0391, "10.0.0.72": 3556.1332, "10.0.0.109": 1679.9985, "10.0.0.204": 1798.9626, "10.0.0.13": 1796.165, "10.0.0.214": 1108.1588, "10.0.1.12": 9649.6306, "10.0.1.19": 8560.2544, "10.0.1.63": 1987.8706, "10.0.1.176": 6537.968400000001, "10.0.1.113": 7048.8687, "10.0.2.52": 3590.0624, "10.0.2.146": 2954.1017, "10.0.2.43": 34.961, "10.0.2.214": 5817.1836, "10.0.3.76": 4633.9986, "10.0.3.92": 3534.9721, "10.0.3.109": 1799.1122}}, "Modern Combat": {"localIpCount": 2, "localIpFrequency": {"10.0.1.14": 1, "10.0.3.81": 1}, "localIpTotalDuration": 1322.6044000000002, "localIpDuration": {"10.0.1.14": 6.6365, "10.0.3.81": 1315.9679}}, "Roblox": {"localIpCount": 49, "localIpFrequency": {"10.0.0.36": 1, "10.0.0.86": 2, "10.0.0.103": 1, "10.0.0.42": 7, "10.0.0.133": 1, "10.0.0.156": 1, "10.0.0.75": 1, "10.0.0.223": 2, "10.0.0.244": 1, "10.0.0.245": 1, "10.0.0.242": 1, "10.0.1.59": 1, "10.0.1.47": 1, "10.0.1.43": 2, "10.0.1.70": 2, "10.0.1.25": 1, "10.0.1.122": 1, "10.0.1.88": 2, "10.0.1.83": 1, "10.0.1.5": 3, "10.0.1.216": 1, "10.0.1.45": 1, "10.0.1.207": 1, "10.0.1.240": 1, "10.0.1.152": 2, "10.0.1.214": 1, "10.0.2.21": 1, "10.0.1.75": 1, "10.0.1.58": 2, "10.0.1.33": 8, "10.0.2.78": 4, "10.0.2.155": 1, "10.0.1.21": 1, "10.0.2.49": 1, "10.0.2.198": 1, "10.0.2.205": 3, "10.0.2.219": 1, "10.0.2.230": 1, "10.0.2.255": 1, "10.0.3.9": 1, "10.0.3.26": 1, "10.0.3.20": 1, "10.0.3.46": 1, "10.0.2.212": 1, "10.0.3.23": 1, "10.0.3.55": 1, "10.0.2.237": 1, "10.0.2.221": 1, "10.0.2.229": 1}, "localIpTotalDuration": 136550.34090000004, "localIpDuration": {"10.0.0.36": 1798.3685, "10.0.0.86": 3594.4196, "10.0.0.103": 1795.2987, "10.0.0.42": 12566.5086, "10.0.0.133": 1793.8327, "10.0.0.156": 1788.7124, "10.0.0.75": 1795.3451, "10.0.0.223": 3594.8863, "10.0.0.244": 1799.082, "10.0.0.245": 1795.2965, "10.0.0.242": 1795.3682, "10.0.1.59": 1799.2114, "10.0.1.47": 1798.5565, "10.0.1.43": 3594.6528, "10.0.1.70": 3588.8813, "10.0.1.25": 1799.9161, "10.0.1.122": 1794.8824, "10.0.1.88": 3594.3208, "10.0.1.83": 1799.3669, "10.0.1.5": 5390.5579, "10.0.1.216": 1793.3617, "10.0.1.45": 1793.9261, "10.0.1.207": 1799.3558, "10.0.1.240": 1796.2376, "10.0.1.152": 3592.3846, "10.0.1.214": 1798.9827, "10.0.2.21": 1798.5659, "10.0.1.75": 1798.3709, "10.0.1.58": 3596.2579, "10.0.1.33": 14369.248099999999, "10.0.2.78": 7182.0856, "10.0.2.155": 1796.3863, "10.0.1.21": 1793.1122, "10.0.2.49": 1795.995, "10.0.2.198": 1799.0062, "10.0.2.205": 5394.095499999999, "10.0.2.219": 1798.486, "10.0.2.230": 1798.4991, "10.0.2.255": 1797.4782, "10.0.3.9": 1798.3157, "10.0.3.26": 1797.7576, "10.0.3.20": 1797.4352, "10.0.3.46": 1798.0747, "10.0.2.212": 1798.4375, "10.0.3.23": 1797.9988, "10.0.3.55": 1798.263, "10.0.2.237": 1798.3665, "10.0.2.221": 1799.0338, "10.0.2.229": 1797.358}}, "Diablo Immortal": {"localIpCount": 2, "localIpFrequency": {"10.0.1.77": 8, "10.0.3.27": 3}, "localIpTotalDuration": 10689.7137, "localIpDuration": {"10.0.1.77": 6706.744, "10.0.3.27": 3982.9697}}, "The Walking Dead: All-Stars": {"localIpCount": 2, "localIpFrequency": {"10.0.1.46": 2, "10.0.2.206": 2}, "localIpTotalDuration": 0.0001, "localIpDuration": {"10.0.1.46": 0.0001, "10.0.2.206": 0.0}}, "Pok\u00e9mon GO": {"localIpCount": 2, "localIpFrequency": {"10.0.1.231": 4, "10.0.2.253": 3}, "localIpTotalDuration": 5480.767899999999, "localIpDuration": {"10.0.1.231": 5032.7062, "10.0.2.253": 448.06170000000003}}, "Brawl Stars": {"localIpCount": 19, "localIpFrequency": {"10.0.0.77": 2, "10.0.0.96": 1, "10.0.1.33": 2, "10.0.1.22": 1, "10.0.0.244": 5, "10.0.1.59": 4, "10.0.1.27": 2, "10.0.1.109": 3, "10.0.1.134": 1, "10.0.1.39": 1, "10.0.1.56": 2, "10.0.1.21": 1, "10.0.2.220": 2, "10.0.2.231": 1, "10.0.2.247": 2, "10.0.3.42": 1, "10.0.3.55": 1, "10.0.3.86": 2, "10.0.3.104": 1}, "localIpTotalDuration": 44456.2998, "localIpDuration": {"10.0.0.77": 3108.3697, "10.0.0.96": 0.0001, "10.0.1.33": 3507.1148000000003, "10.0.1.22": 1344.4683, "10.0.0.244": 7233.1897, "10.0.1.59": 6931.2572, "10.0.1.27": 1743.4007, "10.0.1.109": 3492.9473, "10.0.1.134": 693.5902, "10.0.1.39": 707.1257, "10.0.1.56": 2961.0442000000003, "10.0.1.21": 0.004, "10.0.2.220": 1749.9695000000002, "10.0.2.231": 1568.0491,