{"League of Legends: Wild Rift": {"localIpCount": 2, "localIpFrequency": {"10.0.0.239": 5, "10.0.0.247": 1}, "localIpTotalDuration": 65589.75120000001, "localIpDuration": {"10.0.0.239": 65529.64710000001, "10.0.0.247": 60.1041}}, "MIR4": {"localIpCount": 2, "localIpFrequency": {"10.0.0.48": 2, "10.0.0.44": 1}, "localIpTotalDuration": 10390.135699999999, "localIpDuration": {"10.0.0.48": 8976.1353, "10.0.0.44": 1414.0004}}, "Apex Legends Mobile": {"localIpCount": 1, "localIpFrequency": {"10.0.0.239": 1}, "localIpTotalDuration": 1.1022, "localIpDuration": {"10.0.0.239": 1.1022}}, "GUNS UP! Mobile": {"localIpCount": 1, "localIpFrequency": {"10.0.0.94": 2}, "localIpTotalDuration": 17464.949800000002, "localIpDuration": {"10.0.0.94": 17464.949800000002}}, "PUBG Mobile": {"localIpCount": 1, "localIpFrequency": {"10.0.0.247": 1}, "localIpTotalDuration": 1771.9983, "localIpDuration": {"10.0.0.247": 1771.9983}}}