{"Pok\u00e9mon GO": {"localIpCount": 5, "localIpFrequency": {"10.0.0.173": 2, "10.0.0.18": 1, "10.0.0.186": 1, "10.0.0.236": 10, "10.0.0.235": 3}, "localIpTotalDuration": 12847.999600000001, "localIpDuration": {"10.0.0.173": 330.0019, "10.0.0.18": 1140.0003, "10.0.0.186": 32.0, "10.0.0.236": 6767.997799999999, "10.0.0.235": 4577.9996}}, "KartRider Rush+": {"localIpCount": 1, "localIpFrequency": {"10.0.0.179": 1}, "localIpTotalDuration": 1634.0013, "localIpDuration": {"10.0.0.179": 1634.0013}}, "Cookie Run: Kingdom": {"localIpCount": 3, "localIpFrequency": {"10.0.0.67": 2, "10.0.0.162": 1, "10.0.0.236": 1}, "localIpTotalDuration": 3389.9987, "localIpDuration": {"10.0.0.67": 2119.998, "10.0.0.162": 417.9996, "10.0.0.236": 852.0011}}, "Among us": {"localIpCount": 3, "localIpFrequency": {"10.0.0.156": 1, "10.0.0.155": 1, "10.0.0.186": 2}, "localIpTotalDuration": 1923.9997999999998, "localIpDuration": {"10.0.0.156": 1690.0002, "10.0.0.155": 22.0012, "10.0.0.186": 211.9984}}, "Brawl Stars": {"localIpCount": 8, "localIpFrequency": {"10.0.0.18": 1, "10.0.0.185": 3, "10.0.0.165": 2, "10.0.0.156": 4, "10.0.0.217": 2, "10.0.0.162": 1, "10.0.0.230": 1, "10.0.0.236": 2}, "localIpTotalDuration": 11854.070899999999, "localIpDuration": {"10.0.0.18": 740.0015, "10.0.0.185": 3522.0036, "10.0.0.165": 2010.0547, "10.0.0.156": 1212.0092, "10.0.0.217": 1778.0018, "10.0.0.162": 66.0003, "10.0.0.230": 134.0001, "10.0.0.236": 2391.9997}}, "PUBG Mobile": {"localIpCount": 4, "localIpFrequency": {"10.0.0.57": 11, "10.0.0.200": 1, "10.0.1.3": 1, "10.0.0.181": 1}, "localIpTotalDuration": 13983.9517, "localIpDuration": {"10.0.0.57": 12651.9476, "10.0.0.200": 172.0025, "10.0.1.3": 1.9993, "10.0.0.181": 1158.0023}}, "Guardian Tales": {"localIpCount": 1, "localIpFrequency": {"10.0.0.236": 3}, "localIpTotalDuration": 1554.0031999999999, "localIpDuration": {"10.0.0.236": 1554.0031999999999}}, "FIFA ONLINE 4 M": {"localIpCount": 3, "localIpFrequency": {"10.0.0.171": 1, "10.0.0.162": 2, "10.0.0.153": 1}, "localIpTotalDuration": 444.0024000000001, "localIpDuration": {"10.0.0.171": 136.0, "10.0.0.162": 276.0024, "10.0.0.153": 32.0}}, "\ud0d5\ud0d5\ud2b9\uacf5\ub300": {"localIpCount": 1, "localIpFrequency": {"10.0.0.203": 1}, "localIpTotalDuration": 1329.9964, "localIpDuration": {"10.0.0.203": 1329.9964}}, "WePlay - Party Game & Chat": {"localIpCount": 2, "localIpFrequency": {"10.0.0.185": 6, "10.0.1.28": 1}, "localIpTotalDuration": 6483.457899999999, "localIpDuration": {"10.0.0.185": 6173.459, "10.0.1.28": 309.9989}}, "Roblox": {"localIpCount": 54, "localIpFrequency": {"10.0.0.129": 6, "10.0.0.156": 18, "10.0.0.175": 6, "10.0.0.171": 5, "10.0.0.29": 11, "10.0.0.38": 4, "10.0.0.173": 1, "10.0.0.151": 1, "10.0.0.31": 2, "10.0.0.181": 12, "10.0.0.134": 1, "10.0.0.185": 10, "10.0.0.154": 3, "10.0.0.51": 3, "10.0.0.197": 1, "10.0.0.182": 1, "10.0.0.44": 6, "10.0.0.186": 8, "10.0.0.190": 2, "10.0.0.165": 5, "10.0.0.43": 32, "10.0.0.67": 2, "10.0.0.45": 30, "10.0.0.205": 3, "10.0.0.194": 2, "10.0.0.213": 48, "10.0.0.203": 3, "10.0.0.22": 3, "10.0.0.11": 1, "10.0.0.30": 2, "10.0.0.155": 3, "10.0.0.224": 3, "10.0.0.144": 7, "10.0.0.42": 3, "10.0.0.230": 3, "10.0.0.232": 1, "10.0.0.233": 24, "10.0.0.234": 2, "10.0.0.235": 9, "10.0.0.229": 9, "10.0.0.77": 3, "10.0.0.150": 3, "10.0.0.236": 1, "10.0.0.249": 1, "10.0.1.4": 3, "10.0.1.2": 1, "10.0.1.5": 6, "10.0.0.28": 1, "10.0.0.250": 4, "10.0.1.10": 3, "10.0.1.21": 1, "10.0.1.23": 3, "10.0.0.187": 1, "10.0.0.166": 1}, "localIpTotalDuration": 586858.8659000007, "localIpDuration": {"10.0.0.129": 10758.8336, "10.0.0.156": 31226.533600000002, "10.0.0.175": 10291.2683, "10.0.0.171": 8991.226999999999, "10.0.0.29": 19633.0245, "10.0.0.38": 7188.5114, "10.0.0.173": 1797.6255, "10.0.0.151": 1799.6182, "10.0.0.31": 3598.0242, "10.0.0.181": 21567.795000000002, "10.0.0.134": 1799.6206, "10.0.0.185": 17937.3465, "10.0.0.154": 5397.6148, "10.0.0.51": 5394.746999999999, "10.0.0.197": 1799.587, "10.0.0.182": 1798.0011, "10.0.0.44": 10792.4817, "10.0.0.186": 14393.6915, "10.0.0.190": 3597.6207000000004, "10.0.0.165": 8988.5118, "10.0.0.43": 57535.1253, "10.0.0.67": 3599.2317000000003, "10.0.0.45": 53933.43959999999, "10.0.0.205": 5397.2582999999995, "10.0.0.194": 3599.2501, "10.0.0.213": 86094.9802, "10.0.0.203": 5398.8701, "10.0.0.22": 5397.2431, "10.0.0.11": 1799.6146, "10.0.0.30": 3593.2284, "10.0.0.155": 5397.2032, "10.0.0.224": 5398.8717, "10.0.0.144": 12586.550199999998, "10.0.0.42": 5394.8983, "10.0.0.230": 5391.625, "10.0.0.232": 1798.0011, "10.0.0.233": 43136.6328, "10.0.0.234": 3599.2495, "10.0.0.235": 15358.493, "10.0.0.229": 16180.502800000002, "10.0.0.77": 5395.2692, "10.0.0.150": 5383.2587, "10.0.0.236": 1797.6282, "10.0.0.249": 1787.6125, "10.0.1.4": 5390.9569, "10.0.1.2": 1798.0006, "10.0.1.5": 10788.288199999999, "10.0.0.28": 1800.0, "10.0.0.250": 7190.8823, "10.0.1.10": 5390.9052, "10.0.1.21": 1799.6143, "10.0.1.23": 5398.9035, "10.0.0.187": 1799.9997, "10.0.0.166": 1795.5936}}, "Zombie High School": {"localIpCount": 2, "localIpFrequency": {"10.0.0.236": 2, "10.0.1.12": 1}, "localIpTotalDuration": 1219.9977, "localIpDuration": {"10.0.0.236": 145.9995, "10.0.1.12": 1073.9982}}, "Clash Royale": {"localIpCount": 1, "localIpFrequency": {"10.0.1.5": 6}, "localIpTotalDuration": 4592.003500000001, "localIpDuration": {"10.0.1.5": 4592.003500000001}}, "MIR4": {"localIpCount": 1, "localIpFrequency": {"10.0.0.98": 1}, "localIpTotalDuration": 164.0005, "localIpDuration": {"10.0.0.98": 164.0005}}, "\ucef4\ud22c\uc2a4\ud504\ub85c\uc57c\uad6c2022": {"localIpCount": 1, "localIpFrequency": {"10.0.0.153": 11}, "localIpTotalDuration": 10396.5451, "localIpDuration": {"10.0.0.153": 10396.5451}}, "Odin: Valhalla Rising": {"localIpCount": 1, "localIpFrequency": {"10.0.0.161": 1}, "localIpTotalDuration": 296.0002, "localIpDuration": {"10.0.0.161": 296.0002}}, "Clash of Clan": {"localIpCount": 1, "localIpFrequency": {"10.0.0.184": 1}, "localIpTotalDuration": 432.0017, "localIpDuration": {"10.0.0.184": 432.0017}}, "Ninja Must Die": {"localIpCount": 3, "localIpFrequency": {"10.0.0.185": 6, "10.0.0.51": 2, "10.0.0.203": 1}, "localIpTotalDuration": 9409.9983, "localIpDuration": {"10.0.0.185": 6169.9962, "10.0.0.51": 1459.9996, "10.0.0.203": 1780.0025}}, "FIFA Mobile": {"localIpCount": 7, "localIpFrequency": {"10.0.0.171": 13, "10.0.0.162": 3, "10.0.0.153": 4, "10.0.0.205": 10, "10.0.0.250": 3, "10.0.0.181": 2, "10.0.1.12": 4}, "localIpTotalDuration": 38914.0231, "localIpDuration": {"10.0.0.171": 15942.006599999999, "10.0.0.162": 4412.0098, "10.0.0.153": 2128.0031, "10.0.0.205": 9093.9998, "10.0.0.250": 2662.0033, "10.0.0.181": 1533.9993000000002, "10.0.1.12": 3142.0012}}, "League of Legends: Wild Rift": {"localIpCount": 4, "localIpFrequency": {"10.0.0.43": 3, "10.0.0.217": 1, "10.0.0.20": 2, "10.0.0.64": 1}, "localIpTotalDuration": 438.0037, "localIpDuration": {"10.0.0.43": 261.9995, "10.0.0.217": 2.0021, "10.0.0.20": 174.00209999999998, "10.0.0.64": 0.0}}, "HATSUNE MIKU: COLORFUL STAGE!": {"localIpCount": 1, "localIpFrequency": {"10.0.0.22": 1}, "localIpTotalDuration": 145.9999, "localIpDuration": {"10.0.0.22": 145.9999}}, "Genshin Impact": {"localIpCount": 5, "localIpFrequency": {"10.0.0.161": 3, "10.0.0.235": 5, "10.0.0.80": 8, "10.0.0.123": 1, "10.0.0.181": 1}, "localIpTotalDuration": 14977.577400000002, "localIpDuration": {"10.0.0.161": 65.5767, "10.0.0.235": 3506.0, "10.0.0.80": 10882.0006, "10.0.0.123": 524.0001, "10.0.0.181": 0.0}}, "Free Fire": {"localIpCount": 1, "localIpFrequency": {"10.0.0.16": 18}, "localIpTotalDuration": 21148.379399999998, "localIpDuration": {"10.0.0.16": 21148.379399999998}}, "Minecraft": {"localIpCount": 8, "localIpFrequency": {"10.0.0.15": 20, "10.0.0.186": 1, "10.0.0.217": 2, "10.0.0.235": 4, "10.0.0.205": 2, "10.0.0.98": 1, "10.0.0.156": 4, "10.0.0.236": 2}, "localIpTotalDuration": 41767.62040000001, "localIpDuration": {"10.0.0.15": 25877.617999999995, "10.0.0.186": 1800.0, "10.0.0.217": 2576.0019, "10.0.0.235": 3677.9989000000005,