{"Pok\u00e9mon GO": {"localIpCount": 2, "localIpFrequency": {"10.0.3.106": 2, "10.0.0.69": 2}, "localIpTotalDuration": 2137.4952, "localIpDuration": {"10.0.3.106": 637.1724, "10.0.0.69": 1500.3228}}, "KartRider Rush+": {"localIpCount": 2, "localIpFrequency": {"10.0.0.122": 1, "10.0.0.7": 1}, "localIpTotalDuration": 1296.1694, "localIpDuration": {"10.0.0.122": 504.2509, "10.0.0.7": 791.9185}}, "Cookie Run: Kingdom": {"localIpCount": 2, "localIpFrequency": {"10.0.0.38": 1, "10.0.0.227": 1}, "localIpTotalDuration": 1500.0791, "localIpDuration": {"10.0.0.38": 1392.0102, "10.0.0.227": 108.0689}}, "TFT: Teamfight Tactics": {"localIpCount": 5, "localIpFrequency": {"10.0.0.9": 7, "10.0.0.16": 16, "10.0.0.21": 4, "10.0.0.6": 1, "10.0.0.2": 3}, "localIpTotalDuration": 23777.5859, "localIpDuration": {"10.0.0.9": 6107.1976, "10.0.0.16": 12365.391599999999, "10.0.0.21": 3552.9974, "10.0.0.6": 528.0211, "10.0.0.2": 1223.9782}}, "Among us": {"localIpCount": 1, "localIpFrequency": {"10.0.0.59": 3}, "localIpTotalDuration": 1188.1107, "localIpDuration": {"10.0.0.59": 1188.1107}}, "Brawl Stars": {"localIpCount": 11, "localIpFrequency": {"10.0.3.33": 1, "10.0.3.123": 3, "10.0.0.78": 1, "10.0.0.68": 1, "10.0.0.104": 1, "10.0.0.45": 2, "10.0.0.97": 2, "10.0.0.98": 5, "10.0.0.59": 13, "10.0.0.170": 4, "10.0.0.247": 1}, "localIpTotalDuration": 36061.720000000016, "localIpDuration": {"10.0.3.33": 727.9941, "10.0.3.123": 3366.9985, "10.0.0.78": 24.0012, "10.0.0.68": 252.0017, "10.0.0.104": 960.0083, "10.0.0.45": 1416.2341, "10.0.0.97": 1908.0146000000002, "10.0.0.98": 4845.7518, "10.0.0.59": 17280.4846, "10.0.0.170": 3648.0675, "10.0.0.247": 1632.1636}}, "PUBG Mobile": {"localIpCount": 2, "localIpFrequency": {"10.0.0.35": 4, "10.0.0.57": 1}, "localIpTotalDuration": 4296.3542, "localIpDuration": {"10.0.0.35": 3936.0996, "10.0.0.57": 360.2546}}, "ZEPETO": {"localIpCount": 1, "localIpFrequency": {"10.0.0.10": 1}, "localIpTotalDuration": 216.0034, "localIpDuration": {"10.0.0.10": 216.0034}}, "Guardian Tales": {"localIpCount": 1, "localIpFrequency": {"10.0.0.38": 1}, "localIpTotalDuration": 1272.0746, "localIpDuration": {"10.0.0.38": 1272.0746}}, "FIFA ONLINE 4 M": {"localIpCount": 4, "localIpFrequency": {"10.0.0.211": 1, "10.0.0.15": 1, "10.0.0.35": 2, "10.0.0.99": 11}, "localIpTotalDuration": 9027.5793, "localIpDuration": {"10.0.0.211": 870.1609, "10.0.0.15": 599.987, "10.0.0.35": 300.0697, "10.0.0.99": 7257.3617}}, "\ud0d5\ud0d5\ud2b9\uacf5\ub300": {"localIpCount": 2, "localIpFrequency": {"10.0.0.249": 1, "10.0.0.101": 1}, "localIpTotalDuration": 48.0956, "localIpDuration": {"10.0.0.249": 36.0173, "10.0.0.101": 12.0783}}, "WePlay - Party Game & Chat": {"localIpCount": 3, "localIpFrequency": {"10.0.3.128": 5, "10.0.3.116": 1, "10.0.0.103": 1}, "localIpTotalDuration": 3629.3921000000005, "localIpDuration": {"10.0.3.128": 2652.226, "10.0.3.116": 533.0188, "10.0.0.103": 444.1473}}, "Roblox": {"localIpCount": 65, "localIpFrequency": {"10.0.2.198": 1, "10.0.1.169": 2, "10.0.3.116": 1, "10.0.1.102": 1, "10.0.3.137": 8, "10.0.3.43": 5, "10.0.3.123": 1, "10.0.0.12": 1, "10.0.3.113": 2, "10.0.3.146": 1, "10.0.3.69": 2, "10.0.3.20": 1, "10.0.3.140": 1, "10.0.1.165": 1, "10.0.2.150": 1, "10.0.0.8": 4, "10.0.0.18": 3, "10.0.0.19": 1, "10.0.0.24": 2, "10.0.0.23": 45, "10.0.0.30": 13, "10.0.0.35": 5, "10.0.0.40": 1, "10.0.0.61": 1, "10.0.0.68": 7, "10.0.0.54": 1, "10.0.0.45": 41, "10.0.0.38": 22, "10.0.0.6": 1, "10.0.0.98": 6, "10.0.0.69": 5, "10.0.0.101": 1, "10.0.0.108": 2, "10.0.0.59": 17, "10.0.0.105": 1, "10.0.0.104": 1, "10.0.0.41": 3, "10.0.0.115": 1, "10.0.0.118": 1, "10.0.0.124": 1, "10.0.0.130": 2, "10.0.0.116": 7, "10.0.0.147": 1, "10.0.0.149": 9, "10.0.0.97": 2, "10.0.0.166": 1, "10.0.0.176": 1, "10.0.0.72": 4, "10.0.0.170": 3, "10.0.0.192": 1, "10.0.0.103": 9, "10.0.0.219": 2, "10.0.0.224": 5, "10.0.0.178": 1, "10.0.0.57": 1, "10.0.0.247": 2, "10.0.0.60": 1, "10.0.0.241": 7, "10.0.0.96": 1, "10.0.1.13": 2, "10.0.1.11": 3, "10.0.1.27": 1, "10.0.0.128": 2, "10.0.1.37": 1, "10.0.1.42": 1}, "localIpTotalDuration": 508893.2508000002, "localIpDuration": {"10.0.2.198": 1793.3129, "10.0.1.169": 3584.3812, "10.0.3.116": 1793.1878, "10.0.1.102": 1793.3458, "10.0.3.137": 14323.7636, "10.0.3.43": 8953.3326, "10.0.3.123": 1790.947, "10.0.0.12": 1790.9451, "10.0.3.113": 3581.8433, "10.0.3.146": 1791.4376, "10.0.3.69": 3580.4876999999997, "10.0.3.20": 1790.4142, "10.0.3.140": 1789.8389, "10.0.1.165": 1791.0473, "10.0.2.150": 1790.2359, "10.0.0.8": 6129.3961, "10.0.0.18": 5394.2419, "10.0.0.19": 1799.5171, "10.0.0.24": 3598.0751, "10.0.0.23": 79763.84229999997, "10.0.0.30": 23318.290699999998, "10.0.0.35": 8987.3752, "10.0.0.40": 1799.4708, "10.0.0.61": 1799.4034, "10.0.0.68": 12519.577599999999, "10.0.0.54": 1799.007, "10.0.0.45": 73641.34599999999, "10.0.0.38": 39563.06139999999, "10.0.0.6": 1799.4492, "10.0.0.98": 10776.278400000001, "10.0.0.69": 8989.0254, "10.0.0.101": 1799.3315, "10.0.0.108": 3596.5288, "10.0.0.59": 30562.270900000003, "10.0.0.105": 1799.5007, "10.0.0.104": 1799.4648, "10.0.0.41": 5386.648, "10.0.0.115": 1799.3758, "10.0.0.118": 1799.4929, "10.0.0.124": 1799.2317, "10.0.0.130": 3595.8993, "10.0.0.116": 12594.3179, "10.0.0.147": 1799.346, "10.0.0.149": 16158.377600000002, "10.0.0.97": 3597.272, "10.0.0.166": 1797.1282, "10.0.0.176": 1796.3261, "10.0.0.72": 7187.7289, "10.0.0.170": 5385.0560000000005, "10.0.0.192": 1794.3105, "10.0.0.103": 16161.9958, "10.0.0.219": 3594.1494000000002, "10.0.0.224": 8159.604799999999, "10.0.0.178": 1796.4948, "10.0.0.57": 1796.0618, "10.0.0.247": 3588.0060999999996, "10.0.0.60": 1796.4747, "10.0.0.241": 12578.4694, "10.0.0.96": 1797.3683, "10.0.1.13": 3593.7634, "10.0.1.11": 5384.7232, "10.0.1.27": 1796.3224, "10.0.0.128": 3593.2753000000002, "10.0.1.37": 1796.1677, "10.0.1.42": 1796.8876}}, "Zombie High School": {"localIpCount": 5, "localIpFrequency": {"10.0.0.39": 1, "10.0.0.204": 4, "10.0.0.61": 1, "10.0.0.157": 1, "10.0.0.10": 1}, "localIpTotalDuration": 2207.7268, "localIpDuration": {"10.0.0.39": 156.0021, "10.0.0.204": 156.0564, "10.0.0.61": 1715.9276, "10.0.0.157": 167.9112, "10.0.0.10": 11.8295}}, "Clash Royale": {"localIpCount": 2, "localIpFrequency": {"10.0.3.106": 1, "10.0.0.47": 1}, "localIpTotalDuration": 0.0161, "localIpDuration": {"10.0.3.106": 0.0057, "10.0.0.47": 0.0104}}, "MIR4": {"localIpCount": 1, "localIpFrequency": {"10.0.1.20": 1}, "localIpTotalDuration": 1748.8826, "localIpDuration": {"10.0.1.20": 1748.8826}}, "Tower of God: NEW WORLD": {"localIpCount": 1, "localIpFrequency": {"10.0.0.145": 1}, "localIpTotalDuration": 47.9966, "localIpDuration": {"10.0.0.145": 47.9966}}, "Clash of Clan": {"localIpCount": 2, "localIpFrequency": {"10.0.0.11": 3, "10.0.0.93": 1}, "localIpTotalDuration": 1644.2393, "localIpDuration": {"10.0.0.11": 1632.0027, "10.0.0.93": 12.2366}}, "Roll Roll: Dice Heroes": {"localIpCount": 2, "localIpFrequency": {"10.0.3.106": 2, "10.0.0.91": 4}, "localIpTotalDuration": 5300.3467, "localIpDuration": {"10.0.3.106": 897.1976999999999, "10.0.0.91": 4403.149}}, "Ninja Must Die": {"localIpCount": 1, "localIpFrequency": {"10.0.0.129": 1}, "localIpTotalDuration": 179.1826, "localIpDuration": {"10.0.0.129": 179.1826}}, "FIFA Mobile": {"localIpCount": 5, "localIpFrequency": {"10.0.0.211": 6, "10.0.0.15": 2, "10.0.0.35": 4, "10.0.0.6": 1, "10.0.0.150": 2}, "localIpTotalDuration": 15685.151199999998, "localIpDuration": {"10.0.0.211": 7573.1932, "10.0.0.15": 2328.0034, "10.0.0.35": 3959.946, "10.0.0.6": 396.0, "10.0.0.150": 1428.0086000000001}}, "League of Legends: Wild Rift": {"localIpCount": 7, "localIpFrequency": {"10.0.3.106": 2, "10.0.0.9": 5, "10.0.0.16": 8, "10.0.0.21": 4, "10.0.0.2": 3, "10.0.0.3": 2, "10.0.0.150": 1}, "localIpTotalDuration": 8862.835700000001, "localIpDuration": {"10.0.3.106": 3354.0117, "10.0.0.9": 2363.5109, "10.0.0.16": 1104.0794, "10.0.0.21": 540.0076, "10.0.0.2": 96.0326, "10.0.0.3": 1405.1933999999999, "10.0.0.150": 0.0001}}, "Pok\u00e9mon Unite": {"localIpCount": 1,