{"Free Fire": {"localIpCount": 7, "localIpFrequency": {"10.0.82.224": 1, "10.0.83.23": 1, "10.0.83.220": 1, "10.0.84.181": 1, "10.0.84.222": 3, "10.0.84.201": 1, "10.0.85.131": 1}, "localIpTotalDuration": 5697.776599999999, "localIpDuration": {"10.0.82.224": 293.7616, "10.0.83.23": 0.0082, "10.0.83.220": 287.0, "10.0.84.181": 0.0001, "10.0.84.222": 4319.0013, "10.0.84.201": 168.0019, "10.0.85.131": 630.0035}}, "Zombie High School": {"localIpCount": 10, "localIpFrequency": {"10.0.82.105": 2, "10.0.83.14": 4, "10.0.84.24": 1, "10.0.84.31": 1, "10.0.84.57": 12, "10.0.84.108": 1, "10.0.85.203": 5, "10.0.85.211": 5, "10.0.86.187": 1, "10.0.86.205": 1}, "localIpTotalDuration": 19257.6558, "localIpDuration": {"10.0.82.105": 1708.0096, "10.0.83.14": 1756.9964, "10.0.84.24": 0.0, "10.0.84.31": 462.0043, "10.0.84.57": 6503.8972, "10.0.84.108": 1778.0037, "10.0.85.203": 4899.9923, "10.0.85.211": 2085.7538, "10.0.86.187": 0.0, "10.0.86.205": 62.9985}}, "SimCity BuildIt": {"localIpCount": 1, "localIpFrequency": {"10.0.86.121": 1}, "localIpTotalDuration": 545.9879, "localIpDuration": {"10.0.86.121": 545.9879}}, "Roblox": {"localIpCount": 55, "localIpFrequency": {"10.0.80.183": 1, "10.0.81.113": 4, "10.0.81.232": 1, "10.0.82.0": 1, "10.0.81.123": 1, "10.0.80.228": 1, "10.0.81.89": 2, "10.0.80.151": 1, "10.0.82.64": 1, "10.0.81.66": 1, "10.0.82.91": 4, "10.0.82.92": 7, "10.0.82.101": 2, "10.0.82.123": 1, "10.0.82.169": 1, "10.0.82.175": 1, "10.0.82.174": 1, "10.0.82.114": 1, "10.0.82.104": 3, "10.0.82.178": 1, "10.0.82.217": 1, "10.0.82.184": 1, "10.0.83.74": 1, "10.0.83.79": 1, "10.0.83.32": 1, "10.0.83.119": 2, "10.0.82.107": 1, "10.0.83.150": 1, "10.0.82.222": 2, "10.0.83.148": 7, "10.0.83.156": 4, "10.0.84.44": 16, "10.0.84.51": 4, "10.0.84.105": 1, "10.0.84.139": 1, "10.0.84.163": 1, "10.0.84.174": 1, "10.0.84.151": 1, "10.0.84.217": 3, "10.0.84.240": 1, "10.0.84.246": 1, "10.0.84.237": 2, "10.0.84.221": 1, "10.0.85.22": 2, "10.0.84.203": 1, "10.0.85.93": 9, "10.0.85.198": 17, "10.0.85.250": 1, "10.0.86.51": 1, "10.0.86.85": 1, "10.0.86.140": 1, "10.0.86.146": 1, "10.0.86.181": 1, "10.0.86.47": 1, "10.0.86.205": 1}, "localIpTotalDuration": 229450.19730000006, "localIpDuration": {"10.0.80.183": 1798.8038, "10.0.81.113": 7118.6051, "10.0.81.232": 1798.8049, "10.0.82.0": 1791.7884, "10.0.81.123": 1792.0094, "10.0.80.228": 1771.0011, "10.0.81.89": 3541.8100000000004, "10.0.80.151": 1791.7848, "10.0.82.64": 1799.006, "10.0.81.66": 1798.8259, "10.0.82.91": 7174.5854, "10.0.82.92": 12591.753999999999, "10.0.82.101": 3597.6115, "10.0.82.123": 1798.7648, "10.0.82.169": 1799.0086, "10.0.82.175": 1798.7451, "10.0.82.174": 1798.8286, "10.0.82.114": 1799.012, "10.0.82.104": 5396.3657, "10.0.82.178": 1798.762, "10.0.82.217": 1798.7994, "10.0.82.184": 1799.0243, "10.0.83.74": 1798.8049, "10.0.83.79": 1798.787, "10.0.83.32": 1799.0184, "10.0.83.119": 3597.7994, "10.0.82.107": 1798.7933, "10.0.83.150": 1798.7939, "10.0.82.222": 3590.5476, "10.0.83.148": 12522.4372, "10.0.83.156": 7168.000900000001, "10.0.84.44": 28757.7381, "10.0.84.51": 7153.7937999999995, "10.0.84.105": 1791.7712, "10.0.84.139": 1798.1905, "10.0.84.163": 1797.2721, "10.0.84.174": 1798.1825, "10.0.84.151": 1796.3872, "10.0.84.217": 5393.329, "10.0.84.240": 1798.1808, "10.0.84.246": 1797.9124, "10.0.84.237": 3597.8001, "10.0.84.221": 1799.0021, "10.0.85.22": 3576.2961, "10.0.84.203": 1749.9972, "10.0.85.93": 15923.641900000002, "10.0.85.198": 30512.487299999997, "10.0.85.250": 1790.8916, "10.0.86.51": 1797.8703, "10.0.86.85": 1798.7139, "10.0.86.140": 1798.8066, "10.0.86.146": 1798.7839, "10.0.86.181": 1799.0157, "10.0.86.47": 1798.4406, "10.0.86.205": 1799.009}}, "FIFA ONLINE 4 M": {"localIpCount": 2, "localIpFrequency": {"10.0.84.43": 1, "10.0.84.45": 1}, "localIpTotalDuration": 1322.9942999999998, "localIpDuration": {"10.0.84.43": 1196.9967, "10.0.84.45": 125.9976}}, "TFT: Teamfight Tactics": {"localIpCount": 4, "localIpFrequency": {"10.0.84.128": 1, "10.0.84.177": 2, "10.0.86.7": 2, "10.0.86.78": 2}, "localIpTotalDuration": 5284.9853, "localIpDuration": {"10.0.84.128": 595.0128, "10.0.84.177": 1658.9638, "10.0.86.7": 1645.0035, "10.0.86.78": 1386.0052}}, "Cookie Run: OvenBreak": {"localIpCount": 1, "localIpFrequency": {"10.0.85.223": 1}, "localIpTotalDuration": 0.0, "localIpDuration": {"10.0.85.223": 0.0}}, "Brawl Stars": {"localIpCount": 29, "localIpFrequency": {"10.0.81.8": 1, "10.0.82.0": 1, "10.0.82.57": 2, "10.0.82.110": 4, "10.0.82.148": 1, "10.0.82.113": 1, "10.0.82.170": 4, "10.0.82.178": 2, "10.0.82.140": 1, "10.0.83.32": 2, "10.0.83.65": 1, "10.0.83.40": 1, "10.0.82.232": 1, "10.0.83.119": 2, "10.0.83.105": 1, "10.0.84.43": 1, "10.0.84.64": 3, "10.0.84.86": 1, "10.0.84.198": 1, "10.0.84.162": 1, "10.0.84.249": 1, "10.0.85.9": 1, "10.0.85.30": 1, "10.0.86.14": 1, "10.0.86.52": 3, "10.0.86.78": 1, "10.0.86.75": 1, "10.0.86.140": 1, "10.0.86.174": 1}, "localIpTotalDuration": 49924.176100000004, "localIpDuration": {"10.0.81.8": 546.0162, "10.0.82.0": 770.002, "10.0.82.57": 2079.0142, "10.0.82.110": 5606.989799999999, "10.0.82.148": 1337.0022, "10.0.82.113": 1700.9961, "10.0.82.170": 5733.0179, "10.0.82.178": 3143.0078000000003, "10.0.82.140": 1736.0229, "10.0.83.32": 3094.0069, "10.0.83.65": 1722.0313, "10.0.83.40": 1785.0099, "10.0.82.232": 1239.0019, "10.0.83.119": 2716.0171, "10.0.83.105": 1700.9916, "10.0.84.43": 1358.0006, "10.0.84.64": 2695.0012, "10.0.84.86": 1659.0044, "10.0.84.198": 686.0023, "10.0.84.162": 699.9989, "10.0.84.249": 1596.0182, "10.0.85.9": 1763.9965, "10.0.85.30": 756.006, "10.0.86.14": 0.0, "10.0.86.52": 1001.0344, "10.0.86.78": 224.005, "10.0.86.75": 790.9882, "10.0.86.140": 1777.9979, "10.0.86.174": 6.9947}}, "FIFA Mobile": {"localIpCount": 2, "localIpFrequency": {"10.0.84.43": 1, "10.0.84.64": 3}, "localIpTotalDuration": 1925.3697, "localIpDuration": {"10.0.84.43": 119.0003, "10.0.84.64": 1806.3694}}, "KartRider Rush+": {"localIpCount": 1, "localIpFrequency": {"10.0.82.140": 3}, "localIpTotalDuration": 3402.0073999999995, "localIpDuration": {"10.0.82.140": 3402.0073999999995}}, "Clash of Clan": {"localIpCount": 1, "localIpFrequency": {"10.0.85.240": 1}, "localIpTotalDuration": 0.0027, "localIpDuration": {"10.0.85.240": 0.0027}}, "\ud0d5\ud0d5\ud2b9\uacf5\ub300": {"localIpCount": 3, "localIpFrequency": {"10.0.82.100": 2, "10.0.84.64": 2, "10.0.85.55": 1}, "localIpTotalDuration": 3423.0201, "localIpDuration": {"10.0.82.100": 287.01120000000003, "10.0.84.64": 2814.0001, "10.0.85.55": 322.0088}}, "ZEPETO": {"localIpCount": 1, "localIpFrequency": {"10.0.84.217": 1}, "localIpTotalDuration": 0.0001, "localIpDuration": {"10.0.84.217": 0.0001}}, "PUBG Mobile": {"localIpCount": 36, "localIpFrequency": {"10.0.81.176": 3, "10.0.81.236": 1, "10.0.82.20": 3, "10.0.82.48": 2, "10.0.82.89": 2, "10.0.82.109": 1, "10.0.82.143": 1, "10.0.82.181": 1, "10.0.82.110": 1, "10.0.82.187": 1, "10.0.83.4": 6, "10.0.83.5": 1, "10.0.83.33": 3, "10.0.83.164": 1, "10.0.83.46": 1, "10.0.83.53": 1, "10.0.84.95": 3, "10.0.84.123": 3, "10.0.84.159": 3, "10.0.84.189": 2, "10.0.84.251": 1, "10.0.85.95": 1, "10.0.85.132": 1, "10.0.85.140": 2, "10.0.85.134": 1, "10.0.85.175": 4, "10.0.85.221": 1, "10.0.85.234": 1, "10.0.85.228": 1, "10.0.85.255": 3, "10.0.86.23": 1, "10.0.86.31": 1, "10.0.86.123": 1, "10.0.86.94": 3, "10.0.86.223": 1, "10.0.86.53": 1}, "localIpTotalDuration": 76025.49519999999, "localIpDuration": {"10.0.81.176": 3051.9454, "10.0.81.236": 1540.0221, "10.0.82.20": 1925.0112, "10.0.82.48": 3324.8174, "10.0.82.89": 1295.0030000000002, "10.0.82.109": 364.0031, "10.0.82.143": 959.0064, "10.0.82.181": 1791.9788, "10.0.82.110": 1077.9909, "10.0.82.187": 1231.9974, "10.0.83.4": 7951.0762, "10.0.83.5": 888.9605, "10.0.83.33": 4214.0267, "10.0.83.164": 1791.7626, "10.0.83.46": 1659.0261, "10.0.83.53": 630.0043, "10.0.84.95": 5095.9967, "10.0.84.123": 2001.9922000000001, "10.0.84.159": 4340.007799999999, "10.0.84.189": 3149.9951, "10.0.84.251": 1021.9897, "10.0.85.95": 1029.002, "10.0.85.132": 1596.0026,