{"Gunship Battle: Crypto Conflict": {"localIpCount": 5, "localIpFrequency": {"10.0.0.41": 1, "10.0.0.36": 7, "10.0.0.2": 29, "10.0.0.29": 5, "10.0.0.47": 3}, "localIpTotalDuration": 109674.78300000001, "localIpDuration": {"10.0.0.41": 15831.8956, "10.0.0.36": 32761.4537, "10.0.0.2": 56873.2734, "10.0.0.29": 2993.1585999999998, "10.0.0.47": 1215.0017}}, "Birdie Shot": {"localIpCount": 1, "localIpFrequency": {"10.0.0.47": 36}, "localIpTotalDuration": 121058.45659999998, "localIpDuration": {"10.0.0.47": 121058.45659999998}}, "Roblox": {"localIpCount": 1, "localIpFrequency": {"10.0.0.138": 1}, "localIpTotalDuration": 5.2066, "localIpDuration": {"10.0.0.138": 5.2066}}, "Sonic Forces": {"localIpCount": 1, "localIpFrequency": {"10.0.0.117": 1}, "localIpTotalDuration": 63.7455, "localIpDuration": {"10.0.0.117": 63.7455}}, "KartRider Rush+": {"localIpCount": 1, "localIpFrequency": {"10.0.0.44": 2}, "localIpTotalDuration": 1133.2601, "localIpDuration": {"10.0.0.44": 1133.2601}}, "PUBG Mobile": {"localIpCount": 2, "localIpFrequency": {"10.0.0.60": 24, "10.0.0.78": 24}, "localIpTotalDuration": 98296.31340000003, "localIpDuration": {"10.0.0.60": 54569.671299999995, "10.0.0.78": 43726.642100000005}}, "MIR4": {"localIpCount": 3, "localIpFrequency": {"10.0.0.30": 2, "10.0.0.91": 1, "10.0.0.70": 15}, "localIpTotalDuration": 30318.141700000004, "localIpDuration": {"10.0.0.30": 571.7405, "10.0.0.91": 297.2069, "10.0.0.70": 29449.194300000003}}, "Hero Blaze: Three Kingdoms": {"localIpCount": 1, "localIpFrequency": {"10.0.0.34": 3}, "localIpTotalDuration": 2859.3205, "localIpDuration": {"10.0.0.34": 2859.3205}}, "Dungeon & Fighter Mobile": {"localIpCount": 1, "localIpFrequency": {"10.0.0.57": 1}, "localIpTotalDuration": 93.677, "localIpDuration": {"10.0.0.57": 93.677}}, "Cookie Run: Kingdom": {"localIpCount": 1, "localIpFrequency": {"10.0.0.57": 1}, "localIpTotalDuration": 337.1544, "localIpDuration": {"10.0.0.57": 337.1544}}}