{"Blue Archive": {"localIpCount": 1, "localIpFrequency": {"10.0.29.227": 1}, "localIpTotalDuration": 664.8702, "localIpDuration": {"10.0.29.227": 664.8702}}, "KartRider Rush+": {"localIpCount": 1, "localIpFrequency": {"10.0.29.53": 1}, "localIpTotalDuration": 0.0066, "localIpDuration": {"10.0.29.53": 0.0066}}, "Zombie High School": {"localIpCount": 1, "localIpFrequency": {"10.0.29.179": 1}, "localIpTotalDuration": 188.9705, "localIpDuration": {"10.0.29.179": 188.9705}}, "Minecraft": {"localIpCount": 6, "localIpFrequency": {"10.0.28.60": 2, "10.0.28.76": 3, "10.0.28.131": 2, "10.0.29.35": 2, "10.0.29.128": 2, "10.0.30.111": 1}, "localIpTotalDuration": 7573.0226, "localIpDuration": {"10.0.28.60": 181.9916, "10.0.28.76": 3205.0762000000004, "10.0.28.131": 517.9369, "10.0.29.35": 2072.0019, "10.0.29.128": 1547.0347, "10.0.30.111": 48.9813}}, "Free Fire": {"localIpCount": 5, "localIpFrequency": {"10.0.27.226": 1, "10.0.27.232": 4, "10.0.28.93": 1, "10.0.28.119": 1, "10.0.29.68": 1}, "localIpTotalDuration": 9652.540799999999, "localIpDuration": {"10.0.27.226": 1715.0223, "10.0.27.232": 6894.604200000001, "10.0.28.93": 321.9796, "10.0.28.119": 237.9409, "10.0.29.68": 482.9938}}, "League of Legends: Wild Rift": {"localIpCount": 8, "localIpFrequency": {"10.0.27.238": 4, "10.0.28.54": 1, "10.0.29.53": 3, "10.0.29.66": 2, "10.0.29.137": 2, "10.0.29.191": 1, "10.0.30.82": 6, "10.0.30.165": 1}, "localIpTotalDuration": 26855.521500000003, "localIpDuration": {"10.0.27.238": 6390.9209, "10.0.28.54": 139.9209, "10.0.29.53": 5367.7151, "10.0.29.66": 2722.3462, "10.0.29.137": 2282.0058, "10.0.29.191": 76.9986, "10.0.30.82": 9875.614, "10.0.30.165": 0.0}}, "Cookie Run: Kingdom": {"localIpCount": 2, "localIpFrequency": {"10.0.29.142": 5, "10.0.30.162": 3}, "localIpTotalDuration": 8504.6065, "localIpDuration": {"10.0.29.142": 5768.0157, "10.0.30.162": 2736.5908}}, "Roll Roll: Dice Heroes": {"localIpCount": 1, "localIpFrequency": {"10.0.29.150": 1}, "localIpTotalDuration": 470.016, "localIpDuration": {"10.0.29.150": 470.016}}, "Brawl Stars": {"localIpCount": 22, "localIpFrequency": {"10.0.27.15": 2, "10.0.26.243": 1, "10.0.28.60": 1, "10.0.28.66": 1, "10.0.28.64": 1, "10.0.28.69": 3, "10.0.28.90": 1, "10.0.28.209": 2, "10.0.28.41": 3, "10.0.28.54": 2, "10.0.29.64": 2, "10.0.29.147": 1, "10.0.29.142": 1, "10.0.29.166": 4, "10.0.29.175": 1, "10.0.29.200": 1, "10.0.29.210": 1, "10.0.29.163": 3, "10.0.30.18": 1, "10.0.30.30": 1, "10.0.29.143": 1, "10.0.30.32": 1}, "localIpTotalDuration": 38694.6542, "localIpDuration": {"10.0.27.15": 2688.0685999999996, "10.0.26.243": 1645.0297, "10.0.28.60": 609.0349, "10.0.28.66": 0.0328, "10.0.28.64": 1798.9504, "10.0.28.69": 3380.991, "10.0.28.90": 525.2021, "10.0.28.209": 3220.0089, "10.0.28.41": 3478.4506, "10.0.28.54": 2016.0405, "10.0.29.64": 2050.4245, "10.0.29.147": 455.0046, "10.0.29.142": 433.9989, "10.0.29.166": 3555.9556, "10.0.29.175": 902.9989, "10.0.29.200": 49.0146, "10.0.29.210": 1512.0596, "10.0.29.163": 4572.0149, "10.0.30.18": 1034.0816, "10.0.30.30": 1372.0202, "10.0.29.143": 1708.1408, "10.0.30.32": 1687.1305}}, "Pok\u00e9mon GO": {"localIpCount": 1, "localIpFrequency": {"10.0.30.51": 4}, "localIpTotalDuration": 4599.2424, "localIpDuration": {"10.0.30.51": 4599.2424}}, "TFT: Teamfight Tactics": {"localIpCount": 3, "localIpFrequency": {"10.0.28.115": 1, "10.0.29.191": 2, "10.0.30.165": 1}, "localIpTotalDuration": 1862.0081, "localIpDuration": {"10.0.28.115": 6.9844, "10.0.29.191": 462.0213, "10.0.30.165": 1393.0024}}, "PUBG Mobile": {"localIpCount": 15, "localIpFrequency": {"10.0.27.127": 1, "10.0.27.131": 2, "10.0.28.124": 1, "10.0.28.126": 2, "10.0.28.171": 1, "10.0.28.202": 5, "10.0.28.218": 1, "10.0.29.83": 1, "10.0.29.95": 1, "10.0.29.125": 1, "10.0.29.239": 1, "10.0.30.33": 1, "10.0.30.54": 1, "10.0.30.88": 1, "10.0.30.152": 1}, "localIpTotalDuration": 13196.404700000001, "localIpDuration": {"10.0.27.127": 210.0034, "10.0.27.131": 3079.8423, "10.0.28.124": 168.0357, "10.0.28.126": 1246.0482, "10.0.28.171": 168.0034, "10.0.28.202": 4936.322400000001, "10.0.28.218": 84.0173, "10.0.29.83": 41.9902, "10.0.29.95": 1561.0058, "10.0.29.125": 0.0004, "10.0.29.239": 321.9915, "10.0.30.33": 595.0508, "10.0.30.54": 161.0783, "10.0.30.88": 322.0173, "10.0.30.152": 300.9977}}, "Clash Royale": {"localIpCount": 4, "localIpFrequency": {"10.0.29.247": 1, "10.0.30.64": 1, "10.0.30.130": 1, "10.0.30.144": 1}, "localIpTotalDuration": 419.8937, "localIpDuration": {"10.0.29.247": 7.0131, "10.0.30.64": 14.0457, "10.0.30.130": 6.8891, "10.0.30.144": 391.9458}}, "Roblox": {"localIpCount": 67, "localIpFrequency": {"10.0.27.117": 1, "10.0.27.56": 1, "10.0.26.252": 3, "10.0.27.2": 1, "10.0.27.9": 2, "10.0.27.3": 3, "10.0.27.34": 1, "10.0.27.89": 2, "10.0.27.77": 1, "10.0.27.21": 1, "10.0.27.246": 1, "10.0.28.36": 3, "10.0.28.67": 1, "10.0.28.78": 1, "10.0.28.77": 1, "10.0.28.51": 2, "10.0.28.49": 1, "10.0.28.91": 1, "10.0.28.123": 1, "10.0.28.43": 1, "10.0.28.66": 2, "10.0.28.63": 1, "10.0.28.165": 1, "10.0.28.98": 1, "10.0.28.76": 1, "10.0.28.209": 1, "10.0.28.157": 1, "10.0.28.127": 4, "10.0.28.130": 1, "10.0.28.108": 1, "10.0.29.5": 2, "10.0.28.111": 1, "10.0.28.121": 5, "10.0.28.211": 2, "10.0.29.64": 2, "10.0.29.31": 2, "10.0.28.82": 3, "10.0.28.120": 2, "10.0.28.184": 1, "10.0.29.121": 1, "10.0.29.128": 3, "10.0.29.123": 1, "10.0.29.127": 5, "10.0.29.151": 2, "10.0.29.170": 3, "10.0.29.163": 1, "10.0.29.173": 1, "10.0.29.165": 4, "10.0.29.213": 1, "10.0.29.234": 1, "10.0.29.214": 1, "10.0.29.185": 1, "10.0.29.250": 1, "10.0.29.178": 2, "10.0.30.32": 1, "10.0.30.44": 1, "10.0.29.210": 4, "10.0.30.46": 1, "10.0.29.232": 1, "10.0.29.202": 6, "10.0.30.68": 1, "10.0.29.194": 1, "10.0.30.116": 1, "10.0.29.244": 1, "10.0.30.148": 3, "10.0.30.153": 1, "10.0.30.163": 1}, "localIpTotalDuration": 202704.5406, "localIpDuration": {"10.0.27.117": 1799.0383, "10.0.27.56": 1798.0736, "10.0.26.252": 5391.8927, "10.0.27.2": 1798.1031, "10.0.27.9": 3593.8847, "10.0.27.3": 5386.4869, "10.0.27.34": 1795.6697, "10.0.27.89": 3591.3543, "10.0.27.77": 1795.8399, "10.0.27.21": 1795.8372, "10.0.27.246": 1795.1868, "10.0.28.36": 5392.2973, "10.0.28.67": 1798.4468, "10.0.28.78": 1798.1368, "10.0.28.77": 1798.2165, "10.0.28.51": 3596.3568999999998, "10.0.28.49": 1798.2798, "10.0.28.91": 1798.2917, "10.0.28.123": 1798.2007, "10.0.28.43": 1798.2405, "10.0.28.66": 3592.2204, "10.0.28.63": 1798.0055, "10.0.28.165": 1798.2258, "10.0.28.98": 1799.9772, "10.0.28.76": 1794.3258, "10.0.28.209": 1799.5947, "10.0.28.157": 1795.2802, "10.0.28.127": 7195.179300000001, "10.0.28.130": 1795.7575, "10.0.28.108": 1793.8343, "10.0.29.5": 3596.67, "10.0.28.111": 1798.2284, "10.0.28.121": 8991.684700000002, "10.0.28.211": 3596.5692, "10.0.29.64": 3596.7348, "10.0.29.31": 3596.8365999999996, "10.0.28.82": 5395.127, "10.0.28.120": 3596.7634, "10.0.28.184": 1798.3393, "10.0.29.121": 1799.0053, "10.0.29.128": 5381.0154999999995, "10.0.29.123": 1798.5242, "10.0.29.127": 8963.7748, "10.0.29.151": 3582.8900000000003, "10.0.29.170": 5395.334699999999, "10.0.29.163": 1798.2005, "10.0.29.173": 1798.3977, "10.0.29.165": 7188.8888, "10.0.29.213": 1798.0764, "10.0.29.234": 1798.4516, "10.0.29.214": 1798.3303, "10.0.29.185": 1798.3461, "10.0.29.250": 1799.0763, "10.0.29.178": 3596.2108, "10.0.30.32": 1799.0412, "10.0.30.44": 1798.2044, "10.0.29.210": 7193.0198, "10.0.30.46": 1798.204, "10.0.29.232": 1798.1598, "10.0.29.202": 10790.8864, "10.0.30.68": 1798.161, "10.0.29.194": 1798.2777, "10.0.30.116": 1798.3444, "10.0.29.244": 1793.5146, "10.0.30.148": 3745.0164, "10.0.30.153": 1687.0017, "10.0.30.163": 1364.9979}}, "Clash of Clan": {"localIpCount": 1, "localIpFrequency": {"10.0.29.211": 1}, "localIpTotalDuration": 0.0001, "localIpDuration": {"10.0.29.211": 0.0001}}, "FIFA Mobile": {"localIpCount": 6, "localIpFrequency": {"10.0.28.163": 1, "10.0.29.175": 1, "10.0.30.4": 1, "10.0.30.55": 1, "10.0.30.138": 1, "10.0.30.170": 1}, "localIpTotalDuration": 1749.7680000000003,