{"HATSUNE MIKU: COLORFUL STAGE!": {"localIpCount": 2, "localIpFrequency": {"10.0.2.183": 1, "10.0.0.94": 1}, "localIpTotalDuration": 504.0106, "localIpDuration": {"10.0.2.183": 217.0471, "10.0.0.94": 286.9635}}, "Random Dice: Defense": {"localIpCount": 1, "localIpFrequency": {"10.0.1.122": 2}, "localIpTotalDuration": 2072.3102, "localIpDuration": {"10.0.1.122": 2072.3102}}, "Gunship Battle: Crypto Conflict": {"localIpCount": 2, "localIpFrequency": {"10.0.0.235": 2, "10.0.0.180": 1}, "localIpTotalDuration": 959.7501, "localIpDuration": {"10.0.0.235": 553.7537, "10.0.0.180": 405.9964}}, "Roblox": {"localIpCount": 38, "localIpFrequency": {"10.0.2.144": 1, "10.0.2.148": 2, "10.0.0.211": 2, "10.0.0.25": 3, "10.0.2.78": 1, "10.0.0.172": 3, "10.0.0.147": 1, "10.0.0.247": 1, "10.0.0.5": 9, "10.0.2.153": 10, "10.0.1.122": 2, "10.0.2.165": 1, "10.0.2.110": 1, "10.0.1.106": 2, "10.0.1.238": 2, "10.0.0.38": 2, "10.0.0.61": 2, "10.0.2.93": 1, "10.0.1.16": 2, "10.0.0.28": 3, "10.0.0.229": 1, "10.0.1.179": 4, "10.0.1.134": 1, "10.0.0.218": 1, "10.0.0.94": 1, "10.0.0.143": 1, "10.0.2.206": 1, "10.0.1.26": 1, "10.0.1.133": 4, "10.0.1.249": 1, "10.0.0.203": 1, "10.0.1.140": 1, "10.0.0.164": 3, "10.0.0.77": 1, "10.0.2.154": 2, "10.0.1.166": 1, "10.0.1.95": 1, "10.0.2.108": 1}, "localIpTotalDuration": 140176.49589999998, "localIpDuration": {"10.0.2.144": 1799.5968, "10.0.2.148": 3591.522, "10.0.0.211": 3591.8388999999997, "10.0.0.25": 5388.4037, "10.0.2.78": 1795.5928, "10.0.0.172": 5392.2929, "10.0.0.147": 1795.7683, "10.0.0.247": 1795.7482, "10.0.0.5": 16168.847399999999, "10.0.2.153": 17968.785200000002, "10.0.1.122": 3592.0087, "10.0.2.165": 1799.0436, "10.0.2.110": 1798.3037, "10.0.1.106": 3596.4896, "10.0.1.238": 3596.5893, "10.0.0.38": 3596.6436000000003, "10.0.0.61": 3597.7171, "10.0.2.93": 1797.646, "10.0.1.16": 3595.3855000000003, "10.0.0.28": 5389.6161, "10.0.0.229": 1798.4046, "10.0.1.179": 7184.257799999999, "10.0.1.134": 1799.3098, "10.0.0.218": 1799.4641, "10.0.0.94": 1796.6213, "10.0.0.143": 1796.7162, "10.0.2.206": 1794.8224, "10.0.1.26": 1798.9605, "10.0.1.133": 7188.9236, "10.0.1.249": 1798.4076, "10.0.0.203": 1797.9362, "10.0.1.140": 1793.112, "10.0.0.164": 5392.0463, "10.0.0.77": 1798.6044, "10.0.2.154": 3596.1605, "10.0.1.166": 1798.4087, "10.0.1.95": 1798.1493, "10.0.2.108": 1798.3512}}, "FIFA Mobile": {"localIpCount": 5, "localIpFrequency": {"10.0.1.64": 4, "10.0.2.110": 2, "10.0.1.143": 1, "10.0.0.229": 1, "10.0.2.100": 1}, "localIpTotalDuration": 9255.1294, "localIpDuration": {"10.0.1.64": 3171.3036, "10.0.2.110": 2946.9652, "10.0.1.143": 1442.0139, "10.0.0.229": 1350.9722, "10.0.2.100": 343.8745}}, "Clash of Clan": {"localIpCount": 1, "localIpFrequency": {"10.0.0.178": 2}, "localIpTotalDuration": 14.020900000000001, "localIpDuration": {"10.0.0.178": 14.020900000000001}}, "PUBG Mobile": {"localIpCount": 6, "localIpFrequency": {"10.0.1.143": 2, "10.0.1.164": 4, "10.0.1.48": 1, "10.0.2.225": 1, "10.0.2.237": 1, "10.0.2.239": 1}, "localIpTotalDuration": 7504.5241000000005, "localIpDuration": {"10.0.1.143": 2849.0328, "10.0.1.164": 3486.0393000000004, "10.0.1.48": 189.5018, "10.0.2.225": 377.938, "10.0.2.237": 245.0099, "10.0.2.239": 357.0023}}, "Cookie Run: Kingdom": {"localIpCount": 4, "localIpFrequency": {"10.0.1.106": 3, "10.0.2.14": 1, "10.0.2.232": 2, "10.0.2.58": 1}, "localIpTotalDuration": 4556.7191, "localIpDuration": {"10.0.1.106": 1014.6216, "10.0.2.14": 672.0314, "10.0.2.232": 2667.0597, "10.0.2.58": 203.0064}}, "Minecraft": {"localIpCount": 8, "localIpFrequency": {"10.0.0.250": 1, "10.0.2.14": 3, "10.0.2.165": 2, "10.0.0.186": 1, "10.0.0.147": 1, "10.0.0.28": 1, "10.0.1.117": 2, "10.0.1.51": 1}, "localIpTotalDuration": 14420.0502, "localIpDuration": {"10.0.0.250": 461.9177, "10.0.2.14": 3716.9948, "10.0.2.165": 3275.446, "10.0.0.186": 1190.0542, "10.0.0.147": 1127.0094, "10.0.0.28": 728.0588, "10.0.1.117": 2198.4116999999997, "10.0.1.51": 1722.1576}}, "Ninja Must Die": {"localIpCount": 1, "localIpFrequency": {"10.0.2.94": 1}, "localIpTotalDuration": 0.0428, "localIpDuration": {"10.0.2.94": 0.0428}}, "Genshin Impact": {"localIpCount": 1, "localIpFrequency": {"10.0.1.1": 1}, "localIpTotalDuration": 1617.0098, "localIpDuration": {"10.0.1.1": 1617.0098}}, "Free Fire": {"localIpCount": 2, "localIpFrequency": {"10.0.2.218": 1, "10.0.2.234": 1}, "localIpTotalDuration": 1043.0022000000001, "localIpDuration": {"10.0.2.218": 448.0006, "10.0.2.234": 595.0016}}, "League of Legends: Wild Rift": {"localIpCount": 10, "localIpFrequency": {"10.0.2.139": 1, "10.0.1.27": 1, "10.0.2.163": 4, "10.0.2.108": 1, "10.0.0.225": 1, "10.0.2.231": 1, "10.0.2.7": 1, "10.0.1.98": 1, "10.0.2.56": 1, "10.0.2.241": 1}, "localIpTotalDuration": 4784.4092, "localIpDuration": {"10.0.2.139": 1137.0468, "10.0.1.27": 7.045, "10.0.2.163": 1029.3048000000001, "10.0.2.108": 0.0153, "10.0.0.225": 0.0001, "10.0.2.231": 42.0012, "10.0.2.7": 6.9964, "10.0.1.98": 13.9918, "10.0.2.56": 1483.9985, "10.0.2.241": 1064.0093}}, "TFT: Teamfight Tactics": {"localIpCount": 6, "localIpFrequency": {"10.0.1.27": 2, "10.0.2.163": 10, "10.0.2.231": 1, "10.0.2.7": 2, "10.0.1.98": 2, "10.0.2.241": 2}, "localIpTotalDuration": 17694.826, "localIpDuration": {"10.0.1.27": 1834.0104, "10.0.2.163": 10002.9268, "10.0.2.231": 6.9894, "10.0.2.7": 1853.8861, "10.0.1.98": 3010.0062, "10.0.2.241": 987.0071}}, "Brawl Stars": {"localIpCount": 16, "localIpFrequency": {"10.0.0.25": 1, "10.0.1.106": 2, "10.0.2.110": 10, "10.0.1.180": 1, "10.0.2.94": 1, "10.0.1.143": 1, "10.0.2.100": 2, "10.0.1.102": 2, "10.0.1.122": 1, "10.0.1.253": 1, "10.0.2.206": 2, "10.0.2.232": 2, "10.0.1.140": 2, "10.0.2.154": 1, "10.0.1.217": 2, "10.0.0.236": 1}, "localIpTotalDuration": 43277.1865, "localIpDuration": {"10.0.0.25": 1015.0326, "10.0.1.106": 3045.3161, "10.0.2.110": 15810.8794, "10.0.1.180": 1798.168, "10.0.2.94": 1175.2724, "10.0.1.143": 1708.0408, "10.0.2.100": 3506.2667, "10.0.1.102": 3451.0348000000004, "10.0.1.122": 1427.9251, "10.0.1.253": 125.9882, "10.0.2.206": 3360.0983, "10.0.2.232": 1785.0700000000002, "10.0.1.140": 441.0558, "10.0.2.154": 1148.0046, "10.0.1.217": 1764.0221, "10.0.0.236": 1715.0116}}, "Pok\u00e9mon GO": {"localIpCount": 1, "localIpFrequency": {"10.0.0.170": 14}, "localIpTotalDuration": 6805.4233, "localIpDuration": {"10.0.0.170": 6805.4233}}, "\ud0d5\ud0d5\ud2b9\uacf5\ub300": {"localIpCount": 1, "localIpFrequency": {"10.0.2.100": 1}, "localIpTotalDuration": 293.9944, "localIpDuration": {"10.0.2.100": 293.9944}}, "Hero Blaze: Three Kingdoms": {"localIpCount": 1, "localIpFrequency": {"10.0.0.180": 1}, "localIpTotalDuration": 258.9816, "localIpDuration": {"10.0.0.180": 258.9816}}, "WePlay - Party Game & Chat": {"localIpCount": 2, "localIpFrequency": {"10.0.1.27": 3, "10.0.0.186": 1}, "localIpTotalDuration": 2457.4337, "localIpDuration": {"10.0.1.27": 1316.4391, "10.0.0.186": 1140.9946}}, "Roll Roll: Dice Heroes": {"localIpCount": 1, "localIpFrequency": {"10.0.2.94": 1}, "localIpTotalDuration": 699.991, "localIpDuration": {"10.0.2.94": 699.991}}, "FIFA ONLINE 4 M": {"localIpCount": 2, "localIpFrequency": {"10.0.2.110": 1, "10.0.2.53": 2}, "localIpTotalDuration": 2757.9196, "localIpDuration": {"10.0.2.110": 0.0203, "10.0.2.53": 2757.8993}}, "Zombie High School": {"localIpCount": 1, "localIpFrequency": {"10.0.1.1": 1}, "localIpTotalDuration": 413.0323, "localIpDuration": {"10.0.1.1": 413.0323}}, "UNO": {"localIpCount": 1, "localIpFrequency": {"10.0.1.106": 1}, "localIpTotalDuration": 13.9623, "localIpDuration": {"10.0.1.106": 13.9623}}, "\ucef4\ud22c\uc2a4\ud504\ub85c\uc57c\uad6c2022": {"localIpCount": 1, "localIpFrequency": {"10.0.1.98": 1}, "localIpTotalDuration": 567.0714, "localIpDuration": {"10.0.1.98": 567.0714}}}