{"KartRider Rush+": {"localIpCount": 2, "localIpFrequency": {"10.0.0.2": 1, "10.0.1.191": 1}, "localIpTotalDuration": 6.9841, "localIpDuration": {"10.0.0.2": 0.0, "10.0.1.191": 6.9841}}, "Mario Kart Tour": {"localIpCount": 1, "localIpFrequency": {"10.0.0.158": 1}, "localIpTotalDuration": 273.0002, "localIpDuration": {"10.0.0.158": 273.0002}}, "Hero Blaze: Three Kingdoms": {"localIpCount": 1, "localIpFrequency": {"10.0.0.71": 1}, "localIpTotalDuration": 0.0091, "localIpDuration": {"10.0.0.71": 0.0091}}, "\ud0d5\ud0d5\ud2b9\uacf5\ub300": {"localIpCount": 5, "localIpFrequency": {"10.0.0.178": 1, "10.0.1.9": 1, "10.0.1.162": 1, "10.0.1.26": 1, "10.0.0.71": 1}, "localIpTotalDuration": 3661.0593, "localIpDuration": {"10.0.0.178": 1386.0212, "10.0.1.9": 636.9954, "10.0.1.162": 1169.0137, "10.0.1.26": 364.0295, "10.0.0.71": 104.9995}}, "Zombie High School": {"localIpCount": 1, "localIpFrequency": {"10.0.1.50": 1}, "localIpTotalDuration": 41.9892, "localIpDuration": {"10.0.1.50": 41.9892}}, "Clash of Clan": {"localIpCount": 1, "localIpFrequency": {"10.0.1.28": 1}, "localIpTotalDuration": 6.879, "localIpDuration": {"10.0.1.28": 6.879}}, "\ucef4\ud22c\uc2a4\ud504\ub85c\uc57c\uad6c2022": {"localIpCount": 1, "localIpFrequency": {"10.0.2.53": 3}, "localIpTotalDuration": 1022.0573999999999, "localIpDuration": {"10.0.2.53": 1022.0573999999999}}, "PUBG Mobile": {"localIpCount": 13, "localIpFrequency": {"10.0.0.50": 1, "10.0.0.101": 2, "10.0.0.201": 1, "10.0.0.217": 1, "10.0.0.118": 3, "10.0.0.250": 7, "10.0.0.175": 2, "10.0.1.48": 2, "10.0.1.164": 3, "10.0.0.133": 2, "10.0.2.94": 1, "10.0.1.143": 2, "10.0.2.145": 1}, "localIpTotalDuration": 19368.1142, "localIpDuration": {"10.0.0.50": 13.2053, "10.0.0.101": 2666.5692, "10.0.0.201": 182.0034, "10.0.0.217": 517.949, "10.0.0.118": 1007.9554999999999, "10.0.0.250": 3983.4030999999995, "10.0.0.175": 1063.999, "10.0.1.48": 105.0016, "10.0.1.164": 4045.9933, "10.0.0.133": 3135.9337, "10.0.2.94": 69.7492, "10.0.1.143": 2569.3450000000003, "10.0.2.145": 7.0069}}, "The Walking Dead: All-Stars": {"localIpCount": 1, "localIpFrequency": {"10.0.2.42": 1}, "localIpTotalDuration": 28.0063, "localIpDuration": {"10.0.2.42": 28.0063}}, "TFT: Teamfight Tactics": {"localIpCount": 6, "localIpFrequency": {"10.0.1.45": 8, "10.0.1.91": 5, "10.0.1.98": 18, "10.0.1.27": 1, "10.0.2.7": 2, "10.0.1.207": 1}, "localIpTotalDuration": 34278.1602, "localIpDuration": {"10.0.1.45": 7622.516199999999, "10.0.1.91": 5593.1944, "10.0.1.98": 17206.0136, "10.0.1.27": 21.0042, "10.0.2.7": 2281.4352, "10.0.1.207": 1553.9966}}, "Roll Roll: Dice Heroes": {"localIpCount": 1, "localIpFrequency": {"10.0.0.149": 2}, "localIpTotalDuration": 2023.1208, "localIpDuration": {"10.0.0.149": 2023.1208}}, "Roblox": {"localIpCount": 101, "localIpFrequency": {"10.0.0.13": 1, "10.0.0.49": 2, "10.0.0.46": 1, "10.0.0.51": 16, "10.0.0.42": 3, "10.0.0.25": 3, "10.0.0.18": 1, "10.0.0.5": 2, "10.0.0.8": 3, "10.0.0.73": 1, "10.0.0.14": 6, "10.0.0.32": 2, "10.0.0.102": 1, "10.0.0.143": 4, "10.0.0.77": 3, "10.0.0.171": 5, "10.0.0.22": 1, "10.0.0.164": 4, "10.0.0.38": 2, "10.0.0.31": 6, "10.0.0.118": 1, "10.0.0.212": 4, "10.0.0.78": 1, "10.0.0.244": 1, "10.0.0.195": 3, "10.0.0.218": 5, "10.0.0.144": 3, "10.0.1.19": 1, "10.0.0.229": 4, "10.0.0.4": 1, "10.0.0.197": 1, "10.0.1.32": 1, "10.0.0.177": 2, "10.0.0.172": 1, "10.0.1.57": 1, "10.0.1.7": 1, "10.0.0.23": 12, "10.0.0.186": 7, "10.0.0.108": 3, "10.0.0.74": 21, "10.0.0.250": 5, "10.0.0.247": 9, "10.0.0.211": 17, "10.0.1.9": 2, "10.0.0.156": 2, "10.0.0.202": 3, "10.0.0.94": 6, "10.0.1.28": 1, "10.0.1.143": 1, "10.0.1.42": 5, "10.0.1.117": 4, "10.0.1.101": 2, "10.0.1.160": 1, "10.0.0.147": 3, "10.0.1.102": 2, "10.0.1.173": 1, "10.0.0.243": 1, "10.0.1.35": 1, "10.0.1.184": 7, "10.0.1.8": 17, "10.0.0.26": 4, "10.0.1.197": 4, "10.0.1.180": 1, "10.0.1.29": 1, "10.0.1.179": 3, "10.0.0.178": 2, "10.0.1.166": 2, "10.0.1.106": 2, "10.0.1.14": 1, "10.0.0.167": 2, "10.0.0.37": 4, "10.0.1.51": 2, "10.0.0.57": 2, "10.0.0.213": 1, "10.0.2.10": 1, "10.0.1.133": 6, "10.0.1.50": 2, "10.0.0.149": 1, "10.0.1.220": 1, "10.0.0.232": 1, "10.0.1.231": 1, "10.0.0.181": 3, "10.0.2.34": 1, "10.0.0.61": 1, "10.0.0.69": 11, "10.0.1.134": 3, "10.0.2.21": 1, "10.0.0.236": 4, "10.0.1.140": 1, "10.0.0.168": 1, "10.0.0.255": 1, "10.0.0.203": 1, "10.0.0.239": 1, "10.0.1.16": 3, "10.0.1.122": 1, "10.0.0.214": 1, "10.0.2.110": 1, "10.0.0.253": 1, "10.0.2.69": 1, "10.0.1.11": 1, "10.0.1.238": 1}, "localIpTotalDuration": 564496.6172000004, "localIpDuration": {"10.0.0.13": 1799.4039, "10.0.0.49": 3595.1188, "10.0.0.46": 1799.3495, "10.0.0.51": 28771.339500000002, "10.0.0.42": 5389.3468, "10.0.0.25": 5391.6999, "10.0.0.18": 1793.9993, "10.0.0.5": 3593.4153, "10.0.0.8": 5390.6927, "10.0.0.73": 1795.6885, "10.0.0.14": 10788.3342, "10.0.0.32": 3594.3526, "10.0.0.102": 1796.1447, "10.0.0.143": 7188.435100000001, "10.0.0.77": 5395.5364, "10.0.0.171": 8992.2399, "10.0.0.22": 1798.2132, "10.0.0.164": 7189.7159, "10.0.0.38": 3596.3746, "10.0.0.31": 10784.5412, "10.0.0.118": 1798.3732, "10.0.0.212": 7190.3828, "10.0.0.78": 1795.4905, "10.0.0.244": 1798.3745, "10.0.0.195": 5394.9843, "10.0.0.218": 8992.8178, "10.0.0.144": 5395.2029, "10.0.1.19": 1799.4384, "10.0.0.229": 7191.5987, "10.0.0.4": 1794.3927, "10.0.0.197": 1795.9305, "10.0.1.32": 1793.8411, "10.0.0.177": 3591.8941999999997, "10.0.0.172": 1798.2691, "10.0.1.57": 1798.2529, "10.0.1.7": 1798.3644, "10.0.0.23": 21577.407499999998, "10.0.0.186": 12588.6345, "10.0.0.108": 5395.5898, "10.0.0.74": 37766.7513, "10.0.0.250": 8988.0195, "10.0.0.247": 16184.7761, "10.0.0.211": 30566.617000000006, "10.0.1.9": 3596.5279, "10.0.0.156": 3596.5739000000003, "10.0.0.202": 5392.1956, "10.0.0.94": 10788.3602, "10.0.1.28": 1798.2721, "10.0.1.143": 1798.1623, "10.0.1.42": 8993.1318, "10.0.1.117": 7193.9202000000005, "10.0.1.101": 3596.9300000000003, "10.0.1.160": 1798.3718, "10.0.0.147": 5395.0692, "10.0.1.102": 3597.3695, "10.0.1.173": 1798.1879, "10.0.0.243": 1798.3414, "10.0.1.35": 1797.6238, "10.0.1.184": 12588.5054, "10.0.1.8": 30576.972199999997, "10.0.0.26": 7194.1911, "10.0.1.197": 7193.655, "10.0.1.180": 1798.4366, "10.0.1.29": 1798.4493, "10.0.1.179": 5396.5748, "10.0.0.178": 3597.214, "10.0.1.166": 3597.4159, "10.0.1.106": 3597.2855, "10.0.1.14": 1798.1709, "10.0.0.167": 3592.4548, "10.0.0.37": 7193.588, "10.0.1.51": 3595.6032, "10.0.0.57": 3597.1185, "10.0.0.213": 1798.5901, "10.0.2.10": 1798.4621, "10.0.1.133": 10791.271900000002, "10.0.1.50": 3596.7817999999997, "10.0.0.149": 1798.3485, "10.0.1.220": 1798.9552, "10.0.0.232": 1798.0529, "10.0.1.231": 1798.1222, "10.0.0.181": 5392.6728, "10.0.2.34": 1798.1593, "10.0.0.61": 1798.2067, "10.0.0.69": 19701.307500000003, "10.0.1.134": 5395.871, "10.0.2.21": 1797.4475, "10.0.0.236": 7189.576800000001, "10.0.1.140": 1799.3615, "10.0.0.168": 1795.5251, "10.0.0.255": 1795.9099, "10.0.0.203": 1796.2391, "10.0.0.239": 1794.1013, "10.0.1.16": 5383.442999999999, "10.0.1.122": 1798.1822, "10.0.0.214": 1794.4867, "10.0.2.110": 1799.3613, "10.0.0.253": 1797.0457, "10.0.2.69": 1799.6849, "10.0.1.11": 1798.187, "10.0.1.238": 1799.2447}}, "Genshin Impact": {"localIpCount": 2, "localIpFrequency": {"10.0.0.50": 1, "10.0.0.184": 1}, "localIpTotalDuration": 235.044, "localIpDuration": {"10.0.0.50": 25.0275, "10.0.0.184": 210.0165}}, "League of Legends: Wild Rift": {"localIpCount": 17, "localIpFrequency": {"10.0.0.53": 65, "10.0.0.5": 2, "10.0.0.38": 7, "10.0.1.91": 4, "10.0.1.98": 7, "10.0.1.103": 30, "10.0.1.170": 1, "10.0.0.225": 1, "10.0.1.191": 1, "10.0.2.7": 1, "10.0.2.15": 1, "10.0.1.207": 1, "10.0.2.56": 1, "10.0.1.45": 1, "10.0.2.74": 1, "10.0.0.68": 3, "10.0.2.139": 1}, "localIpTotalDuration": 190869.64659999986, "localIpDuration": {"10.0.0.53": 108125.99410000003, "10.0.0.5": 3493.002, "10.0.0.38": 11949.5778, "10.0.1.91": 2113.9999, "10.0.1.98": 2849.6742999999997, "10.0.1.103": 46429.407199999994, "10.0.1.170": 1791.1787, "10.0.0.225": 1645.045, "10.0.1.191": 1764.9929, "10.0.2.7": 1763.9999,