{"MIR4": {"localIpCount": 4, "localIpFrequency": {"10.0.0.70": 17, "10.0.0.30": 2, "10.0.0.91": 3, "10.0.0.44": 1}, "localIpTotalDuration": 6694.647299999999, "localIpDuration": {"10.0.0.70": 4991.3898, "10.0.0.30": 473.156, "10.0.0.91": 576.8454, "10.0.0.44": 653.2561}}, "Odin: Valhalla Rising": {"localIpCount": 2, "localIpFrequency": {"10.0.0.40": 1, "10.0.0.95": 1}, "localIpTotalDuration": 654.5012999999999, "localIpDuration": {"10.0.0.40": 310.5852, "10.0.0.95": 343.9161}}, "Birdie Shot": {"localIpCount": 1, "localIpFrequency": {"10.0.0.47": 72}, "localIpTotalDuration": 85437.9572, "localIpDuration": {"10.0.0.47": 85437.9572}}, "Gunship Battle: Crypto Conflict": {"localIpCount": 2, "localIpFrequency": {"10.0.0.36": 3, "10.0.0.41": 1}, "localIpTotalDuration": 537.7453, "localIpDuration": {"10.0.0.36": 424.5906, "10.0.0.41": 113.1547}}, "Hero Blaze: Three Kingdoms": {"localIpCount": 1, "localIpFrequency": {"10.0.0.47": 3}, "localIpTotalDuration": 3264.0519000000004, "localIpDuration": {"10.0.0.47": 3264.0519000000004}}, "PUBG Mobile": {"localIpCount": 2, "localIpFrequency": {"10.0.0.166": 5, "10.0.0.60": 3}, "localIpTotalDuration": 4688.054300000001, "localIpDuration": {"10.0.0.166": 4028.0492000000004, "10.0.0.60": 660.0051000000001}}}