{"Blue Archive": {"localIpCount": 1, "localIpFrequency": {"10.0.0.53": 1}, "localIpTotalDuration": 671.2028, "localIpDuration": {"10.0.0.53": 671.2028}}, "Roblox (Adopt Me!)": {"localIpCount": 12, "localIpFrequency": {"10.0.0.55": 115, "10.0.0.84": 33, "10.0.0.112": 7, "10.0.0.109": 1, "10.0.0.145": 1, "10.0.0.180": 14, "10.0.0.113": 1, "10.0.0.62": 4, "10.0.0.78": 5, "10.0.0.65": 5, "10.0.0.143": 5, "10.0.0.114": 3}, "localIpTotalDuration": 232317.86639999994, "localIpDuration": {"10.0.0.55": 150378.84590000001, "10.0.0.84": 37578.13050000001, "10.0.0.112": 9094.1999, "10.0.0.109": 1360.6634, "10.0.0.145": 13.6924, "10.0.0.180": 8742.7812, "10.0.0.113": 286.0488, "10.0.0.62": 5570.4294, "10.0.0.78": 3730.3869, "10.0.0.65": 6435.654500000001, "10.0.0.143": 5173.0049, "10.0.0.114": 3954.0286}}, "Odin: Valhalla Rising": {"localIpCount": 1, "localIpFrequency": {"10.0.0.168": 1}, "localIpTotalDuration": 74.0, "localIpDuration": {"10.0.0.168": 74.0}}, "Genshin Impact": {"localIpCount": 2, "localIpFrequency": {"10.0.0.65": 10, "10.0.0.136": 1}, "localIpTotalDuration": 71115.18929999998, "localIpDuration": {"10.0.0.65": 70860.18779999999, "10.0.0.136": 255.0015}}, "Roblox": {"localIpCount": 15, "localIpFrequency": {"10.0.0.55": 130, "10.0.0.84": 66, "10.0.0.65": 14, "10.0.0.112": 15, "10.0.0.45": 13, "10.0.0.109": 15, "10.0.0.78": 10, "10.0.0.18": 1, "10.0.0.140": 1, "10.0.0.180": 17, "10.0.0.113": 1, "10.0.0.114": 24, "10.0.0.104": 1, "10.0.0.62": 5, "10.0.0.143": 11}, "localIpTotalDuration": 1416082.8711000003, "localIpDuration": {"10.0.0.55": 229195.682, "10.0.0.84": 122361.16820000004, "10.0.0.65": 77112.1506, "10.0.0.112": 26511.3559, "10.0.0.45": 306025.6119, "10.0.0.109": 323331.13379999995, "10.0.0.78": 15802.251499999998, "10.0.0.18": 19677.9541, "10.0.0.140": 35938.4867, "10.0.0.180": 37150.69460000001, "10.0.0.113": 27518.9734, "10.0.0.114": 165908.38530000002, "10.0.0.104": 1333.9487, "10.0.0.62": 9013.921900000001, "10.0.0.143": 19201.152500000004}}, "Hero Blaze: Three Kingdoms": {"localIpCount": 2, "localIpFrequency": {"10.0.0.95": 1, "10.0.0.162": 1}, "localIpTotalDuration": 1943.1527, "localIpDuration": {"10.0.0.95": 1825.8982, "10.0.0.162": 117.2545}}, "FIFA ONLINE 4 M": {"localIpCount": 1, "localIpFrequency": {"10.0.0.117": 1}, "localIpTotalDuration": 307.9482, "localIpDuration": {"10.0.0.117": 307.9482}}, "Minecraft": {"localIpCount": 3, "localIpFrequency": {"10.0.0.55": 21, "10.0.0.62": 1, "10.0.0.114": 4}, "localIpTotalDuration": 38324.35420000002, "localIpDuration": {"10.0.0.55": 34168.43430000002, "10.0.0.62": 422.0008, "10.0.0.114": 3733.9191}}, "MIR4": {"localIpCount": 3, "localIpFrequency": {"10.0.0.94": 8, "10.0.0.95": 7, "10.0.0.29": 7}, "localIpTotalDuration": 175070.42590000003, "localIpDuration": {"10.0.0.94": 95352.4335, "10.0.0.95": 73344.4539, "10.0.0.29": 6373.538500000001}}, "Among us": {"localIpCount": 2, "localIpFrequency": {"10.0.0.109": 1, "10.0.0.114": 1}, "localIpTotalDuration": 488.0023, "localIpDuration": {"10.0.0.109": 0.2547, "10.0.0.114": 487.7476}}, "Modern Combat": {"localIpCount": 3, "localIpFrequency": {"10.0.0.67": 2, "10.0.0.147": 1, "10.0.0.114": 2}, "localIpTotalDuration": 12231.744899999998, "localIpDuration": {"10.0.0.67": 12170.949499999999, "10.0.0.147": 0.0001, "10.0.0.114": 60.7953}}, "League of Legends: Wild Rift": {"localIpCount": 16, "localIpFrequency": {"10.0.0.55": 4, "10.0.0.106": 101, "10.0.0.84": 22, "10.0.0.112": 42, "10.0.0.38": 4, "10.0.0.132": 2, "10.0.0.133": 1, "10.0.0.136": 2, "10.0.0.139": 6, "10.0.0.94": 1, "10.0.0.141": 1, "10.0.0.184": 2, "10.0.0.53": 17, "10.0.0.142": 16, "10.0.0.103": 1, "10.0.0.185": 1}, "localIpTotalDuration": 393705.3307, "localIpDuration": {"10.0.0.55": 5257.1551, "10.0.0.106": 191326.39299999998, "10.0.0.84": 39323.249399999986, "10.0.0.112": 77411.89820000001, "10.0.0.38": 7384.3081, "10.0.0.132": 9.4609, "10.0.0.133": 554.9499, "10.0.0.136": 3597.8803, "10.0.0.139": 9440.2604, "10.0.0.94": 61.0525, "10.0.0.141": 1750.8479, "10.0.0.184": 1809.9992, "10.0.0.53": 27894.708199999997, "10.0.0.142": 26309.168700000006, "10.0.0.103": 1040.1538, "10.0.0.185": 533.8451}}}