{"Dungeon & Fighter Mobile": {"localIpCount": 1, "localIpFrequency": {"10.0.1.245": 2}, "localIpTotalDuration": 925.27, "localIpDuration": {"10.0.1.245": 925.27}}, "Cookie Run: Kingdom": {"localIpCount": 2, "localIpFrequency": {"10.0.0.3": 1, "10.0.1.251": 4}, "localIpTotalDuration": 4027.5229999999997, "localIpDuration": {"10.0.0.3": 504.0537, "10.0.1.251": 3523.4693}}, "Genshin Impact": {"localIpCount": 3, "localIpFrequency": {"10.0.2.44": 26, "10.0.0.48": 1, "10.0.1.194": 6}, "localIpTotalDuration": 55429.483, "localIpDuration": {"10.0.2.44": 44801.40410000001, "10.0.0.48": 1039.9944, "10.0.1.194": 9588.084499999999}}, "Odin: Valhalla Rising": {"localIpCount": 2, "localIpFrequency": {"10.0.8.19": 1, "10.0.2.197": 2}, "localIpTotalDuration": 21.0015, "localIpDuration": {"10.0.8.19": 0.0584, "10.0.2.197": 20.9431}}, "Roblox": {"localIpCount": 103, "localIpFrequency": {"10.0.1.249": 13, "10.0.0.24": 5, "10.0.0.21": 41, "10.0.8.12": 1, "10.0.0.74": 1, "10.0.0.23": 1, "10.0.1.233": 1, "10.0.6.20": 1, "10.0.0.56": 5, "10.0.3.58": 2, "10.0.6.93": 1, "10.0.0.204": 5, "10.0.0.38": 3, "10.0.7.101": 3, "10.0.2.63": 2, "10.0.5.83": 4, "10.0.8.70": 2, "10.0.7.54": 1, "10.0.1.247": 1, "10.0.8.220": 1, "10.0.8.61": 2, "10.0.2.64": 1, "10.0.0.142": 1, "10.0.3.65": 1, "10.0.1.154": 1, "10.0.0.8": 6, "10.0.3.64": 1, "10.0.5.161": 1, "10.0.7.44": 1, "10.0.0.99": 8, "10.0.1.133": 3, "10.0.0.98": 1, "10.0.0.95": 1, "10.0.0.2": 1, "10.0.0.165": 1, "10.0.0.75": 4, "10.0.0.126": 2, "10.0.6.119": 1, "10.0.0.11": 5, "10.0.0.29": 4, "10.0.0.69": 14, "10.0.0.12": 3, "10.0.8.19": 1, "10.0.0.48": 3, "10.0.8.194": 2, "10.0.0.116": 1, "10.0.0.33": 9, "10.0.4.234": 1, "10.0.0.101": 1, "10.0.2.50": 1, "10.0.0.31": 1, "10.0.1.251": 2, "10.0.2.106": 3, "10.0.0.102": 1, "10.0.0.84": 1, "10.0.1.107": 1, "10.0.0.205": 1, "10.0.0.100": 4, "10.0.0.42": 1, "10.0.7.47": 1, "10.0.0.138": 1, "10.0.0.34": 2, "10.0.5.150": 1, "10.0.1.125": 2, "10.0.1.188": 1, "10.0.0.46": 1, "10.0.1.91": 1, "10.0.0.36": 3, "10.0.8.41": 1, "10.0.3.218": 1, "10.0.0.104": 4, "10.0.0.43": 2, "10.0.8.187": 2, "10.0.0.113": 1, "10.0.0.106": 1, "10.0.3.35": 2, "10.0.0.45": 2, "10.0.4.148": 1, "10.0.1.252": 1, "10.0.6.205": 1, "10.0.0.52": 1, "10.0.3.33": 1, "10.0.7.89": 1, "10.0.0.6": 1, "10.0.8.228": 2, "10.0.2.125": 1, "10.0.8.247": 1, "10.0.0.107": 2, "10.0.3.61": 4, "10.0.1.246": 1, "10.0.1.170": 2, "10.0.5.112": 1, "10.0.1.240": 11, "10.0.6.237": 1, "10.0.0.87": 1, "10.0.2.199": 1, "10.0.2.252": 6, "10.0.8.248": 2, "10.0.8.141": 3, "10.0.8.76": 1, "10.0.1.168": 1, "10.0.2.251": 1, "10.0.1.245": 1}, "localIpTotalDuration": 475872.8205, "localIpDuration": {"10.0.1.249": 23125.799399999996, "10.0.0.24": 8100.8459, "10.0.0.21": 73585.52849999999, "10.0.8.12": 1798.6667, "10.0.0.74": 1132.0001, "10.0.0.23": 1795.0004, "10.0.1.233": 1798.4932, "10.0.6.20": 1798.5875, "10.0.0.56": 8981.8221, "10.0.3.58": 3588.9381, "10.0.6.93": 1798.5469, "10.0.0.204": 8992.5074, "10.0.0.38": 5168.599, "10.0.7.101": 5395.0028, "10.0.2.63": 3597.4300000000003, "10.0.5.83": 7194.0986, "10.0.8.70": 3597.2252, "10.0.7.54": 1798.497, "10.0.1.247": 1798.5857, "10.0.8.220": 1798.656, "10.0.8.61": 3596.7012999999997, "10.0.2.64": 1798.0021, "10.0.0.142": 1798.6346, "10.0.3.65": 1794.0009, "10.0.1.154": 1798.629, "10.0.0.8": 10760.391199999998, "10.0.3.64": 1445.1184, "10.0.5.161": 1798.5897, "10.0.7.44": 1798.5901, "10.0.0.99": 14375.769699999997, "10.0.1.133": 5397.8606, "10.0.0.98": 1798.6028, "10.0.0.95": 1799.7646, "10.0.0.2": 1719.1748, "10.0.0.165": 1798.7347, "10.0.0.75": 6904.9323, "10.0.0.126": 3598.279, "10.0.6.119": 1798.8281, "10.0.0.11": 8982.952, "10.0.0.29": 7173.8956, "10.0.0.69": 22287.2425, "10.0.0.12": 4662.9444, "10.0.8.19": 1797.7866, "10.0.0.48": 3208.784, "10.0.8.194": 3597.0033000000003, "10.0.0.116": 1798.3088, "10.0.0.33": 16182.5163, "10.0.4.234": 1798.5897, "10.0.0.101": 1799.7693, "10.0.2.50": 1798.5019, "10.0.0.31": 1798.7807, "10.0.1.251": 3596.7632000000003, "10.0.2.106": 5396.4343, "10.0.0.102": 1799.7596, "10.0.0.84": 1137.9994, "10.0.1.107": 1798.8086, "10.0.0.205": 1798.3635, "10.0.0.100": 7191.3215, "10.0.0.42": 1799.2761, "10.0.7.47": 1798.0869, "10.0.0.138": 1798.298, "10.0.0.34": 3590.0034, "10.0.5.150": 1797.3095, "10.0.1.125": 3597.8454, "10.0.1.188": 1797.9894, "10.0.0.46": 1799.0762, "10.0.1.91": 1798.8105, "10.0.0.36": 5396.0487, "10.0.8.41": 1798.6908, "10.0.3.218": 1798.8866, "10.0.0.104": 7194.9639, "10.0.0.43": 3593.3637, "10.0.8.187": 3596.6137, "10.0.0.113": 1796.0003, "10.0.0.106": 1797.7712, "10.0.3.35": 3597.6162, "10.0.0.45": 3596.6187, "10.0.4.148": 1798.5795, "10.0.1.252": 1796.8923, "10.0.6.205": 1798.5461, "10.0.0.52": 1798.1142, "10.0.3.33": 1798.71, "10.0.7.89": 1798.7339, "10.0.0.6": 1799.2108, "10.0.8.228": 3596.599, "10.0.2.125": 1798.8205, "10.0.8.247": 1798.5617, "10.0.0.107": 3596.3455000000004, "10.0.3.61": 7184.6393, "10.0.1.246": 1798.5554, "10.0.1.170": 3596.7726000000002, "10.0.5.112": 1798.527, "10.0.1.240": 19778.1997, "10.0.6.237": 1798.5292, "10.0.0.87": 1596.0003, "10.0.2.199": 1798.273, "10.0.2.252": 10782.122200000002, "10.0.8.248": 3597.1384, "10.0.8.141": 5395.465899999999, "10.0.8.76": 1798.5976, "10.0.1.168": 1798.3134, "10.0.2.251": 1798.9951, "10.0.1.245": 1798.3491}}, "League of Legends: Wild Rift": {"localIpCount": 22, "localIpFrequency": {"10.0.5.242": 3, "10.0.1.169": 1, "10.0.6.205": 6, "10.0.0.4": 10, "10.0.3.168": 16, "10.0.0.17": 20, "10.0.7.227": 2, "10.0.0.157": 3, "10.0.1.188": 1, "10.0.0.21": 2, "10.0.2.95": 1, "10.0.3.157": 1, "10.0.3.91": 1, "10.0.1.48": 6, "10.0.2.177": 1, "10.0.0.50": 1, "10.0.7.31": 3, "10.0.0.52": 2, "10.0.1.251": 1, "10.0.7.22": 1, "10.0.5.188": 1, "10.0.0.204": 1}, "localIpTotalDuration": 134287.84319999994, "localIpDuration": {"10.0.5.242": 5123.5293, "10.0.1.169": 1757.0317, "10.0.6.205": 10665.6008, "10.0.0.4": 14832.6718, "10.0.3.168": 27881.183399999998, "10.0.0.17": 33700.457200000004, "10.0.7.227": 3310.5675, "10.0.0.157": 3871.0284, "10.0.1.188": 1785.0043, "10.0.0.21": 2719.7609, "10.0.2.95": 613.9984, "10.0.3.157": 1721.9412, "10.0.3.91": 144.0105, "10.0.1.48": 10658.713, "10.0.2.177": 1765.9911, "10.0.0.50": 1394.9996, "10.0.7.31": 5375.3364, "10.0.0.52": 2605.0012, "10.0.1.251": 504.0014, "10.0.7.22": 1728.9957, "10.0.5.188": 1470.0022, "10.0.0.204": 658.0172}}, "Roblox (Game)": {"localIpCount": 94, "localIpFrequency": {"10.0.2.63": 3, "10.0.0.24": 7, "10.0.1.249": 15, "10.0.4.85": 1, "10.0.0.23": 1, "10.0.7.14": 1, "10.0.2.199": 2, "10.0.7.101": 2, "10.0.2.64": 2, "10.0.0.26": 1, "10.0.6.225": 1, "10.0.0.38": 2, "10.0.8.228": 3, "10.0.8.220": 3, "10.0.1.137": 2, "10.0.1.247": 1, "10.0.8.187": 3, "10.0.8.99": 1, "10.0.3.65": 1, "10.0.5.161": 1, "10.0.3.64": 1, "10.0.0.8": 4, "10.0.1.200": 2, "10.0.7.44": 1, "10.0.0.99": 5, "10.0.1.133": 2, "10.0.0.49": 1, "10.0.0.95": 1, "10.0.0.2": 2, "10.0.0.12": 2, "10.0.3.2": 1, "10.0.0.11": 5, "10.0.0.126": 4, "10.0.0.21": 4, "10.0.3.58": 2, "10.0.7.112": 1, "10.0.0.75": 3, "10.0.0.29": 2, "10.0.2.69": 1, "10.0.0.69": 12, "10.0.1.252": 2, "10.0.0.31": 1, "10.0.1.176": 1, "10.0.0.48": 1, "10.0.1.125": 1, "10.0.6.119": 1, "10.0.0.36": 2, "10.0.2.89": 1, "10.0.0.100": 8, "10.0.0.157": 1, "10.0.0.33": 14, "10.0.8.141": 1, "10.0.0.116": 2, "10.0.1.170": 2, "10.0.0.34": 2, "10.0.8.242": 2, "10.0.8.20": 1, "10.0.0.6": 3, "10.0.8.130": 3, "10.0.0.104": 3, "10.0.8.246": 1, "10.0.2.220": 1, "10.0.0.45": 5, "10.0.3.61": 4, "10.0.5.193": 1, "10.0.0.52": 1, "10.0.2.172": 1, "10.0.4.216": 1, "10.0.0.107": 3, "10.0.7.22": 1, "10.0.3.33": 2, "10.0.4.222": 1, "10.0.2.32": 1, "10.0.1.98": 1, "10.0.5.112": 1, "10.0.3.59": 1, "10.0.7.47": 1, "10.0.1.251": 1, "10.0.8.248": 1, "10.0.2.247": 1, "10.0.6.197": 2, "10.0.1.240": 4, "10.0.0.87": 1, "10.0.8.68": 1, "10.0.8.12": 2, "10.0.7.70": 1, "10.0.2.252": 5, "10.0.0.56": 2, "10.0.1.168": 1, "10.0.3.47": 1, "10.0.0.98": 1, "10.0.1.69": 1, "10.0.2.108": 1, "10.0.2.50": 1}, "localIpTotalDuration": 337118.1947,