{"Genshin Impact": {"localIpCount": 5, "localIpFrequency": {"10.0.17.89": 1, "10.0.18.95": 2, "10.0.18.166": 2, "10.0.7.189": 1, "10.0.19.98": 2}, "localIpTotalDuration": 5855.966699999999, "localIpDuration": {"10.0.17.89": 1386.0212, "10.0.18.95": 384.65610000000004, "10.0.18.166": 1596.2592, "10.0.7.189": 1039.999, "10.0.19.98": 1449.0312}}, "FIFA Mobile": {"localIpCount": 1, "localIpFrequency": {"10.0.18.149": 1}, "localIpTotalDuration": 238.3065, "localIpDuration": {"10.0.18.149": 238.3065}}, "Brawl Stars": {"localIpCount": 1, "localIpFrequency": {"10.0.7.137": 1}, "localIpTotalDuration": 709.9793, "localIpDuration": {"10.0.7.137": 709.9793}}, "Odin: Valhalla Rising": {"localIpCount": 1, "localIpFrequency": {"10.0.18.156": 1}, "localIpTotalDuration": 139.9941, "localIpDuration": {"10.0.18.156": 139.9941}}, "Roblox": {"localIpCount": 190, "localIpFrequency": {"10.0.16.155": 1, "10.0.1.38": 2, "10.0.3.206": 15, "10.0.3.236": 1, "10.0.7.56": 1, "10.0.17.119": 1, "10.0.0.255": 2, "10.0.3.237": 1, "10.0.7.52": 3, "10.0.16.172": 1, "10.0.4.4": 2, "10.0.7.20": 1, "10.0.17.102": 1, "10.0.0.252": 10, "10.0.17.8": 3, "10.0.3.235": 3, "10.0.16.241": 1, "10.0.1.141": 1, "10.0.3.249": 6, "10.0.7.60": 1, "10.0.16.119": 2, "10.0.6.230": 11, "10.0.17.58": 1, "10.0.1.144": 2, "10.0.16.139": 2, "10.0.16.239": 1, "10.0.16.126": 1, "10.0.16.123": 2, "10.0.4.11": 3, "10.0.17.187": 4, "10.0.7.68": 2, "10.0.1.150": 1, "10.0.3.243": 3, "10.0.4.13": 2, "10.0.7.67": 2, "10.0.1.151": 1, "10.0.17.213": 2, "10.0.7.72": 1, "10.0.1.155": 3, "10.0.17.218": 1, "10.0.4.14": 4, "10.0.3.244": 8, "10.0.17.251": 1, "10.0.4.16": 3, "10.0.18.14": 1, "10.0.7.81": 3, "10.0.1.179": 1, "10.0.4.24": 3, "10.0.7.78": 2, "10.0.1.189": 1, "10.0.17.203": 1, "10.0.7.92": 2, "10.0.1.201": 2, "10.0.18.10": 1, "10.0.4.23": 2, "10.0.1.194": 1, "10.0.18.20": 2, "10.0.7.106": 1, "10.0.1.185": 1, "10.0.18.39": 1, "10.0.7.109": 1, "10.0.1.202": 2, "10.0.3.250": 1, "10.0.4.22": 3, "10.0.7.115": 1, "10.0.1.226": 1, "10.0.18.24": 1, "10.0.4.42": 1, "10.0.7.70": 8, "10.0.1.224": 1, "10.0.3.252": 1, "10.0.18.64": 1, "10.0.7.116": 5, "10.0.17.193": 2, "10.0.4.32": 1, "10.0.1.160": 2, "10.0.3.253": 3, "10.0.7.117": 3, "10.0.1.253": 1, "10.0.17.249": 1, "10.0.4.30": 1, "10.0.1.249": 1, "10.0.7.80": 2, "10.0.2.16": 1, "10.0.4.1": 1, "10.0.17.212": 1, "10.0.4.56": 1, "10.0.7.142": 1, "10.0.2.20": 1, "10.0.18.175": 1, "10.0.4.12": 1, "10.0.18.178": 1, "10.0.4.54": 1, "10.0.7.83": 3, "10.0.1.163": 1, "10.0.17.217": 1, "10.0.1.157": 1, "10.0.18.222": 1, "10.0.4.55": 1, "10.0.2.63": 1, "10.0.4.6": 3, "10.0.18.3": 1, "10.0.4.7": 3, "10.0.2.74": 1, "10.0.18.145": 1, "10.0.4.35": 1, "10.0.18.248": 1, "10.0.1.171": 2, "10.0.18.158": 1, "10.0.4.72": 5, "10.0.18.61": 1, "10.0.2.17": 4, "10.0.18.50": 1, "10.0.2.91": 1, "10.0.4.76": 1, "10.0.18.216": 1, "10.0.2.70": 13, "10.0.17.253": 1, "10.0.18.138": 1, "10.0.7.144": 9, "10.0.18.60": 1, "10.0.19.13": 1, "10.0.18.250": 2, "10.0.17.208": 2, "10.0.17.195": 1, "10.0.18.62": 2, "10.0.18.106": 3, "10.0.18.35": 1, "10.0.19.20": 3, "10.0.2.99": 1, "10.0.7.181": 4, "10.0.19.24": 2, "10.0.19.25": 1, "10.0.7.184": 1, "10.0.2.106": 5, "10.0.19.26": 2, "10.0.2.115": 4, "10.0.19.31": 3, "10.0.19.28": 1, "10.0.2.121": 1, "10.0.4.79": 1, "10.0.19.44": 1, "10.0.7.192": 4, "10.0.2.123": 1, "10.0.19.48": 2, "10.0.2.127": 2, "10.0.4.38": 1, "10.0.19.60": 2, "10.0.4.81": 3, "10.0.2.125": 1, "10.0.4.85": 1, "10.0.4.39": 1, "10.0.19.92": 1, "10.0.7.202": 2, "10.0.4.87": 1, "10.0.19.63": 1, "10.0.7.193": 2, "10.0.2.122": 1, "10.0.19.88": 1, "10.0.7.206": 2, "10.0.4.90": 1, "10.0.2.139": 1, "10.0.19.125": 1, "10.0.7.205": 1, "10.0.4.91": 5, "10.0.2.145": 2, "10.0.4.41": 2, "10.0.19.97": 1, "10.0.7.208": 3, "10.0.2.153": 1, "10.0.19.150": 1, "10.0.7.213": 1, "10.0.4.93": 1, "10.0.19.191": 1, "10.0.2.179": 1, "10.0.19.166": 1, "10.0.2.124": 1, "10.0.19.138": 1, "10.0.2.135": 1, "10.0.7.218": 1, "10.0.4.47": 1, "10.0.19.199": 1, "10.0.2.194": 2, "10.0.4.100": 4, "10.0.19.227": 1, "10.0.19.145": 1, "10.0.7.221": 1, "10.0.19.57": 1, "10.0.2.200": 1, "10.0.7.230": 1}, "localIpTotalDuration": 655282.4210999998, "localIpDuration": {"10.0.16.155": 1798.7345, "10.0.1.38": 3597.1507, "10.0.3.206": 25013.641700000004, "10.0.3.236": 1798.7457, "10.0.7.56": 1799.1643, "10.0.17.119": 1798.7613, "10.0.0.255": 3597.1409, "10.0.3.237": 1798.7788, "10.0.7.52": 5396.0699, "10.0.16.172": 1798.7367, "10.0.4.4": 3596.6313, "10.0.7.20": 1797.5862, "10.0.17.102": 1798.7659, "10.0.0.252": 17959.5087, "10.0.17.8": 5396.292, "10.0.3.235": 5396.2868, "10.0.16.241": 1798.7437, "10.0.1.141": 1798.7246, "10.0.3.249": 10078.5799, "10.0.7.60": 1798.5503, "10.0.16.119": 3597.5356, "10.0.6.230": 19763.124099999997, "10.0.17.58": 1798.7805, "10.0.1.144": 3589.9759000000004, "10.0.16.139": 3597.5598, "10.0.16.239": 1798.785, "10.0.16.126": 1798.7619, "10.0.16.123": 3597.5915, "10.0.4.11": 5395.996, "10.0.17.187": 7195.1286, "10.0.7.68": 3588.0666, "10.0.1.150": 1798.992, "10.0.3.243": 2617.7527999999998, "10.0.4.13": 3597.7969000000003, "10.0.7.67": 3596.5725, "10.0.1.151": 1798.6658, "10.0.17.213": 3597.5121, "10.0.7.72": 1797.9917, "10.0.1.155": 5396.2849, "10.0.17.218": 1798.8512, "10.0.4.14": 6893.83, "10.0.3.244": 13998.8063, "10.0.17.251": 1798.7332, "10.0.4.16": 5395.7429999999995, "10.0.18.14": 1798.7387, "10.0.7.81": 5396.0094, "10.0.1.179": 1798.4784, "10.0.4.24": 5396.2982, "10.0.7.78": 3598.7729, "10.0.1.189": 1798.2344, "10.0.17.203": 1798.8296, "10.0.7.92": 3595.1239, "10.0.1.201": 3597.2340999999997, "10.0.18.10": 1798.8087, "10.0.4.23": 3597.5236000000004, "10.0.1.194": 1797.3349, "10.0.18.20": 3597.5539, "10.0.7.106": 1798.5984, "10.0.1.185": 1798.616, "10.0.18.39": 1798.7378, "10.0.7.109": 1798.4107, "10.0.1.202": 3596.8306000000002, "10.0.3.250": 1329.7391, "10.0.4.22": 5396.5989, "10.0.7.115": 1798.1963, "10.0.1.226": 1798.5673, "10.0.18.24": 1798.7476, "10.0.4.42": 1798.787, "10.0.7.70": 14386.8518, "10.0.1.224": 1799.2542, "10.0.3.252": 1799.0015, "10.0.18.64": 1798.7939, "10.0.7.116": 8988.9271, "10.0.17.193": 3597.5037, "10.0.4.32": 1798.7817, "10.0.1.160": 3597.0397000000003, "10.0.3.253": 4059.1059999999998, "10.0.7.117": 5395.4127, "10.0.1.253": 1796.8614, "10.0.17.249": 1798.8039, "10.0.4.30": 1798.7637, "10.0.1.249": 1796.6513, "10.0.7.80": 3595.1168, "10.0.2.16": 1795.409, "10.0.4.1": 1792.0002, "10.0.17.212": 1798.9382, "10.0.4.56": 1798.7632, "10.0.7.142": 1798.0989, "10.0.2.20": 1798.3395, "10.0.18.175": 1798.8933, "10.0.4.12": 1798.7814, "10.0.18.178": 1799.0476, "10.0.4.54": 1798.8315, "10.0.7.83": 5395.2096, "10.0.1.163": 1798.4819, "10.0.17.217": 1798.941, "10.0.1.157": 1798.6402, "10.0.18.222": 1798.8267, "10.0.4.55": 1798.7906, "10.0.2.63": 1797.3929, "10.0.4.6": 5263.031300000001, "10.0.18.3": 1799.2177, "10.0.4.7": 5396.3741, "10.0.2.74": 1799.2166, "10.0.18.145": 1798.684, "10.0.4.35": 1798.7919, "10.0.18.248": 1798.5832, "10.0.1.171": 3597.7263000000003, "10.0.18.158": 1798.6909, "10.0.4.72": 8447.4522, "10.0.18.61": 1798.7568, "10.0.2.17": 7194.423600000001, "10.0.18.50": 1798.6353, "10.0.2.91": 1798.5807, "10.0.4.76": 1798.7696, "10.0.18.216": 1798.783, "10.0.2.70": 23074.6538, "10.0.17.253": 1798.7272, "10.0.18.138": 1798.7837, "10.0.7.144": 16186.2039, "10.0.18.60": 1798.7814, "10.0.19.13": 1798.7683, "10.0.18.250": 3597.567, "10.0.17.208": 3597.548, "10.0.17.195": 1798.795, "10.0.18.62": 3597.5697, "10.0.18.106": 5396.3274, "10.0.18.35": 1798.7828, "10.0.19.20": 3940.5328, "10.0.2.99": 1189.9868, "10.0.7.181": 4720.0089, "10.0.19.24": 3590.7686, "10.0.19.25": 1798.7755, "10.0.7.184": 1730.0, "10.0.2.106": 8993.1594, "10.0.19.26": 3597.5486, "10.0.2.115": 7194.75, "10.0.19.31": 5396.3037, "10.0.19.28": 1798.7467, "10.0.2.121": 1798.0634, "10.0.4.79": 643.9991, "10.0.19.44": 1798.7713, "10.0.7.192": 7197.3281, "10.0.2.123": 1798.4025, "10.0.19.48": 3597.5369, "10.0.2.127": 3594.5550000000003, "10.0.4.38": 1582.0013, "10.0.19.60": 3597.5609, "10.0.4.81": 5396.5739, "10.0.2.125": 1797.7051,