{"Roblox": {"localIpCount": 21, "localIpFrequency": {"10.0.0.152": 2, "10.0.0.159": 3, "10.0.0.102": 2, "10.0.0.84": 12, "10.0.0.41": 4, "10.0.0.18": 1, "10.0.0.79": 3, "10.0.0.45": 16, "10.0.0.57": 11, "10.0.0.104": 1, "10.0.0.162": 1, "10.0.0.88": 8, "10.0.0.150": 32, "10.0.0.66": 1, "10.0.0.50": 1, "10.0.0.60": 25, "10.0.0.72": 1, "10.0.0.61": 38, "10.0.0.93": 11, "10.0.0.52": 2, "10.0.0.62": 21}, "localIpTotalDuration": 837504.9342999998, "localIpDuration": {"10.0.0.152": 3604.6799, "10.0.0.159": 4131.7853, "10.0.0.102": 10294.3966, "10.0.0.84": 50305.865600000005, "10.0.0.41": 8881.6841, "10.0.0.18": 33898.4193, "10.0.0.79": 5001.4743, "10.0.0.45": 115143.16539999998, "10.0.0.57": 50250.9227, "10.0.0.104": 2591.795, "10.0.0.162": 20.4084, "10.0.0.88": 13049.124, "10.0.0.150": 56003.41530000001, "10.0.0.66": 154244.6527, "10.0.0.50": 36960.0858, "10.0.0.60": 57399.3202, "10.0.0.72": 437.6237, "10.0.0.61": 117630.89279999999, "10.0.0.93": 18899.178900000003, "10.0.0.52": 10843.3793, "10.0.0.62": 87912.66500000001}}, "League of Legends: Wild Rift": {"localIpCount": 10, "localIpFrequency": {"10.0.0.151": 115, "10.0.0.29": 1, "10.0.0.94": 3, "10.0.0.12": 4, "10.0.0.98": 1, "10.0.0.120": 2, "10.0.0.52": 1, "10.0.0.112": 1, "10.0.0.8": 1, "10.0.0.34": 1}, "localIpTotalDuration": 345705.9164000001, "localIpDuration": {"10.0.0.151": 309228.9849000001, "10.0.0.29": 0.0001, "10.0.0.94": 2477.8447, "10.0.0.12": 29082.9057, "10.0.0.98": 266.6087, "10.0.0.120": 3784.7754, "10.0.0.52": 272.9485, "10.0.0.112": 286.8987, "10.0.0.8": 304.9496, "10.0.0.34": 0.0001}}, "Modern Combat": {"localIpCount": 1, "localIpFrequency": {"10.0.0.75": 1}, "localIpTotalDuration": 30.1023, "localIpDuration": {"10.0.0.75": 30.1023}}, "MIR4": {"localIpCount": 3, "localIpFrequency": {"10.0.0.95": 9, "10.0.0.29": 6, "10.0.0.94": 7}, "localIpTotalDuration": 184561.5232, "localIpDuration": {"10.0.0.95": 129275.9055, "10.0.0.29": 33805.4522, "10.0.0.94": 21480.165499999996}}, "Minecraft": {"localIpCount": 3, "localIpFrequency": {"10.0.0.4": 10, "10.0.0.73": 1, "10.0.0.110": 5}, "localIpTotalDuration": 274007.6837999999, "localIpDuration": {"10.0.0.4": 255833.20690000002, "10.0.0.73": 2460.9484, "10.0.0.110": 15713.5285}}, "Roblox (Adopt Me!)": {"localIpCount": 13, "localIpFrequency": {"10.0.0.102": 2, "10.0.0.84": 12, "10.0.0.79": 3, "10.0.0.45": 1, "10.0.0.57": 11, "10.0.0.104": 1, "10.0.0.88": 8, "10.0.0.150": 16, "10.0.0.60": 9, "10.0.0.52": 4, "10.0.0.61": 22, "10.0.0.93": 4, "10.0.0.62": 13}, "localIpTotalDuration": 84099.0397, "localIpDuration": {"10.0.0.102": 1562.4343, "10.0.0.84": 8660.4355, "10.0.0.79": 1320.1404, "10.0.0.45": 207.9293, "10.0.0.57": 11346.186299999998, "10.0.0.104": 0.307, "10.0.0.88": 3666.0611, "10.0.0.150": 11877.6816, "10.0.0.60": 7674.575999999999, "10.0.0.52": 1646.096, "10.0.0.61": 25919.387, "10.0.0.93": 3339.8397, "10.0.0.62": 6877.9655}}, "FIFA ONLINE 4 M": {"localIpCount": 2, "localIpFrequency": {"10.0.0.12": 2, "10.0.0.42": 1}, "localIpTotalDuration": 2126.1567, "localIpDuration": {"10.0.0.12": 1810.0011, "10.0.0.42": 316.1556}}}