{"League of Legends: Wild Rift": {"localIpCount": 31, "localIpFrequency": {"10.0.1.70": 7, "10.0.0.9": 2, "10.0.0.24": 5, "10.0.2.46": 1, "10.0.4.33": 2, "10.0.3.92": 2, "10.0.0.15": 1, "10.0.5.59": 1, "10.0.0.255": 4, "10.0.1.194": 1, "10.0.6.79": 1, "10.0.2.123": 2, "10.0.7.211": 10, "10.0.1.176": 1, "10.0.0.214": 1, "10.0.0.102": 1, "10.0.3.44": 1, "10.0.1.193": 2, "10.0.0.127": 5, "10.0.5.56": 1, "10.0.1.1": 6, "10.0.5.58": 1, "10.0.3.236": 1, "10.0.2.44": 1, "10.0.3.68": 2, "10.0.3.19": 3, "10.0.7.219": 1, "10.0.2.5": 1, "10.0.5.174": 1, "10.0.1.208": 2, "10.0.3.28": 1}, "localIpTotalDuration": 86911.31749999999, "localIpDuration": {"10.0.1.70": 11104.7654, "10.0.0.9": 1487.9536, "10.0.0.24": 6924.0803000000005, "10.0.2.46": 17.9455, "10.0.4.33": 2627.481, "10.0.3.92": 198.1194, "10.0.0.15": 1308.099, "10.0.5.59": 1788.1447, "10.0.0.255": 4950.3217, "10.0.1.194": 1728.2011, "10.0.6.79": 1788.1419, "10.0.2.123": 27.0417, "10.0.7.211": 17696.2277, "10.0.1.176": 710.9737, "10.0.0.214": 1788.5759, "10.0.0.102": 0.0, "10.0.3.44": 1430.9626, "10.0.1.193": 301.00690000000003, "10.0.0.127": 6453.2373, "10.0.5.56": 45.0041, "10.0.1.1": 10687.228299999999, "10.0.5.58": 153.0056, "10.0.3.236": 27.0131, "10.0.2.44": 8.9922, "10.0.3.68": 36.0292, "10.0.3.19": 5351.1166, "10.0.7.219": 1798.3007, "10.0.2.5": 17.949, "10.0.5.174": 1799.4801, "10.0.1.208": 2940.0296, "10.0.3.28": 1715.8896}}, "Genshin Impact": {"localIpCount": 1, "localIpFrequency": {"10.0.3.42": 4}, "localIpTotalDuration": 3284.9831, "localIpDuration": {"10.0.3.42": 3284.9831}}, "Overwatch 2": {"localIpCount": 4, "localIpFrequency": {"10.0.0.5": 17, "10.0.5.133": 3, "10.0.6.14": 1, "10.0.3.136": 3}, "localIpTotalDuration": 34103.6697, "localIpDuration": {"10.0.0.5": 25367.641799999998, "10.0.5.133": 4739.5656, "10.0.6.14": 24.0945, "10.0.3.136": 3972.3678000000004}}, "TFT: Teamfight Tactics": {"localIpCount": 17, "localIpFrequency": {"10.0.0.9": 18, "10.0.7.153": 6, "10.0.0.24": 6, "10.0.2.46": 2, "10.0.3.92": 6, "10.0.2.123": 12, "10.0.1.176": 1, "10.0.2.213": 7, "10.0.0.102": 1, "10.0.3.232": 2, "10.0.3.110": 3, "10.0.7.249": 1, "10.0.3.68": 2, "10.0.7.253": 2, "10.0.2.5": 1, "10.0.0.106": 1, "10.0.1.72": 1}, "localIpTotalDuration": 93360.7204, "localIpDuration": {"10.0.0.9": 27673.117400000003, "10.0.7.153": 7738.3169, "10.0.0.24": 8304.8203, "10.0.2.46": 810.0256, "10.0.3.92": 5742.1169, "10.0.2.123": 16776.9306, "10.0.1.176": 1484.986, "10.0.2.213": 11435.9621, "10.0.0.102": 6.9997, "10.0.3.232": 1215.0555, "10.0.3.110": 3699.1451, "10.0.7.249": 912.1564, "10.0.3.68": 1368.0719, "10.0.7.253": 3504.6791000000003, "10.0.2.5": 0.0371, "10.0.0.106": 1788.4582, "10.0.1.72": 899.8416}}, "FIFA ONLINE 4 M": {"localIpCount": 8, "localIpFrequency": {"10.0.1.47": 2, "10.0.3.228": 1, "10.0.7.241": 1, "10.0.4.98": 1, "10.0.2.213": 1, "10.0.3.212": 2, "10.0.4.250": 1, "10.0.3.239": 3}, "localIpTotalDuration": 10616.594500000001, "localIpDuration": {"10.0.1.47": 2960.6666, "10.0.3.228": 279.0422, "10.0.7.241": 540.0143, "10.0.4.98": 1322.9164, "10.0.2.213": 24.2097, "10.0.3.212": 1682.9956000000002, "10.0.4.250": 287.7107, "10.0.3.239": 3519.039}}, "FIFA Mobile": {"localIpCount": 1, "localIpFrequency": {"10.0.2.98": 1}, "localIpTotalDuration": 228.0024, "localIpDuration": {"10.0.2.98": 228.0024}}, "Minecraft": {"localIpCount": 8, "localIpFrequency": {"10.0.0.5": 6, "10.0.1.76": 2, "10.0.1.33": 5, "10.0.2.245": 1, "10.0.3.19": 1, "10.0.4.81": 1, "10.0.1.93": 1, "10.0.6.182": 3}, "localIpTotalDuration": 15517.2425, "localIpDuration": {"10.0.0.5": 5876.5756, "10.0.1.76": 2136.1635, "10.0.1.33": 4679.0614, "10.0.2.245": 131.9922, "10.0.3.19": 383.4848, "10.0.4.81": 44.7927, "10.0.1.93": 152.9997, "10.0.6.182": 2112.1726}}, "Random Dice: Defense": {"localIpCount": 1, "localIpFrequency": {"10.0.2.98": 1}, "localIpTotalDuration": 132.1515, "localIpDuration": {"10.0.2.98": 132.1515}}, "Ares: Rise of Guardians": {"localIpCount": 1, "localIpFrequency": {"10.0.4.233": 32}, "localIpTotalDuration": 38053.86090000001, "localIpDuration": {"10.0.4.233": 38053.86090000001}}, "Roblox": {"localIpCount": 116, "localIpFrequency": {"10.0.2.126": 13, "10.0.1.65": 7, "10.0.0.4": 23, "10.0.1.243": 3, "10.0.0.24": 27, "10.0.0.224": 1, "10.0.0.5": 6, "10.0.0.178": 5, "10.0.3.136": 1, "10.0.1.0": 2, "10.0.5.212": 1, "10.0.3.14": 2, "10.0.2.0": 3, "10.0.2.46": 2, "10.0.3.76": 1, "10.0.0.136": 3, "10.0.0.13": 2, "10.0.4.199": 2, "10.0.2.124": 6, "10.0.1.170": 1, "10.0.2.146": 1, "10.0.7.153": 3, "10.0.0.196": 3, "10.0.3.110": 6, "10.0.1.175": 1, "10.0.1.185": 6, "10.0.3.137": 1, "10.0.3.60": 2, "10.0.7.238": 1, "10.0.4.145": 1, "10.0.0.248": 3, "10.0.3.249": 3, "10.0.2.98": 1, "10.0.1.251": 3, "10.0.0.164": 2, "10.0.3.19": 1, "10.0.2.231": 3, "10.0.0.17": 2, "10.0.3.18": 1, "10.0.0.218": 6, "10.0.1.237": 1, "10.0.5.12": 8, "10.0.1.136": 3, "10.0.2.89": 2, "10.0.0.194": 19, "10.0.4.57": 2, "10.0.1.176": 3, "10.0.0.122": 1, "10.0.0.222": 3, "10.0.3.78": 1, "10.0.2.5": 1, "10.0.5.106": 1, "10.0.2.49": 1, "10.0.3.107": 1, "10.0.3.72": 2, "10.0.3.155": 1, "10.0.3.42": 1, "10.0.3.68": 1, "10.0.5.59": 1, "10.0.0.132": 5, "10.0.0.102": 3, "10.0.1.135": 1, "10.0.1.207": 1, "10.0.3.146": 3, "10.0.2.221": 1, "10.0.3.29": 1, "10.0.3.209": 1, "10.0.0.128": 1, "10.0.1.1": 2, "10.0.2.214": 1, "10.0.1.68": 2, "10.0.0.2": 1, "10.0.0.113": 1, "10.0.0.174": 2, "10.0.7.78": 1, "10.0.3.57": 2, "10.0.2.199": 1, "10.0.0.176": 1, "10.0.5.170": 1, "10.0.5.58": 2, "10.0.3.235": 1, "10.0.3.188": 1, "10.0.0.34": 6, "10.0.6.182": 1, "10.0.6.221": 1, "10.0.0.166": 1, "10.0.0.192": 1, "10.0.5.36": 2, "10.0.1.224": 1, "10.0.3.63": 1, "10.0.0.87": 1, "10.0.5.61": 1, "10.0.3.218": 1, "10.0.7.255": 1, "10.0.1.164": 1, "10.0.3.240": 1, "10.0.4.3": 1, "10.0.1.14": 1, "10.0.4.49": 1, "10.0.4.215": 1, "10.0.2.177": 2, "10.0.4.28": 1, "10.0.0.8": 1, "10.0.0.29": 1, "10.0.0.75": 1, "10.0.0.48": 1, "10.0.0.33": 2, "10.0.4.21": 1, "10.0.3.199": 1, "10.0.2.168": 1, "10.0.0.37": 2, "10.0.1.44": 1, "10.0.1.144": 1, "10.0.4.36": 1, "10.0.1.157": 2, "10.0.2.91": 1}, "localIpTotalDuration": 520299.7477999998, "localIpDuration": {"10.0.2.126": 22152.180800000002, "10.0.1.65": 12597.0609, "10.0.0.4": 40019.3281, "10.0.1.243": 5398.4975, "10.0.0.24": 48520.941, "10.0.0.224": 1799.7843, "10.0.0.5": 10787.4082, "10.0.0.178": 8998.9853, "10.0.3.136": 1798.7684, "10.0.1.0": 3599.1985, "10.0.5.212": 1799.6635, "10.0.3.14": 3597.4987, "10.0.2.0": 5398.2, "10.0.2.46": 3598.8233, "10.0.3.76": 1798.6023, "10.0.0.136": 5399.2806, "10.0.0.13": 3599.1781, "10.0.4.199": 3597.5178, "10.0.2.124": 10780.6241, "10.0.1.170": 1799.5574, "10.0.2.146": 1799.5437, "10.0.7.153": 5398.6819, "10.0.0.196": 5399.403, "10.0.3.110": 10798.1959, "10.0.1.175": 1799.5902, "10.0.1.185": 10795.375, "10.0.3.137": 1799.5853, "10.0.3.60": 3599.1666999999998, "10.0.7.238": 1799.56, "10.0.4.145": 1799.6953, "10.0.0.248": 4564.0004, "10.0.3.249": 5397.883599999999, "10.0.2.98": 1799.6935, "10.0.1.251": 5399.4544000000005, "10.0.0.164": 3598.9557999999997, "10.0.3.19": 1799.7869, "10.0.2.231": 5399.5396, "10.0.0.17": 3598.7169999999996, "10.0.3.18": 1799.7951, "10.0.0.218": 10792.539200000001, "10.0.1.237": 1799.6599, "10.0.5.12": 14390.150000000001, "10.0.1.136": 5399.5016, "10.0.2.89": 3597.5236999999997, "10.0.0.194": 32011.7809, "10.0.4.57": 3598.8361999999997, "10.0.1.176": 5398.7648, "10.0.0.122": 1211.0006, "10.0.0.222": 5395.0105, "10.0.3.78": 1799.8425, "10.0.2.5": 1799.6653, "10.0.5.106": 1799.8843, "10.0.2.49": 1799.6233, "10.0.3.107": 1799.9946, "10.0.3.72": 3598.5127, "10.0.3.155": 1799.997, "10.0.3.42": 1799.7753, "10.0.3.68": 1799.8125, "10.0.5.59": 1798.6806, "10.0.0.132": 8994.99, "10.0.0.102": 5388.9415, "10.0.1.135": 1799.7913, "10.0.1.207": 1799.8531, "10.0.3.146": 4773.5326000000005, "10.0.2.221": 1799.7058, "10.0.3.29": 1800.0001, "10.0.3.209": 1799.7739, "10.0.0.128": 1798.6962, "10.0.1.1": 3598.8147, "10.0.2.214": 1799.8365, "10.0.1.68": 3599.7, "10.0.0.2": 1798.7542, "10.0.0.113": 1644.6174,