{"Roblox": {"localIpCount": 2, "localIpFrequency": {"10.0.0.41": 1, "10.0.0.33": 7}, "localIpTotalDuration": 10565.038799999998, "localIpDuration": {"10.0.0.41": 1711.0519, "10.0.0.33": 8853.9869}}, "League of Legends: Wild Rift": {"localIpCount": 4, "localIpFrequency": {"10.0.0.18": 1, "10.0.0.62": 5, "10.0.0.37": 1, "10.0.0.33": 1}, "localIpTotalDuration": 11315.519199999999, "localIpDuration": {"10.0.0.18": 661.0003, "10.0.0.62": 8844.2591, "10.0.0.37": 1799.9501, "10.0.0.33": 10.3097}}, "Odin: Valhalla Rising": {"localIpCount": 2, "localIpFrequency": {"10.0.0.15": 1, "10.0.0.30": 1}, "localIpTotalDuration": 560.9008, "localIpDuration": {"10.0.0.15": 0.0002, "10.0.0.30": 560.9006}}, "Roblox (Adopt Me!)": {"localIpCount": 1, "localIpFrequency": {"10.0.0.33": 5}, "localIpTotalDuration": 3921.4302000000002, "localIpDuration": {"10.0.0.33": 3921.4302000000002}}, "Diablo Immortal": {"localIpCount": 1, "localIpFrequency": {"10.0.0.3": 1}, "localIpTotalDuration": 0.0001, "localIpDuration": {"10.0.0.3": 0.0001}}}