{"Genshin Impact": {"localIpCount": 1, "localIpFrequency": {"10.0.0.53": 17}, "localIpTotalDuration": 29406.2714, "localIpDuration": {"10.0.0.53": 29406.2714}}, "FIFA ONLINE 4 M": {"localIpCount": 2, "localIpFrequency": {"10.0.0.73": 2, "10.0.0.55": 1}, "localIpTotalDuration": 2517.1436, "localIpDuration": {"10.0.0.73": 2337.2965, "10.0.0.55": 179.8471}}, "Roblox (Adopt Me!)": {"localIpCount": 5, "localIpFrequency": {"10.0.0.90": 14, "10.0.0.78": 4, "10.0.0.88": 5, "10.0.0.55": 26, "10.0.0.84": 13}, "localIpTotalDuration": 93732.6449, "localIpDuration": {"10.0.0.90": 21145.541299999997, "10.0.0.78": 6166.816400000001, "10.0.0.88": 5779.2288, "10.0.0.55": 42571.675299999995, "10.0.0.84": 18069.383099999995}}, "Roblox": {"localIpCount": 6, "localIpFrequency": {"10.0.0.90": 35, "10.0.0.78": 9, "10.0.0.45": 4, "10.0.0.88": 6, "10.0.0.55": 19, "10.0.0.84": 20}, "localIpTotalDuration": 281650.9604, "localIpDuration": {"10.0.0.90": 112738.8833, "10.0.0.78": 16239.032099999999, "10.0.0.45": 71646.242, "10.0.0.88": 11415.4882, "10.0.0.55": 34249.586599999995, "10.0.0.84": 35361.728200000005}}, "League of Legends: Wild Rift": {"localIpCount": 5, "localIpFrequency": {"10.0.0.53": 11, "10.0.0.54": 2, "10.0.0.84": 10, "10.0.0.55": 1, "10.0.0.38": 5}, "localIpTotalDuration": 45959.772699999994, "localIpDuration": {"10.0.0.53": 18565.0361, "10.0.0.54": 1841.0504, "10.0.0.84": 15757.8267, "10.0.0.55": 1599.0507, "10.0.0.38": 8196.8088}}, "Minecraft": {"localIpCount": 2, "localIpFrequency": {"10.0.0.4": 1, "10.0.0.38": 1}, "localIpTotalDuration": 53735.2541, "localIpDuration": {"10.0.0.4": 53290.0489, "10.0.0.38": 445.2052}}, "MIR4": {"localIpCount": 2, "localIpFrequency": {"10.0.0.94": 1, "10.0.0.95": 1}, "localIpTotalDuration": 1955.9933, "localIpDuration": {"10.0.0.94": 348.9433, "10.0.0.95": 1607.05}}}