{"Minecraft": {"localIpCount": 21, "localIpFrequency": {"10.0.51.186": 2, "10.0.59.44": 1, "10.0.21.205": 8, "10.0.52.103": 1, "10.0.52.147": 1, "10.0.52.204": 11, "10.0.52.223": 1, "10.0.59.174": 1, "10.0.9.21": 1, "10.0.52.238": 3, "10.0.12.57": 1, "10.0.52.165": 1, "10.0.12.53": 2, "10.0.9.15": 1, "10.0.22.30": 4, "10.0.53.57": 1, "10.0.53.45": 1, "10.0.60.33": 1, "10.0.53.84": 2, "10.0.53.96": 2, "10.0.60.76": 1}, "localIpTotalDuration": 57644.833600000005, "localIpDuration": {"10.0.51.186": 2491.9997, "10.0.59.44": 273.0011, "10.0.21.205": 11402.2831, "10.0.52.103": 1799.1876, "10.0.52.147": 1435.0147, "10.0.52.204": 15050.3499, "10.0.52.223": 0.0, "10.0.59.174": 209.9958, "10.0.9.21": 847.0006, "10.0.52.238": 4970.5927, "10.0.12.57": 77.0243, "10.0.52.165": 1673.1724, "10.0.12.53": 1288.0222999999999, "10.0.9.15": 1204.0016, "10.0.22.30": 4724.837100000001, "10.0.53.57": 1798.9472, "10.0.53.45": 1770.4819, "10.0.60.33": 0.0018, "10.0.53.84": 3227.1355, "10.0.53.96": 3401.7843000000003, "10.0.60.76": 0.0}}, "PUBG Mobile": {"localIpCount": 1, "localIpFrequency": {"10.0.9.12": 1}, "localIpTotalDuration": 454.9999, "localIpDuration": {"10.0.9.12": 454.9999}}, "Odin: Valhalla Rising": {"localIpCount": 2, "localIpFrequency": {"10.0.19.250": 1, "10.0.20.62": 1}, "localIpTotalDuration": 0.08499999999999999, "localIpDuration": {"10.0.19.250": 0.0003, "10.0.20.62": 0.0847}}, "FIFA ONLINE 4 M": {"localIpCount": 8, "localIpFrequency": {"10.0.59.65": 3, "10.0.52.82": 1, "10.0.52.217": 1, "10.0.52.228": 4, "10.0.12.51": 1, "10.0.21.250": 1, "10.0.52.182": 3, "10.0.53.80": 1}, "localIpTotalDuration": 11389.2906, "localIpDuration": {"10.0.59.65": 3129.0055, "10.0.52.82": 1386.0266, "10.0.52.217": 147.1127, "10.0.52.228": 3395.2706, "10.0.12.51": 426.9825, "10.0.21.250": 860.9988, "10.0.52.182": 1217.877, "10.0.53.80": 826.0169}}, "Honkai: Star Rail": {"localIpCount": 1, "localIpFrequency": {"10.0.53.15": 1}, "localIpTotalDuration": 147.1653, "localIpDuration": {"10.0.53.15": 147.1653}}, "Modern Combat": {"localIpCount": 1, "localIpFrequency": {"10.0.52.85": 3}, "localIpTotalDuration": 315.23380000000003, "localIpDuration": {"10.0.52.85": 315.23380000000003}}, "League of Legends: Wild Rift": {"localIpCount": 36, "localIpFrequency": {"10.0.51.141": 1, "10.0.51.165": 3, "10.0.59.71": 1, "10.0.21.160": 1, "10.0.58.229": 1, "10.0.59.65": 1, "10.0.59.100": 1, "10.0.52.94": 1, "10.0.52.136": 2, "10.0.52.142": 10, "10.0.9.16": 1, "10.0.52.183": 1, "10.0.21.209": 1, "10.0.52.160": 1, "10.0.19.254": 3, "10.0.59.164": 1, "10.0.21.226": 8, "10.0.59.150": 1, "10.0.52.195": 5, "10.0.59.191": 1, "10.0.59.109": 1, "10.0.52.250": 3, "10.0.20.17": 1, "10.0.52.184": 1, "10.0.52.102": 2, "10.0.60.21": 1, "10.0.12.69": 1, "10.0.21.250": 2, "10.0.53.64": 1, "10.0.53.68": 1, "10.0.53.86": 5, "10.0.60.47": 1, "10.0.22.46": 1, "10.0.22.43": 1, "10.0.60.114": 1, "10.0.53.151": 1}, "localIpTotalDuration": 87938.19720000004, "localIpDuration": {"10.0.51.141": 1798.1392, "10.0.51.165": 3883.6405999999997, "10.0.59.71": 532.0028, "10.0.21.160": 21.1064, "10.0.58.229": 1448.9998, "10.0.59.65": 259.0014, "10.0.59.100": 28.0174, "10.0.52.94": 1799.0523, "10.0.52.136": 3170.9696999999996, "10.0.52.142": 16984.5641, "10.0.9.16": 286.9976, "10.0.52.183": 1714.7201, "10.0.21.209": 34.9693, "10.0.52.160": 1792.013, "10.0.19.254": 540.008, "10.0.59.164": 763.0149, "10.0.21.226": 12605.556, "10.0.59.150": 1098.9619, "10.0.52.195": 8678.034099999999, "10.0.59.191": 168.0204, "10.0.59.109": 1372.0118, "10.0.52.250": 5289.2507000000005, "10.0.20.17": 599.9967, "10.0.52.184": 1756.3891, "10.0.52.102": 3577.0617, "10.0.60.21": 1266.9863, "10.0.12.69": 0.0, "10.0.21.250": 1294.614, "10.0.53.64": 1797.7222, "10.0.53.68": 1798.9992, "10.0.53.86": 8651.2313, "10.0.60.47": 0.0001, "10.0.22.46": 7.0017, "10.0.22.43": 154.2235, "10.0.60.114": 980.0078, "10.0.53.151": 1784.9121}}, "Asphalt 9: Legends": {"localIpCount": 1, "localIpFrequency": {"10.0.52.85": 5}, "localIpTotalDuration": 4583.9872000000005, "localIpDuration": {"10.0.52.85": 4583.9872000000005}}, "Cookie Run: Kingdom": {"localIpCount": 1, "localIpFrequency": {"10.0.53.15": 1}, "localIpTotalDuration": 1540.0744, "localIpDuration": {"10.0.53.15": 1540.0744}}, "Roblox": {"localIpCount": 188, "localIpFrequency": {"10.0.51.209": 1, "10.0.58.114": 1, "10.0.11.238": 1, "10.0.21.179": 2, "10.0.19.209": 4, "10.0.8.253": 17, "10.0.52.63": 1, "10.0.59.65": 1, "10.0.12.11": 7, "10.0.21.191": 1, "10.0.51.85": 1, "10.0.58.239": 1, "10.0.51.173": 1, "10.0.58.115": 2, "10.0.21.193": 2, "10.0.59.80": 1, "10.0.21.196": 2, "10.0.59.81": 2, "10.0.58.227": 1, "10.0.58.112": 4, "10.0.59.44": 2, "10.0.58.228": 1, "10.0.19.165": 2, "10.0.59.85": 1, "10.0.52.83": 2, "10.0.9.14": 30, "10.0.21.198": 1, "10.0.12.25": 4, "10.0.59.86": 1, "10.0.52.86": 1, "10.0.19.228": 5, "10.0.21.200": 1, "10.0.12.26": 3, "10.0.59.87": 1, "10.0.52.96": 2, "10.0.19.229": 2, "10.0.21.203": 1, "10.0.59.101": 4, "10.0.19.231": 3, "10.0.21.205": 3, "10.0.12.27": 1, "10.0.59.94": 1, "10.0.52.135": 1, "10.0.21.204": 1, "10.0.12.30": 1, "10.0.59.96": 1, "10.0.52.93": 1, "10.0.9.17": 5, "10.0.21.210": 1, "10.0.12.34": 1, "10.0.59.114": 1, "10.0.52.154": 1, "10.0.21.208": 2, "10.0.59.99": 2, "10.0.52.95": 1, "10.0.9.16": 1, "10.0.19.243": 1, "10.0.21.217": 2, "10.0.12.31": 1, "10.0.59.111": 1, "10.0.52.198": 1, "10.0.19.238": 5, "10.0.21.209": 1, "10.0.59.108": 1, "10.0.52.133": 2, "10.0.19.251": 1, "10.0.59.146": 1, "10.0.52.168": 1, "10.0.21.222": 1, "10.0.12.36": 3, "10.0.59.164": 1, "10.0.52.152": 1, "10.0.12.40": 4, "10.0.59.175": 1, "10.0.52.141": 1, "10.0.21.228": 1, "10.0.59.158": 2, "10.0.52.185": 1, "10.0.19.250": 2, "10.0.21.233": 1, "10.0.59.186": 1, "10.0.52.226": 1, "10.0.21.236": 4, "10.0.59.177": 1, "10.0.9.20": 1, "10.0.52.204": 1, "10.0.21.239": 1, "10.0.12.51": 3, "10.0.59.125": 1, "10.0.52.119": 1, "10.0.19.254": 3, "10.0.21.237": 3, "10.0.59.183": 1, "10.0.21.219": 1, "10.0.12.39": 4, "10.0.52.218": 2, "10.0.20.11": 1, "10.0.12.53": 2, "10.0.59.98": 1, "10.0.19.233": 1, "10.0.21.241": 1, "10.0.59.210": 1, "10.0.59.132": 2, "10.0.53.16": 1, "10.0.20.19": 2, "10.0.21.201": 1, "10.0.53.25": 1, "10.0.21.240": 1, "10.0.12.43": 1, "10.0.59.205": 1, "10.0.52.94": 1, "10.0.59.215": 1, "10.0.53.47": 1, "10.0.12.57": 4, "10.0.20.31": 1, "10.0.22.16": 9, "10.0.59.243": 1, "10.0.53.40": 1, "10.0.12.63": 1, "10.0.9.15": 2, "10.0.60.14": 2, "10.0.53.0": 1, "10.0.20.25": 2, "10.0.60.2": 1, "10.0.53.38": 1, "10.0.21.250": 1, "10.0.19.239": 1, "10.0.59.163": 1, "10.0.53.24": 1, "10.0.12.73": 1, "10.0.52.140": 1, "10.0.12.35": 1, "10.0.59.112": 1, "10.0.53.69": 1, "10.0.21.221": 3, "10.0.59.161": 1, "10.0.52.153": 1, "10.0.12.77": 1, "10.0.20.52": 1, "10.0.60.20": 1, "10.0.52.207": 1, "10.0.12.44": 1, "10.0.20.53": 1, "10.0.60.32": 1, "10.0.20.35": 1, "10.0.59.239": 1, "10.0.22.30": 3, "10.0.59.203": 1, "10.0.20.15": 1, "10.0.60.40": 1, "10.0.22.34": 2, "10.0.59.245": 6, "10.0.20.56": 1, "10.0.53.76": 1, "10.0.60.47": 2, "10.0.22.35": 1, "10.0.20.57": 1, "10.0.12.81": 2, "10.0.53.83": 1, "10.0.22.36": 2, "10.0.9.37": 1, "10.0.20.58": 2, "10.0.53.88": 1, "10.0.60.49": 1, "10.0.22.38": 1, "10.0.9.38": 4, "10.0.12.83": 2, "10.0.53.98": 1, "10.0.60.58": 1, "10.0.22.41": 1, "10.0.9.39": 1, "10.0.20.66": 1, "10.0.53.109": 1, "10.0.60.87": 1, "10.0.22.43": 1, "10.0.20.73": 1, "10.0.12.88": 2, "10.0.53.93": 1, "10.0.60.96": 1, "10.0.20.63": 1, "10.0.53.168": 1, "10.0.60.55": 1, "10.0.22.45": 1, "10.0.20.71": 1, "10.0.12.84": 1, "10.0.53.95": 1, "10.0.60.59": 1, "10.0.22.55": 1}, "localIpTotalDuration": 594014.4158000002, "localIpDuration": {"10.0.51.209": 1798.4224, "10.0.58.114": 1798.7569, "10.0.11.238": 1797.8219, "10.0.21.179": 3597.2992000000004, "10.0.19.209": 6926.4926, "10.0.8.253": 30443.4405, "10.0.52.63": 1798.4855, "10.0.59.65": 1798.7779, "10.0.12.11": 12154.6445, "10.0.21.191": 1798.5971, "10.0.51.85": 1798.4698, "10.0.58.239": 1798.7426, "10.0.51.173": 1798.1987,