{"Roblox": {"localIpCount": 10, "localIpFrequency": {"10.0.0.88": 4, "10.0.0.84": 36, "10.0.0.126": 40, "10.0.0.45": 4, "10.0.0.52": 3, "10.0.0.41": 4, "10.0.0.66": 17, "10.0.0.152": 33, "10.0.0.57": 1, "10.0.0.102": 1}, "localIpTotalDuration": 601740.9548000001, "localIpDuration": {"10.0.0.88": 68688.461, "10.0.0.84": 111049.1052, "10.0.0.126": 71908.4866, "10.0.0.45": 85757.6404, "10.0.0.52": 5281.0009, "10.0.0.41": 6385.1596, "10.0.0.66": 182679.9033, "10.0.0.152": 58592.4546, "10.0.0.57": 1800.9982, "10.0.0.102": 9597.745}}, "Roblox (Adopt Me!)": {"localIpCount": 8, "localIpFrequency": {"10.0.0.88": 4, "10.0.0.84": 26, "10.0.0.50": 1, "10.0.0.52": 3, "10.0.0.126": 3, "10.0.0.66": 15, "10.0.0.57": 1, "10.0.0.102": 1}, "localIpTotalDuration": 43711.14409999998, "localIpDuration": {"10.0.0.88": 1928.5349999999999, "10.0.0.84": 22455.389300000003, "10.0.0.50": 34.245, "10.0.0.52": 3038.4989000000005, "10.0.0.126": 690.8315, "10.0.0.66": 14097.311199999998, "10.0.0.57": 1290.386, "10.0.0.102": 175.9472}}, "League of Legends: Wild Rift": {"localIpCount": 4, "localIpFrequency": {"10.0.0.25": 3, "10.0.0.52": 1, "10.0.0.82": 2, "10.0.0.151": 62}, "localIpTotalDuration": 182155.55469999986, "localIpDuration": {"10.0.0.25": 4696.8233, "10.0.0.52": 279.0481, "10.0.0.82": 599.7906, "10.0.0.151": 176579.8926999999}}, "MIR4": {"localIpCount": 3, "localIpFrequency": {"10.0.0.29": 9, "10.0.0.94": 5, "10.0.0.95": 4}, "localIpTotalDuration": 24538.9171, "localIpDuration": {"10.0.0.29": 7030.2004, "10.0.0.94": 7484.265700000001, "10.0.0.95": 10024.451}}, "Genshin Impact": {"localIpCount": 1, "localIpFrequency": {"10.0.0.72": 1}, "localIpTotalDuration": 248.0502, "localIpDuration": {"10.0.0.72": 248.0502}}, "Odin: Valhalla Rising": {"localIpCount": 1, "localIpFrequency": {"10.0.0.72": 1}, "localIpTotalDuration": 400.8997, "localIpDuration": {"10.0.0.72": 400.8997}}, "FIFA ONLINE 4 M": {"localIpCount": 3, "localIpFrequency": {"10.0.0.126": 6, "10.0.0.152": 16, "10.0.0.97": 1}, "localIpTotalDuration": 36559.2926, "localIpDuration": {"10.0.0.126": 9350.827099999999, "10.0.0.152": 27129.249200000002, "10.0.0.97": 79.2163}}}