{"Among us": {"localIpCount": 1, "localIpFrequency": {"10.0.1.196": 4}, "localIpTotalDuration": 5681.5427, "localIpDuration": {"10.0.1.196": 5681.5427}}, "Cookie Run: Kingdom": {"localIpCount": 3, "localIpFrequency": {"10.0.3.205": 1, "10.0.0.72": 8, "10.0.0.185": 1}, "localIpTotalDuration": 14270.0738, "localIpDuration": {"10.0.3.205": 746.9999, "10.0.0.72": 12326.2068, "10.0.0.185": 1196.8671}}, "Genshin Impact": {"localIpCount": 3, "localIpFrequency": {"10.0.4.37": 1, "10.0.2.44": 1, "10.0.2.4": 2}, "localIpTotalDuration": 3676.8898000000004, "localIpDuration": {"10.0.4.37": 1120.074, "10.0.2.44": 314.9868, "10.0.2.4": 2241.8289999999997}}, "FIFA Mobile": {"localIpCount": 1, "localIpFrequency": {"10.0.4.99": 1}, "localIpTotalDuration": 739.0051, "localIpDuration": {"10.0.4.99": 739.0051}}, "Roblox (Game)": {"localIpCount": 144, "localIpFrequency": {"10.0.2.210": 1, "10.0.2.163": 7, "10.0.2.218": 2, "10.0.3.201": 1, "10.0.2.225": 1, "10.0.1.185": 1, "10.0.0.136": 3, "10.0.0.73": 4, "10.0.3.93": 9, "10.0.4.144": 2, "10.0.3.94": 2, "10.0.0.75": 2, "10.0.1.244": 2, "10.0.4.27": 1, "10.0.3.205": 1, "10.0.1.157": 1, "10.0.0.4": 23, "10.0.2.220": 1, "10.0.0.5": 3, "10.0.3.52": 3, "10.0.1.193": 7, "10.0.2.167": 1, "10.0.0.42": 6, "10.0.2.46": 2, "10.0.0.149": 3, "10.0.3.36": 1, "10.0.1.197": 12, "10.0.1.167": 1, "10.0.5.112": 1, "10.0.4.43": 2, "10.0.0.71": 1, "10.0.1.34": 7, "10.0.3.63": 3, "10.0.4.39": 1, "10.0.2.84": 4, "10.0.1.60": 2, "10.0.0.174": 1, "10.0.0.33": 2, "10.0.1.187": 2, "10.0.2.103": 2, "10.0.3.235": 1, "10.0.0.40": 2, "10.0.1.105": 4, "10.0.0.241": 1, "10.0.2.248": 2, "10.0.2.214": 5, "10.0.2.75": 1, "10.0.5.242": 2, "10.0.1.176": 3, "10.0.3.245": 1, "10.0.0.195": 11, "10.0.2.122": 2, "10.0.2.23": 2, "10.0.0.176": 1, "10.0.5.176": 1, "10.0.2.231": 3, "10.0.1.1": 3, "10.0.4.23": 1, "10.0.2.173": 1, "10.0.4.25": 2, "10.0.3.77": 2, "10.0.2.144": 2, "10.0.3.106": 5, "10.0.2.44": 1, "10.0.0.254": 1, "10.0.3.68": 1, "10.0.0.89": 4, "10.0.0.38": 4, "10.0.1.141": 1, "10.0.0.205": 5, "10.0.4.52": 1, "10.0.4.102": 1, "10.0.1.207": 3, "10.0.2.234": 7, "10.0.4.170": 1, "10.0.2.237": 1, "10.0.3.110": 1, "10.0.2.11": 1, "10.0.2.187": 1, "10.0.2.254": 1, "10.0.1.0": 1, "10.0.2.247": 1, "10.0.1.20": 1, "10.0.2.54": 1, "10.0.0.194": 3, "10.0.0.178": 1, "10.0.6.141": 1, "10.0.0.17": 1, "10.0.2.250": 2, "10.0.4.15": 1, "10.0.2.229": 1, "10.0.2.58": 1, "10.0.5.204": 1, "10.0.1.195": 1, "10.0.1.188": 1, "10.0.3.217": 1, "10.0.2.110": 4, "10.0.5.90": 2, "10.0.2.115": 2, "10.0.2.246": 1, "10.0.4.70": 1, "10.0.3.112": 1, "10.0.2.35": 1, "10.0.0.31": 1, "10.0.6.21": 1, "10.0.2.17": 1, "10.0.2.121": 1, "10.0.0.2": 9, "10.0.2.6": 2, "10.0.3.109": 1, "10.0.1.98": 1, "10.0.2.21": 1, "10.0.0.121": 2, "10.0.2.241": 1, "10.0.3.128": 5, "10.0.2.190": 1, "10.0.3.90": 1, "10.0.2.221": 1, "10.0.5.127": 1, "10.0.3.10": 1, "10.0.0.191": 3, "10.0.3.119": 2, "10.0.0.55": 2, "10.0.4.74": 1, "10.0.2.48": 1, "10.0.5.169": 1, "10.0.0.76": 3, "10.0.2.205": 1, "10.0.0.233": 1, "10.0.2.0": 3, "10.0.1.94": 1, "10.0.3.238": 2, "10.0.1.84": 1, "10.0.1.239": 1, "10.0.2.191": 1, "10.0.0.22": 1, "10.0.5.183": 2, "10.0.3.62": 2, "10.0.6.92": 1, "10.0.5.238": 1, "10.0.2.5": 1, "10.0.0.30": 1, "10.0.6.4": 1, "10.0.2.140": 1}, "localIpTotalDuration": 516855.49960000004, "localIpDuration": {"10.0.2.210": 1764.019, "10.0.2.163": 11542.741100000001, "10.0.2.218": 3598.3031, "10.0.3.201": 1799.9986, "10.0.2.225": 1790.443, "10.0.1.185": 1782.068, "10.0.0.136": 5390.8467, "10.0.0.73": 5936.0143, "10.0.3.93": 15017.9748, "10.0.4.144": 3589.9321, "10.0.3.94": 3581.567, "10.0.0.75": 3537.0532000000003, "10.0.1.244": 3338.9656, "10.0.4.27": 1799.9942, "10.0.3.205": 1782.0122, "10.0.1.157": 1764.0361, "10.0.0.4": 20313.711400000004, "10.0.2.220": 1781.9952, "10.0.0.5": 5398.8507, "10.0.3.52": 5022.048, "10.0.1.193": 11240.5528, "10.0.2.167": 1772.4988, "10.0.0.42": 10237.663299999998, "10.0.2.46": 3473.6045999999997, "10.0.0.149": 5089.6221, "10.0.3.36": 1701.0078, "10.0.1.197": 20070.0431, "10.0.1.167": 1728.0108, "10.0.5.112": 1790.1517, "10.0.4.43": 3440.0818, "10.0.0.71": 1584.0291, "10.0.1.34": 9432.0818, "10.0.3.63": 5030.2655, "10.0.4.39": 1799.9457, "10.0.2.84": 7181.019200000001, "10.0.1.60": 3597.5233, "10.0.0.174": 1799.9949, "10.0.0.33": 3599.3896999999997, "10.0.1.187": 3554.321, "10.0.2.103": 3599.227, "10.0.3.235": 1799.7823, "10.0.0.40": 3590.6364999999996, "10.0.1.105": 7005.486199999999, "10.0.0.241": 1799.7521, "10.0.2.248": 3556.8871, "10.0.2.214": 8441.6744, "10.0.2.75": 1799.5927, "10.0.5.242": 3599.6971, "10.0.1.176": 5381.2135, "10.0.3.245": 1799.9878, "10.0.0.195": 19435.1764, "10.0.2.122": 3589.7435, "10.0.2.23": 3524.318, "10.0.0.176": 1799.3808, "10.0.5.176": 1799.6592, "10.0.2.231": 5390.4284, "10.0.1.1": 5021.4266, "10.0.4.23": 1799.6331, "10.0.2.173": 1790.6589, "10.0.4.25": 3582.0789999999997, "10.0.3.77": 3599.5079, "10.0.2.144": 3599.5294000000004, "10.0.3.106": 8951.694800000001, "10.0.2.44": 1574.9818, "10.0.0.254": 1799.8575, "10.0.3.68": 1798.7119, "10.0.0.89": 6503.016799999999, "10.0.0.38": 7189.7938, "10.0.1.141": 1799.967, "10.0.0.205": 7285.7832, "10.0.4.52": 1790.9986, "10.0.4.102": 1799.5347, "10.0.1.207": 5270.7454, "10.0.2.234": 10467.109400000001, "10.0.4.170": 1799.1988, "10.0.2.237": 1764.0134, "10.0.3.110": 1799.8358, "10.0.2.11": 1798.7501, "10.0.2.187": 1762.5102, "10.0.2.254": 1799.8091, "10.0.1.0": 1799.5848, "10.0.2.247": 1790.7676, "10.0.1.20": 1799.948, "10.0.2.54": 1799.5257, "10.0.0.194": 4382.0061, "10.0.0.178": 1799.8045, "10.0.6.141": 1798.533, "10.0.0.17": 1799.9843, "10.0.2.250": 3486.7628, "10.0.4.15": 1771.6147, "10.0.2.229": 1799.4884, "10.0.2.58": 1799.4885, "10.0.5.204": 1799.9734, "10.0.1.195": 1799.5337, "10.0.1.188": 1799.8464, "10.0.3.217": 1799.9587, "10.0.2.110": 5271.028000000001, "10.0.5.90": 3598.554, "10.0.2.115": 3563.5792, "10.0.2.246": 1799.7898, "10.0.4.70": 1799.6087, "10.0.3.112": 1799.5051, "10.0.2.35": 1763.9956, "10.0.0.31": 1788.6142, "10.0.6.21": 1799.3485, "10.0.2.17": 1799.0727, "10.0.2.121": 1799.9862, "10.0.0.2": 13817.5766, "10.0.2.6": 3599.9893, "10.0.3.109": 1799.466, "10.0.1.98": 1799.8714, "10.0.2.21": 1799.5217, "10.0.0.121": 1755.4116999999999, "10.0.2.241": 1799.7769, "10.0.3.128": 4427.9863000000005, "10.0.2.190": 1798.2023, "10.0.3.90": 1791.0068, "10.0.2.221": 1790.7282, "10.0.5.127": 1798.656, "10.0.3.10": 1763.9982, "10.0.0.191": 4670.825699999999, "10.0.3.119": 3499.8536000000004, "10.0.0.55": 3588.8500999999997, "10.0.4.74": 1791.0919, "10.0.2.48": 749.0155, "10.0.5.169": 1799.4672, "10.0.0.76": 3336.8718, "10.0.2.205": 1799.2735, "10.0.0.233": 1799.9536, "10.0.2.0": 5156.5464, "10.0.1.94": 1566.0237, "10.0.3.238": 3290.1841999999997, "10.0.1.84": 1790.1865, "10.0.1.239": 1750.0539, "10.0.2.191": 1691.6256, "10.0.0.22": 0.0058, "10.0.5.183": 3490.3199, "10.0.3.62": 3492.0105, "10.0.6.92": 1799.999, "10.0.5.238": 1788.2063, "10.0.2.5": 1764.0044, "10.0.0.30": 182.0009, "10.0.6.4": 1799.845, "10.0.2.140": 1791.0191}}, "TFT: Teamfight Tactics": {"localIpCount": 20, "localIpFrequency": {"10.0.0.9": 16, "10.0.1.98": 3, "10.0.5.172": 3, "10.0.1.130": 1, "10.0.4.144": 1, "10.0.1.123": 2, "10.0.2.93": 6, "10.0.0.16": 4, "10.0.1.176": 2, "10.0.1.135": 4, "10.0.2.223": 1, "10.0.1.217": 5, "10.0.6.182": 1, "10.0.3.104": 2, "10.0.2.82": 1, "10.0.0.35": 1, "10.0.0.233": 1, "10.0.1.254": 1, "10.0.2.20": 1, "10.0.1.253": 1}, "localIpTotalDuration": 70534.7536, "localIpDuration": {"10.0.0.9": 23710.504800000002, "10.0.1.98": 5170.3198, "10.0.5.172": 4679.0247, "10.0.1.130": 270.0238, "10.0.4.144": 1690.0931, "10.0.1.123": 927.0321, "10.0.2.93": 4976.4920999999995, "10.0.0.16": 5270.6337, "10.0.1.176": 2817.0596, "10.0.1.135": 6130.1257000000005, "10.0.2.223": 485.9914, "10.0.1.217": 6481.660000000001, "10.0.6.182": 1229.4727, "10.0.3.104": 909.1594, "10.0.2.82": 144.0196, "10.0.0.35": 1760.5708, "10.0.0.233": 1600.3821, "10.0.1.254": 144.0982, "10.0.2.20": 558.0613, "10.0.1.253": 1580.0287}},