{"Cookie Run: Kingdom": {"localIpCount": 1, "localIpFrequency": {"10.0.45.144": 1}, "localIpTotalDuration": 832.746, "localIpDuration": {"10.0.45.144": 832.746}}, "Genshin Impact": {"localIpCount": 2, "localIpFrequency": {"10.0.46.149": 1, "10.0.47.4": 2}, "localIpTotalDuration": 2316.3698999999997, "localIpDuration": {"10.0.46.149": 175.6956, "10.0.47.4": 2140.6742999999997}}, "Overwatch 2": {"localIpCount": 4, "localIpFrequency": {"10.0.44.209": 3, "10.0.45.210": 1, "10.0.46.209": 5, "10.0.55.91": 1}, "localIpTotalDuration": 13730.9253, "localIpDuration": {"10.0.44.209": 5039.0451, "10.0.45.210": 1778.0074, "10.0.46.209": 6857.771700000001, "10.0.55.91": 56.1011}}, "Goddess of Victory: Nikke": {"localIpCount": 2, "localIpFrequency": {"10.0.55.0": 4, "10.0.55.144": 2}, "localIpTotalDuration": 8686.6242, "localIpDuration": {"10.0.55.0": 6187.6228, "10.0.55.144": 2499.0014}}, "League of Legends: Wild Rift": {"localIpCount": 53, "localIpFrequency": {"10.0.44.141": 1, "10.0.45.128": 2, "10.0.45.160": 3, "10.0.45.196": 1, "10.0.54.114": 1, "10.0.45.223": 5, "10.0.18.51": 1, "10.0.19.124": 1, "10.0.45.145": 6, "10.0.18.56": 1, "10.0.54.135": 1, "10.0.19.138": 5, "10.0.46.21": 1, "10.0.18.70": 1, "10.0.45.254": 3, "10.0.54.158": 1, "10.0.45.192": 2, "10.0.54.202": 1, "10.0.45.187": 4, "10.0.8.119": 1, "10.0.18.95": 1, "10.0.19.197": 1, "10.0.46.108": 1, "10.0.19.204": 1, "10.0.19.198": 1, "10.0.46.171": 1, "10.0.46.136": 1, "10.0.19.219": 1, "10.0.18.105": 1, "10.0.46.187": 3, "10.0.18.110": 1, "10.0.46.197": 5, "10.0.19.236": 1, "10.0.19.240": 3, "10.0.46.216": 1, "10.0.46.218": 1, "10.0.46.236": 1, "10.0.55.58": 1, "10.0.46.223": 1, "10.0.19.253": 3, "10.0.46.247": 3, "10.0.55.83": 1, "10.0.47.40": 1, "10.0.55.94": 1, "10.0.19.242": 1, "10.0.47.44": 1, "10.0.55.101": 1, "10.0.47.80": 1, "10.0.47.74": 1, "10.0.20.29": 1, "10.0.47.42": 2, "10.0.55.146": 2, "10.0.19.254": 1}, "localIpTotalDuration": 107564.19109999998, "localIpDuration": {"10.0.44.141": 1756.896, "10.0.45.128": 3114.6085, "10.0.45.160": 5076.3502, "10.0.45.196": 1796.9865, "10.0.54.114": 714.0127, "10.0.45.223": 8895.142200000002, "10.0.18.51": 390.1049, "10.0.19.124": 671.9703, "10.0.45.145": 10400.9305, "10.0.18.56": 159.9986, "10.0.54.135": 133.0028, "10.0.19.138": 7600.336000000001, "10.0.46.21": 1792.0746, "10.0.18.70": 290.0175, "10.0.45.254": 5179.4844, "10.0.54.158": 203.0073, "10.0.45.192": 3564.8426, "10.0.54.202": 13.968, "10.0.45.187": 7059.5779, "10.0.8.119": 34.9974, "10.0.18.95": 930.0128, "10.0.19.197": 896.0359, "10.0.46.108": 1736.2185, "10.0.19.204": 525.0238, "10.0.19.198": 0.0133, "10.0.46.171": 1770.9241, "10.0.46.136": 14.0439, "10.0.19.219": 14.0028, "10.0.18.105": 20.0027, "10.0.46.187": 4261.9926000000005, "10.0.18.110": 59.9962, "10.0.46.197": 8698.0123, "10.0.19.236": 0.0001, "10.0.19.240": 3024.0196, "10.0.46.216": 805.0352, "10.0.46.218": 1778.0022, "10.0.46.236": 1232.0373, "10.0.55.58": 13.9987, "10.0.46.223": 1672.9768, "10.0.19.253": 4262.5064, "10.0.46.247": 4661.4479, "10.0.55.83": 13.9862, "10.0.47.40": 1519.126, "10.0.55.94": 1791.6723, "10.0.19.242": 14.0082, "10.0.47.44": 1798.7519, "10.0.55.101": 56.0425, "10.0.47.80": 1799.1889, "10.0.47.74": 1798.4053, "10.0.20.29": 167.9655, "10.0.47.42": 2750.3574, "10.0.55.146": 301.0327, "10.0.19.254": 329.0422}}, "Minecraft": {"localIpCount": 38, "localIpFrequency": {"10.0.45.23": 1, "10.0.53.195": 1, "10.0.44.253": 1, "10.0.18.40": 1, "10.0.53.236": 2, "10.0.19.64": 1, "10.0.45.157": 1, "10.0.45.215": 1, "10.0.45.203": 3, "10.0.19.134": 3, "10.0.54.152": 5, "10.0.45.152": 1, "10.0.45.232": 1, "10.0.45.139": 1, "10.0.54.186": 1, "10.0.18.63": 1, "10.0.45.156": 1, "10.0.46.92": 1, "10.0.54.187": 2, "10.0.45.235": 1, "10.0.8.119": 2, "10.0.18.51": 1, "10.0.46.124": 3, "10.0.46.144": 3, "10.0.46.152": 2, "10.0.19.184": 18, "10.0.46.189": 1, "10.0.19.230": 3, "10.0.46.212": 1, "10.0.55.45": 2, "10.0.19.241": 3, "10.0.46.217": 2, "10.0.46.207": 11, "10.0.55.51": 6, "10.0.19.248": 1, "10.0.18.124": 1, "10.0.55.93": 3, "10.0.47.16": 1}, "localIpTotalDuration": 100363.44620000005, "localIpDuration": {"10.0.45.23": 1470.007, "10.0.53.195": 301.0327, "10.0.44.253": 1567.6364, "10.0.18.40": 1079.9989, "10.0.53.236": 798.0025, "10.0.19.64": 6.9933, "10.0.45.157": 580.9124, "10.0.45.215": 147.0477, "10.0.45.203": 1568.2856, "10.0.19.134": 1728.9987999999998, "10.0.54.152": 3990.0862000000006, "10.0.45.152": 224.6326, "10.0.45.232": 0.0477, "10.0.45.139": 1554.418, "10.0.54.186": 217.0069, "10.0.18.63": 150.0054, "10.0.45.156": 98.5199, "10.0.46.92": 1754.6201, "10.0.54.187": 770.1270999999999, "10.0.45.235": 1547.8254, "10.0.8.119": 3535.0011999999997, "10.0.18.51": 149.9979, "10.0.46.124": 4907.1458999999995, "10.0.46.144": 5271.757799999999, "10.0.46.152": 1828.5012000000002, "10.0.19.184": 31717.1062, "10.0.46.189": 147.0122, "10.0.19.230": 874.9905, "10.0.46.212": 993.8671, "10.0.55.45": 1757.0021, "10.0.19.241": 3391.7659, "10.0.46.217": 1743.0041, "10.0.46.207": 13243.944099999997, "10.0.55.51": 6788.1978, "10.0.19.248": 819.0041, "10.0.18.124": 20.0, "10.0.55.93": 2338.0166, "10.0.47.16": 1280.9269}}, "Clash Royale": {"localIpCount": 2, "localIpFrequency": {"10.0.45.239": 1, "10.0.54.163": 1}, "localIpTotalDuration": 21.4672, "localIpDuration": {"10.0.45.239": 14.4187, "10.0.54.163": 7.0485}}, "Hero Blaze: Three Kingdoms": {"localIpCount": 1, "localIpFrequency": {"10.0.55.43": 1}, "localIpTotalDuration": 195.9995, "localIpDuration": {"10.0.55.43": 195.9995}}, "Honkai: Star Rail": {"localIpCount": 1, "localIpFrequency": {"10.0.47.84": 2}, "localIpTotalDuration": 294.10979999999995, "localIpDuration": {"10.0.47.84": 294.10979999999995}}, "TFT: Teamfight Tactics": {"localIpCount": 28, "localIpFrequency": {"10.0.53.195": 6, "10.0.44.220": 1, "10.0.45.221": 5, "10.0.45.191": 2, "10.0.46.36": 2, "10.0.54.135": 1, "10.0.45.155": 2, "10.0.54.192": 1, "10.0.19.204": 3, "10.0.46.136": 5, "10.0.55.16": 1, "10.0.18.102": 1, "10.0.18.105": 1, "10.0.18.110": 2, "10.0.46.200": 1, "10.0.19.236": 1, "10.0.46.206": 1, "10.0.19.240": 3, "10.0.46.216": 3, "10.0.19.239": 1, "10.0.46.218": 1, "10.0.19.242": 1, "10.0.55.58": 1, "10.0.55.83": 1, "10.0.47.84": 2, "10.0.47.121": 1, "10.0.47.0": 1, "10.0.55.146": 2}, "localIpTotalDuration": 52197.102999999996, "localIpDuration": {"10.0.53.195": 3352.9970999999996, "10.0.44.220": 1091.6342, "10.0.45.221": 4605.5128, "10.0.45.191": 2863.0092, "10.0.46.36": 2863.373, "10.0.54.135": 322.0194, "10.0.45.155": 2044.4735999999998, "10.0.54.192": 13.9587, "10.0.19.204": 3353.0972, "10.0.46.136": 4374.917399999999, "10.0.55.16": 203.0279, "10.0.18.102": 20.001, "10.0.18.105": 1679.9985, "10.0.18.110": 1620.0024, "10.0.46.200": 1763.9659, "10.0.19.236": 48.9985, "10.0.46.206": 0.0012, "10.0.19.240": 1784.9522, "10.0.46.216": 4248.8252999999995, "10.0.19.239": 1588.9959, "10.0.46.218": 1722.0273, "10.0.19.242": 1777.9796, "10.0.55.58": 791.0091, "10.0.55.83": 1561.0146, "10.0.47.84": 1973.1357, "10.0.47.121": 1790.1207, "10.0.47.0": 1546.06, "10.0.55.146": 3191.9946}}, "FIFA ONLINE 4 M": {"localIpCount": 10, "localIpFrequency": {"10.0.45.84": 1, "10.0.45.195": 3, "10.0.46.27": 2, "10.0.19.228": 7, "10.0.46.187": 1, "10.0.18.113": 1, "10.0.18.111": 2, "10.0.46.240": 4, "10.0.47.88": 1, "10.0.47.61": 1}, "localIpTotalDuration": 21164.809999999994, "localIpDuration": {"10.0.45.84": 335.9074, "10.0.45.195": 1605.8883, "10.0.46.27": 1848.6115, "10.0.19.228": 7636.9815, "10.0.46.187": 133.5274, "10.0.18.113": 190.0037, "10.0.18.111": 1720.0002, "10.0.46.240": 6314.3159, "10.0.47.88": 588.3395, "10.0.47.61": 791.2346}}, "Brawl Stars": {"localIpCount": 4, "localIpFrequency": {"10.0.19.127": 1, "10.0.46.197": 1, "10.0.11.61": 1, "10.0.55.106": 1}, "localIpTotalDuration": 2058.4871000000003, "localIpDuration": {"10.0.19.127": 1351.4565, "10.0.46.197": 0.0052, "10.0.11.61": 245.0015, "10.0.55.106": 462.0239}}, "The Walking Dead: All-Stars": {"localIpCount": 1, "localIpFrequency": {"10.0.55.38": 2},