{"League of Legends: Wild Rift": {"localIpCount": 44, "localIpFrequency": {"10.0.30.133": 2, "10.0.30.59": 2, "10.0.43.202": 3, "10.0.8.189": 2, "10.0.30.202": 2, "10.0.44.154": 3, "10.0.15.33": 2, "10.0.44.105": 3, "10.0.31.41": 4, "10.0.44.240": 3, "10.0.31.91": 6, "10.0.44.241": 9, "10.0.14.172": 2, "10.0.45.19": 6, "10.0.31.77": 10, "10.0.8.249": 2, "10.0.31.85": 4, "10.0.14.188": 2, "10.0.15.71": 2, "10.0.8.237": 2, "10.0.31.109": 2, "10.0.31.217": 2, "10.0.14.205": 2, "10.0.45.89": 3, "10.0.31.40": 6, "10.0.31.161": 4, "10.0.45.121": 12, "10.0.14.226": 2, "10.0.32.51": 6, "10.0.14.176": 2, "10.0.15.97": 2, "10.0.15.98": 2, "10.0.44.214": 3, "10.0.14.147": 2, "10.0.15.105": 2, "10.0.45.170": 3, "10.0.15.114": 2, "10.0.32.108": 4, "10.0.45.184": 3, "10.0.31.225": 2, "10.0.31.232": 2, "10.0.45.222": 3, "10.0.32.144": 2, "10.0.15.31": 2}, "localIpTotalDuration": 164102.66019999998, "localIpDuration": {"10.0.30.133": 3540.1906, "10.0.30.59": 3513.6608, "10.0.43.202": 0.00030000000000000003, "10.0.8.189": 98.0028, "10.0.30.202": 3485.7964, "10.0.44.154": 21.029400000000003, "10.0.15.33": 39.9888, "10.0.44.105": 147.0237, "10.0.31.41": 7069.403400000001, "10.0.44.240": 105.0669, "10.0.31.91": 10736.447600000001, "10.0.44.241": 3628.824600000001, "10.0.14.172": 1568.1138, "10.0.45.19": 7853.9955, "10.0.31.77": 17708.4666, "10.0.8.249": 560.0302, "10.0.31.85": 7184.0152, "10.0.14.188": 2898.8304, "10.0.15.71": 459.9592, "10.0.8.237": 280.012, "10.0.31.109": 3529.4438, "10.0.31.217": 3598.5578, "10.0.14.205": 378.092, "10.0.45.89": 188.9106, "10.0.31.40": 10740.155999999999, "10.0.31.161": 7181.4856, "10.0.45.121": 20767.4814, "10.0.14.226": 686.0266, "10.0.32.51": 10632.9108, "10.0.14.176": 27.976, "10.0.15.97": 1159.8114, "10.0.15.98": 3439.984, "10.0.44.214": 3863.8065, "10.0.14.147": 476.0138, "10.0.15.105": 359.9824, "10.0.45.170": 2667.1254, "10.0.15.114": 59.9734, "10.0.32.108": 7032.993399999999, "10.0.45.184": 4514.8269, "10.0.31.225": 3568.1094, "10.0.31.232": 798.0636, "10.0.45.222": 5082.0072, "10.0.32.144": 83.9886, "10.0.15.31": 2366.0754}}, "Odin: Valhalla Rising": {"localIpCount": 2, "localIpFrequency": {"10.0.43.202": 6, "10.0.45.8": 3}, "localIpTotalDuration": 2100.2991, "localIpDuration": {"10.0.43.202": 1701.0122999999999, "10.0.45.8": 399.28679999999997}}, "Blue Archive": {"localIpCount": 1, "localIpFrequency": {"10.0.31.102": 2}, "localIpTotalDuration": 3317.821, "localIpDuration": {"10.0.31.102": 3317.821}}, "Cookie Run: Kingdom": {"localIpCount": 2, "localIpFrequency": {"10.0.31.210": 12, "10.0.14.249": 4}, "localIpTotalDuration": 17119.2962, "localIpDuration": {"10.0.31.210": 11869.1976, "10.0.14.249": 5250.0986}}, "Genshin Impact": {"localIpCount": 3, "localIpFrequency": {"10.0.45.10": 6, "10.0.31.244": 4, "10.0.32.114": 2}, "localIpTotalDuration": 1400.1352000000002, "localIpDuration": {"10.0.45.10": 546.5381999999998, "10.0.31.244": 489.6936, "10.0.32.114": 363.9034}}, "Free Fire": {"localIpCount": 1, "localIpFrequency": {"10.0.15.79": 2}, "localIpTotalDuration": 40.004, "localIpDuration": {"10.0.15.79": 40.004}}, "Roblox": {"localIpCount": 173, "localIpFrequency": {"10.0.14.137": 6, "10.0.8.189": 2, "10.0.30.254": 2, "10.0.43.169": 3, "10.0.15.14": 4, "10.0.30.230": 2, "10.0.8.192": 18, "10.0.44.72": 3, "10.0.7.42": 2, "10.0.14.131": 12, "10.0.30.217": 2, "10.0.44.108": 3, "10.0.14.220": 22, "10.0.14.49": 2, "10.0.8.201": 2, "10.0.44.154": 3, "10.0.15.35": 2, "10.0.44.80": 3, "10.0.14.249": 4, "10.0.14.141": 2, "10.0.8.227": 2, "10.0.44.133": 3, "10.0.8.207": 10, "10.0.44.161": 3, "10.0.15.33": 4, "10.0.43.142": 6, "10.0.44.95": 3, "10.0.44.105": 3, "10.0.44.170": 3, "10.0.44.153": 3, "10.0.44.48": 3, "10.0.43.217": 3, "10.0.44.17": 3, "10.0.14.72": 2, "10.0.44.28": 3, "10.0.13.240": 2, "10.0.8.236": 4, "10.0.31.27": 2, "10.0.44.187": 9, "10.0.14.144": 4, "10.0.7.47": 12, "10.0.15.44": 2, "10.0.31.44": 2, "10.0.44.192": 3, "10.0.14.148": 2, "10.0.15.48": 8, "10.0.8.239": 6, "10.0.31.67": 2, "10.0.44.219": 3, "10.0.31.99": 2, "10.0.44.235": 3, "10.0.14.155": 2, "10.0.15.54": 4, "10.0.8.241": 6, "10.0.31.55": 2, "10.0.44.233": 3, "10.0.14.162": 2, "10.0.15.50": 2, "10.0.31.118": 2, "10.0.44.195": 3, "10.0.14.154": 2, "10.0.15.59": 4, "10.0.8.246": 6, "10.0.31.86": 2, "10.0.44.186": 3, "10.0.14.175": 2, "10.0.7.48": 10, "10.0.15.53": 4, "10.0.31.113": 2, "10.0.45.19": 3, "10.0.14.166": 2, "10.0.31.92": 2, "10.0.45.12": 6, "10.0.14.170": 2, "10.0.15.65": 2, "10.0.31.204": 2, "10.0.14.172": 2, "10.0.8.247": 6, "10.0.31.221": 2, "10.0.45.63": 3, "10.0.14.190": 2, "10.0.15.68": 2, "10.0.8.250": 2, "10.0.31.36": 2, "10.0.45.44": 3, "10.0.14.197": 2, "10.0.15.67": 4, "10.0.9.5": 4, "10.0.31.151": 2, "10.0.14.145": 2, "10.0.7.56": 2, "10.0.9.1": 14, "10.0.31.77": 2, "10.0.14.198": 4, "10.0.9.7": 2, "10.0.32.1": 2, "10.0.44.236": 3, "10.0.14.179": 4, "10.0.15.76": 4, "10.0.31.203": 2, "10.0.44.252": 3, "10.0.15.81": 2, "10.0.7.57": 2, "10.0.9.6": 10, "10.0.32.23": 2, "10.0.45.65": 3, "10.0.14.169": 2, "10.0.15.55": 12, "10.0.31.207": 2, "10.0.45.104": 3, "10.0.14.219": 2, "10.0.15.62": 2, "10.0.7.58": 2, "10.0.9.14": 2, "10.0.31.47": 2, "10.0.45.121": 3, "10.0.14.189": 2, "10.0.31.48": 4, "10.0.45.143": 3, "10.0.14.231": 2, "10.0.15.87": 4, "10.0.7.59": 2, "10.0.31.188": 2, "10.0.44.244": 3, "10.0.14.242": 2, "10.0.15.98": 2, "10.0.9.18": 2, "10.0.44.225": 9, "10.0.14.176": 2, "10.0.7.61": 2, "10.0.32.64": 2, "10.0.14.228": 2, "10.0.15.102": 2, "10.0.45.25": 6, "10.0.32.101": 2, "10.0.14.224": 2, "10.0.9.15": 2, "10.0.7.62": 18, "10.0.45.28": 3, "10.0.31.95": 2, "10.0.15.16": 2, "10.0.44.211": 3, "10.0.31.110": 2, "10.0.14.235": 2, "10.0.45.166": 3, "10.0.31.180": 2, "10.0.15.8": 4, "10.0.9.38": 4, "10.0.45.50": 3, "10.0.31.193": 2, "10.0.15.17": 2, "10.0.15.70": 28, "10.0.9.40": 6, "10.0.44.202": 3, "10.0.32.76": 2, "10.0.45.216": 3, "10.0.31.149": 2, "10.0.15.22": 2, "10.0.45.94": 6, "10.0.32.107": 2, "10.0.15.21": 2, "10.0.15.104": 2, "10.0.31.222": 2, "10.0.45.171": 3, "10.0.45.117": 3, "10.0.45.136": 9, "10.0.44.255": 6, "10.0.44.223": 3, "10.0.45.7": 12, "10.0.32.135": 6, "10.0.45.229": 9, "10.0.32.139": 2, "10.0.45.228": 3}, "localIpTotalDuration": 1170319.4276000017, "localIpDuration": {"10.0.14.137": 10791.5324, "10.0.8.189": 3597.5124, "10.0.30.254": 3594.6612, "10.0.43.169": 5396.2017, "10.0.15.14": 7192.1792000000005, "10.0.30.230": 3596.9824, "10.0.8.192": 32347.891799999998, "10.0.44.72": 5395.7481, "10.0.7.42": 56.0018, "10.0.14.131": 19807.3682, "10.0.30.217": 3596.8872, "10.0.44.108": 5395.983, "10.0.14.220": 39580.7668, "10.0.14.49": 3597.9092, "10.0.8.201": 3596.3556, "10.0.44.154": 5396.3073, "10.0.15.35": 3596.1814, "10.0.44.80": 5395.911, "10.0.14.249": 7194.1478, "10.0.14.141": 3597.2434, "10.0.8.227": 3595.1218, "10.0.44.133": 5396.1501, "10.0.8.207": 17986.0862, "10.0.44.161": 5396.1530999999995, "10.0.15.33": 7195.1438, "10.0.43.142": 10792.5117, "10.0.44.95": 5396.1717, "10.0.44.105": 5396.1705, "10.0.44.170": 5396.2683, "10.0.44.153": 5396.1936, "10.0.44.48": 5396.2458, "10.0.43.217": 5396.2464, "10.0.44.17": 5396.2608, "10.0.14.72": 3598.084, "10.0.44.28": 5396.137199999999, "10.0.13.240": 3597.1132, "10.0.8.236": 7195.5398, "10.0.31.27": 3598.7018, "10.0.44.187": 16189.585500000001, "10.0.14.144": 7194.5188, "10.0.7.47": 21501.097999999998, "10.0.15.44": 3580.0186, "10.0.31.44": 3597.6148, "10.0.44.192": 5396.2467, "10.0.14.148": 3597.3122, "10.0.15.48": 14386.198799999998, "10.0.8.239": 10792.629, "10.0.31.67": 3597.4462, "10.0.44.219": 5396.259, "10.0.31.99": 3597.1156, "10.0.44.235": 5396.2413, "10.0.14.155": 3596.0722, "10.0.15.54": 7195.2634, "10.0.8.241": 10791.3994, "10.0.31.55": 3597.1476, "10.0.44.233": 5396.153700000001, "10.0.14.162": 3598.4272, "10.0.15.50": 3596.9852, "10.0.31.118": 3596.6124, "10.0.44.195": 5396.0868, "10.0.14.154": 3596.2, "10.0.15.59": 7176.657399999999, "10.0.8.246": 10792.954800000001, "10.0.31.86": 3597.392, "10.0.44.186": 5396.5821, "10.0.14.175": 3595.9922,