{"League of Legends: Wild Rift": {"localIpCount": 37, "localIpFrequency": {"10.0.1.40": 1, "10.0.0.142": 7, "10.0.3.77": 7, "10.0.0.255": 1, "10.0.6.47": 11, "10.0.0.208": 1, "10.0.3.37": 1, "10.0.0.238": 3, "10.0.4.53": 2, "10.0.1.2": 1, "10.0.0.4": 12, "10.0.1.209": 1, "10.0.0.104": 1, "10.0.0.50": 1, "10.0.0.157": 1, "10.0.0.249": 1, "10.0.2.187": 1, "10.0.0.35": 1, "10.0.0.215": 3, "10.0.2.77": 1, "10.0.1.174": 1, "10.0.5.220": 1, "10.0.1.33": 1, "10.0.3.26": 1, "10.0.3.13": 2, "10.0.6.60": 1, "10.0.0.132": 3, "10.0.1.133": 5, "10.0.2.130": 1, "10.0.1.117": 1, "10.0.5.242": 1, "10.0.2.13": 3, "10.0.5.211": 1, "10.0.0.243": 1, "10.0.1.7": 1, "10.0.3.130": 1, "10.0.0.236": 1}, "localIpTotalDuration": 112555.03590000003, "localIpDuration": {"10.0.1.40": 1078.1001, "10.0.0.142": 9629.767800000001, "10.0.3.77": 9171.0709, "10.0.0.255": 1393.9859, "10.0.6.47": 17376.911099999998, "10.0.0.208": 1639.9776, "10.0.3.37": 1774.9881, "10.0.0.238": 2793.2849, "10.0.4.53": 3421.0036, "10.0.1.2": 1118.0893, "10.0.0.4": 17933.0236, "10.0.1.209": 1364.1569, "10.0.0.104": 1703.0834, "10.0.0.50": 1155.006, "10.0.0.157": 583.9989, "10.0.0.249": 294.0084, "10.0.2.187": 1454.9461, "10.0.0.35": 1786.0477, "10.0.0.215": 2705.1252, "10.0.2.77": 1752.056, "10.0.1.174": 294.9967, "10.0.5.220": 1695.9094, "10.0.1.33": 390.9923, "10.0.3.26": 1356.911, "10.0.3.13": 975.0132000000001, "10.0.6.60": 1789.1213, "10.0.0.132": 5254.2091, "10.0.1.133": 8503.6274, "10.0.2.130": 1788.0651, "10.0.1.117": 395.613, "10.0.5.242": 1790.1307, "10.0.2.13": 4110.763, "10.0.5.211": 1701.9802, "10.0.0.243": 618.0877, "10.0.1.7": 62.8108, "10.0.3.130": 1627.9921, "10.0.0.236": 70.1814}}, "Roblox (Game)": {"localIpCount": 99, "localIpFrequency": {"10.0.0.142": 6, "10.0.1.48": 2, "10.0.1.81": 1, "10.0.0.49": 1, "10.0.0.102": 1, "10.0.0.204": 1, "10.0.3.13": 1, "10.0.5.220": 1, "10.0.3.77": 2, "10.0.3.109": 1, "10.0.1.135": 7, "10.0.3.82": 1, "10.0.3.246": 3, "10.0.0.87": 1, "10.0.4.222": 2, "10.0.1.191": 1, "10.0.6.77": 1, "10.0.1.148": 1, "10.0.0.114": 2, "10.0.1.219": 1, "10.0.3.7": 1, "10.0.2.178": 1, "10.0.1.4": 2, "10.0.5.92": 1, "10.0.1.61": 7, "10.0.1.1": 7, "10.0.1.189": 1, "10.0.1.122": 1, "10.0.1.86": 1, "10.0.2.214": 2, "10.0.2.198": 1, "10.0.0.176": 2, "10.0.1.210": 1, "10.0.6.47": 3, "10.0.1.213": 2, "10.0.0.143": 2, "10.0.1.151": 1, "10.0.1.49": 3, "10.0.4.245": 2, "10.0.1.63": 2, "10.0.3.25": 1, "10.0.1.130": 2, "10.0.0.88": 3, "10.0.2.194": 1, "10.0.1.44": 2, "10.0.2.218": 1, "10.0.0.222": 1, "10.0.0.45": 1, "10.0.3.242": 1, "10.0.0.120": 1, "10.0.0.33": 3, "10.0.2.166": 1, "10.0.1.251": 1, "10.0.3.8": 1, "10.0.3.91": 1, "10.0.1.104": 3, "10.0.1.34": 1, "10.0.0.41": 1, "10.0.6.104": 1, "10.0.0.54": 14, "10.0.6.89": 1, "10.0.0.124": 1, "10.0.3.99": 1, "10.0.0.48": 1, "10.0.2.207": 2, "10.0.2.3": 1, "10.0.4.96": 1, "10.0.0.196": 1, "10.0.3.12": 1, "10.0.2.204": 1, "10.0.0.221": 1, "10.0.1.124": 1, "10.0.1.221": 1, "10.0.1.118": 1, "10.0.3.166": 1, "10.0.1.255": 4, "10.0.0.38": 1, "10.0.0.238": 1, "10.0.1.128": 1, "10.0.1.11": 1, "10.0.0.52": 2, "10.0.1.125": 1, "10.0.0.26": 1, "10.0.1.137": 1, "10.0.1.170": 1, "10.0.1.140": 1, "10.0.3.130": 1, "10.0.1.147": 1, "10.0.0.80": 1, "10.0.0.47": 1, "10.0.1.66": 1, "10.0.6.20": 1, "10.0.1.99": 1, "10.0.0.200": 1, "10.0.0.195": 6, "10.0.2.93": 1, "10.0.3.128": 1, "10.0.3.136": 1, "10.0.5.83": 1}, "localIpTotalDuration": 280027.7769000001, "localIpDuration": {"10.0.0.142": 8128.034100000001, "10.0.1.48": 2283.4049999999997, "10.0.1.81": 1680.8973, "10.0.0.49": 1646.0201, "10.0.0.102": 1429.009, "10.0.0.204": 1791.9956, "10.0.3.13": 1689.0097, "10.0.5.220": 1763.9874, "10.0.3.77": 2890.0069, "10.0.3.109": 1799.9955, "10.0.1.135": 7362.6671, "10.0.3.82": 422.0089, "10.0.3.246": 5306.9578, "10.0.0.87": 1619.2098, "10.0.4.222": 3529.0078999999996, "10.0.1.191": 276.0113, "10.0.6.77": 1775.997, "10.0.1.148": 24.0324, "10.0.0.114": 3530.0182999999997, "10.0.1.219": 1402.9983, "10.0.3.7": 1741.6305, "10.0.2.178": 837.0017, "10.0.1.4": 3591.0092999999997, "10.0.5.92": 1783.9928, "10.0.1.61": 10983.0037, "10.0.1.1": 12220.074100000002, "10.0.1.189": 859.0061, "10.0.1.122": 1791.995, "10.0.1.86": 1610.0096, "10.0.2.214": 3570.1025, "10.0.2.198": 1787.0155, "10.0.0.176": 3582.6229, "10.0.1.210": 1797.0563, "10.0.6.47": 5343.2198, "10.0.1.213": 3543.9853000000003, "10.0.0.143": 3579.1058000000003, "10.0.1.151": 1799.5306, "10.0.1.49": 5232.3932, "10.0.4.245": 3565.0207, "10.0.1.63": 3395.0292, "10.0.3.25": 1797.7081, "10.0.1.130": 3596.5191999999997, "10.0.0.88": 5367.2328, "10.0.2.194": 1785.991, "10.0.1.44": 3584.0069000000003, "10.0.2.218": 1799.1294, "10.0.0.222": 1716.7743, "10.0.0.45": 1799.992, "10.0.3.242": 1799.9951, "10.0.0.120": 1729.0024, "10.0.0.33": 5382.423699999999, "10.0.2.166": 1798.493, "10.0.1.251": 1774.0023, "10.0.3.8": 1799.9978, "10.0.3.91": 1776.2021, "10.0.1.104": 5007.8347, "10.0.1.34": 1796.8848, "10.0.0.41": 1799.8896, "10.0.6.104": 1797.3451, "10.0.0.54": 24332.3661, "10.0.6.89": 1799.5674, "10.0.0.124": 1799.396, "10.0.3.99": 1788.622, "10.0.0.48": 1799.0399, "10.0.2.207": 3584.5094, "10.0.2.3": 1792.0113, "10.0.4.96": 1799.8926, "10.0.0.196": 1799.9927, "10.0.3.12": 1799.2721, "10.0.2.204": 1799.9877, "10.0.0.221": 1786.0026, "10.0.1.124": 1799.1369, "10.0.1.221": 1233.013, "10.0.1.118": 1753.5944, "10.0.3.166": 1799.9001, "10.0.1.255": 7000.0332, "10.0.0.38": 1767.7065, "10.0.0.238": 1702.9283, "10.0.1.128": 1676.8104, "10.0.1.11": 1799.4505, "10.0.0.52": 3599.7282, "10.0.1.125": 1518.1016, "10.0.0.26": 1764.2025, "10.0.1.137": 1760.0926, "10.0.1.170": 1790.9916, "10.0.1.140": 1797.4962, "10.0.3.130": 1763.0021, "10.0.1.147": 1233.9988, "10.0.0.80": 1797.8, "10.0.0.47": 1434.1124, "10.0.1.66": 1799.6534, "10.0.6.20": 1799.9941, "10.0.1.99": 1774.1928, "10.0.0.200": 1797.628, "10.0.0.195": 9920.4899, "10.0.2.93": 1791.003, "10.0.3.128": 1798.5611, "10.0.3.136": 1799.998, "10.0.5.83": 1799.9992}}, "Roblox": {"localIpCount": 97, "localIpFrequency": {"10.0.0.142": 3, "10.0.3.13": 4, "10.0.0.195": 4, "10.0.0.208": 1, "10.0.1.1": 8, "10.0.1.48": 3, "10.0.5.220": 6, "10.0.3.76": 3, "10.0.1.80": 1, "10.0.3.75": 2, "10.0.0.49": 12, "10.0.0.149": 2, "10.0.3.7": 2, "10.0.0.87": 1, "10.0.0.204": 3, "10.0.1.84": 2, "10.0.5.92": 3, "10.0.3.77": 2, "10.0.5.245": 1, "10.0.0.114": 3, "10.0.1.219": 1, "10.0.2.178": 3, "10.0.1.61": 2, "10.0.4.48": 1, "10.0.5.37": 1, "10.0.1.210": 4, "10.0.1.86": 3, "10.0.0.176": 2, "10.0.1.49": 2, "10.0.1.110": 1, "10.0.1.135": 17, "10.0.0.41": 2, "10.0.0.187": 1, "10.0.5.161": 2, "10.0.3.25": 1, "10.0.1.88": 1, "10.0.2.209": 1, "10.0.1.91": 1, "10.0.1.176": 1, "10.0.1.104": 2, "10.0.0.73": 1, "10.0.2.194": 3, "10.0.1.213": 3, "10.0.2.42": 2, "10.0.1.247": 1, "10.0.1.251": 1, "10.0.0.45": 1, "10.0.3.94": 1, "10.0.2.68": 1, "10.0.1.96": 1, "10.0.0.242": 1, "10.0.2.126": 1, "10.0.1.63": 1, "10.0.0.245": 1, "10.0.6.95": 1, "10.0.0.28": 1, "10.0.2.207": 3, "10.0.1.44": 1, "10.0.1.101": 1, "10.0.0.54": 7, "10.0.1.185": 1, "10.0.2.0": 1, "10.0.6.60": 1, "10.0.0.196": 2, "10.0.0.33": 2, "10.0.1.81": 1, "10.0.2.115": 1, "10.0.0.222": 1, "10.0.0.129": 1, "10.0.5.140": 1, "10.0.1.19": 1, "10.0.3.124": 1, "10.0.1.117": 1, "10.0.2.166": 1, "10.0.1.9": 1, "10.0.1.124": 1, "10.0.5.14": 1, "10.0.0.120": 1, "10.0.0.67": 1, "10.0.0.238": 4, "10.0.0.26": 2, "10.0.0.52": 1, "10.0.3.47": 1, "10.0.2.14": 1, "10.0.1.99": 5, "10.0.0.233": 1, "10.0.1.140": 1, "10.0.1.170": 1, "10.0.1.149": 1, "10.0.0.20": 1, "10.0.2.186": 1, "10.0.0.65": 1, "10.0.4.113": 1, "10.0.1.66": 1, "10.0.0.53": 1, "10.0.2.108": 1, "10.0.2.107": 2}, "localIpTotalDuration": 344639.50840000005, "localIpDuration": {"10.0.0.142": 5391.536700000001, "10.0.3.13": 7195.9058, "10.0.0.195": 7197.4046, "10.0.0.208": 1799.7756, "10.0.1.1": 14394.3812, "10.0.1.48": 4556.8013, "10.0.5.220": 10797.9663, "10.0.3.76": 5398.0896999999995, "10.0.1.80": 109.0027, "10.0.3.75": 2877.0645999999997, "10.0.0.49": 21557.0778, "10.0.0.149": 2400.0962,