{"FIFA Mobile": {"localIpCount": 1, "localIpFrequency": {"10.0.39.58": 4}, "localIpTotalDuration": 5222.034599999999, "localIpDuration": {"10.0.39.58": 5222.034599999999}}, "Roblox": {"localIpCount": 172, "localIpFrequency": {"10.0.37.229": 2, "10.0.48.249": 3, "10.0.10.1": 6, "10.0.16.191": 2, "10.0.16.116": 2, "10.0.7.204": 2, "10.0.37.63": 2, "10.0.49.139": 3, "10.0.10.12": 8, "10.0.16.177": 2, "10.0.16.120": 2, "10.0.37.106": 2, "10.0.49.119": 3, "10.0.16.179": 8, "10.0.16.135": 16, "10.0.49.94": 15, "10.0.16.138": 8, "10.0.49.68": 3, "10.0.16.198": 2, "10.0.16.167": 2, "10.0.16.199": 8, "10.0.48.196": 3, "10.0.49.65": 9, "10.0.49.5": 3, "10.0.16.171": 2, "10.0.48.246": 3, "10.0.16.131": 4, "10.0.48.213": 3, "10.0.16.128": 2, "10.0.49.154": 3, "10.0.16.146": 2, "10.0.49.157": 3, "10.0.38.0": 2, "10.0.16.203": 6, "10.0.10.19": 18, "10.0.16.172": 12, "10.0.7.213": 26, "10.0.49.156": 6, "10.0.38.11": 4, "10.0.16.208": 4, "10.0.49.162": 3, "10.0.38.35": 2, "10.0.16.207": 4, "10.0.10.21": 2, "10.0.16.175": 4, "10.0.49.172": 3, "10.0.38.13": 2, "10.0.16.215": 4, "10.0.49.198": 3, "10.0.38.62": 2, "10.0.49.206": 3, "10.0.16.178": 2, "10.0.49.168": 3, "10.0.38.63": 2, "10.0.16.211": 2, "10.0.10.20": 2, "10.0.16.184": 2, "10.0.49.177": 3, "10.0.38.59": 4, "10.0.16.176": 4, "10.0.49.189": 3, "10.0.38.82": 2, "10.0.16.227": 2, "10.0.10.28": 2, "10.0.49.215": 6, "10.0.38.90": 2, "10.0.10.29": 2, "10.0.16.173": 8, "10.0.49.220": 3, "10.0.38.67": 2, "10.0.16.236": 2, "10.0.49.213": 6, "10.0.38.142": 2, "10.0.16.234": 2, "10.0.49.235": 6, "10.0.38.58": 4, "10.0.16.206": 2, "10.0.10.33": 12, "10.0.38.141": 2, "10.0.16.247": 2, "10.0.10.34": 2, "10.0.49.193": 3, "10.0.38.18": 2, "10.0.16.250": 2, "10.0.10.30": 6, "10.0.16.188": 8, "10.0.7.219": 4, "10.0.49.188": 3, "10.0.38.129": 2, "10.0.16.244": 4, "10.0.38.167": 2, "10.0.16.251": 2, "10.0.7.215": 4, "10.0.38.168": 2, "10.0.7.224": 6, "10.0.50.21": 6, "10.0.38.188": 4, "10.0.16.254": 2, "10.0.50.16": 3, "10.0.17.2": 2, "10.0.16.202": 2, "10.0.49.226": 3, "10.0.38.69": 2, "10.0.17.12": 2, "10.0.50.40": 3, "10.0.17.11": 2, "10.0.10.36": 2, "10.0.16.209": 2, "10.0.7.226": 4, "10.0.38.164": 2, "10.0.17.22": 2, "10.0.10.47": 2, "10.0.7.228": 2, "10.0.38.40": 2, "10.0.49.179": 21, "10.0.10.52": 4, "10.0.17.23": 2, "10.0.16.226": 2, "10.0.38.223": 2, "10.0.50.81": 3, "10.0.10.55": 2, "10.0.17.28": 2, "10.0.7.233": 2, "10.0.38.143": 2, "10.0.16.183": 2, "10.0.17.52": 2, "10.0.7.217": 4, "10.0.10.58": 2, "10.0.17.49": 24, "10.0.38.68": 2, "10.0.50.94": 3, "10.0.16.220": 32, "10.0.10.38": 2, "10.0.17.17": 2, "10.0.38.189": 2, "10.0.50.104": 3, "10.0.10.44": 2, "10.0.17.44": 2, "10.0.16.187": 2, "10.0.39.24": 2, "10.0.49.249": 21, "10.0.10.60": 20, "10.0.38.114": 2, "10.0.50.34": 3, "10.0.38.124": 2, "10.0.50.98": 9, "10.0.50.109": 3, "10.0.10.64": 2, "10.0.16.246": 2, "10.0.39.30": 10, "10.0.50.128": 3, "10.0.17.76": 6, "10.0.50.129": 18, "10.0.39.31": 2, "10.0.16.240": 2, "10.0.17.85": 2, "10.0.39.45": 2, "10.0.10.65": 2, "10.0.16.243": 4, "10.0.39.60": 4, "10.0.50.141": 3, "10.0.16.248": 4, "10.0.10.67": 2, "10.0.50.143": 3, "10.0.17.99": 2, "10.0.10.68": 2, "10.0.39.66": 4, "10.0.50.147": 6, "10.0.17.104": 2, "10.0.16.253": 4, "10.0.39.74": 2, "10.0.50.146": 3}, "localIpTotalDuration": 1271774.9387000017, "localIpDuration": {"10.0.37.229": 3596.6404, "10.0.48.249": 5396.2104, "10.0.10.1": 10680.753799999999, "10.0.16.191": 3595.144, "10.0.16.116": 3596.9536, "10.0.7.204": 98.001, "10.0.37.63": 3596.9716, "10.0.49.139": 5395.9899, "10.0.10.12": 14390.259999999998, "10.0.16.177": 3597.0538, "10.0.16.120": 3597.5404, "10.0.37.106": 3596.6196, "10.0.49.119": 5396.1494999999995, "10.0.16.179": 14387.143, "10.0.16.135": 28767.899199999996, "10.0.49.94": 26980.9086, "10.0.16.138": 14371.815200000001, "10.0.49.68": 5396.1894, "10.0.16.198": 419.9908, "10.0.16.167": 3597.7978, "10.0.16.199": 13462.4634, "10.0.48.196": 5396.255999999999, "10.0.49.65": 16188.7488, "10.0.49.5": 5396.2425, "10.0.16.171": 3598.3484, "10.0.48.246": 5396.2701, "10.0.16.131": 7193.4612, "10.0.48.213": 5396.3108999999995, "10.0.16.128": 3598.3352, "10.0.49.154": 5396.238600000001, "10.0.16.146": 3597.3354, "10.0.49.157": 5397.0042, "10.0.38.0": 3598.0968, "10.0.16.203": 10791.2146, "10.0.10.19": 32378.852199999998, "10.0.16.172": 21585.715399999997, "10.0.7.213": 44961.853800000004, "10.0.49.156": 10792.528499999999, "10.0.38.11": 7194.5802, "10.0.16.208": 7194.3912, "10.0.49.162": 5396.2944, "10.0.38.35": 3597.5216, "10.0.16.207": 7193.414400000001, "10.0.10.21": 3597.5382, "10.0.16.175": 7195.0846, "10.0.49.172": 5396.224200000001, "10.0.38.13": 3597.3262, "10.0.16.215": 7191.153200000001, "10.0.49.198": 5395.9131, "10.0.38.62": 3596.9686, "10.0.49.206": 5396.1798, "10.0.16.178": 3597.4042, "10.0.49.168": 5396.067300000001, "10.0.38.63": 3597.5968, "10.0.16.211": 3595.9214, "10.0.10.20": 3597.5472, "10.0.16.184": 3597.2128, "10.0.49.177": 5396.1489, "10.0.38.59": 7195.3632, "10.0.16.176": 7193.6867999999995, "10.0.49.189": 5396.1522, "10.0.38.82": 3597.436, "10.0.16.227": 3597.282, "10.0.10.28": 3597.5732, "10.0.49.215": 10792.2012, "10.0.38.90": 3595.5186, "10.0.10.29": 3597.5602, "10.0.16.173": 14388.6346, "10.0.49.220": 5396.2455, "10.0.38.67": 3597.3536, "10.0.16.236": 3597.0972, "10.0.49.213": 10792.3461, "10.0.38.142": 3598.2262, "10.0.16.234": 3597.0208, "10.0.49.235": 10792.6785, "10.0.38.58": 7192.2994, "10.0.16.206": 3597.1182, "10.0.10.33": 21585.356999999996, "10.0.38.141": 3592.8796, "10.0.16.247": 3594.6132, "10.0.10.34": 3597.5952, "10.0.49.193": 5396.1585, "10.0.38.18": 3596.8492, "10.0.16.250": 3581.1902, "10.0.10.30": 10792.699200000001, "10.0.16.188": 14375.2602, "10.0.7.219": 7195.4398, "10.0.49.188": 5396.0004, "10.0.38.129": 3597.5894, "10.0.16.244": 7180.2228, "10.0.38.167": 3596.9258, "10.0.16.251": 3595.9356, "10.0.7.215": 7195.3356, "10.0.38.168": 3597.266, "10.0.7.224": 10791.1516, "10.0.50.21": 10792.2198, "10.0.38.188": 7193.4644, "10.0.16.254": 3597.1902, "10.0.50.16": 5396.3022, "10.0.17.2": 3597.103, "10.0.16.202": 3597.243, "10.0.49.226": 5396.1174, "10.0.38.69": 3596.4382, "10.0.17.12": 3596.7934, "10.0.50.40": 5396.1015, "10.0.17.11": 3597.4804, "10.0.10.36": 3597.4278, "10.0.16.209": 3597.2474, "10.0.7.226": 7195.279799999999, "10.0.38.164": 3598.116, "10.0.17.22": 3597.1664, "10.0.10.47": 3597.678, "10.0.7.228": 3597.2808, "10.0.38.40": 3598.3646, "10.0.49.179": 37774.8798, "10.0.10.52": 7195.595600000001, "10.0.17.23": 3597.9854, "10.0.16.226": 3593.0312, "10.0.38.223": 3596.9396, "10.0.50.81": 5395.9142999999995, "10.0.10.55": 3597.5518, "10.0.17.28": 3597.2222, "10.0.7.233": 825.186, "10.0.38.143": 3595.9804, "10.0.16.183": 3597.3448, "10.0.17.52": 3596.5996, "10.0.7.217": 7097.384600000001, "10.0.10.58": 3597.5566, "10.0.17.49": 43148.92079999999, "10.0.38.68": 3596.906, "10.0.50.94": 5396.180399999999, "10.0.16.220": 56793.6096, "10.0.10.38": 3597.529, "10.0.17.17": 3596.9324, "10.0.38.189": 3597.1786, "10.0.50.104": 5396.1951, "10.0.10.44": 3597.5872, "10.0.17.44": 3596.145, "10.0.16.187": 3596.7372, "10.0.39.24": 3596.9388, "10.0.49.249": 37773.8115, "10.0.10.60": 29955.7622, "10.0.38.114": 3597.1712, "10.0.50.34": 5396.2827, "10.0.38.124": 3595.7284, "10.0.50.98": 16188.805499999999, "10.0.50.109": 5396.2644, "10.0.10.64": 3597.9996, "10.0.16.246": 1455.2376, "10.0.39.30": 17601.156, "10.0.50.128": 5397.005999999999, "10.0.17.76": 5165.885200000001, "10.0.50.129": 32378.1915, "10.0.39.31": 3597.996, "10.0.16.240": 660.1308, "10.0.17.85": 1987.9908, "10.0.39.45": 3597.2706, "10.0.10.65": 615.9994, "10.0.16.243": 7159.9994, "10.0.39.60": 7192.858200000001, "10.0.50.141": 5207.266799999999, "10.0.16.248": 4795.6406, "10.0.10.67": 335.9966, "10.0.50.143": 5396.2008000000005, "10.0.17.99": 3598.0546, "10.0.10.68": 2967.546, "10.0.39.66": 7194.2946, "10.0.50.147": 10792.4757, "10.0.17.104": 2126.5386, "10.0.16.253": 7078.591, "10.0.39.74": 3597.3938, "10.0.50.146": 5396.287200000001}},