{"League of Legends: Wild Rift": {"localIpCount": 20, "localIpFrequency": {"10.0.0.142": 98, "10.0.0.147": 28, "10.0.0.117": 2, "10.0.0.148": 5, "10.0.0.143": 1, "10.0.0.78": 2, "10.0.0.163": 2, "10.0.0.55": 16, "10.0.0.139": 39, "10.0.0.53": 14, "10.0.0.54": 4, "10.0.0.124": 3, "10.0.0.172": 1, "10.0.0.168": 1, "10.0.0.157": 15, "10.0.0.110": 2, "10.0.0.195": 1, "10.0.0.161": 7, "10.0.0.174": 1, "10.0.0.166": 2}, "localIpTotalDuration": 387613.6089, "localIpDuration": {"10.0.0.142": 161782.4597, "10.0.0.147": 46243.3584, "10.0.0.117": 1680.3111999999999, "10.0.0.148": 6155.0334, "10.0.0.143": 1125.8466, "10.0.0.78": 1248.8975, "10.0.0.163": 388.22999999999996, "10.0.0.55": 26439.143, "10.0.0.139": 67277.13869999998, "10.0.0.53": 21966.4158, "10.0.0.54": 5409.9043, "10.0.0.124": 5181.0509, "10.0.0.172": 300.84, "10.0.0.168": 490.9983, "10.0.0.157": 24419.554300000003, "10.0.0.110": 3708.4031, "10.0.0.195": 388.95, "10.0.0.161": 12368.6212, "10.0.0.174": 4.4026, "10.0.0.166": 1034.0499}}, "Modern Combat": {"localIpCount": 2, "localIpFrequency": {"10.0.0.114": 1, "10.0.0.148": 1}, "localIpTotalDuration": 308.26239999999996, "localIpDuration": {"10.0.0.114": 301.3864, "10.0.0.148": 6.876}}, "Genshin Impact": {"localIpCount": 4, "localIpFrequency": {"10.0.0.65": 13, "10.0.0.53": 17, "10.0.0.148": 1, "10.0.0.172": 1}, "localIpTotalDuration": 49199.946699999986, "localIpDuration": {"10.0.0.65": 25838.566400000003, "10.0.0.53": 22890.328700000002, "10.0.0.148": 373.0511, "10.0.0.172": 98.0005}}, "MIR4": {"localIpCount": 3, "localIpFrequency": {"10.0.0.29": 8, "10.0.0.94": 12, "10.0.0.95": 5}, "localIpTotalDuration": 166504.10800000004, "localIpDuration": {"10.0.0.29": 20563.120199999998, "10.0.0.94": 43155.89009999999, "10.0.0.95": 102785.0977}}, "Roblox (Adopt Me!)": {"localIpCount": 14, "localIpFrequency": {"10.0.0.65": 4, "10.0.0.55": 90, "10.0.0.180": 13, "10.0.0.147": 49, "10.0.0.114": 12, "10.0.0.143": 9, "10.0.0.148": 3, "10.0.0.78": 8, "10.0.0.54": 1, "10.0.0.192": 2, "10.0.0.110": 6, "10.0.0.102": 1, "10.0.0.161": 9, "10.0.0.200": 1}, "localIpTotalDuration": 261012.13130000015, "localIpDuration": {"10.0.0.65": 1512.0541, "10.0.0.55": 129668.19989999998, "10.0.0.180": 12040.295999999998, "10.0.0.147": 61545.36019999999, "10.0.0.114": 13271.0783, "10.0.0.143": 11260.6767, "10.0.0.148": 4979.8189999999995, "10.0.0.78": 6871.7205, "10.0.0.54": 682.0022, "10.0.0.192": 2958.1477, "10.0.0.110": 6068.311299999999, "10.0.0.102": 48.9475, "10.0.0.161": 9413.4155, "10.0.0.200": 692.1024}}, "FIFA Mobile": {"localIpCount": 1, "localIpFrequency": {"10.0.0.148": 1}, "localIpTotalDuration": 877.305, "localIpDuration": {"10.0.0.148": 877.305}}, "Odin: Valhalla Rising": {"localIpCount": 1, "localIpFrequency": {"10.0.0.53": 1}, "localIpTotalDuration": 12.0003, "localIpDuration": {"10.0.0.53": 12.0003}}, "Minecraft": {"localIpCount": 5, "localIpFrequency": {"10.0.0.53": 1, "10.0.0.115": 1, "10.0.0.54": 1, "10.0.0.148": 2, "10.0.0.114": 1}, "localIpTotalDuration": 1648.9651, "localIpDuration": {"10.0.0.53": 370.1971, "10.0.0.115": 76.0025, "10.0.0.54": 83.153, "10.0.0.148": 806.5109, "10.0.0.114": 313.1016}}, "Among us": {"localIpCount": 1, "localIpFrequency": {"10.0.0.114": 1}, "localIpTotalDuration": 1268.9992, "localIpDuration": {"10.0.0.114": 1268.9992}}, "FIFA ONLINE 4 M": {"localIpCount": 2, "localIpFrequency": {"10.0.0.148": 1, "10.0.0.55": 1}, "localIpTotalDuration": 402.2046, "localIpDuration": {"10.0.0.148": 222.4069, "10.0.0.55": 179.7977}}, "Blue Archive": {"localIpCount": 1, "localIpFrequency": {"10.0.0.53": 5}, "localIpTotalDuration": 0.0005, "localIpDuration": {"10.0.0.53": 0.0005}}, "Hero Blaze: Three Kingdoms": {"localIpCount": 1, "localIpFrequency": {"10.0.0.162": 3}, "localIpTotalDuration": 504.1033, "localIpDuration": {"10.0.0.162": 504.1033}}, "Roblox": {"localIpCount": 17, "localIpFrequency": {"10.0.0.180": 16, "10.0.0.65": 5, "10.0.0.55": 94, "10.0.0.114": 18, "10.0.0.147": 141, "10.0.0.143": 7, "10.0.0.148": 1, "10.0.0.78": 9, "10.0.0.45": 11, "10.0.0.54": 2, "10.0.0.41": 2, "10.0.0.192": 5, "10.0.0.110": 6, "10.0.0.196": 2, "10.0.0.102": 1, "10.0.0.161": 16, "10.0.0.200": 1}, "localIpTotalDuration": 1115611.1200999995, "localIpDuration": {"10.0.0.180": 21432.8229, "10.0.0.65": 7356.0067, "10.0.0.55": 167133.90660000005, "10.0.0.114": 459426.0672, "10.0.0.147": 251099.23140000005, "10.0.0.143": 12459.6303, "10.0.0.148": 1800.1353, "10.0.0.78": 16233.1845, "10.0.0.45": 110013.24619999998, "10.0.0.54": 14821.2532, "10.0.0.41": 315.0804, "10.0.0.192": 9847.7088, "10.0.0.110": 9512.7227, "10.0.0.196": 5069.293299999999, "10.0.0.102": 1294.0517, "10.0.0.161": 26690.830599999998, "10.0.0.200": 1105.9483}}, "Asphalt 9: Legends": {"localIpCount": 1, "localIpFrequency": {"10.0.0.148": 1}, "localIpTotalDuration": 470.6673, "localIpDuration": {"10.0.0.148": 470.6673}}}