{"Roblox (Game)": {"localIpCount": 104, "localIpFrequency": {"10.0.6.119": 2, "10.0.0.8": 11, "10.0.0.7": 14, "10.0.5.14": 2, "10.0.7.22": 1, "10.0.0.24": 13, "10.0.1.249": 20, "10.0.4.222": 5, "10.0.8.164": 1, "10.0.4.192": 4, "10.0.1.98": 4, "10.0.8.124": 1, "10.0.8.62": 5, "10.0.1.252": 7, "10.0.8.77": 1, "10.0.2.32": 1, "10.0.7.210": 1, "10.0.5.37": 5, "10.0.0.35": 5, "10.0.5.215": 1, "10.0.4.85": 3, "10.0.6.234": 1, "10.0.2.252": 4, "10.0.0.69": 14, "10.0.1.170": 3, "10.0.4.90": 3, "10.0.2.69": 1, "10.0.5.18": 4, "10.0.0.98": 2, "10.0.0.12": 5, "10.0.4.6": 1, "10.0.0.6": 10, "10.0.1.247": 3, "10.0.3.51": 1, "10.0.8.66": 1, "10.0.7.223": 1, "10.0.1.229": 2, "10.0.3.227": 2, "10.0.2.175": 4, "10.0.8.179": 1, "10.0.1.101": 2, "10.0.3.53": 3, "10.0.5.165": 1, "10.0.0.15": 12, "10.0.2.126": 1, "10.0.0.40": 1, "10.0.7.28": 3, "10.0.2.247": 2, "10.0.5.22": 1, "10.0.2.79": 2, "10.0.5.25": 1, "10.0.4.214": 1, "10.0.5.24": 3, "10.0.8.187": 1, "10.0.0.138": 2, "10.0.2.188": 2, "10.0.7.197": 1, "10.0.2.92": 1, "10.0.0.224": 5, "10.0.0.44": 1, "10.0.5.220": 1, "10.0.0.67": 1, "10.0.5.28": 1, "10.0.2.198": 1, "10.0.2.172": 1, "10.0.2.220": 1, "10.0.2.16": 6, "10.0.1.125": 1, "10.0.1.200": 2, "10.0.4.179": 1, "10.0.0.14": 1, "10.0.6.122": 1, "10.0.0.48": 2, "10.0.0.66": 5, "10.0.3.168": 4, "10.0.6.197": 1, "10.0.0.178": 3, "10.0.1.4": 1, "10.0.0.205": 2, "10.0.0.70": 2, "10.0.8.76": 1, "10.0.0.62": 1, "10.0.0.119": 4, "10.0.0.106": 1, "10.0.2.64": 2, "10.0.3.107": 1, "10.0.1.146": 1, "10.0.7.141": 1, "10.0.5.33": 2, "10.0.3.59": 1, "10.0.8.141": 1, "10.0.4.19": 5, "10.0.0.9": 1, "10.0.1.169": 1, "10.0.5.196": 1, "10.0.0.49": 3, "10.0.7.236": 1, "10.0.5.161": 1, "10.0.0.109": 2, "10.0.5.176": 1, "10.0.5.41": 4, "10.0.3.47": 2, "10.0.8.136": 1, "10.0.8.26": 1}, "localIpTotalDuration": 479968.45219999953, "localIpDuration": {"10.0.6.119": 3585.0061, "10.0.0.8": 17431.9971, "10.0.0.7": 21885.9712, "10.0.5.14": 1816.0038, "10.0.7.22": 1799.4576, "10.0.0.24": 20794.0044, "10.0.1.249": 34780.9352, "10.0.4.222": 8396.3411, "10.0.8.164": 1796.5554, "10.0.4.192": 5390.0017, "10.0.1.98": 7172.1544, "10.0.8.124": 1796.9977, "10.0.8.62": 8840.1347, "10.0.1.252": 11750.7597, "10.0.8.77": 1797.0055, "10.0.2.32": 1763.9952, "10.0.7.210": 1797.0057, "10.0.5.37": 8986.5344, "10.0.0.35": 5646.0069, "10.0.5.215": 1799.6086, "10.0.4.85": 4823.9973, "10.0.6.234": 1799.999, "10.0.2.252": 6624.0960000000005, "10.0.0.69": 17418.006699999998, "10.0.1.170": 5397.8972, "10.0.4.90": 4812.0076, "10.0.2.69": 1799.5427, "10.0.5.18": 6420.0122, "10.0.0.98": 3598.7916, "10.0.0.12": 8791.9935, "10.0.4.6": 1712.002, "10.0.0.6": 15968.0015, "10.0.1.247": 5024.004500000001, "10.0.3.51": 1778.0012, "10.0.8.66": 1799.5528, "10.0.7.223": 1799.4423, "10.0.1.229": 3595.5461999999998, "10.0.3.227": 3338.0029000000004, "10.0.2.175": 7004.0028, "10.0.8.179": 1797.1743, "10.0.1.101": 3598.8716999999997, "10.0.3.53": 5345.328799999999, "10.0.5.165": 1796.5345, "10.0.0.15": 17250.13, "10.0.2.126": 1796.09, "10.0.0.40": 1276.0005, "10.0.7.28": 5395.9311, "10.0.2.247": 3129.2241, "10.0.5.22": 1799.9994, "10.0.2.79": 3477.7358999999997, "10.0.5.25": 1752.7726, "10.0.4.214": 1799.5173, "10.0.5.24": 2443.9959, "10.0.8.187": 1799.9906, "10.0.0.138": 3593.3376, "10.0.2.188": 3570.0023, "10.0.7.197": 1799.5051, "10.0.2.92": 1783.9996, "10.0.0.224": 6764.9792, "10.0.0.44": 1668.0005, "10.0.5.220": 1796.4355, "10.0.0.67": 1799.1929, "10.0.5.28": 1769.9951, "10.0.2.198": 1799.0985, "10.0.2.172": 1759.9973, "10.0.2.220": 1797.1294, "10.0.2.16": 8400.9959, "10.0.1.125": 1604.0024, "10.0.1.200": 3591.0047000000004, "10.0.4.179": 1797.0168, "10.0.0.14": 1079.9988, "10.0.6.122": 1763.9984, "10.0.0.48": 3564.0095, "10.0.0.66": 8675.310500000001, "10.0.3.168": 6840.1999, "10.0.6.197": 1770.0059, "10.0.0.178": 5232.0011, "10.0.1.4": 1773.0093, "10.0.0.205": 3582.9804999999997, "10.0.0.70": 3106.0035, "10.0.8.76": 1796.03, "10.0.0.62": 1797.0328, "10.0.0.119": 6944.0031, "10.0.0.106": 1798.6943, "10.0.2.64": 3548.7849, "10.0.3.107": 1798.4911, "10.0.1.146": 1774.002, "10.0.7.141": 1798.9181, "10.0.5.33": 3526.0026, "10.0.3.59": 1668.0076, "10.0.8.141": 1799.0223, "10.0.4.19": 8878.0093, "10.0.0.9": 1383.9997, "10.0.1.169": 1786.763, "10.0.5.196": 1798.9079, "10.0.0.49": 5270.000599999999, "10.0.7.236": 1798.7401, "10.0.5.161": 1797.023, "10.0.0.109": 3531.9977, "10.0.5.176": 1798.4637, "10.0.5.41": 6807.9967, "10.0.3.47": 3596.8336, "10.0.8.136": 1798.9432, "10.0.8.26": 1798.9016}}, "League of Legends: Wild Rift": {"localIpCount": 26, "localIpFrequency": {"10.0.0.4": 14, "10.0.0.57": 1, "10.0.6.242": 1, "10.0.1.48": 6, "10.0.4.214": 7, "10.0.0.106": 8, "10.0.8.119": 3, "10.0.0.66": 4, "10.0.0.20": 1, "10.0.0.41": 1, "10.0.3.56": 1, "10.0.5.188": 4, "10.0.1.246": 3, "10.0.5.220": 3, "10.0.8.26": 4, "10.0.2.16": 13, "10.0.1.224": 1, "10.0.1.72": 1, "10.0.3.64": 22, "10.0.4.22": 1, "10.0.1.188": 1, "10.0.0.35": 10, "10.0.5.38": 1, "10.0.1.169": 1, "10.0.1.33": 1, "10.0.2.210": 2}, "localIpTotalDuration": 177970.5122, "localIpDuration": {"10.0.0.4": 23914.695, "10.0.0.57": 1098.0021, "10.0.6.242": 920.9863, "10.0.1.48": 10612.7501, "10.0.4.214": 12399.7365, "10.0.0.106": 14183.7141, "10.0.8.119": 5371.8343, "10.0.0.66": 2498.7034999999996, "10.0.0.20": 1785.0395, "10.0.0.41": 902.0007, "10.0.3.56": 680.0057, "10.0.5.188": 7168.7444, "10.0.1.246": 5288.1958, "10.0.5.220": 5343.006, "10.0.8.26": 6731.342699999999, "10.0.2.16": 21199.3285, "10.0.1.224": 1023.9983, "10.0.1.72": 318.0017, "10.0.3.64": 39329.62279999999, "10.0.4.22": 1761.0062, "10.0.1.188": 1749.0372, "10.0.0.35": 8134.0074, "10.0.5.38": 228.0044, "10.0.1.169": 1730.9427, "10.0.1.33": 0.0, "10.0.2.210": 3597.8063}}, "KartRider Rush+": {"localIpCount": 1, "localIpFrequency": {"10.0.0.224": 2}, "localIpTotalDuration": 51.0384, "localIpDuration": {"10.0.0.224": 51.0384}}, "Odin: Valhalla Rising": {"localIpCount": 1, "localIpFrequency": {"10.0.2.48": 1}, "localIpTotalDuration": 0.0953, "localIpDuration": {"10.0.2.48": 0.0953}}, "Zombie High School": {"localIpCount": 2, "localIpFrequency": {"10.0.1.48": 1, "10.0.1.209": 1}, "localIpTotalDuration": 1361.9278, "localIpDuration": {"10.0.1.48": 395.9312, "10.0.1.209": 965.9966}}, "PUBG Mobile": {"localIpCount": 1, "localIpFrequency": {"10.0.0.11": 4}, "localIpTotalDuration": 4815.0016, "localIpDuration": {"10.0.0.11": 4815.0016}}, "Free Fire": {"localIpCount": 1, "localIpFrequency": {"10.0.0.224": 1}, "localIpTotalDuration": 21.0122, "localIpDuration": {"10.0.0.224": 21.0122}}, "GUNS UP! Mobile": {"localIpCount": 1, "localIpFrequency": {"10.0.4.22": 2}, "localIpTotalDuration": 0.1209, "localIpDuration": {"10.0.4.22": 0.1209}}, "Modern Combat": {"localIpCount": 1, "localIpFrequency": {"10.0.8.146": 3}, "localIpTotalDuration": 322.35079999999994, "localIpDuration": {"10.0.8.146": 322.35079999999994}}, "Minecraft": {"localIpCount": 12, "localIpFrequency": {"10.0.5.166": 2, "10.0.6.242": 17, "10.0.2.199": 2, "10.0.0.98": 1, "10.0.0.6": 1, "10.0.0.138": 2, "10.0.6.142": 3, "10.0.2.100": 1, "10.0.3.64": 2, "10.0.7.122": 1, "10.0.6.234": 1, "10.0.8.61": 2}, "localIpTotalDuration": 43236.50030000001, "localIpDuration": {"10.0.5.166": 3200.9706, "10.0.6.242": 22608.236600000004, "10.0.2.199": 3162.1823999999997, "10.0.0.98": 1298.421, "10.0.0.6": 56.002, "10.0.0.138": 2382.0698, "10.0.6.142": 4613.5599999999995, "10.0.2.100": 380.0018, "10.0.3.64": 2715.0118, "10.0.7.122": 828.0422, "10.0.6.234": 0.0096, "10.0.8.61": 1991.9925}}, "Cookie Run: Kingdom": {"localIpCount": 1, "localIpFrequency": {"10.0.1.251": 4}, "localIpTotalDuration": 4097.9337000000005, "localIpDuration": {"10.0.1.251": 4097.9337000000005}}, "Genshin Impact": {"localIpCount": 5, "localIpFrequency": {"10.0.1.240": 5, "10.0.2.45": 6, "10.0.2.44": 32, "10.0.5.188": 2, "10.0.1.194": 2}, "localIpTotalDuration": 72888.77290000001, "localIpDuration": {"10.0.1.240": 7298.150199999999, "10.0.2.45": 6643.929800000001, "10.0.2.44": 53925.206099999996, "10.0.5.188": 1440.0137,