{"MIR4": {"localIpCount": 1, "localIpFrequency": {"10.0.0.29": 1}, "localIpTotalDuration": 391.8674, "localIpDuration": {"10.0.0.29": 391.8674}}, "Roblox (Adopt Me!)": {"localIpCount": 2, "localIpFrequency": {"10.0.0.18": 2, "10.0.0.78": 69}, "localIpTotalDuration": 70409.8884, "localIpDuration": {"10.0.0.18": 182.1803, "10.0.0.78": 70227.70809999999}}, "Roblox": {"localIpCount": 5, "localIpFrequency": {"10.0.0.18": 1, "10.0.0.36": 22, "10.0.0.78": 102, "10.0.0.41": 1, "10.0.0.126": 4}, "localIpTotalDuration": 233828.57220000005, "localIpDuration": {"10.0.0.18": 14042.9983, "10.0.0.36": 39864.551600000006, "10.0.0.78": 171983.84850000002, "10.0.0.41": 719.0513, "10.0.0.126": 7218.1225}}, "Minecraft": {"localIpCount": 1, "localIpFrequency": {"10.0.0.4": 1}, "localIpTotalDuration": 2735.9992, "localIpDuration": {"10.0.0.4": 2735.9992}}, "Odin: Valhalla Rising": {"localIpCount": 1, "localIpFrequency": {"10.0.0.114": 2}, "localIpTotalDuration": 9.8998, "localIpDuration": {"10.0.0.114": 9.8998}}, "Lineage M": {"localIpCount": 1, "localIpFrequency": {"10.0.0.114": 4}, "localIpTotalDuration": 4899.6427, "localIpDuration": {"10.0.0.114": 4899.6427}}, "Lineage W": {"localIpCount": 1, "localIpFrequency": {"10.0.0.114": 150}, "localIpTotalDuration": 295662.82730000006, "localIpDuration": {"10.0.0.114": 295662.82730000006}}, "FIFA ONLINE 4 M": {"localIpCount": 1, "localIpFrequency": {"10.0.0.42": 3}, "localIpTotalDuration": 4110.5182, "localIpDuration": {"10.0.0.42": 4110.5182}}, "League of Legends: Wild Rift": {"localIpCount": 10, "localIpFrequency": {"10.0.0.110": 8, "10.0.0.34": 1, "10.0.0.78": 35, "10.0.0.117": 69, "10.0.0.120": 1, "10.0.0.122": 2, "10.0.0.17": 3, "10.0.0.42": 8, "10.0.0.74": 9, "10.0.0.105": 1}, "localIpTotalDuration": 234650.5513, "localIpDuration": {"10.0.0.110": 13546.2567, "10.0.0.34": 493.2052, "10.0.0.78": 59328.6305, "10.0.0.117": 123966.97720000004, "10.0.0.120": 1732.9675, "10.0.0.122": 1131.6958, "10.0.0.17": 1519.6268999999998, "10.0.0.42": 16151.518800000003, "10.0.0.74": 15894.4686, "10.0.0.105": 885.2041}}, "HIT 2": {"localIpCount": 1, "localIpFrequency": {"10.0.0.114": 1}, "localIpTotalDuration": 128.9475, "localIpDuration": {"10.0.0.114": 128.9475}}}