{"Roblox (Game)": {"localIpCount": 67, "localIpFrequency": {"10.0.0.252": 3, "10.0.0.179": 1, "10.0.0.105": 2, "10.0.0.209": 3, "10.0.0.197": 13, "10.0.1.88": 1, "10.0.0.20": 1, "10.0.0.232": 1, "10.0.2.12": 1, "10.0.1.63": 1, "10.0.0.2": 7, "10.0.0.229": 4, "10.0.0.17": 1, "10.0.0.177": 15, "10.0.1.76": 1, "10.0.1.16": 6, "10.0.0.57": 1, "10.0.0.14": 1, "10.0.0.49": 1, "10.0.1.5": 1, "10.0.0.94": 4, "10.0.0.196": 2, "10.0.1.51": 1, "10.0.1.162": 1, "10.0.0.115": 1, "10.0.0.42": 1, "10.0.0.159": 1, "10.0.1.242": 2, "10.0.2.113": 1, "10.0.0.24": 1, "10.0.0.143": 1, "10.0.0.187": 2, "10.0.0.168": 2, "10.0.2.129": 1, "10.0.1.92": 1, "10.0.1.57": 1, "10.0.0.132": 1, "10.0.0.150": 3, "10.0.1.125": 3, "10.0.1.102": 1, "10.0.1.133": 1, "10.0.0.173": 2, "10.0.0.64": 1, "10.0.0.25": 1, "10.0.0.65": 1, "10.0.0.22": 4, "10.0.0.27": 1, "10.0.1.111": 3, "10.0.1.21": 2, "10.0.1.95": 1, "10.0.0.10": 1, "10.0.0.4": 1, "10.0.0.73": 2, "10.0.2.76": 1, "10.0.0.5": 1, "10.0.2.105": 1, "10.0.1.97": 1, "10.0.0.176": 1, "10.0.1.101": 1, "10.0.2.87": 2, "10.0.0.124": 1, "10.0.0.193": 2, "10.0.1.237": 1, "10.0.1.31": 1, "10.0.0.52": 1, "10.0.0.141": 2, "10.0.0.46": 1}, "localIpTotalDuration": 210570.68680000005, "localIpDuration": {"10.0.0.252": 2254.0375, "10.0.0.179": 1792.003, "10.0.0.105": 3562.145, "10.0.0.209": 4906.59, "10.0.0.197": 21496.647699999998, "10.0.1.88": 1546.9939, "10.0.0.20": 118.9994, "10.0.0.232": 280.0068, "10.0.2.12": 1791.0254, "10.0.1.63": 882.0122, "10.0.0.2": 9149.471000000001, "10.0.0.229": 5292.0005, "10.0.0.17": 1799.581, "10.0.0.177": 26124.983599999996, "10.0.1.76": 1790.5511, "10.0.1.16": 9471.389899999998, "10.0.0.57": 1790.2708, "10.0.0.14": 251.9791, "10.0.0.49": 1630.9345, "10.0.1.5": 1799.7161, "10.0.0.94": 7196.189700000001, "10.0.0.196": 3556.01, "10.0.1.51": 1694.0099, "10.0.1.162": 1799.5448, "10.0.0.115": 1797.193, "10.0.0.42": 1799.523, "10.0.0.159": 1645.0032, "10.0.1.242": 3598.4374, "10.0.2.113": 1799.2403, "10.0.0.24": 1778.0051, "10.0.0.143": 1799.7182, "10.0.0.187": 3388.0231, "10.0.0.168": 3590.6412, "10.0.2.129": 1799.6992, "10.0.1.92": 1755.1987, "10.0.1.57": 1686.9678, "10.0.0.132": 1799.6343, "10.0.0.150": 5361.5311, "10.0.1.125": 4242.03, "10.0.1.102": 1799.5483, "10.0.1.133": 1799.4902, "10.0.0.173": 3561.4166, "10.0.0.64": 1799.5768, "10.0.0.25": 1799.6717, "10.0.0.65": 1799.5819, "10.0.0.22": 7083.6080999999995, "10.0.0.27": 1799.4964, "10.0.1.111": 4599.0073, "10.0.1.21": 3598.9559, "10.0.1.95": 1728.9967, "10.0.0.10": 1799.5519, "10.0.0.4": 182.0145, "10.0.0.73": 1624.0015, "10.0.2.76": 1799.7267, "10.0.0.5": 7.0024, "10.0.2.105": 1799.5921, "10.0.1.97": 1757.0, "10.0.0.176": 1798.5992, "10.0.1.101": 973.0033, "10.0.2.87": 3599.175, "10.0.0.124": 1799.6225, "10.0.0.193": 1798.546, "10.0.1.237": 1799.4383, "10.0.1.31": 1799.0006, "10.0.0.52": 1651.9558, "10.0.0.141": 3395.6041, "10.0.0.46": 1799.5645}}, "Zombie High School": {"localIpCount": 1, "localIpFrequency": {"10.0.1.38": 1}, "localIpTotalDuration": 117.1796, "localIpDuration": {"10.0.1.38": 117.1796}}, "Cookie Run: OvenBreak": {"localIpCount": 1, "localIpFrequency": {"10.0.0.94": 7}, "localIpTotalDuration": 8897.4206, "localIpDuration": {"10.0.0.94": 8897.4206}}, "League of Legends: Wild Rift": {"localIpCount": 22, "localIpFrequency": {"10.0.1.24": 6, "10.0.0.22": 2, "10.0.1.36": 1, "10.0.1.194": 2, "10.0.2.82": 1, "10.0.1.133": 2, "10.0.0.33": 1, "10.0.1.217": 4, "10.0.0.197": 1, "10.0.0.95": 2, "10.0.0.157": 1, "10.0.0.19": 1, "10.0.2.76": 1, "10.0.0.176": 1, "10.0.1.57": 1, "10.0.0.48": 1, "10.0.0.168": 1, "10.0.1.141": 1, "10.0.0.114": 1, "10.0.0.128": 1, "10.0.1.162": 2, "10.0.0.20": 1}, "localIpTotalDuration": 24879.323200000003, "localIpDuration": {"10.0.1.24": 5613.9964, "10.0.0.22": 700.0101999999999, "10.0.1.36": 475.9942, "10.0.1.194": 2816.9789, "10.0.2.82": 1071.001, "10.0.1.133": 2376.036, "10.0.0.33": 0.0, "10.0.1.217": 1962.6390000000001, "10.0.0.197": 0.0, "10.0.0.95": 1152.0146, "10.0.0.157": 1554.0154, "10.0.0.19": 1224.094, "10.0.2.76": 1700.7942, "10.0.0.176": 259.0168, "10.0.1.57": 938.0191, "10.0.0.48": 765.344, "10.0.0.168": 1218.0038, "10.0.1.141": 720.0973, "10.0.0.114": 180.2826, "10.0.0.128": 20.9944, "10.0.1.162": 89.9951, "10.0.0.20": 39.9962}}, "FIFA ONLINE 4 M": {"localIpCount": 6, "localIpFrequency": {"10.0.0.237": 4, "10.0.1.24": 10, "10.0.2.140": 1, "10.0.1.229": 2, "10.0.1.234": 1, "10.0.1.3": 1}, "localIpTotalDuration": 19110.640199999998, "localIpDuration": {"10.0.0.237": 1953.0332, "10.0.1.24": 13944.0448, "10.0.2.140": 414.1069, "10.0.1.229": 2295.1774, "10.0.1.234": 378.2392, "10.0.1.3": 126.0387}}, "TFT: Teamfight Tactics": {"localIpCount": 10, "localIpFrequency": {"10.0.1.24": 15, "10.0.1.69": 1, "10.0.1.217": 5, "10.0.0.106": 9, "10.0.0.197": 6, "10.0.0.25": 1, "10.0.0.48": 3, "10.0.0.101": 1, "10.0.0.128": 3, "10.0.0.52": 1}, "localIpTotalDuration": 56743.3926, "localIpDuration": {"10.0.1.24": 18059.640000000003, "10.0.1.69": 0.0451, "10.0.1.217": 7462.4232999999995, "10.0.0.106": 11592.639200000001, "10.0.0.197": 8189.2255, "10.0.0.25": 1611.3231, "10.0.0.48": 5175.1066, "10.0.0.101": 1754.9788, "10.0.0.128": 2625.0081999999998, "10.0.0.52": 273.0028}}, "Minecraft": {"localIpCount": 6, "localIpFrequency": {"10.0.1.76": 1, "10.0.0.21": 1, "10.0.1.95": 2, "10.0.0.101": 1, "10.0.1.55": 1, "10.0.0.64": 1}, "localIpTotalDuration": 5589.1047, "localIpDuration": {"10.0.1.76": 45.0492, "10.0.0.21": 440.9993, "10.0.1.95": 1331.6741, "10.0.0.101": 1620.1304, "10.0.1.55": 1737.1705, "10.0.0.64": 414.0812}}, "Roblox": {"localIpCount": 71, "localIpFrequency": {"10.0.0.179": 3, "10.0.0.252": 4, "10.0.0.209": 10, "10.0.1.36": 2, "10.0.0.22": 8, "10.0.0.20": 5, "10.0.0.76": 1, "10.0.1.88": 9, "10.0.0.197": 4, "10.0.0.232": 1, "10.0.0.57": 1, "10.0.0.2": 4, "10.0.0.229": 3, "10.0.2.135": 1, "10.0.0.177": 16, "10.0.0.164": 2, "10.0.0.64": 1, "10.0.1.209": 1, "10.0.1.62": 2, "10.0.0.14": 1, "10.0.0.15": 4, "10.0.0.143": 1, "10.0.0.49": 1, "10.0.0.105": 3, "10.0.0.40": 1, "10.0.0.196": 2, "10.0.1.237": 1, "10.0.1.51": 1, "10.0.1.54": 1, "10.0.1.125": 3, "10.0.0.168": 1, "10.0.2.87": 2, "10.0.0.159": 1, "10.0.0.24": 1, "10.0.1.108": 1, "10.0.1.16": 8, "10.0.0.150": 2, "10.0.0.132": 2, "10.0.1.25": 1, "10.0.2.113": 1, "10.0.0.10": 1, "10.0.0.157": 2, "10.0.0.173": 8, "10.0.0.33": 1, "10.0.0.94": 1, "10.0.0.102": 1, "10.0.0.97": 1, "10.0.1.129": 1, "10.0.0.44": 1, "10.0.0.5": 4, "10.0.0.215": 1, "10.0.0.55": 1, "10.0.0.13": 3, "10.0.0.73": 2, "10.0.0.176": 1, "10.0.1.98": 1, "10.0.2.115": 1, "10.0.0.193": 2, "10.0.1.78": 1, "10.0.1.35": 2, "10.0.1.97": 1, "10.0.0.8": 1, "10.0.0.28": 2, "10.0.0.124": 1, "10.0.0.218": 1, "10.0.2.18": 1, "10.0.1.31": 1, "10.0.0.52": 1, "10.0.0.82": 1, "10.0.2.76": 1, "10.0.0.6": 1}, "localIpTotalDuration": 276516.90050000005, "localIpDuration": {"10.0.0.179": 5395.663500000001, "10.0.0.252": 5893.050200000001, "10.0.0.209": 17958.574999999997, "10.0.1.36": 321.9947, "10.0.0.22": 13424.164100000002, "10.0.0.20": 4242.5353, "10.0.0.76": 6.9995, "10.0.1.88": 16166.9168, "10.0.0.197": 5684.0098, "10.0.0.232": 280.0022, "10.0.0.57": 1800.0, "10.0.0.2": 7160.7749, "10.0.0.229": 5389.6335, "10.0.2.135": 1799.5597, "10.0.0.177": 28748.8159, "10.0.0.164": 3598.5825, "10.0.0.64": 377.9995, "10.0.1.209": 1799.4442, "10.0.1.62": 3598.943, "10.0.0.14": 552.9674, "10.0.0.15": 7194.4024, "10.0.0.143": 1799.3484, "10.0.0.49": 1797.2892, "10.0.0.105": 5395.7273000000005, "10.0.0.40": 1799.0299, "10.0.0.196": 3596.9103999999998, "10.0.1.237": 1799.293, "10.0.1.51": 1799.0064, "10.0.1.54": 1797.2231, "10.0.1.125": 5396.2739, "10.0.0.168": 1798.6117, "10.0.2.87": 3599.138, "10.0.0.159": 1798.6034, "10.0.0.24": 1797.5077, "10.0.1.108": 1799.6702, "10.0.1.16": 14362.5976, "10.0.0.150": 3596.851, "10.0.0.132": 3598.5355, "10.0.1.25": 1798.612, "10.0.2.113": 1799.5992, "10.0.0.10": 1799.573, "10.0.0.157": 3596.8562, "10.0.0.173": 14381.4609, "10.0.0.33": 1799.5938, "10.0.0.94": 1798.5805, "10.0.0.102": 1797.2101,