{"Genshin Impact": {"localIpCount": 1, "localIpFrequency": {"10.0.0.53": 11}, "localIpTotalDuration": 15669.212599999999, "localIpDuration": {"10.0.0.53": 15669.212599999999}}, "Minecraft": {"localIpCount": 2, "localIpFrequency": {"10.0.0.4": 6, "10.0.0.60": 10}, "localIpTotalDuration": 186648.41920000003, "localIpDuration": {"10.0.0.4": 171925.0007, "10.0.0.60": 14723.418500000002}}, "Roblox": {"localIpCount": 16, "localIpFrequency": {"10.0.0.88": 53, "10.0.0.102": 19, "10.0.0.45": 33, "10.0.0.84": 7, "10.0.0.82": 76, "10.0.0.55": 1, "10.0.0.58": 1, "10.0.0.52": 1, "10.0.0.54": 1, "10.0.0.90": 51, "10.0.0.41": 1, "10.0.0.62": 2, "10.0.0.78": 9, "10.0.0.110": 1, "10.0.0.81": 1, "10.0.0.111": 1}, "localIpTotalDuration": 1156368.9032000008, "localIpDuration": {"10.0.0.88": 170419.99309999996, "10.0.0.102": 46951.2729, "10.0.0.45": 397837.2318, "10.0.0.84": 16258.196200000002, "10.0.0.82": 288308.31519999995, "10.0.0.55": 25.8984, "10.0.0.58": 163.0508, "10.0.0.52": 3064.4423, "10.0.0.54": 42.6641, "10.0.0.90": 202247.1396, "10.0.0.41": 1967.8482, "10.0.0.62": 2009.0536, "10.0.0.78": 15947.6883, "10.0.0.110": 2051.5499, "10.0.0.81": 2390.1434, "10.0.0.111": 6684.4154}}, "MIR4": {"localIpCount": 3, "localIpFrequency": {"10.0.0.94": 11, "10.0.0.95": 7, "10.0.0.29": 7}, "localIpTotalDuration": 122252.84340000001, "localIpDuration": {"10.0.0.94": 46022.1578, "10.0.0.95": 58424.39600000001, "10.0.0.29": 17806.2896}}, "Roblox (Adopt Me!)": {"localIpCount": 12, "localIpFrequency": {"10.0.0.88": 40, "10.0.0.84": 7, "10.0.0.82": 24, "10.0.0.102": 3, "10.0.0.52": 1, "10.0.0.45": 2, "10.0.0.62": 1, "10.0.0.90": 7, "10.0.0.78": 4, "10.0.0.110": 1, "10.0.0.81": 2, "10.0.0.111": 1}, "localIpTotalDuration": 89994.41269999999, "localIpDuration": {"10.0.0.88": 43114.5814, "10.0.0.84": 2641.0202000000004, "10.0.0.82": 25557.740799999996, "10.0.0.102": 2065.2056000000002, "10.0.0.52": 103.3551, "10.0.0.45": 244.7529, "10.0.0.62": 769.1296, "10.0.0.90": 8529.1545, "10.0.0.78": 4062.0708000000004, "10.0.0.110": 394.2042, "10.0.0.81": 2432.5885, "10.0.0.111": 80.6091}}, "FIFA ONLINE 4 M": {"localIpCount": 4, "localIpFrequency": {"10.0.0.54": 4, "10.0.0.70": 1, "10.0.0.46": 1, "10.0.0.141": 1}, "localIpTotalDuration": 5404.7219, "localIpDuration": {"10.0.0.54": 4913.8737, "10.0.0.70": 411.9995, "10.0.0.46": 46.9991, "10.0.0.141": 31.8496}}, "Odin: Valhalla Rising": {"localIpCount": 1, "localIpFrequency": {"10.0.0.102": 1}, "localIpTotalDuration": 22.9493, "localIpDuration": {"10.0.0.102": 22.9493}}, "League of Legends: Wild Rift": {"localIpCount": 15, "localIpFrequency": {"10.0.0.101": 1, "10.0.0.38": 13, "10.0.0.53": 18, "10.0.0.9": 4, "10.0.0.54": 13, "10.0.0.57": 2, "10.0.0.34": 1, "10.0.0.56": 7, "10.0.0.111": 1, "10.0.0.8": 1, "10.0.0.94": 1, "10.0.0.66": 3, "10.0.0.46": 34, "10.0.0.64": 2, "10.0.0.90": 2}, "localIpTotalDuration": 347761.6738999999, "localIpDuration": {"10.0.0.101": 121.9989, "10.0.0.38": 76081.51019999999, "10.0.0.53": 35541.63590000001, "10.0.0.9": 15035.0731, "10.0.0.54": 110162.47549999999, "10.0.0.57": 2789.3849999999998, "10.0.0.34": 419.7959, "10.0.0.56": 11720.563699999999, "10.0.0.111": 301.7127, "10.0.0.8": 299.9992, "10.0.0.94": 313.9492, "10.0.0.66": 12943.572900000001, "10.0.0.46": 78677.9987, "10.0.0.64": 1189.0027, "10.0.0.90": 2163.0002999999997}}}