{"MIR4": {"localIpCount": 3, "localIpFrequency": {"10.0.0.95": 6, "10.0.0.94": 5, "10.0.0.29": 3}, "localIpTotalDuration": 61079.20079999999, "localIpDuration": {"10.0.0.95": 6505.2498000000005, "10.0.0.94": 45060.6403, "10.0.0.29": 9513.3107}}, "Roblox (Adopt Me!)": {"localIpCount": 12, "localIpFrequency": {"10.0.0.62": 13, "10.0.0.88": 5, "10.0.0.93": 5, "10.0.0.66": 20, "10.0.0.150": 25, "10.0.0.84": 15, "10.0.0.45": 4, "10.0.0.170": 4, "10.0.0.52": 1, "10.0.0.69": 37, "10.0.0.50": 4, "10.0.0.41": 1}, "localIpTotalDuration": 111874.12790000002, "localIpDuration": {"10.0.0.62": 17285.6533, "10.0.0.88": 2714.1227, "10.0.0.93": 5969.0088000000005, "10.0.0.66": 22813.237500000003, "10.0.0.150": 12109.0528, "10.0.0.84": 8742.7908, "10.0.0.45": 280.3699, "10.0.0.170": 4447.5899, "10.0.0.52": 78.8967, "10.0.0.69": 34874.74120000001, "10.0.0.50": 2014.78, "10.0.0.41": 543.8843}}, "League of Legends: Wild Rift": {"localIpCount": 12, "localIpFrequency": {"10.0.0.37": 4, "10.0.0.168": 3, "10.0.0.72": 1, "10.0.0.88": 1, "10.0.0.56": 1, "10.0.0.46": 1, "10.0.0.79": 1, "10.0.0.171": 1, "10.0.0.115": 1, "10.0.0.172": 7, "10.0.0.94": 1, "10.0.0.8": 1}, "localIpTotalDuration": 37883.3671, "localIpDuration": {"10.0.0.37": 6595.8805999999995, "10.0.0.168": 16442.9677, "10.0.0.72": 3.3931, "10.0.0.88": 327.1297, "10.0.0.56": 66.4107, "10.0.0.46": 331.8455, "10.0.0.79": 1069.459, "10.0.0.171": 657.3089, "10.0.0.115": 372.1535, "10.0.0.172": 11623.5663, "10.0.0.94": 269.9481, "10.0.0.8": 123.304}}, "Minecraft": {"localIpCount": 1, "localIpFrequency": {"10.0.0.110": 1}, "localIpTotalDuration": 1342.0946, "localIpDuration": {"10.0.0.110": 1342.0946}}, "Odin: Valhalla Rising": {"localIpCount": 1, "localIpFrequency": {"10.0.0.103": 1}, "localIpTotalDuration": 0.0001, "localIpDuration": {"10.0.0.103": 0.0001}}, "Roblox": {"localIpCount": 12, "localIpFrequency": {"10.0.0.62": 16, "10.0.0.88": 7, "10.0.0.93": 8, "10.0.0.66": 40, "10.0.0.150": 75, "10.0.0.84": 16, "10.0.0.45": 12, "10.0.0.170": 8, "10.0.0.52": 1, "10.0.0.69": 72, "10.0.0.50": 4, "10.0.0.41": 3}, "localIpTotalDuration": 1461980.8083999995, "localIpDuration": {"10.0.0.62": 28867.469300000008, "10.0.0.88": 33723.607899999995, "10.0.0.93": 16474.0637, "10.0.0.66": 185291.4781, "10.0.0.150": 285988.51009999996, "10.0.0.84": 100330.81019999998, "10.0.0.45": 312621.61100000003, "10.0.0.170": 15446.672599999998, "10.0.0.52": 123382.1985, "10.0.0.69": 341284.45769999997, "10.0.0.50": 13059.632099999999, "10.0.0.41": 5510.2972}}}