{"League of Legends: Wild Rift": {"localIpCount": 18, "localIpFrequency": {"10.0.0.157": 24, "10.0.0.161": 34, "10.0.0.55": 5, "10.0.0.124": 1, "10.0.0.139": 22, "10.0.0.166": 1, "10.0.0.115": 6, "10.0.0.171": 1, "10.0.0.53": 2, "10.0.0.206": 1, "10.0.0.72": 1, "10.0.0.168": 2, "10.0.0.179": 1, "10.0.0.183": 6, "10.0.0.181": 1, "10.0.0.163": 1, "10.0.0.143": 1, "10.0.0.148": 1}, "localIpTotalDuration": 168052.95879999996, "localIpDuration": {"10.0.0.157": 58071.97589999999, "10.0.0.161": 47053.07900000001, "10.0.0.55": 7909.5436, "10.0.0.124": 333.1324, "10.0.0.139": 28549.5588, "10.0.0.166": 1803.5402, "10.0.0.115": 4111.7653, "10.0.0.171": 1799.9989, "10.0.0.53": 3583.0591999999997, "10.0.0.206": 299.9484, "10.0.0.72": 479.0016, "10.0.0.168": 623.8457, "10.0.0.179": 271.0004, "10.0.0.183": 9177.2901, "10.0.0.181": 1321.9484, "10.0.0.163": 364.9478, "10.0.0.143": 1753.6649, "10.0.0.148": 545.6582}}, "FIFA ONLINE 4 M": {"localIpCount": 1, "localIpFrequency": {"10.0.0.167": 1}, "localIpTotalDuration": 107.1532, "localIpDuration": {"10.0.0.167": 107.1532}}, "Roblox": {"localIpCount": 21, "localIpFrequency": {"10.0.0.55": 74, "10.0.0.161": 164, "10.0.0.78": 4, "10.0.0.94": 2, "10.0.0.45": 4, "10.0.0.127": 1, "10.0.0.178": 4, "10.0.0.33": 5, "10.0.0.179": 1, "10.0.0.143": 19, "10.0.0.128": 1, "10.0.0.182": 1, "10.0.0.41": 3, "10.0.0.180": 20, "10.0.0.184": 1, "10.0.0.18": 1, "10.0.0.187": 7, "10.0.0.173": 1, "10.0.0.138": 3, "10.0.0.195": 1, "10.0.0.196": 1}, "localIpTotalDuration": 922100.9410999999, "localIpDuration": {"10.0.0.55": 133541.80430000005, "10.0.0.161": 296647.9151999998, "10.0.0.78": 7207.9815, "10.0.0.94": 67.0515, "10.0.0.45": 183114.84609999997, "10.0.0.127": 5097.5627, "10.0.0.178": 9861.187, "10.0.0.33": 54794.4155, "10.0.0.179": 2102.2505, "10.0.0.143": 57639.283599999995, "10.0.0.128": 6943.1293, "10.0.0.182": 28154.0497, "10.0.0.41": 3936.9842, "10.0.0.180": 46793.14829999999, "10.0.0.184": 21007.4107, "10.0.0.18": 124.998, "10.0.0.187": 25338.7087, "10.0.0.173": 1958.1944, "10.0.0.138": 25297.6662, "10.0.0.195": 10671.999, "10.0.0.196": 1800.3547}}, "Roblox (Adopt Me!)": {"localIpCount": 15, "localIpFrequency": {"10.0.0.55": 60, "10.0.0.161": 85, "10.0.0.143": 20, "10.0.0.78": 4, "10.0.0.127": 1, "10.0.0.178": 3, "10.0.0.33": 4, "10.0.0.179": 1, "10.0.0.128": 1, "10.0.0.182": 1, "10.0.0.180": 15, "10.0.0.187": 5, "10.0.0.138": 2, "10.0.0.173": 1, "10.0.0.196": 1}, "localIpTotalDuration": 234255.66730000006, "localIpDuration": {"10.0.0.55": 66414.7524, "10.0.0.161": 103259.90860000001, "10.0.0.143": 27207.742899999997, "10.0.0.78": 5346.285400000001, "10.0.0.127": 0.4075, "10.0.0.178": 3721.5422, "10.0.0.33": 5971.7600999999995, "10.0.0.179": 1734.9752, "10.0.0.128": 50.7444, "10.0.0.182": 19.0524, "10.0.0.180": 9198.9427, "10.0.0.187": 5430.869100000001, "10.0.0.138": 3229.4493, "10.0.0.173": 918.7815, "10.0.0.196": 1750.4536}}, "Hero Blaze: Three Kingdoms": {"localIpCount": 1, "localIpFrequency": {"10.0.0.117": 1}, "localIpTotalDuration": 125.0014, "localIpDuration": {"10.0.0.117": 125.0014}}, "Minecraft": {"localIpCount": 4, "localIpFrequency": {"10.0.0.169": 7, "10.0.0.125": 1, "10.0.0.55": 16, "10.0.0.207": 4}, "localIpTotalDuration": 41037.177599999995, "localIpDuration": {"10.0.0.169": 10701.613099999999, "10.0.0.125": 3235.0507, "10.0.0.55": 21514.442900000002, "10.0.0.207": 5586.070900000001}}, "Gunship Battle: Crypto Conflict": {"localIpCount": 1, "localIpFrequency": {"10.0.0.186": 1}, "localIpTotalDuration": 931.9507, "localIpDuration": {"10.0.0.186": 931.9507}}, "Odin: Valhalla Rising": {"localIpCount": 1, "localIpFrequency": {"10.0.0.108": 1}, "localIpTotalDuration": 1.5301, "localIpDuration": {"10.0.0.108": 1.5301}}, "MIR4": {"localIpCount": 3, "localIpFrequency": {"10.0.0.29": 7, "10.0.0.95": 9, "10.0.0.94": 8}, "localIpTotalDuration": 110466.5063, "localIpDuration": {"10.0.0.29": 80283.91059999999, "10.0.0.95": 13156.0087, "10.0.0.94": 17026.587}}}