{"Modern Combat": {"localIpCount": 1, "localIpFrequency": {"10.0.114.20": 1}, "localIpTotalDuration": 1113.0002, "localIpDuration": {"10.0.114.20": 1113.0002}}, "League of Legends: Wild Rift": {"localIpCount": 35, "localIpFrequency": {"10.0.113.224": 7, "10.0.50.16": 1, "10.0.15.46": 1, "10.0.114.6": 1, "10.0.50.24": 1, "10.0.114.29": 1, "10.0.15.52": 1, "10.0.114.8": 1, "10.0.114.82": 1, "10.0.114.30": 1, "10.0.114.88": 1, "10.0.114.90": 3, "10.0.50.54": 1, "10.0.50.49": 1, "10.0.114.105": 1, "10.0.15.83": 1, "10.0.23.44": 1, "10.0.15.91": 1, "10.0.114.127": 1, "10.0.23.50": 2, "10.0.15.95": 2, "10.0.50.87": 3, "10.0.114.189": 2, "10.0.23.64": 1, "10.0.50.115": 1, "10.0.50.127": 1, "10.0.15.138": 1, "10.0.115.27": 1, "10.0.50.114": 1, "10.0.16.105": 1, "10.0.15.161": 1, "10.0.115.77": 1, "10.0.15.160": 1, "10.0.15.170": 1, "10.0.50.161": 1}, "localIpTotalDuration": 26327.097100000003, "localIpDuration": {"10.0.113.224": 8211.193599999999, "10.0.50.16": 804.993, "10.0.15.46": 28.002, "10.0.114.6": 202.999, "10.0.50.24": 0.0095, "10.0.114.29": 301.0114, "10.0.15.52": 147.0013, "10.0.114.8": 147.0019, "10.0.114.82": 0.0, "10.0.114.30": 1182.9979, "10.0.114.88": 1043.1766, "10.0.114.90": 672.0027, "10.0.50.54": 0.0052, "10.0.50.49": 273.0118, "10.0.114.105": 70.0015, "10.0.15.83": 139.9973, "10.0.23.44": 903.0, "10.0.15.91": 1581.9971, "10.0.114.127": 14.0017, "10.0.23.50": 217.0098, "10.0.15.95": 84.0027, "10.0.50.87": 4479.7156, "10.0.114.189": 910.0061000000001, "10.0.23.64": 461.9945, "10.0.50.115": 384.9926, "10.0.50.127": 6.994, "10.0.15.138": 146.9928, "10.0.115.27": 0.0001, "10.0.50.114": 377.9923, "10.0.16.105": 49.0008, "10.0.15.161": 1148.0025, "10.0.115.77": 342.9885, "10.0.15.160": 182.0031, "10.0.15.170": 20.995, "10.0.50.161": 1792.0032}}, "Minecraft": {"localIpCount": 13, "localIpFrequency": {"10.0.49.250": 2, "10.0.15.42": 2, "10.0.114.11": 1, "10.0.15.73": 1, "10.0.114.132": 3, "10.0.114.107": 1, "10.0.15.107": 1, "10.0.114.192": 1, "10.0.114.214": 8, "10.0.114.230": 1, "10.0.50.127": 4, "10.0.50.108": 3, "10.0.115.74": 3}, "localIpTotalDuration": 19474.3941, "localIpDuration": {"10.0.49.250": 2792.9992, "10.0.15.42": 2008.9954, "10.0.114.11": 182.0092, "10.0.15.73": 699.9979, "10.0.114.132": 1232.0344, "10.0.114.107": 784.007, "10.0.15.107": 1764.0182, "10.0.114.192": 14.0014, "10.0.114.214": 4648.2967, "10.0.114.230": 665.0016, "10.0.50.127": 2275.0696, "10.0.50.108": 364.1932, "10.0.115.74": 2043.7703}}, "Genshin Impact": {"localIpCount": 1, "localIpFrequency": {"10.0.50.134": 1}, "localIpTotalDuration": 7.0045, "localIpDuration": {"10.0.50.134": 7.0045}}, "Honkai: Star Rail": {"localIpCount": 3, "localIpFrequency": {"10.0.15.95": 4, "10.0.114.193": 2, "10.0.114.229": 1}, "localIpTotalDuration": 4018.0096, "localIpDuration": {"10.0.15.95": 2569.0171, "10.0.114.193": 1273.9932000000001, "10.0.114.229": 174.9993}}, "TFT: Teamfight Tactics": {"localIpCount": 6, "localIpFrequency": {"10.0.114.27": 1, "10.0.114.90": 5, "10.0.50.54": 1, "10.0.114.127": 1, "10.0.15.95": 3, "10.0.15.138": 1}, "localIpTotalDuration": 9023.0275, "localIpDuration": {"10.0.114.27": 69.9913, "10.0.114.90": 5348.001200000001, "10.0.50.54": 70.0077, "10.0.114.127": 665.0141, "10.0.15.95": 2835.0186000000003, "10.0.15.138": 34.9946}}, "Overwatch 2": {"localIpCount": 2, "localIpFrequency": {"10.0.50.11": 24, "10.0.15.160": 1}, "localIpTotalDuration": 40918.45149999999, "localIpDuration": {"10.0.50.11": 40883.447599999985, "10.0.15.160": 35.0039}}, "Odin: Valhalla Rising": {"localIpCount": 2, "localIpFrequency": {"10.0.114.96": 1, "10.0.50.126": 1}, "localIpTotalDuration": 0.0001, "localIpDuration": {"10.0.114.96": 0.0, "10.0.50.126": 0.0001}}, "Clash Royale": {"localIpCount": 1, "localIpFrequency": {"10.0.114.230": 1}, "localIpTotalDuration": 21.0072, "localIpDuration": {"10.0.114.230": 21.0072}}, "FIFA ONLINE 4 M": {"localIpCount": 7, "localIpFrequency": {"10.0.50.11": 2, "10.0.50.16": 1, "10.0.50.46": 1, "10.0.50.49": 5, "10.0.50.51": 4, "10.0.50.150": 1, "10.0.15.157": 1}, "localIpTotalDuration": 12950.718399999998, "localIpDuration": {"10.0.50.11": 1799.9247, "10.0.50.16": 139.4249, "10.0.50.46": 1679.9952, "10.0.50.49": 5789.35, "10.0.50.51": 2779.0152, "10.0.50.150": 224.015, "10.0.15.157": 538.9934}}, "Roblox": {"localIpCount": 188, "localIpFrequency": {"10.0.113.159": 6, "10.0.50.0": 1, "10.0.9.151": 1, "10.0.23.0": 2, "10.0.15.35": 1, "10.0.49.219": 1, "10.0.9.135": 8, "10.0.113.215": 5, "10.0.49.247": 3, "10.0.9.176": 3, "10.0.16.58": 3, "10.0.15.21": 3, "10.0.50.9": 2, "10.0.113.136": 4, "10.0.15.37": 1, "10.0.113.224": 1, "10.0.9.136": 4, "10.0.23.3": 1, "10.0.15.29": 1, "10.0.113.142": 1, "10.0.50.10": 15, "10.0.113.233": 4, "10.0.113.234": 3, "10.0.113.236": 5, "10.0.113.237": 6, "10.0.50.15": 1, "10.0.15.41": 1, "10.0.15.42": 1, "10.0.16.71": 14, "10.0.15.43": 3, "10.0.23.6": 2, "10.0.113.241": 2, "10.0.113.243": 2, "10.0.50.17": 1, "10.0.15.45": 9, "10.0.50.18": 2, "10.0.15.47": 1, "10.0.23.10": 1, "10.0.114.5": 1, "10.0.15.48": 1, "10.0.23.13": 5, "10.0.50.26": 1, "10.0.114.22": 1, "10.0.50.20": 2, "10.0.113.242": 1, "10.0.114.31": 1, "10.0.50.32": 1, "10.0.114.43": 1, "10.0.23.15": 2, "10.0.114.8": 2, "10.0.23.19": 1, "10.0.50.35": 1, "10.0.15.64": 1, "10.0.23.21": 3, "10.0.50.37": 1, "10.0.114.62": 4, "10.0.15.60": 2, "10.0.50.40": 1, "10.0.113.254": 1, "10.0.23.16": 1, "10.0.50.43": 2, "10.0.15.66": 1, "10.0.113.239": 3, "10.0.114.35": 5, "10.0.50.45": 1, "10.0.114.20": 1, "10.0.113.244": 1, "10.0.16.72": 1, "10.0.114.70": 2, "10.0.114.87": 3, "10.0.114.91": 1, "10.0.114.93": 7, "10.0.50.61": 9, "10.0.114.97": 1, "10.0.114.100": 2, "10.0.50.69": 1, "10.0.114.109": 2, "10.0.16.84": 11, "10.0.23.31": 4, "10.0.50.66": 1, "10.0.23.32": 3, "10.0.15.81": 1, "10.0.114.101": 1, "10.0.23.33": 4, "10.0.50.75": 2, "10.0.114.108": 3, "10.0.16.87": 1, "10.0.114.125": 1, "10.0.23.40": 1, "10.0.50.79": 2, "10.0.114.112": 1, "10.0.114.132": 1, "10.0.15.86": 1, "10.0.50.74": 3, "10.0.114.122": 2, "10.0.15.87": 2, "10.0.16.90": 4, "10.0.50.81": 1, "10.0.15.99": 2, "10.0.50.73": 3, "10.0.23.53": 2, "10.0.15.102": 3, "10.0.114.163": 1, "10.0.50.86": 1, "10.0.114.164": 1, "10.0.114.162": 2, "10.0.50.92": 1, "10.0.23.55": 3, "10.0.114.153": 1, "10.0.50.72": 2, "10.0.15.110": 2, "10.0.16.95": 1, "10.0.114.180": 2, "10.0.50.97": 1, "10.0.23.44": 14, "10.0.114.155": 1, "10.0.50.102": 1, "10.0.15.112": 2, "10.0.114.178": 1, "10.0.15.114": 1, "10.0.50.101": 1, "10.0.114.189": 2, "10.0.15.104": 1, "10.0.114.198": 2, "10.0.114.202": 1, "10.0.114.110": 6, "10.0.15.120": 1, "10.0.114.213": 2, "10.0.50.107": 6, "10.0.23.63": 9, "10.0.114.215": 2, "10.0.15.122": 2, "10.0.23.65": 3, "10.0.114.216": 1, "10.0.16.104": 3, "10.0.15.125": 1, "10.0.114.210": 2, "10.0.50.113": 2, "10.0.23.68": 3, "10.0.15.128": 2, "10.0.114.230": 2, "10.0.50.109": 6, "10.0.114.243": 1, "10.0.50.118": 2, "10.0.23.64": 1, "10.0.15.133": 1, "10.0.114.224": 1, "10.0.15.136": 5, "10.0.50.123": 2, "10.0.23.74": 1, "10.0.23.76": 2, "10.0.114.214": 1, "10.0.23.77": 1, "10.0.114.241": 2, "10.0.114.211": 1, "10.0.15.141": 1, "10.0.50.130": 2, "10.0.114.236": 2, "10.0.15.143": 1, "10.0.115.24": 1, "10.0.15.144": 4, "10.0.50.138": 1, "10.0.114.250": 3, "10.0.50.139": 3, "10.0.15.150": 2, "10.0.115.37": 1, "10.0.115.34": 3, "10.0.50.147": 1, "10.0.15.152": 1, "10.0.23.89": 1, "10.0.15.155": 2, "10.0.114.229": 1, "10.0.50.154": 2, "10.0.50.140": 1, "10.0.23.95": 3, "10.0.15.156": 1, "10.0.23.97": 1, "10.0.15.130": 1, "10.0.23.98": 1, "10.0.115.36": 1, "10.0.15.165": 3, "10.0.50.143": 1, "10.0.23.85": 1, "10.0.16.114": 1, "10.0.115.83": 1, "10.0.16.115": 1, "10.0.115.41": 1, "10.0.16.116": 1}, "localIpTotalDuration": 720559.1993999996, "localIpDuration": {"10.0.113.159": 10772.374099999999, "10.0.50.0": 1784.9988, "10.0.9.151": 1798.9943, "10.0.23.0": 3023.9997000000003, "10.0.15.35": 419.9931, "10.0.49.219": 1791.9923, "10.0.9.135": 14053.210400000002, "10.0.113.215": 8994.0652, "10.0.49.247": 5339.2334,