{"Roblox (Adopt Me!)": {"localIpCount": 6, "localIpFrequency": {"10.0.0.82": 1, "10.0.0.88": 25, "10.0.0.45": 6, "10.0.0.84": 10, "10.0.0.69": 1, "10.0.0.33": 1}, "localIpTotalDuration": 33969.31570000001, "localIpDuration": {"10.0.0.82": 0.1018, "10.0.0.88": 20271.7463, "10.0.0.45": 4312.1305999999995, "10.0.0.84": 7580.0731, "10.0.0.69": 1715.7539, "10.0.0.33": 89.51}}, "Minecraft": {"localIpCount": 1, "localIpFrequency": {"10.0.0.4": 1}, "localIpTotalDuration": 85944.9991, "localIpDuration": {"10.0.0.4": 85944.9991}}, "Odin: Valhalla Rising": {"localIpCount": 2, "localIpFrequency": {"10.0.0.117": 1, "10.0.0.103": 1}, "localIpTotalDuration": 102.4668, "localIpDuration": {"10.0.0.117": 102.3645, "10.0.0.103": 0.1023}}, "League of Legends: Wild Rift": {"localIpCount": 16, "localIpFrequency": {"10.0.0.94": 1, "10.0.0.21": 20, "10.0.0.22": 6, "10.0.0.17": 1, "10.0.0.107": 1, "10.0.0.16": 3, "10.0.0.3": 3, "10.0.0.34": 1, "10.0.0.69": 1, "10.0.0.38": 5, "10.0.0.132": 1, "10.0.0.117": 1, "10.0.0.9": 2, "10.0.0.8": 1, "10.0.0.46": 7, "10.0.0.81": 2}, "localIpTotalDuration": 332634.0273999999, "localIpDuration": {"10.0.0.94": 270.0006, "10.0.0.21": 62272.16110000001, "10.0.0.22": 17841.3565, "10.0.0.17": 1963.1607, "10.0.0.107": 333.1276, "10.0.0.16": 14778.5989, "10.0.0.3": 35975.7986, "10.0.0.34": 340.3038, "10.0.0.69": 543.9521, "10.0.0.38": 147267.9063, "10.0.0.132": 2106.7433, "10.0.0.117": 300.1538, "10.0.0.9": 18246.4541, "10.0.0.8": 7464.8965, "10.0.0.46": 21805.9716, "10.0.0.81": 1123.4419}}, "Roblox": {"localIpCount": 9, "localIpFrequency": {"10.0.0.69": 37, "10.0.0.82": 1, "10.0.0.88": 32, "10.0.0.45": 26, "10.0.0.84": 15, "10.0.0.17": 1, "10.0.0.27": 1, "10.0.0.21": 1, "10.0.0.33": 1}, "localIpTotalDuration": 588485.7970000001, "localIpDuration": {"10.0.0.69": 125328.59040000002, "10.0.0.82": 7772.0012, "10.0.0.88": 78385.33829999997, "10.0.0.45": 346926.71379999997, "10.0.0.84": 27604.138300000002, "10.0.0.17": 315.6963, "10.0.0.27": 5.7933, "10.0.0.21": 105.9483, "10.0.0.33": 2041.5771}}, "MIR4": {"localIpCount": 3, "localIpFrequency": {"10.0.0.29": 10, "10.0.0.94": 6, "10.0.0.95": 2}, "localIpTotalDuration": 57477.095100000006, "localIpDuration": {"10.0.0.29": 22984.072899999996, "10.0.0.94": 29499.023299999997, "10.0.0.95": 4993.9989000000005}}, "FIFA ONLINE 4 M": {"localIpCount": 2, "localIpFrequency": {"10.0.0.22": 14, "10.0.0.47": 1}, "localIpTotalDuration": 19025.5623, "localIpDuration": {"10.0.0.22": 19016.3005, "10.0.0.47": 9.2618}}}