{"Minecraft": {"localIpCount": 12, "localIpFrequency": {"10.0.3.168": 3, "10.0.0.89": 2, "10.0.2.117": 1, "10.0.0.250": 1, "10.0.5.112": 3, "10.0.2.51": 1, "10.0.1.200": 4, "10.0.7.105": 1, "10.0.2.130": 1, "10.0.4.183": 1, "10.0.4.184": 1, "10.0.7.186": 2}, "localIpTotalDuration": 22522.833800000004, "localIpDuration": {"10.0.3.168": 3750.0286, "10.0.0.89": 1905.0694, "10.0.2.117": 0.0001, "10.0.0.250": 0.0765, "10.0.5.112": 3870.5615000000003, "10.0.2.51": 1725.0603, "10.0.1.200": 6345.5805, "10.0.7.105": 1695.2623, "10.0.2.130": 290.9949, "10.0.4.183": 417.0098, "10.0.4.184": 302.9919, "10.0.7.186": 2220.198}}, "Roblox (Game)": {"localIpCount": 84, "localIpFrequency": {"10.0.2.82": 1, "10.0.1.22": 2, "10.0.4.179": 6, "10.0.0.109": 2, "10.0.0.49": 2, "10.0.0.7": 1, "10.0.1.176": 1, "10.0.4.176": 1, "10.0.1.249": 2, "10.0.8.12": 2, "10.0.4.153": 2, "10.0.3.136": 1, "10.0.2.209": 3, "10.0.1.246": 1, "10.0.5.83": 1, "10.0.3.168": 1, "10.0.0.115": 6, "10.0.3.131": 1, "10.0.0.61": 1, "10.0.0.119": 6, "10.0.2.149": 2, "10.0.1.247": 2, "10.0.7.142": 2, "10.0.2.122": 1, "10.0.1.170": 1, "10.0.2.22": 1, "10.0.2.156": 5, "10.0.6.146": 1, "10.0.7.141": 1, "10.0.2.206": 3, "10.0.7.62": 1, "10.0.2.194": 3, "10.0.1.213": 10, "10.0.0.89": 1, "10.0.6.252": 1, "10.0.1.252": 2, "10.0.0.124": 1, "10.0.1.126": 1, "10.0.2.70": 3, "10.0.1.128": 6, "10.0.7.75": 1, "10.0.0.120": 3, "10.0.2.97": 1, "10.0.6.58": 1, "10.0.0.236": 1, "10.0.1.187": 1, "10.0.2.26": 2, "10.0.2.216": 1, "10.0.5.161": 1, "10.0.1.240": 1, "10.0.2.27": 5, "10.0.1.143": 1, "10.0.1.142": 1, "10.0.4.158": 1, "10.0.2.217": 1, "10.0.4.68": 1, "10.0.5.124": 1, "10.0.1.221": 1, "10.0.4.181": 1, "10.0.0.98": 1, "10.0.1.133": 1, "10.0.2.234": 1, "10.0.0.116": 1, "10.0.2.200": 1, "10.0.5.193": 1, "10.0.7.223": 2, "10.0.4.107": 1, "10.0.8.46": 2, "10.0.1.69": 4, "10.0.6.20": 1, "10.0.0.66": 1, "10.0.2.188": 1, "10.0.2.134": 1, "10.0.1.227": 1, "10.0.4.110": 1, "10.0.0.237": 1, "10.0.7.128": 1, "10.0.1.98": 1, "10.0.2.219": 1, "10.0.8.52": 1, "10.0.2.197": 1, "10.0.0.178": 2, "10.0.1.44": 1, "10.0.2.32": 1}, "localIpTotalDuration": 241600.14440000008, "localIpDuration": {"10.0.2.82": 1785.0792, "10.0.1.22": 3150.958, "10.0.4.179": 10299.063100000001, "10.0.0.109": 3403.5275, "10.0.0.49": 3585.0046, "10.0.0.7": 1799.9967, "10.0.1.176": 1799.1507, "10.0.4.176": 308.0021, "10.0.1.249": 3178.755, "10.0.8.12": 3403.7535, "10.0.4.153": 1940.0015, "10.0.3.136": 1769.0597, "10.0.2.209": 3051.0254000000004, "10.0.1.246": 1799.9945, "10.0.5.83": 1799.9955, "10.0.3.168": 1754.6394, "10.0.0.115": 10592.952299999999, "10.0.3.131": 1784.9862, "10.0.0.61": 1797.1968, "10.0.0.119": 9009.9025, "10.0.2.149": 1777.0045, "10.0.1.247": 3599.0924999999997, "10.0.7.142": 3599.6059, "10.0.2.122": 1785.104, "10.0.1.170": 1799.6571, "10.0.2.22": 1175.9996, "10.0.2.156": 5248.9573, "10.0.6.146": 1799.6558, "10.0.7.141": 1799.6914, "10.0.2.206": 5235.2168, "10.0.7.62": 1799.0429, "10.0.2.194": 4799.0242, "10.0.1.213": 17172.0426, "10.0.0.89": 1799.6909, "10.0.6.252": 1799.7153, "10.0.1.252": 3581.2131, "10.0.0.124": 1799.6918, "10.0.1.126": 1796.0237, "10.0.2.70": 5183.0853, "10.0.1.128": 10760.7888, "10.0.7.75": 1799.4467, "10.0.0.120": 3830.9977, "10.0.2.97": 1799.7984, "10.0.6.58": 1799.4222, "10.0.0.236": 1610.0096, "10.0.1.187": 1799.5517, "10.0.2.26": 3493.3961, "10.0.2.216": 1642.9938, "10.0.5.161": 1799.9208, "10.0.1.240": 1797.5304, "10.0.2.27": 7955.000999999999, "10.0.1.143": 1799.715, "10.0.1.142": 1090.012, "10.0.4.158": 1799.6502, "10.0.2.217": 1056.0227, "10.0.4.68": 1799.8442, "10.0.5.124": 1799.9672, "10.0.1.221": 1799.9962, "10.0.4.181": 1689.0061, "10.0.0.98": 1799.6853, "10.0.1.133": 1799.9979, "10.0.2.234": 1798.654, "10.0.0.116": 1798.3857, "10.0.2.200": 1574.0075, "10.0.5.193": 1799.7696, "10.0.7.223": 3599.3482999999997, "10.0.4.107": 1794.0185, "10.0.8.46": 3598.7309, "10.0.1.69": 7102.989, "10.0.6.20": 1785.4131, "10.0.0.66": 1799.9984, "10.0.2.188": 1797.8774, "10.0.2.134": 1734.9976, "10.0.1.227": 1799.8547, "10.0.4.110": 1799.2726, "10.0.0.237": 1799.7386, "10.0.7.128": 1798.9313, "10.0.1.98": 1784.9721, "10.0.2.219": 0.0001, "10.0.8.52": 1784.5969, "10.0.2.197": 1739.2964, "10.0.0.178": 3555.0536, "10.0.1.44": 1739.2965, "10.0.2.32": 1529.6287}}, "Cookie Run: Kingdom": {"localIpCount": 2, "localIpFrequency": {"10.0.1.91": 1, "10.0.2.51": 16}, "localIpTotalDuration": 28393.466000000004, "localIpDuration": {"10.0.1.91": 330.7283, "10.0.2.51": 28062.737700000005}}, "League of Legends: Wild Rift": {"localIpCount": 14, "localIpFrequency": {"10.0.2.214": 2, "10.0.5.188": 3, "10.0.0.4": 9, "10.0.1.246": 1, "10.0.2.149": 3, "10.0.7.248": 1, "10.0.5.181": 3, "10.0.4.214": 3, "10.0.1.49": 1, "10.0.2.215": 1, "10.0.8.43": 13, "10.0.2.210": 7, "10.0.4.153": 1, "10.0.0.16": 1}, "localIpTotalDuration": 69947.09760000001, "localIpDuration": {"10.0.2.214": 735.0671, "10.0.5.188": 4125.0324, "10.0.0.4": 10559.6702, "10.0.1.246": 854.9921, "10.0.2.149": 2581.0452999999998, "10.0.7.248": 1784.6736, "10.0.5.181": 5384.6041, "10.0.4.214": 5325.0398000000005, "10.0.1.49": 871.001, "10.0.2.215": 465.1002, "10.0.8.43": 23125.2327, "10.0.2.210": 11999.1064, "10.0.4.153": 367.0029, "10.0.0.16": 1769.5298}}, "Roblox": {"localIpCount": 80, "localIpFrequency": {"10.0.1.213": 7, "10.0.0.144": 1, "10.0.4.99": 1, "10.0.1.22": 3, "10.0.4.153": 19, "10.0.1.249": 4, "10.0.3.168": 1, "10.0.0.49": 16, "10.0.2.210": 1, "10.0.4.158": 1, "10.0.0.48": 3, "10.0.0.7": 1, "10.0.4.179": 3, "10.0.1.170": 4, "10.0.8.12": 1, "10.0.0.204": 2, "10.0.0.115": 12, "10.0.7.130": 1, "10.0.0.12": 2, "10.0.2.18": 1, "10.0.2.149": 3, "10.0.0.119": 6, "10.0.7.211": 1, "10.0.2.122": 3, "10.0.1.247": 1, "10.0.5.191": 1, "10.0.6.252": 1, "10.0.6.249": 1, "10.0.4.107": 6, "10.0.2.156": 3, "10.0.0.89": 1, "10.0.4.155": 2, "10.0.6.146": 1, "10.0.4.172": 1, "10.0.0.106": 1, "10.0.0.120": 6, "10.0.1.229": 1, "10.0.2.216": 1, "10.0.2.85": 1, "10.0.2.209": 1, "10.0.3.124": 1, "10.0.2.26": 1, "10.0.2.233": 1, "10.0.1.240": 1, "10.0.1.142": 1, "10.0.2.72": 1, "10.0.2.217": 1, "10.0.1.44": 2, "10.0.1.177": 1, "10.0.1.128": 3, "10.0.7.22": 1, "10.0.4.181": 1, "10.0.1.252": 2, "10.0.7.105": 1, "10.0.2.27": 6, "10.0.4.182": 1, "10.0.5.193": 1, "10.0.2.200": 1, "10.0.0.116": 1, "10.0.7.128": 1, "10.0.0.98": 1, "10.0.2.194": 6, "10.0.1.107": 1, "10.0.5.161": 1, "10.0.2.190": 1, "10.0.1.69": 2, "10.0.2.33": 1, "10.0.8.52": 1, "10.0.2.206": 1, "10.0.7.186": 1, "10.0.1.168": 1, "10.0.0.124": 1, "10.0.2.70": 1, "10.0.8.38": 1, "10.0.2.48": 1, "10.0.2.219": 1, "10.0.1.169": 1, "10.0.0.178": 1, "10.0.3.131": 1, "10.0.8.54": 1}, "localIpTotalDuration": 320251.8091, "localIpDuration": {"10.0.1.213": 12594.1135, "10.0.0.144": 1798.1259, "10.0.4.99": 1799.3911, "10.0.1.22": 5392.285, "10.0.4.153": 34138.843199999996, "10.0.1.249": 5709.6191, "10.0.3.168": 1799.6239, "10.0.0.49": 28752.597700000006, "10.0.2.210": 1798.5261, "10.0.4.158": 1799.1683, "10.0.0.48": 5398.6833, "10.0.0.7": 1798.6693, "10.0.4.179": 5398.2159, "10.0.1.170": 7197.5832, "10.0.8.12": 1799.644, "10.0.0.204": 3598.9656999999997, "10.0.0.115": 21576.394200000002, "10.0.7.130": 1799.6378, "10.0.0.12": 3594.8733, "10.0.2.18": 1799.6662, "10.0.2.149": 5383.7895, "10.0.0.119": 10784.969299999999, "10.0.7.211": 1799.6619, "10.0.2.122": 5392.978, "10.0.1.247": 1799.6443, "10.0.5.191": 1799.6953, "10.0.6.252": 1799.6958, "10.0.6.249": 1799.2754, "10.0.4.107": 10788.936300000001, "10.0.2.156": 4312.566, "10.0.0.89": 1799.6896, "10.0.4.155": 3596.8257, "10.0.6.146": 1799.437, "10.0.4.172": 1799.222, "10.0.0.106": 1799.0675, "10.0.0.120": 10534.794, "10.0.1.229": 1799.7918, "10.0.2.216": 1723.7588, "10.0.2.85": 1799.3675, "10.0.2.209": 1798.0175, "10.0.3.124": 1799.5308, "10.0.2.26": 1798.301, "10.0.2.233": 1799.7447, "10.0.1.240": 1797.9957, "10.0.1.142": 1798.0057, "10.0.2.72": 1799.9955, "10.0.2.217": 1796.8174, "10.0.1.44": 3592.6053, "10.0.1.177": 1798.8959, "10.0.1.128": 5395.4891, "10.0.7.22": 1799.7045,