{"League of Legends: Wild Rift": {"localIpCount": 8, "localIpFrequency": {"10.0.3.168": 6, "10.0.7.54": 4, "10.0.0.4": 27, "10.0.7.248": 2, "10.0.5.220": 2, "10.0.1.48": 1, "10.0.0.74": 1, "10.0.5.242": 2}, "localIpTotalDuration": 69778.13130000001, "localIpDuration": {"10.0.3.168": 10464.7169, "10.0.7.54": 5929.002399999999, "10.0.0.4": 44313.322299999985, "10.0.7.248": 2414.9913, "10.0.5.220": 2764.9919, "10.0.1.48": 1792.0595, "10.0.0.74": 1561.0175, "10.0.5.242": 538.0295}}, "Modern Combat": {"localIpCount": 1, "localIpFrequency": {"10.0.8.200": 2}, "localIpTotalDuration": 329.02299999999997, "localIpDuration": {"10.0.8.200": 329.02299999999997}}, "Genshin Impact": {"localIpCount": 3, "localIpFrequency": {"10.0.2.44": 13, "10.0.1.194": 6, "10.0.7.47": 1}, "localIpTotalDuration": 31663.193100000008, "localIpDuration": {"10.0.2.44": 22340.753, "10.0.1.194": 8972.4244, "10.0.7.47": 350.0157}}, "Odin: Valhalla Rising": {"localIpCount": 1, "localIpFrequency": {"10.0.0.124": 1}, "localIpTotalDuration": 0.0, "localIpDuration": {"10.0.0.124": 0.0}}, "Minecraft": {"localIpCount": 10, "localIpFrequency": {"10.0.0.5": 27, "10.0.7.105": 2, "10.0.9.33": 1, "10.0.0.98": 2, "10.0.8.61": 6, "10.0.0.209": 3, "10.0.3.168": 3, "10.0.1.130": 2, "10.0.6.142": 1, "10.0.3.218": 1}, "localIpTotalDuration": 56202.221, "localIpDuration": {"10.0.0.5": 35335.659400000004, "10.0.7.105": 434.0107, "10.0.9.33": 1275.1548, "10.0.0.98": 2464.0506, "10.0.8.61": 4564.1587, "10.0.0.209": 4505.9388, "10.0.3.168": 4669.2092, "10.0.1.130": 1897.0359, "10.0.6.142": 7.006, "10.0.3.218": 1049.9969}}, "FIFA ONLINE 4 M": {"localIpCount": 2, "localIpFrequency": {"10.0.0.164": 1, "10.0.3.157": 1}, "localIpTotalDuration": 231.00560000000002, "localIpDuration": {"10.0.0.164": 133.001, "10.0.3.157": 98.0046}}, "Roblox (Game)": {"localIpCount": 70, "localIpFrequency": {"10.0.0.13": 2, "10.0.3.139": 3, "10.0.5.160": 1, "10.0.0.33": 8, "10.0.5.112": 3, "10.0.7.101": 1, "10.0.0.48": 7, "10.0.0.73": 2, "10.0.2.251": 4, "10.0.0.4": 4, "10.0.3.168": 2, "10.0.0.205": 1, "10.0.0.206": 1, "10.0.8.18": 1, "10.0.0.207": 1, "10.0.8.141": 1, "10.0.8.187": 4, "10.0.8.22": 1, "10.0.0.31": 1, "10.0.2.197": 2, "10.0.3.59": 2, "10.0.3.58": 3, "10.0.0.15": 3, "10.0.0.98": 3, "10.0.0.152": 1, "10.0.1.154": 1, "10.0.0.208": 2, "10.0.8.66": 1, "10.0.0.62": 3, "10.0.7.248": 1, "10.0.3.80": 4, "10.0.0.142": 2, "10.0.1.133": 1, "10.0.0.77": 2, "10.0.2.127": 1, "10.0.3.218": 3, "10.0.0.209": 1, "10.0.0.61": 1, "10.0.8.19": 1, "10.0.2.252": 1, "10.0.7.178": 1, "10.0.0.164": 1, "10.0.1.146": 2, "10.0.7.183": 2, "10.0.0.16": 3, "10.0.0.113": 1, "10.0.0.181": 6, "10.0.6.142": 1, "10.0.1.200": 1, "10.0.0.79": 1, "10.0.0.135": 2, "10.0.0.126": 1, "10.0.0.18": 6, "10.0.9.52": 1, "10.0.3.132": 3, "10.0.0.216": 1, "10.0.3.77": 1, "10.0.0.5": 6, "10.0.2.63": 2, "10.0.1.194": 1, "10.0.8.122": 1, "10.0.0.217": 1, "10.0.8.79": 15, "10.0.0.53": 2, "10.0.2.219": 3, "10.0.3.12": 1, "10.0.0.165": 1, "10.0.0.102": 2, "10.0.7.122": 2, "10.0.0.3": 1}, "localIpTotalDuration": 226812.53179999994, "localIpDuration": {"10.0.0.13": 1315.9955, "10.0.3.139": 3897.5168000000003, "10.0.5.160": 1736.0122, "10.0.0.33": 12300.758299999998, "10.0.5.112": 5348.0373, "10.0.7.101": 1799.0017, "10.0.0.48": 10318.0663, "10.0.0.73": 1533.0038, "10.0.2.251": 5845.0168, "10.0.0.4": 5963.778600000001, "10.0.3.168": 2975.0153, "10.0.0.205": 63.0016, "10.0.0.206": 280.0016, "10.0.8.18": 1728.9744, "10.0.0.207": 1476.9977, "10.0.8.141": 1798.5852, "10.0.8.187": 7194.6314999999995, "10.0.8.22": 1715.0241, "10.0.0.31": 168.0206, "10.0.2.197": 3597.2879000000003, "10.0.3.59": 3479.0204999999996, "10.0.3.58": 5382.9308, "10.0.0.15": 2205.0015, "10.0.0.98": 5375.6281, "10.0.0.152": 1267.0022, "10.0.1.154": 1798.541, "10.0.0.208": 2680.9969, "10.0.8.66": 1791.2739, "10.0.0.62": 5207.9704, "10.0.7.248": 1798.9856, "10.0.3.80": 6004.4059, "10.0.0.142": 3590.0481, "10.0.1.133": 1764.0047, "10.0.0.77": 2520.0035, "10.0.2.127": 1784.9998, "10.0.3.218": 5360.612800000001, "10.0.0.209": 1721.9998, "10.0.0.61": 763.0011, "10.0.8.19": 1798.5452, "10.0.2.252": 1799.0034, "10.0.7.178": 1798.3795, "10.0.0.164": 62.914, "10.0.1.146": 3295.5141, "10.0.7.183": 3549.1021, "10.0.0.16": 4857.6461, "10.0.0.113": 13.9997, "10.0.0.181": 10526.260999999999, "10.0.6.142": 1799.0778, "10.0.1.200": 1799.0462, "10.0.0.79": 272.995, "10.0.0.135": 1588.0015, "10.0.0.126": 1796.3172, "10.0.0.18": 8406.6287, "10.0.9.52": 1798.606, "10.0.3.132": 5030.515600000001, "10.0.0.216": 1693.9925, "10.0.3.77": 1798.5187, "10.0.0.5": 3416.0085999999997, "10.0.2.63": 3451.0029, "10.0.1.194": 1798.6437, "10.0.8.122": 1784.1759, "10.0.0.217": 244.9974, "10.0.8.79": 25779.885700000003, "10.0.0.53": 1588.9957, "10.0.2.219": 1722.0086, "10.0.3.12": 1785.019, "10.0.0.165": 294.0005, "10.0.0.102": 2100.0052, "10.0.7.122": 3401.5701, "10.0.0.3": 210.0004}}, "Roblox": {"localIpCount": 78, "localIpFrequency": {"10.0.5.150": 1, "10.0.0.13": 2, "10.0.2.110": 2, "10.0.5.112": 1, "10.0.3.139": 3, "10.0.6.254": 1, "10.0.5.220": 4, "10.0.0.4": 7, "10.0.2.251": 3, "10.0.0.48": 4, "10.0.3.168": 1, "10.0.0.205": 1, "10.0.0.14": 1, "10.0.9.48": 3, "10.0.0.206": 1, "10.0.0.74": 1, "10.0.0.207": 2, "10.0.8.141": 3, "10.0.0.62": 5, "10.0.8.187": 2, "10.0.0.31": 2, "10.0.8.22": 1, "10.0.3.59": 4, "10.0.0.43": 2, "10.0.0.15": 3, "10.0.1.130": 3, "10.0.0.21": 1, "10.0.3.150": 1, "10.0.0.208": 2, "10.0.1.154": 1, "10.0.0.33": 11, "10.0.7.248": 2, "10.0.3.80": 4, "10.0.0.106": 2, "10.0.1.133": 1, "10.0.0.77": 2, "10.0.0.142": 2, "10.0.2.127": 1, "10.0.6.122": 1, "10.0.3.218": 2, "10.0.2.252": 1, "10.0.0.73": 1, "10.0.2.248": 1, "10.0.7.183": 1, "10.0.0.16": 4, "10.0.1.146": 4, "10.0.0.181": 9, "10.0.0.113": 1, "10.0.0.79": 1, "10.0.0.76": 1, "10.0.0.135": 2, "10.0.0.209": 1, "10.0.8.66": 1, "10.0.0.24": 1, "10.0.0.214": 1, "10.0.3.107": 1, "10.0.0.18": 9, "10.0.7.102": 1, "10.0.0.5": 7, "10.0.3.47": 2, "10.0.3.132": 2, "10.0.0.152": 1, "10.0.1.194": 3, "10.0.0.250": 1, "10.0.5.242": 1, "10.0.2.63": 2, "10.0.3.158": 1, "10.0.0.72": 2, "10.0.0.55": 7, "10.0.2.210": 1, "10.0.2.219": 3, "10.0.8.79": 10, "10.0.0.53": 1, "10.0.0.219": 14, "10.0.3.12": 7, "10.0.0.102": 3, "10.0.0.3": 1, "10.0.1.200": 1}, "localIpTotalDuration": 330369.15700000006, "localIpDuration": {"10.0.5.150": 1798.5876, "10.0.0.13": 2106.9998, "10.0.2.110": 3580.8121, "10.0.5.112": 1798.5698, "10.0.3.139": 4862.4437, "10.0.6.254": 1798.5153, "10.0.5.220": 7194.766799999999, "10.0.0.4": 10828.321600000001, "10.0.2.251": 4124.9417, "10.0.0.48": 7194.0289, "10.0.3.168": 1798.5818, "10.0.0.205": 315.0071, "10.0.0.14": 231.0002, "10.0.9.48": 5395.9197, "10.0.0.206": 791.0003, "10.0.0.74": 175.0003, "10.0.0.207": 1742.9985, "10.0.8.141": 5394.9025, "10.0.0.62": 8993.966, "10.0.8.187": 3597.1958, "10.0.0.31": 2890.5509, "10.0.8.22": 1798.5775, "10.0.3.59": 7183.1752, "10.0.0.43": 3500.0042000000003, "10.0.0.15": 3401.6472, "10.0.1.130": 5395.2632, "10.0.0.21": 1797.6956, "10.0.3.150": 1796.0149, "10.0.0.208": 3583.2536, "10.0.1.154": 1798.5542, "10.0.0.33": 17017.5417, "10.0.7.248": 3597.1585999999998, "10.0.3.80": 7189.764499999999, "10.0.0.106": 3597.2138999999997, "10.0.1.133": 1797.4269, "10.0.0.77": 2806.5474, "10.0.0.142": 3597.224, "10.0.2.127": 1496.7061, "10.0.6.122": 1798.5904, "10.0.3.218": 3596.9607, "10.0.2.252": 1795.434, "10.0.0.73": 314.9984, "10.0.2.248": 1796.9276, "10.0.7.183": 1798.6157, "10.0.0.16": 5850.5923999999995, "10.0.1.146": 7188.335000000001, "10.0.0.181": 16038.888900000002, "10.0.0.113": 138.0009, "10.0.0.79": 1771.0004, "10.0.0.76": 560.0037, "10.0.0.135": 2457.9995, "10.0.0.209": 1798.1616, "10.0.8.66": 1798.5512, "10.0.0.24": 1245.9999, "10.0.0.214": 1797.6837, "10.0.3.107": 1798.5733, "10.0.0.18": 16179.856099999999, "10.0.7.102": 1798.6128, "10.0.0.5": 11185.1397, "10.0.3.47": 3597.1394, "10.0.3.132": 3594.8072, "10.0.0.152": 1797.7567, "10.0.1.194": 5395.4391, "10.0.0.250": 1798.2984, "10.0.5.242": 1798.5775, "10.0.2.63": 3573.9368000000004,