{"Roblox (Game)": {"localIpCount": 55, "localIpFrequency": {"10.0.2.14": 2, "10.0.0.9": 11, "10.0.0.121": 1, "10.0.2.63": 1, "10.0.8.248": 2, "10.0.3.80": 2, "10.0.1.249": 2, "10.0.3.7": 5, "10.0.6.225": 1, "10.0.6.234": 1, "10.0.0.14": 8, "10.0.8.187": 7, "10.0.2.197": 3, "10.0.1.91": 4, "10.0.1.187": 1, "10.0.0.149": 1, "10.0.1.252": 9, "10.0.0.2": 2, "10.0.0.204": 1, "10.0.7.5": 1, "10.0.8.79": 2, "10.0.0.33": 7, "10.0.2.64": 2, "10.0.7.130": 1, "10.0.0.151": 5, "10.0.0.246": 2, "10.0.0.82": 2, "10.0.1.194": 1, "10.0.7.101": 1, "10.0.0.75": 2, "10.0.0.71": 1, "10.0.0.250": 1, "10.0.0.12": 1, "10.0.2.82": 1, "10.0.0.157": 12, "10.0.1.133": 4, "10.0.7.223": 2, "10.0.0.98": 1, "10.0.0.32": 3, "10.0.3.57": 1, "10.0.2.210": 1, "10.0.3.121": 3, "10.0.0.4": 1, "10.0.1.250": 1, "10.0.0.122": 1, "10.0.2.169": 1, "10.0.4.110": 1, "10.0.7.178": 1, "10.0.3.66": 1, "10.0.9.22": 1, "10.0.0.165": 1, "10.0.2.96": 1, "10.0.3.218": 3, "10.0.3.114": 1, "10.0.7.54": 1}, "localIpTotalDuration": 216228.26520000005, "localIpDuration": {"10.0.2.14": 3562.107, "10.0.0.9": 14487.815799999998, "10.0.0.121": 244.9983, "10.0.2.63": 1798.002, "10.0.8.248": 3521.0346, "10.0.3.80": 3471.5341, "10.0.1.249": 1823.9992, "10.0.3.7": 8407.0502, "10.0.6.225": 1042.9891, "10.0.6.234": 1071.0019, "10.0.0.14": 9497.7527, "10.0.8.187": 12568.0334, "10.0.2.197": 5374.3743, "10.0.1.91": 6819.036099999999, "10.0.1.187": 1791.5305, "10.0.0.149": 154.9909, "10.0.1.252": 14566.217400000001, "10.0.0.2": 2808.0043, "10.0.0.204": 1792.0163, "10.0.7.5": 1798.2609, "10.0.8.79": 3548.1926000000003, "10.0.0.33": 9498.5416, "10.0.2.64": 3386.0036, "10.0.7.130": 1798.3522, "10.0.0.151": 8558.918, "10.0.0.246": 3596.6186, "10.0.0.82": 3560.0038, "10.0.1.194": 1797.9968, "10.0.7.101": 1798.6174, "10.0.0.75": 3479.9995, "10.0.0.71": 1798.1672, "10.0.0.250": 1798.3578, "10.0.0.12": 1774.9981, "10.0.2.82": 1798.5439, "10.0.0.157": 20768.456700000006, "10.0.1.133": 7138.7179, "10.0.7.223": 3589.1018, "10.0.0.98": 1798.784, "10.0.0.32": 5120.0036, "10.0.3.57": 1798.1498, "10.0.2.210": 1798.3033, "10.0.3.121": 5388.0745, "10.0.0.4": 1667.9987, "10.0.1.250": 1796.0047, "10.0.0.122": 0.001, "10.0.2.169": 1782.0082, "10.0.4.110": 1798.5437, "10.0.7.178": 1798.5039, "10.0.3.66": 1791.6853, "10.0.9.22": 1797.5998, "10.0.0.165": 1289.9991, "10.0.2.96": 1796.0004, "10.0.3.218": 5192.2515, "10.0.3.114": 1532.0017, "10.0.7.54": 1792.0155}}, "GUNS UP! Mobile": {"localIpCount": 1, "localIpFrequency": {"10.0.3.71": 1}, "localIpTotalDuration": 155.9976, "localIpDuration": {"10.0.3.71": 155.9976}}, "League of Legends: Wild Rift": {"localIpCount": 14, "localIpFrequency": {"10.0.3.124": 2, "10.0.8.229": 39, "10.0.5.181": 1, "10.0.0.27": 2, "10.0.0.29": 1, "10.0.7.227": 1, "10.0.1.48": 3, "10.0.0.12": 2, "10.0.1.177": 1, "10.0.3.126": 1, "10.0.8.248": 2, "10.0.5.220": 1, "10.0.3.129": 1, "10.0.2.96": 2}, "localIpTotalDuration": 97042.18129999995, "localIpDuration": {"10.0.3.124": 3556.9962, "10.0.8.229": 69621.38940000001, "10.0.5.181": 1778.0042, "10.0.0.27": 1756.0, "10.0.0.29": 377.9992, "10.0.7.227": 1714.8662, "10.0.1.48": 5389.5424, "10.0.0.12": 1684.9986, "10.0.1.177": 1768.0093, "10.0.3.126": 939.9966, "10.0.8.248": 3577.1892, "10.0.5.220": 1729.1779, "10.0.3.129": 1448.0043, "10.0.2.96": 1700.0078}}, "Minecraft": {"localIpCount": 8, "localIpFrequency": {"10.0.1.235": 12, "10.0.7.105": 2, "10.0.1.168": 1, "10.0.2.82": 2, "10.0.8.61": 5, "10.0.6.142": 2, "10.0.8.71": 4, "10.0.6.242": 2}, "localIpTotalDuration": 33419.905300000006, "localIpDuration": {"10.0.1.235": 15134.0721, "10.0.7.105": 693.2134, "10.0.1.168": 1323.0422, "10.0.2.82": 1400.0151999999998, "10.0.8.61": 5649.301800000001, "10.0.6.142": 2568.6473, "10.0.8.71": 5342.622, "10.0.6.242": 1308.9913}}, "Random Dice: Defense": {"localIpCount": 1, "localIpFrequency": {"10.0.6.181": 1}, "localIpTotalDuration": 69.9981, "localIpDuration": {"10.0.6.181": 69.9981}}, "Odin: Valhalla Rising": {"localIpCount": 1, "localIpFrequency": {"10.0.1.154": 1}, "localIpTotalDuration": 6.2671, "localIpDuration": {"10.0.1.154": 6.2671}}, "Roblox": {"localIpCount": 58, "localIpFrequency": {"10.0.6.234": 1, "10.0.1.249": 2, "10.0.0.121": 1, "10.0.0.9": 9, "10.0.5.112": 2, "10.0.2.63": 5, "10.0.0.5": 1, "10.0.0.84": 1, "10.0.7.54": 9, "10.0.3.7": 4, "10.0.5.220": 1, "10.0.0.56": 2, "10.0.7.101": 1, "10.0.2.108": 5, "10.0.0.14": 11, "10.0.8.141": 3, "10.0.2.197": 2, "10.0.0.37": 5, "10.0.1.91": 8, "10.0.0.2": 3, "10.0.1.252": 10, "10.0.1.69": 1, "10.0.0.33": 7, "10.0.1.176": 1, "10.0.0.27": 1, "10.0.8.20": 1, "10.0.2.196": 1, "10.0.1.194": 1, "10.0.0.63": 1, "10.0.0.151": 3, "10.0.0.250": 1, "10.0.0.31": 1, "10.0.0.82": 2, "10.0.2.220": 2, "10.0.3.57": 2, "10.0.0.75": 1, "10.0.0.157": 15, "10.0.0.159": 1, "10.0.7.223": 1, "10.0.3.121": 1, "10.0.3.107": 2, "10.0.1.133": 2, "10.0.7.241": 1, "10.0.9.19": 1, "10.0.0.32": 2, "10.0.0.122": 1, "10.0.7.178": 1, "10.0.0.4": 1, "10.0.0.160": 1, "10.0.0.71": 1, "10.0.2.96": 1, "10.0.2.139": 1, "10.0.8.187": 1, "10.0.3.80": 2, "10.0.0.126": 1, "10.0.7.47": 1, "10.0.8.79": 1, "10.0.3.114": 2}, "localIpTotalDuration": 264838.74760000006, "localIpDuration": {"10.0.6.234": 1798.5844, "10.0.1.249": 3123.7380000000003, "10.0.0.121": 1784.1931, "10.0.0.9": 15386.4294, "10.0.5.112": 3596.2501, "10.0.2.63": 8995.0515, "10.0.0.5": 455.0004, "10.0.0.84": 127.9994, "10.0.7.54": 16186.567399999998, "10.0.3.7": 7194.0621, "10.0.5.220": 1798.5727, "10.0.0.56": 2903.616, "10.0.7.101": 1798.5672, "10.0.2.108": 8992.9324, "10.0.0.14": 17418.182, "10.0.8.141": 5395.0539, "10.0.2.197": 3596.8925, "10.0.0.37": 8992.9881, "10.0.1.91": 14375.3431, "10.0.0.2": 5344.001, "10.0.1.252": 17980.1263, "10.0.1.69": 1798.6042, "10.0.0.33": 12592.2131, "10.0.1.176": 1798.5953, "10.0.0.27": 1795.9996, "10.0.8.20": 1798.6579, "10.0.2.196": 1798.5946, "10.0.1.194": 1798.229, "10.0.0.63": 405.0023, "10.0.0.151": 5395.8808, "10.0.0.250": 1798.5706, "10.0.0.31": 1798.0003, "10.0.0.82": 3592.7102, "10.0.2.220": 3596.7987000000003, "10.0.3.57": 3597.321, "10.0.0.75": 1795.0111, "10.0.0.157": 26805.496799999997, "10.0.0.159": 1798.8968, "10.0.7.223": 1797.7065, "10.0.3.121": 1799.0984, "10.0.3.107": 3597.3946, "10.0.1.133": 3597.8153, "10.0.7.241": 1798.6591, "10.0.9.19": 1798.5116, "10.0.0.32": 3595.775, "10.0.0.122": 1214.0003, "10.0.7.178": 1798.6473, "10.0.0.4": 1796.0054, "10.0.0.160": 1798.6891, "10.0.0.71": 1798.5811, "10.0.2.96": 1799.0912, "10.0.2.139": 1799.0885, "10.0.8.187": 1798.3044, "10.0.3.80": 3595.4080999999996, "10.0.0.126": 1798.9199, "10.0.7.47": 1798.5531, "10.0.8.79": 1798.4267, "10.0.3.114": 2851.3387}}, "Genshin Impact": {"localIpCount": 2, "localIpFrequency": {"10.0.0.9": 1, "10.0.1.194": 9}, "localIpTotalDuration": 12337.2112, "localIpDuration": {"10.0.0.9": 312.0004, "10.0.1.194": 12025.210799999999}}, "PUBG Mobile": {"localIpCount": 1, "localIpFrequency": {"10.0.0.121": 1}, "localIpTotalDuration": 253.9998, "localIpDuration": {"10.0.0.121": 253.9998}}, "FIFA ONLINE 4 M": {"localIpCount": 3, "localIpFrequency": {"10.0.7.5": 4, "10.0.5.220": 3, "10.0.0.250": 1}, "localIpTotalDuration": 11045.2444, "localIpDuration": {"10.0.7.5": 6425.659900000001, "10.0.5.220": 4171.5892, "10.0.0.250": 447.9953}}}