{"League of Legends: Wild Rift": {"localIpCount": 19, "localIpFrequency": {"10.0.1.70": 2, "10.0.6.30": 1, "10.0.1.193": 2, "10.0.4.147": 1, "10.0.2.64": 5, "10.0.0.188": 18, "10.0.0.105": 5, "10.0.6.34": 1, "10.0.2.171": 1, "10.0.4.206": 1, "10.0.0.157": 1, "10.0.1.129": 1, "10.0.0.155": 1, "10.0.1.19": 1, "10.0.0.138": 2, "10.0.6.55": 1, "10.0.2.225": 1, "10.0.2.159": 1, "10.0.0.81": 1}, "localIpTotalDuration": 57492.145799999984, "localIpDuration": {"10.0.1.70": 3256.259, "10.0.6.30": 18.0026, "10.0.1.193": 427.0102, "10.0.4.147": 77.0006, "10.0.2.64": 7262.9859, "10.0.0.188": 31646.488400000006, "10.0.0.105": 8862.943500000001, "10.0.6.34": 17.8029, "10.0.2.171": 518.0194, "10.0.4.206": 1790.9988, "10.0.0.157": 13.988, "10.0.1.129": 350.0004, "10.0.0.155": 553.0027, "10.0.1.19": 14.039, "10.0.0.138": 1169.0007999999998, "10.0.6.55": 324.5921, "10.0.2.225": 524.9991, "10.0.2.159": 140.0149, "10.0.0.81": 524.9975}}, "FIFA ONLINE 4 M": {"localIpCount": 2, "localIpFrequency": {"10.0.3.7": 2, "10.0.6.31": 1}, "localIpTotalDuration": 2416.0661, "localIpDuration": {"10.0.3.7": 1750.0594, "10.0.6.31": 666.0067}}, "Overwatch 2": {"localIpCount": 5, "localIpFrequency": {"10.0.3.252": 1, "10.0.6.0": 1, "10.0.4.10": 5, "10.0.6.47": 1, "10.0.4.33": 5}, "localIpTotalDuration": 15694.4387, "localIpDuration": {"10.0.3.252": 0.0, "10.0.6.0": 512.9777, "10.0.4.10": 7153.9865, "10.0.6.47": 144.215, "10.0.4.33": 7883.2595}}, "Blue Archive": {"localIpCount": 1, "localIpFrequency": {"10.0.0.94": 1}, "localIpTotalDuration": 566.9899, "localIpDuration": {"10.0.0.94": 566.9899}}, "FIFA Mobile": {"localIpCount": 1, "localIpFrequency": {"10.0.5.3": 1}, "localIpTotalDuration": 43.0223, "localIpDuration": {"10.0.5.3": 43.0223}}, "Minecraft": {"localIpCount": 9, "localIpFrequency": {"10.0.2.255": 1, "10.0.3.184": 1, "10.0.2.243": 1, "10.0.3.148": 2, "10.0.0.136": 2, "10.0.4.198": 1, "10.0.4.194": 1, "10.0.1.211": 3, "10.0.0.22": 1}, "localIpTotalDuration": 10605.1348, "localIpDuration": {"10.0.2.255": 105.0044, "10.0.3.184": 154.0052, "10.0.2.243": 1286.9984, "10.0.3.148": 1692.3851, "10.0.0.136": 3184.9647999999997, "10.0.4.198": 342.3639, "10.0.4.194": 1341.2725, "10.0.1.211": 2008.1399, "10.0.0.22": 490.0006}}, "Cookie Run: OvenBreak": {"localIpCount": 1, "localIpFrequency": {"10.0.0.94": 1}, "localIpTotalDuration": 0.0002, "localIpDuration": {"10.0.0.94": 0.0002}}, "Genshin Impact": {"localIpCount": 2, "localIpFrequency": {"10.0.5.22": 2, "10.0.4.244": 1}, "localIpTotalDuration": 614.4177, "localIpDuration": {"10.0.5.22": 470.1214, "10.0.4.244": 144.2963}}, "TFT: Teamfight Tactics": {"localIpCount": 14, "localIpFrequency": {"10.0.4.246": 4, "10.0.6.30": 1, "10.0.1.193": 6, "10.0.2.5": 2, "10.0.2.225": 2, "10.0.4.161": 5, "10.0.4.69": 8, "10.0.4.113": 1, "10.0.6.49": 2, "10.0.4.135": 1, "10.0.1.19": 1, "10.0.1.176": 1, "10.0.1.65": 2, "10.0.4.172": 1}, "localIpTotalDuration": 42456.558000000005, "localIpDuration": {"10.0.4.246": 5417.5413, "10.0.6.30": 1719.0145, "10.0.1.193": 7433.5554999999995, "10.0.2.5": 504.0268, "10.0.2.225": 2037.0141, "10.0.4.161": 6643.0876, "10.0.4.69": 11267.891099999999, "10.0.4.113": 1754.8463, "10.0.6.49": 216.1003, "10.0.4.135": 133.044, "10.0.1.19": 280.0458, "10.0.1.176": 1728.4193, "10.0.1.65": 3321.9561, "10.0.4.172": 0.0153}}, "Goddess of Victory: Nikke": {"localIpCount": 1, "localIpFrequency": {"10.0.1.165": 4}, "localIpTotalDuration": 6175.1777, "localIpDuration": {"10.0.1.165": 6175.1777}}, "Roblox": {"localIpCount": 93, "localIpFrequency": {"10.0.4.224": 1, "10.0.5.4": 1, "10.0.5.12": 1, "10.0.0.22": 20, "10.0.2.168": 2, "10.0.0.217": 24, "10.0.1.235": 1, "10.0.4.167": 1, "10.0.6.28": 1, "10.0.3.226": 6, "10.0.4.70": 4, "10.0.3.8": 1, "10.0.6.30": 11, "10.0.4.195": 1, "10.0.5.8": 1, "10.0.0.7": 4, "10.0.0.252": 9, "10.0.3.65": 2, "10.0.4.60": 1, "10.0.0.136": 2, "10.0.1.65": 4, "10.0.6.31": 3, "10.0.1.193": 5, "10.0.0.71": 4, "10.0.1.167": 2, "10.0.2.46": 4, "10.0.4.133": 1, "10.0.1.170": 2, "10.0.4.139": 4, "10.0.1.22": 1, "10.0.2.58": 1, "10.0.0.90": 1, "10.0.0.222": 6, "10.0.1.145": 1, "10.0.2.156": 2, "10.0.6.34": 5, "10.0.0.4": 4, "10.0.4.92": 1, "10.0.3.244": 4, "10.0.3.73": 3, "10.0.4.212": 1, "10.0.4.238": 1, "10.0.0.164": 2, "10.0.3.18": 1, "10.0.2.199": 2, "10.0.6.37": 4, "10.0.3.7": 1, "10.0.3.70": 2, "10.0.2.147": 1, "10.0.0.105": 1, "10.0.2.21": 1, "10.0.5.0": 2, "10.0.4.104": 2, "10.0.1.157": 1, "10.0.0.188": 10, "10.0.4.21": 1, "10.0.1.69": 1, "10.0.4.252": 2, "10.0.4.206": 1, "10.0.0.122": 2, "10.0.4.202": 1, "10.0.6.48": 1, "10.0.2.159": 1, "10.0.1.70": 2, "10.0.1.185": 1, "10.0.4.154": 1, "10.0.2.216": 1, "10.0.4.188": 1, "10.0.6.53": 1, "10.0.4.242": 1, "10.0.4.240": 2, "10.0.3.254": 1, "10.0.0.156": 1, "10.0.0.218": 2, "10.0.5.33": 1, "10.0.3.212": 1, "10.0.1.91": 1, "10.0.4.218": 1, "10.0.0.3": 1, "10.0.4.85": 1, "10.0.6.58": 1, "10.0.4.248": 1, "10.0.0.57": 1, "10.0.6.59": 2, "10.0.0.6": 2, "10.0.5.35": 1, "10.0.0.2": 1, "10.0.0.239": 1, "10.0.1.239": 1, "10.0.0.8": 1, "10.0.4.172": 1, "10.0.0.10": 1, "10.0.0.33": 1}, "localIpTotalDuration": 401620.11939999997, "localIpDuration": {"10.0.4.224": 1798.7492, "10.0.5.4": 1799.5671, "10.0.5.12": 1798.5949, "10.0.0.22": 34128.5219, "10.0.2.168": 3597.5026, "10.0.0.217": 40595.172999999995, "10.0.1.235": 1798.7672, "10.0.4.167": 1799.7064, "10.0.6.28": 1798.6429, "10.0.3.226": 10792.5549, "10.0.4.70": 7194.9318, "10.0.3.8": 1799.6168, "10.0.6.30": 19788.006800000003, "10.0.4.195": 1798.7124, "10.0.5.8": 1799.525, "10.0.0.7": 7187.0082999999995, "10.0.0.252": 16181.798999999999, "10.0.3.65": 3597.5249999999996, "10.0.4.60": 1799.5755, "10.0.0.136": 3597.4527, "10.0.1.65": 7198.3196, "10.0.6.31": 5395.6265, "10.0.1.193": 8987.087800000001, "10.0.0.71": 7188.2982999999995, "10.0.1.167": 3598.5265, "10.0.2.46": 7198.1128, "10.0.4.133": 1799.5379, "10.0.1.170": 3599.0792, "10.0.4.139": 7195.0563999999995, "10.0.1.22": 1799.5501, "10.0.2.58": 1799.7411, "10.0.0.90": 1799.0052, "10.0.0.222": 10790.3736, "10.0.1.145": 1798.7572, "10.0.2.156": 3599.4026, "10.0.6.34": 8993.6294, "10.0.0.4": 7188.1732, "10.0.4.92": 1799.8926, "10.0.3.244": 7193.4286, "10.0.3.73": 5398.7903, "10.0.4.212": 1798.7502, "10.0.4.238": 1798.7831, "10.0.0.164": 3599.8597, "10.0.3.18": 1798.7746, "10.0.2.199": 3597.4917, "10.0.6.37": 7193.6486, "10.0.3.7": 1798.7283, "10.0.3.70": 3598.8529, "10.0.2.147": 1799.9996, "10.0.0.105": 1799.4034, "10.0.2.21": 1799.9048, "10.0.5.0": 3597.5302, "10.0.4.104": 3599.4395, "10.0.1.157": 1797.7943, "10.0.0.188": 16019.5183, "10.0.4.21": 1798.2016, "10.0.1.69": 20.9883, "10.0.4.252": 3597.5559000000003, "10.0.4.206": 1799.9958, "10.0.0.122": 2127.6376, "10.0.4.202": 1798.6765, "10.0.6.48": 1798.994, "10.0.2.159": 1798.8066, "10.0.1.70": 2940.9431, "10.0.1.185": 1799.5779, "10.0.4.154": 1798.7497, "10.0.2.216": 1799.4543, "10.0.4.188": 1799.9979, "10.0.6.53": 1798.4216, "10.0.4.242": 1798.9323, "10.0.4.240": 3597.6885, "10.0.3.254": 1799.6391, "10.0.0.156": 1798.6996, "10.0.0.218": 3597.2201999999997, "10.0.5.33": 1799.9991, "10.0.3.212": 1798.6048, "10.0.1.91": 1798.6085, "10.0.4.218": 1798.6582, "10.0.0.3": 1799.0017, "10.0.4.85": 1799.9447, "10.0.6.58": 1798.021, "10.0.4.248": 1798.7459, "10.0.0.57": 1799.9987, "10.0.6.59": 3597.2581, "10.0.0.6": 3597.5525, "10.0.5.35": 1798.8111, "10.0.0.2": 1798.9922, "10.0.0.239": 1799.8109, "10.0.1.239": 1799.4878, "10.0.0.8": 1798.5815, "10.0.4.172": 1798.7317, "10.0.0.10": 1799.5804, "10.0.0.33": 1798.7486}}, "Cookie Run: Kingdom": {"localIpCount": 2, "localIpFrequency": {"10.0.3.161": 2, "10.0.5.22": 3}, "localIpTotalDuration": 6183.5931, "localIpDuration": {"10.0.3.161": 2205.0471, "10.0.5.22": 3978.5460000000003}}}