{"Hero Blaze: Three Kingdoms": {"localIpCount": 2, "localIpFrequency": {"10.0.0.162": 4, "10.0.0.218": 1}, "totalDuration": 678.7243, "localIpDuration": {"10.0.0.162": 621.3578, "10.0.0.218": 57.3665}}, "Cookie Run: Kingdom": {"localIpCount": 2, "localIpFrequency": {"10.0.1.72": 3, "10.0.0.83": 1}, "totalDuration": 3969.6973, "localIpDuration": {"10.0.1.72": 3639.7023, "10.0.0.83": 329.995}}, "World of Tanks": {"localIpCount": 1, "localIpFrequency": {"10.0.0.2": 1}, "totalDuration": 0.0002, "localIpDuration": {"10.0.0.2": 0.0002}}, "Roblox (Game)": {"localIpCount": 77, "localIpFrequency": {"10.0.0.4": 2, "10.0.0.10": 6, "10.0.0.18": 4, "10.0.0.19": 10, "10.0.0.22": 8, "10.0.0.27": 8, "10.0.0.36": 2, "10.0.0.42": 4, "10.0.0.21": 2, "10.0.0.46": 5, "10.0.0.52": 4, "10.0.0.50": 6, "10.0.0.71": 6, "10.0.0.44": 2, "10.0.0.49": 2, "10.0.0.24": 2, "10.0.0.30": 6, "10.0.0.78": 2, "10.0.0.28": 3, "10.0.0.41": 3, "10.0.0.2": 19, "10.0.0.17": 4, "10.0.0.12": 8, "10.0.0.26": 5, "10.0.0.45": 3, "10.0.0.48": 2, "10.0.0.55": 2, "10.0.0.57": 2, "10.0.0.58": 1, "10.0.0.69": 2, "10.0.0.70": 3, "10.0.0.73": 7, "10.0.0.23": 4, "10.0.0.84": 1, "10.0.0.86": 1, "10.0.0.88": 4, "10.0.0.94": 3, "10.0.0.91": 1, "10.0.0.97": 1, "10.0.0.56": 1, "10.0.0.102": 4, "10.0.0.33": 9, "10.0.0.35": 2, "10.0.0.53": 3, "10.0.0.111": 1, "10.0.0.115": 3, "10.0.0.116": 1, "10.0.0.7": 5, "10.0.0.99": 1, "10.0.0.120": 1, "10.0.0.128": 3, "10.0.0.129": 3, "10.0.0.109": 2, "10.0.0.151": 1, "10.0.0.146": 3, "10.0.0.171": 1, "10.0.0.176": 5, "10.0.0.131": 3, "10.0.0.87": 2, "10.0.0.198": 1, "10.0.0.38": 2, "10.0.0.193": 2, "10.0.0.245": 1, "10.0.1.48": 3, "10.0.1.69": 1, "10.0.1.61": 7, "10.0.1.86": 1, "10.0.1.49": 3, "10.0.1.118": 1, "10.0.1.128": 1, "10.0.1.125": 1, "10.0.1.137": 1, "10.0.1.140": 1, "10.0.1.147": 1, "10.0.0.47": 1, "10.0.1.99": 1, "10.0.0.195": 6}, "totalDuration": 373612.72679999995, "localIpDuration": {"10.0.0.4": 51.1066, "10.0.0.10": 3672.3949999999995, "10.0.0.18": 3608.6965999999998, "10.0.0.19": 15447.922999999999, "10.0.0.22": 12406.549100000002, "10.0.0.27": 13879.818800000001, "10.0.0.36": 3558.2012, "10.0.0.42": 5181.3242, "10.0.0.21": 3579.0654, "10.0.0.46": 7171.9991, "10.0.0.52": 7080.031800000001, "10.0.0.50": 5860.3985999999995, "10.0.0.71": 5255.955999999999, "10.0.0.44": 3345.6954, "10.0.0.49": 3467.0022, "10.0.0.24": 3566.5584, "10.0.0.30": 10378.730599999999, "10.0.0.78": 3596.213, "10.0.0.28": 5350.007100000001, "10.0.0.41": 1859.889, "10.0.0.2": 29322.262299999995, "10.0.0.17": 7167.1819, "10.0.0.12": 14230.0088, "10.0.0.26": 8928.9491, "10.0.0.45": 5350.6184, "10.0.0.48": 3590.1323, "10.0.0.55": 3403.0337, "10.0.0.57": 3458.928, "10.0.0.58": 25.9996, "10.0.0.69": 1706.006, "10.0.0.70": 3581.2888, "10.0.0.73": 6150.1017, "10.0.0.23": 6868.000599999999, "10.0.0.84": 1737.0041, "10.0.0.86": 1799.0039, "10.0.0.88": 7016.0567, "10.0.0.94": 5377.3994, "10.0.0.91": 1795.0803, "10.0.0.97": 1780.0082, "10.0.0.56": 1793.0073, "10.0.0.102": 6637.5614000000005, "10.0.0.33": 15839.9264, "10.0.0.35": 3492.8086999999996, "10.0.0.53": 5283.9466999999995, "10.0.0.111": 208.9247, "10.0.0.115": 3593.9941, "10.0.0.116": 2.9836, "10.0.0.7": 5922.1682, "10.0.0.99": 1556.9977, "10.0.0.120": 1722.0096, "10.0.0.128": 5373.0822, "10.0.0.129": 5357.1106, "10.0.0.109": 3543.0076, "10.0.0.151": 1791.0037, "10.0.0.146": 4393.0849, "10.0.0.171": 1149.9135, "10.0.0.176": 8795.0255, "10.0.0.131": 5321.014999999999, "10.0.0.87": 3411.3860000000004, "10.0.0.198": 1759.6218, "10.0.0.38": 3389.6971000000003, "10.0.0.193": 3374.7037, "10.0.0.245": 1724.0192, "10.0.1.48": 4083.0953, "10.0.1.69": 1793.7118, "10.0.1.61": 10983.0037, "10.0.1.86": 1610.0096, "10.0.1.49": 5232.3932, "10.0.1.118": 1753.5944, "10.0.1.128": 1676.8104, "10.0.1.125": 1518.1016, "10.0.1.137": 1760.0926, "10.0.1.140": 1797.4962, "10.0.1.147": 1233.9988, "10.0.0.47": 1434.1124, "10.0.1.99": 1774.1928, "10.0.0.195": 9920.4899}}, "League of Legends: Wild Rift": {"localIpCount": 74, "localIpFrequency": {"10.0.0.38": 1, "10.0.0.39": 1, "10.0.0.40": 2, "10.0.0.17": 4, "10.0.0.57": 1, "10.0.0.60": 1, "10.0.0.72": 7, "10.0.0.82": 2, "10.0.0.94": 8, "10.0.0.98": 2, "10.0.0.112": 1, "10.0.0.88": 1, "10.0.0.46": 1, "10.0.0.115": 4, "10.0.0.107": 1, "10.0.0.69": 1, "10.0.0.132": 1, "10.0.0.117": 4, "10.0.0.138": 2, "10.0.0.34": 2, "10.0.0.111": 1, "10.0.0.184": 2, "10.0.0.185": 1, "10.0.0.163": 3, "10.0.0.172": 1, "10.0.0.168": 4, "10.0.0.195": 1, "10.0.0.206": 1, "10.0.0.220": 1, "10.0.1.77": 3, "10.0.0.254": 1, "10.0.0.203": 1, "10.0.1.66": 1, "10.0.1.47": 1, "10.0.1.71": 1, "10.0.0.20": 2, "10.0.1.100": 2, "10.0.1.38": 3, "10.0.0.30": 5, "10.0.1.90": 1, "10.0.1.59": 7, "10.0.0.7": 1, "10.0.0.11": 2, "10.0.0.84": 1, "10.0.0.56": 1, "10.0.0.15": 6, "10.0.0.47": 5, "10.0.0.24": 1, "10.0.0.16": 1, "10.0.0.13": 1, "10.0.0.90": 1, "10.0.0.141": 1, "10.0.0.66": 1, "10.0.0.62": 1, "10.0.0.151": 1, "10.0.0.180": 1, "10.0.0.129": 1, "10.0.0.164": 2, "10.0.0.217": 1, "10.0.0.235": 1, "10.0.0.249": 2, "10.0.0.244": 1, "10.0.1.26": 1, "10.0.1.40": 4, "10.0.0.255": 1, "10.0.0.238": 1, "10.0.1.2": 1, "10.0.0.50": 1, "10.0.0.157": 1, "10.0.0.215": 3, "10.0.1.117": 1, "10.0.0.243": 1, "10.0.1.7": 1, "10.0.0.236": 1}, "totalDuration": 97823.04670000006, "localIpDuration": {"10.0.0.38": 75.1012, "10.0.0.39": 332.5471, "10.0.0.40": 2564.0518, "10.0.0.17": 3764.7922, "10.0.0.57": 124.6238, "10.0.0.60": 692.1027, "10.0.0.72": 2025.5951, "10.0.0.82": 599.7906, "10.0.0.94": 4760.7932, "10.0.0.98": 636.9556, "10.0.0.112": 286.8987, "10.0.0.88": 327.1297, "10.0.0.46": 331.8455, "10.0.0.115": 2250.0523, "10.0.0.107": 333.1276, "10.0.0.69": 543.9521, "10.0.0.132": 2106.7433, "10.0.0.117": 2252.361, "10.0.0.138": 1313.5873000000001, "10.0.0.34": 1731.5406, "10.0.0.111": 301.7127, "10.0.0.184": 1809.9992, "10.0.0.185": 533.8451, "10.0.0.163": 753.1777999999999, "10.0.0.172": 300.84, "10.0.0.168": 1217.0021000000002, "10.0.0.195": 388.95, "10.0.0.206": 299.9484, "10.0.0.220": 392.0026, "10.0.1.77": 3459.4875, "10.0.0.254": 290.7372, "10.0.0.203": 1529.3029, "10.0.1.66": 565.3683, "10.0.1.47": 1797.5457, "10.0.1.71": 480.6321, "10.0.0.20": 899.5128, "10.0.1.100": 1597.9329, "10.0.1.38": 1424.6805, "10.0.0.30": 3501.4823, "10.0.1.90": 1722.9819, "10.0.1.59": 11153.860700000001, "10.0.0.7": 38.0938, "10.0.0.11": 826.5615, "10.0.0.84": 652.3052, "10.0.0.56": 627.4864, "10.0.0.15": 5359.3402, "10.0.0.47": 2538.3507, "10.0.0.24": 121.9928, "10.0.0.16": 481.0038, "10.0.0.13": 1030.9906, "10.0.0.90": 1668.9999, "10.0.0.141": 359.7302, "10.0.0.66": 272.002, "10.0.0.62": 1691.0046, "10.0.0.151": 268.2141, "10.0.0.180": 1313.0152, "10.0.0.129": 20.906, "10.0.0.164": 1318.31, "10.0.0.217": 108.1854, "10.0.0.235": 327.8925, "10.0.0.249": 681.8208999999999, "10.0.0.244": 1079.2857, "10.0.1.26": 854.2152, "10.0.1.40": 6333.5653999999995, "10.0.0.255": 1393.9859, "10.0.0.238": 272.2823, "10.0.1.2": 1118.0893, "10.0.0.50": 1155.006, "10.0.0.157": 583.9989, "10.0.0.215": 2705.1252, "10.0.1.117": 395.613, "10.0.0.243": 618.0877, "10.0.1.7": 62.8108, "10.0.0.236": 70.1814}}, "Diablo Immortal": {"localIpCount": 1, "localIpFrequency": {"10.0.0.3": 1}, "totalDuration": 0.0001, "localIpDuration": {"10.0.0.3": 0.0001}}, "Roblox": {"localIpCount": 137, "localIpFrequency": {"10.0.0.41": 27, "10.0.0.42": 9, "10.0.0.54": 2, "10.0.0.88": 62, "10.0.0.84": 99, "10.0.0.102": 5, "10.0.0.79": 3, "10.0.0.104": 2, "10.0.0.93": 20, "10.0.0.180": 54, "10.0.0.192": 5, "10.0.0.196": 2, "10.0.0.200": 1, "10.0.0.94": 4, "10.0.0.217": 3, "10.0.0.219": 36, "10.0.1.6": 5, "10.0.0.168": 6, "10.0.0.162": 5, "10.0.0.72": 6, "10.0.0.203": 26, "10.0.0.113": 6, "10.0.1.3": 5, "10.0.1.79": 1, "10.0.1.76": 1, "10.0.0.191": 10, "10.0.0.107": 2, "10.0.1.83": 4, "10.0.0.120": 5, "10.0.1.48": 3, "10.0.0.139": 2, "10.0.0.152": 2, "10.0.0.145": 1, "10.0.1.92": 4, "10.0.0.119": 3, "10.0.1.86": 2, "10.0.1.98": 2, "10.0.0.23": 6, "10.0.0.166": 2, "10.0.0.155": 1, "10.0.1.7": 2, "10.0.1.94": 3, "10.0.0.206": 1,