{"Genshin Impact": {"localIpCount": 1, "localIpFrequency": {"10.0.0.55": 1}, "localIpTotalDuration": 97.9978, "localIpDuration": {"10.0.0.55": 97.9978}}, "Roblox": {"localIpCount": 23, "localIpFrequency": {"10.0.0.26": 2, "10.0.0.30": 1, "10.0.0.34": 1, "10.0.0.36": 1, "10.0.0.19": 8, "10.0.0.37": 3, "10.0.0.3": 1, "10.0.0.43": 1, "10.0.0.14": 1, "10.0.0.46": 4, "10.0.0.38": 1, "10.0.0.45": 1, "10.0.0.5": 1, "10.0.0.47": 1, "10.0.0.9": 1, "10.0.0.51": 1, "10.0.0.22": 2, "10.0.0.63": 1, "10.0.0.75": 2, "10.0.0.78": 1, "10.0.0.60": 1, "10.0.0.28": 2, "10.0.0.86": 1}, "localIpTotalDuration": 66756.54000000001, "localIpDuration": {"10.0.0.26": 3596.6092, "10.0.0.30": 467.4933, "10.0.0.34": 987.0016, "10.0.0.36": 588.0018, "10.0.0.19": 14382.8144, "10.0.0.37": 5390.8105, "10.0.0.3": 1797.608, "10.0.0.43": 1797.8242, "10.0.0.14": 1797.8044, "10.0.0.46": 7189.509, "10.0.0.38": 1797.4203, "10.0.0.45": 1797.4069, "10.0.0.5": 1797.8363, "10.0.0.47": 1797.4849, "10.0.0.9": 1798.1192, "10.0.0.51": 1796.6973, "10.0.0.22": 3594.3298, "10.0.0.63": 1797.4974, "10.0.0.75": 3594.696, "10.0.0.78": 1798.0293, "10.0.0.60": 1797.5136, "10.0.0.28": 3596.1328000000003, "10.0.0.86": 1797.8998}}, "MIR4": {"localIpCount": 1, "localIpFrequency": {"10.0.0.55": 1}, "localIpTotalDuration": 189.1665, "localIpDuration": {"10.0.0.55": 189.1665}}, "Minecraft": {"localIpCount": 1, "localIpFrequency": {"10.0.0.85": 1}, "localIpTotalDuration": 125.9965, "localIpDuration": {"10.0.0.85": 125.9965}}, "League of Legends: Wild Rift": {"localIpCount": 4, "localIpFrequency": {"10.0.0.61": 1, "10.0.0.52": 1, "10.0.0.84": 1, "10.0.0.28": 1}, "localIpTotalDuration": 469.0022, "localIpDuration": {"10.0.0.61": 140.0059, "10.0.0.52": 153.9958, "10.0.0.84": 27.9984, "10.0.0.28": 147.0021}}, "Roblox (Game)": {"localIpCount": 17, "localIpFrequency": {"10.0.0.26": 2, "10.0.0.34": 1, "10.0.0.19": 5, "10.0.0.14": 1, "10.0.0.3": 1, "10.0.0.37": 4, "10.0.0.38": 5, "10.0.0.47": 3, "10.0.0.45": 2, "10.0.0.5": 1, "10.0.0.53": 1, "10.0.0.75": 4, "10.0.0.78": 2, "10.0.0.60": 1, "10.0.0.9": 1, "10.0.0.83": 2, "10.0.0.86": 1}, "localIpTotalDuration": 61949.44170000002, "localIpDuration": {"10.0.0.26": 2135.0017, "10.0.0.34": 819.0003, "10.0.0.19": 8944.7423, "10.0.0.14": 1596.0029, "10.0.0.3": 1799.0001, "10.0.0.37": 6990.7432, "10.0.0.38": 8936.213800000001, "10.0.0.47": 5372.5997, "10.0.0.45": 3582.5076, "10.0.0.5": 1791.9929, "10.0.0.53": 1792.0616, "10.0.0.75": 6881.1654, "10.0.0.78": 3589.1777, "10.0.0.60": 1799.0031, "10.0.0.9": 1720.1422, "10.0.0.83": 2611.0139, "10.0.0.86": 1589.0733}}}