{"Minecraft": {"localIpCount": 4, "localIpFrequency": {"10.0.59.44": 1, "10.0.59.174": 1, "10.0.60.33": 1, "10.0.60.76": 1}, "localIpTotalDuration": 482.9987, "localIpDuration": {"10.0.59.44": 273.0011, "10.0.59.174": 209.9958, "10.0.60.33": 0.0018, "10.0.60.76": 0.0}}, "FIFA ONLINE 4 M": {"localIpCount": 1, "localIpFrequency": {"10.0.59.65": 3}, "localIpTotalDuration": 3129.0055, "localIpDuration": {"10.0.59.65": 3129.0055}}, "League of Legends: Wild Rift": {"localIpCount": 11, "localIpFrequency": {"10.0.59.71": 1, "10.0.58.229": 1, "10.0.59.65": 1, "10.0.59.100": 1, "10.0.59.164": 1, "10.0.59.150": 1, "10.0.59.191": 1, "10.0.59.109": 1, "10.0.60.21": 1, "10.0.60.47": 1, "10.0.60.114": 1}, "localIpTotalDuration": 7917.024600000001, "localIpDuration": {"10.0.59.71": 532.0028, "10.0.58.229": 1448.9998, "10.0.59.65": 259.0014, "10.0.59.100": 28.0174, "10.0.59.164": 763.0149, "10.0.59.150": 1098.9619, "10.0.59.191": 168.0204, "10.0.59.109": 1372.0118, "10.0.60.21": 1266.9863, "10.0.60.47": 0.0001, "10.0.60.114": 980.0078}}, "Roblox": {"localIpCount": 52, "localIpFrequency": {"10.0.58.114": 1, "10.0.59.65": 1, "10.0.58.239": 1, "10.0.58.115": 2, "10.0.59.80": 1, "10.0.59.81": 2, "10.0.58.227": 1, "10.0.58.112": 4, "10.0.59.44": 2, "10.0.58.228": 1, "10.0.59.85": 1, "10.0.59.86": 1, "10.0.59.87": 1, "10.0.59.101": 4, "10.0.59.94": 1, "10.0.59.96": 1, "10.0.59.114": 1, "10.0.59.99": 2, "10.0.59.111": 1, "10.0.59.108": 1, "10.0.59.146": 1, "10.0.59.164": 1, "10.0.59.175": 1, "10.0.59.158": 2, "10.0.59.186": 1, "10.0.59.177": 1, "10.0.59.125": 1, "10.0.59.183": 1, "10.0.59.98": 1, "10.0.59.210": 1, "10.0.59.132": 2, "10.0.59.205": 1, "10.0.59.215": 1, "10.0.59.243": 1, "10.0.60.14": 2, "10.0.60.2": 1, "10.0.59.163": 1, "10.0.59.112": 1, "10.0.59.161": 1, "10.0.60.20": 1, "10.0.60.32": 1, "10.0.59.239": 1, "10.0.59.203": 1, "10.0.60.40": 1, "10.0.59.245": 6, "10.0.60.47": 2, "10.0.60.49": 1, "10.0.60.58": 1, "10.0.60.87": 1, "10.0.60.96": 1, "10.0.60.55": 1, "10.0.60.59": 1}, "localIpTotalDuration": 127689.36959999999, "localIpDuration": {"10.0.58.114": 1798.7569, "10.0.59.65": 1798.7779, "10.0.58.239": 1798.7426, "10.0.58.115": 3597.4728999999998, "10.0.59.80": 1798.7663, "10.0.59.81": 3597.4674999999997, "10.0.58.227": 1798.7523, "10.0.58.112": 7194.943, "10.0.59.44": 3596.9208, "10.0.58.228": 1798.7672, "10.0.59.85": 1798.7523, "10.0.59.86": 1799.0138, "10.0.59.87": 1798.7692, "10.0.59.101": 7188.0232000000005, "10.0.59.94": 1798.7376, "10.0.59.96": 1798.6676, "10.0.59.114": 1798.7537, "10.0.59.99": 3597.8968, "10.0.59.111": 1798.6517, "10.0.59.108": 1798.7163, "10.0.59.146": 1798.665, "10.0.59.164": 1798.6887, "10.0.59.175": 1798.7366, "10.0.59.158": 3597.4851, "10.0.59.186": 1798.6042, "10.0.59.177": 1798.7353, "10.0.59.125": 1798.6917, "10.0.59.183": 1798.7529, "10.0.59.98": 1798.7295, "10.0.59.210": 1798.7514, "10.0.59.132": 3597.4944, "10.0.59.205": 1798.7674, "10.0.59.215": 1798.6417, "10.0.59.243": 1798.6709, "10.0.60.14": 3597.3436, "10.0.60.2": 1798.6726, "10.0.59.163": 1798.708, "10.0.59.112": 1798.752, "10.0.59.161": 1798.7513, "10.0.60.20": 1798.7211, "10.0.60.32": 1798.7509, "10.0.59.239": 1798.7532, "10.0.59.203": 1798.7545, "10.0.60.40": 1798.7618, "10.0.59.245": 10778.716, "10.0.60.47": 3597.7743, "10.0.60.49": 1798.7542, "10.0.60.58": 1798.6002, "10.0.60.87": 1798.7094, "10.0.60.96": 1798.7211, "10.0.60.55": 1798.66, "10.0.60.59": 1798.701}}, "Brawl Stars": {"localIpCount": 1, "localIpFrequency": {"10.0.59.134": 1}, "localIpTotalDuration": 1155.0156, "localIpDuration": {"10.0.59.134": 1155.0156}}, "TFT: Teamfight Tactics": {"localIpCount": 2, "localIpFrequency": {"10.0.58.229": 1, "10.0.59.65": 3}, "localIpTotalDuration": 4564.0048, "localIpDuration": {"10.0.58.229": 1651.9984, "10.0.59.65": 2912.0064}}, "Overwatch 2": {"localIpCount": 1, "localIpFrequency": {"10.0.60.71": 2}, "localIpTotalDuration": 2758.021, "localIpDuration": {"10.0.60.71": 2758.021}}, "Genshin Impact": {"localIpCount": 1, "localIpFrequency": {"10.0.60.43": 2}, "localIpTotalDuration": 553.2434000000001, "localIpDuration": {"10.0.60.43": 553.2434000000001}}}