{"Minecraft": {"localIpCount": 1, "localIpFrequency": {"10.0.1.235": 12}, "localIpTotalDuration": 15134.0721, "localIpDuration": {"10.0.1.235": 15134.0721}}, "Roblox (Game)": {"localIpCount": 13, "localIpFrequency": {"10.0.2.63": 1, "10.0.3.80": 2, "10.0.1.249": 2, "10.0.1.91": 4, "10.0.1.252": 9, "10.0.2.64": 2, "10.0.0.33": 3, "10.0.1.133": 4, "10.0.3.121": 3, "10.0.1.250": 1, "10.0.2.169": 1, "10.0.2.96": 1, "10.0.3.114": 1}, "localIpTotalDuration": 56625.1202, "localIpDuration": {"10.0.2.63": 1798.002, "10.0.3.80": 3471.5341, "10.0.1.249": 1823.9992, "10.0.1.91": 6819.036099999999, "10.0.1.252": 14566.217400000001, "10.0.2.64": 3386.0036, "10.0.0.33": 5327.5204, "10.0.1.133": 7138.7179, "10.0.3.121": 5388.0745, "10.0.1.250": 1796.0047, "10.0.2.169": 1782.0082, "10.0.2.96": 1796.0004, "10.0.3.114": 1532.0017}}, "Roblox": {"localIpCount": 12, "localIpFrequency": {"10.0.1.249": 2, "10.0.2.63": 5, "10.0.1.91": 8, "10.0.1.252": 10, "10.0.0.33": 2, "10.0.3.121": 1, "10.0.1.133": 2, "10.0.2.96": 1, "10.0.2.139": 1, "10.0.3.80": 2, "10.0.0.126": 1, "10.0.3.114": 1}, "localIpTotalDuration": 64260.26260000001, "localIpDuration": {"10.0.1.249": 3123.7380000000003, "10.0.2.63": 8995.0515, "10.0.1.91": 14375.3431, "10.0.1.252": 17980.1263, "10.0.0.33": 3598.0665, "10.0.3.121": 1799.0984, "10.0.1.133": 3597.8153, "10.0.2.96": 1799.0912, "10.0.2.139": 1799.0885, "10.0.3.80": 3595.4080999999996, "10.0.0.126": 1798.9199, "10.0.3.114": 1798.5158}}, "League of Legends: Wild Rift": {"localIpCount": 5, "localIpFrequency": {"10.0.3.124": 2, "10.0.1.177": 1, "10.0.3.126": 1, "10.0.3.129": 1, "10.0.2.96": 2}, "localIpTotalDuration": 9413.014200000001, "localIpDuration": {"10.0.3.124": 3556.9962, "10.0.1.177": 1768.0093, "10.0.3.126": 939.9966, "10.0.3.129": 1448.0043, "10.0.2.96": 1700.0078}}, "GUNS UP! Mobile": {"localIpCount": 1, "localIpFrequency": {"10.0.3.71": 1}, "localIpTotalDuration": 155.9976, "localIpDuration": {"10.0.3.71": 155.9976}}}