{"Brawl Stars": {"localIpCount": 1, "localIpFrequency": {"10.0.0.233": 1}, "localIpTotalDuration": 77.0059, "localIpDuration": {"10.0.0.233": 77.0059}}, "Minecraft": {"localIpCount": 7, "localIpFrequency": {"10.0.7.192": 1, "10.0.6.246": 1, "10.0.8.37": 1, "10.0.5.0": 1, "10.0.2.231": 1, "10.0.0.195": 8, "10.0.8.167": 1}, "localIpTotalDuration": 15638.191600000002, "localIpDuration": {"10.0.7.192": 62.9789, "10.0.6.246": 202.9914, "10.0.8.37": 1631.0461, "10.0.5.0": 1267.0461, "10.0.2.231": 1092.0194, "10.0.0.195": 11095.0714, "10.0.8.167": 287.0383}}, "Honkai: Star Rail": {"localIpCount": 1, "localIpFrequency": {"10.0.7.233": 1}, "localIpTotalDuration": 14.0022, "localIpDuration": {"10.0.7.233": 14.0022}}, "Genshin Impact": {"localIpCount": 1, "localIpFrequency": {"10.0.8.56": 3}, "localIpTotalDuration": 665.2456999999999, "localIpDuration": {"10.0.8.56": 665.2456999999999}}, "Roblox": {"localIpCount": 42, "localIpFrequency": {"10.0.7.105": 5, "10.0.8.180": 2, "10.0.7.107": 1, "10.0.8.156": 3, "10.0.3.105": 2, "10.0.7.192": 1, "10.0.0.162": 1, "10.0.4.246": 1, "10.0.7.233": 8, "10.0.0.180": 1, "10.0.5.80": 2, "10.0.0.29": 2, "10.0.7.66": 1, "10.0.6.72": 1, "10.0.5.245": 1, "10.0.2.231": 1, "10.0.8.101": 1, "10.0.7.124": 1, "10.0.7.5": 4, "10.0.7.90": 3, "10.0.0.126": 1, "10.0.7.128": 1, "10.0.5.0": 1, "10.0.3.218": 1, "10.0.6.60": 1, "10.0.6.152": 1, "10.0.6.35": 2, "10.0.6.109": 1, "10.0.6.125": 1, "10.0.7.230": 2, "10.0.8.93": 2, "10.0.5.157": 3, "10.0.7.211": 1, "10.0.0.19": 2, "10.0.3.133": 2, "10.0.8.194": 2, "10.0.8.184": 1, "10.0.7.32": 4, "10.0.7.42": 3, "10.0.8.219": 2, "10.0.3.65": 1, "10.0.7.183": 1}, "localIpTotalDuration": 140302.192, "localIpDuration": {"10.0.7.105": 8993.8483, "10.0.8.180": 3597.5017, "10.0.7.107": 1798.7827, "10.0.8.156": 5396.2577, "10.0.3.105": 3597.5059, "10.0.7.192": 1798.7616, "10.0.0.162": 1798.7777, "10.0.4.246": 1798.7434, "10.0.7.233": 14389.2446, "10.0.0.180": 1798.7797, "10.0.5.80": 3597.4753, "10.0.0.29": 3597.7462, "10.0.7.66": 1798.779, "10.0.6.72": 1798.7944, "10.0.5.245": 1798.7545, "10.0.2.231": 1798.8324, "10.0.8.101": 1798.509, "10.0.7.124": 1798.7502, "10.0.7.5": 7194.9094, "10.0.7.90": 5396.2171, "10.0.0.126": 1798.7657, "10.0.7.128": 1798.6718, "10.0.5.0": 1798.8133, "10.0.3.218": 1798.818, "10.0.6.60": 1798.7458, "10.0.6.152": 1798.769, "10.0.6.35": 3597.4932, "10.0.6.109": 1798.6984, "10.0.6.125": 1799.0777, "10.0.7.230": 3596.886, "10.0.8.93": 3597.4485, "10.0.5.157": 5396.2112, "10.0.7.211": 1798.7582, "10.0.0.19": 3597.5079, "10.0.3.133": 3597.5488, "10.0.8.194": 3597.5597, "10.0.8.184": 1798.782, "10.0.7.32": 7195.3194, "10.0.7.42": 5396.2585, "10.0.8.219": 3597.5232, "10.0.3.65": 1798.7815, "10.0.7.183": 1798.7834}}, "FIFA ONLINE 4 M": {"localIpCount": 1, "localIpFrequency": {"10.0.4.67": 1}, "localIpTotalDuration": 679.035, "localIpDuration": {"10.0.4.67": 679.035}}, "League of Legends: Wild Rift": {"localIpCount": 16, "localIpFrequency": {"10.0.8.156": 1, "10.0.8.191": 1, "10.0.8.24": 1, "10.0.4.125": 1, "10.0.8.180": 3, "10.0.8.67": 1, "10.0.8.201": 1, "10.0.5.0": 1, "10.0.0.56": 1, "10.0.7.26": 1, "10.0.6.117": 1, "10.0.7.202": 1, "10.0.8.48": 1, "10.0.7.87": 1, "10.0.7.217": 1, "10.0.8.218": 1}, "localIpTotalDuration": 15847.556199999999, "localIpDuration": {"10.0.8.156": 517.9991, "10.0.8.191": 798.0029, "10.0.8.24": 1673.0149, "10.0.4.125": 1651.9953, "10.0.8.180": 1903.8137000000002, "10.0.8.67": 0.0, "10.0.8.201": 1791.9896, "10.0.5.0": 1581.7846, "10.0.0.56": 1490.9974, "10.0.7.26": 419.9742, "10.0.6.117": 28.0025, "10.0.7.202": 196.0295, "10.0.8.48": 1252.9839, "10.0.7.87": 1623.9357, "10.0.7.217": 273.0341, "10.0.8.218": 643.9988}}, "Among us": {"localIpCount": 1, "localIpFrequency": {"10.0.5.176": 2}, "localIpTotalDuration": 2170.1147, "localIpDuration": {"10.0.5.176": 2170.1147}}, "TFT: Teamfight Tactics": {"localIpCount": 3, "localIpFrequency": {"10.0.8.156": 1, "10.0.8.180": 8, "10.0.8.218": 1}, "localIpTotalDuration": 7154.2022, "localIpDuration": {"10.0.8.156": 1435.0205, "10.0.8.180": 5299.1796, "10.0.8.218": 420.0021}}}