{"League of Legends: Wild Rift": {"localIpCount": 44, "localIpFrequency": {"10.0.74.38": 1, "10.0.74.160": 1, "10.0.74.167": 1, "10.0.74.185": 1, "10.0.75.17": 1, "10.0.75.55": 1, "10.0.75.60": 1, "10.0.75.51": 4, "10.0.75.100": 1, "10.0.75.117": 1, "10.0.75.130": 1, "10.0.75.186": 1, "10.0.75.216": 1, "10.0.75.222": 1, "10.0.75.198": 2, "10.0.76.51": 1, "10.0.76.63": 1, "10.0.76.85": 1, "10.0.76.56": 1, "10.0.76.55": 1, "10.0.76.184": 1, "10.0.76.213": 1, "10.0.76.221": 1, "10.0.76.224": 3, "10.0.76.241": 1, "10.0.76.237": 1, "10.0.76.198": 1, "10.0.77.21": 1, "10.0.76.182": 2, "10.0.77.47": 1, "10.0.76.226": 1, "10.0.77.65": 1, "10.0.77.54": 1, "10.0.76.233": 1, "10.0.77.86": 1, "10.0.77.93": 1, "10.0.77.124": 2, "10.0.77.146": 1, "10.0.77.171": 2, "10.0.77.218": 1, "10.0.78.53": 1, "10.0.77.251": 1, "10.0.78.20": 1, "10.0.78.82": 1}, "localIpTotalDuration": 33858.542199999996, "localIpDuration": {"10.0.74.38": 462.007, "10.0.74.160": 699.9986, "10.0.74.167": 20.9936, "10.0.74.185": 546.0006, "10.0.75.17": 139.9991, "10.0.75.55": 434.0004, "10.0.75.60": 1785.0039, "10.0.75.51": 2443.0062999999996, "10.0.75.100": 573.9707, "10.0.75.117": 97.9937, "10.0.75.130": 1694.0074, "10.0.75.186": 7.0048, "10.0.75.216": 20.9991, "10.0.75.222": 1540.018, "10.0.75.198": 714.0109, "10.0.76.51": 146.9991, "10.0.76.63": 146.992, "10.0.76.85": 664.9943, "10.0.76.56": 252.0011, "10.0.76.55": 20.9986, "10.0.76.184": 1764.0117, "10.0.76.213": 265.7484, "10.0.76.221": 0.0001, "10.0.76.224": 3114.7165000000005, "10.0.76.241": 1686.9997, "10.0.76.237": 14.0275, "10.0.76.198": 13.9612, "10.0.77.21": 1071.0051, "10.0.76.182": 1862.0029, "10.0.77.47": 1785.0033, "10.0.76.226": 280.0088, "10.0.77.65": 1246.0156, "10.0.77.54": 0.0002, "10.0.76.233": 76.9944, "10.0.77.86": 7.0008, "10.0.77.93": 0.0, "10.0.77.124": 1539.9912000000002, "10.0.77.146": 1722.0034, "10.0.77.171": 1064.0113999999999, "10.0.77.218": 35.0023, "10.0.78.53": 609.0186, "10.0.77.251": 1743.0252, "10.0.78.20": 126.0028, "10.0.78.82": 1420.9919}}, "Minecraft": {"localIpCount": 17, "localIpFrequency": {"10.0.74.127": 6, "10.0.74.192": 1, "10.0.75.82": 2, "10.0.75.100": 1, "10.0.75.99": 1, "10.0.76.13": 1, "10.0.76.44": 1, "10.0.77.0": 1, "10.0.77.81": 1, "10.0.77.97": 1, "10.0.77.126": 2, "10.0.77.169": 1, "10.0.77.218": 1, "10.0.77.241": 5, "10.0.78.21": 1, "10.0.78.30": 7, "10.0.78.79": 5}, "localIpTotalDuration": 36987.44259999999, "localIpDuration": {"10.0.74.127": 3563.0134999999996, "10.0.74.192": 139.9987, "10.0.75.82": 2883.9941, "10.0.75.100": 1729.0039, "10.0.75.99": 658.0091, "10.0.76.13": 14.0061, "10.0.76.44": 1134.0057, "10.0.77.0": 154.0016, "10.0.77.81": 139.9969, "10.0.77.97": 189.0346, "10.0.77.126": 35.0163, "10.0.77.169": 252.0208, "10.0.77.218": 286.9924, "10.0.77.241": 6552.0028999999995, "10.0.78.21": 21.0161, "10.0.78.30": 11689.2998, "10.0.78.79": 7546.030099999999}}, "Genshin Impact": {"localIpCount": 1, "localIpFrequency": {"10.0.74.146": 2}, "localIpTotalDuration": 1743.0004, "localIpDuration": {"10.0.74.146": 1743.0004}}, "ZEPETO": {"localIpCount": 1, "localIpFrequency": {"10.0.76.192": 1}, "localIpTotalDuration": 154.0077, "localIpDuration": {"10.0.76.192": 154.0077}}, "FIFA ONLINE 4 M": {"localIpCount": 1, "localIpFrequency": {"10.0.77.130": 1}, "localIpTotalDuration": 196.0046, "localIpDuration": {"10.0.77.130": 196.0046}}, "Honkai: Star Rail": {"localIpCount": 1, "localIpFrequency": {"10.0.77.71": 1}, "localIpTotalDuration": 202.9994, "localIpDuration": {"10.0.77.71": 202.9994}}, "TFT: Teamfight Tactics": {"localIpCount": 18, "localIpFrequency": {"10.0.74.128": 1, "10.0.74.167": 1, "10.0.74.201": 1, "10.0.74.208": 1, "10.0.75.60": 1, "10.0.75.135": 1, "10.0.75.216": 2, "10.0.76.84": 1, "10.0.76.237": 6, "10.0.76.198": 1, "10.0.76.182": 1, "10.0.77.14": 1, "10.0.77.86": 1, "10.0.77.93": 3, "10.0.77.171": 2, "10.0.77.244": 1, "10.0.78.75": 1, "10.0.78.60": 2}, "localIpTotalDuration": 20188.143299999996, "localIpDuration": {"10.0.74.128": 1154.984, "10.0.74.167": 188.9971, "10.0.74.201": 1120.0076, "10.0.74.208": 1435.0255, "10.0.75.60": 888.9979, "10.0.75.135": 959.0052, "10.0.75.216": 1694.0257, "10.0.76.84": 1120.0002, "10.0.76.237": 3681.9878, "10.0.76.198": 1792.0346, "10.0.76.182": 154.0178, "10.0.77.14": 0.0, "10.0.77.86": 168.0017, "10.0.77.93": 3577.0284, "10.0.77.171": 97.9976, "10.0.77.244": 0.002, "10.0.78.75": 405.9939, "10.0.78.60": 1750.0363}}, "Overwatch 2": {"localIpCount": 8, "localIpFrequency": {"10.0.74.81": 6, "10.0.75.18": 3, "10.0.75.119": 4, "10.0.76.232": 1, "10.0.77.8": 1, "10.0.77.148": 1, "10.0.77.169": 2, "10.0.77.236": 1}, "localIpTotalDuration": 21784.0028, "localIpDuration": {"10.0.74.81": 8876.0258, "10.0.75.18": 4962.9962, "10.0.75.119": 5214.9776, "10.0.76.232": 90.9858, "10.0.77.8": 244.9962, "10.0.77.148": 28.0025, "10.0.77.169": 2310.0165, "10.0.77.236": 56.0022}}, "Odin: Valhalla Rising": {"localIpCount": 1, "localIpFrequency": {"10.0.77.196": 1}, "localIpTotalDuration": 0.0184, "localIpDuration": {"10.0.77.196": 0.0184}}, "Clash Royale": {"localIpCount": 1, "localIpFrequency": {"10.0.74.189": 1}, "localIpTotalDuration": 6.9943, "localIpDuration": {"10.0.74.189": 6.9943}}, "Roblox": {"localIpCount": 191, "localIpFrequency": {"10.0.74.79": 1, "10.0.74.108": 6, "10.0.73.245": 1, "10.0.74.39": 4, "10.0.74.119": 1, "10.0.74.35": 1, "10.0.74.94": 1, "10.0.74.134": 2, "10.0.74.139": 6, "10.0.74.140": 2, "10.0.74.141": 1, "10.0.74.149": 1, "10.0.74.152": 1, "10.0.74.153": 1, "10.0.74.156": 1, "10.0.74.142": 1, "10.0.74.158": 1, "10.0.74.163": 3, "10.0.74.189": 1, "10.0.74.182": 1, "10.0.74.205": 2, "10.0.74.210": 1, "10.0.74.195": 2, "10.0.74.227": 1, "10.0.74.202": 1, "10.0.74.245": 1, "10.0.74.240": 1, "10.0.74.171": 6, "10.0.74.225": 2, "10.0.74.252": 4, "10.0.75.0": 2, "10.0.75.19": 3, "10.0.75.24": 3, "10.0.75.25": 1, "10.0.75.33": 4, "10.0.75.42": 1, "10.0.75.30": 1, "10.0.75.51": 1, "10.0.75.34": 1, "10.0.75.52": 2, "10.0.75.28": 2, "10.0.75.71": 1, "10.0.75.82": 1, "10.0.75.74": 1, "10.0.75.86": 1, "10.0.75.73": 2, "10.0.75.46": 2, "10.0.75.116": 1, "10.0.75.125": 2, "10.0.75.79": 2, "10.0.75.121": 1, "10.0.75.151": 1, "10.0.75.57": 1, "10.0.75.149": 3, "10.0.75.62": 3, "10.0.75.167": 1, "10.0.75.163": 3, "10.0.75.97": 1, "10.0.75.105": 1, "10.0.75.177": 2, "10.0.75.180": 3, "10.0.75.183": 2, "10.0.75.181": 3, "10.0.75.187": 2, "10.0.75.215": 1, "10.0.75.185": 1, "10.0.75.206": 1, "10.0.75.179": 1, "10.0.75.232": 1, "10.0.75.191": 1, "10.0.75.202": 2, "10.0.75.244": 1, "10.0.75.247": 1, "10.0.75.222": 1, "10.0.75.220": 3, "10.0.75.246": 1, "10.0.75.199": 1, "10.0.76.6": 1, "10.0.75.218": 1, "10.0.75.198": 3, "10.0.76.22": 1, "10.0.76.27": 1, "10.0.75.207": 1, "10.0.76.25": 1, "10.0.76.32": 1, "10.0.76.34": 2, "10.0.76.41": 2, "10.0.76.46": 3, "10.0.76.58": 1, "10.0.76.59": 1, "10.0.76.60": 1, "10.0.76.78": 2, "10.0.76.81": 1, "10.0.76.84": 2, "10.0.76.86": 5, "10.0.76.76": 1, "10.0.76.99": 3, "10.0.76.67": 1, "10.0.76.40": 1, "10.0.76.114": 1, "10.0.76.71": 1, "10.0.76.116": 4, "10.0.76.72": 1, "10.0.76.138": 1, "10.0.76.63": 1, "10.0.76.55": 1, "10.0.76.57": 1, "10.0.76.159": 1, "10.0.76.155": 1, "10.0.76.42": 2, "10.0.76.92": 2, "10.0.76.170": 1, "10.0.76.172": 1, "10.0.76.50": 1, "10.0.76.174": 2, "10.0.76.177": 3, "10.0.76.175": 2, "10.0.76.187": 2, "10.0.76.211": 1, "10.0.76.210": 1, "10.0.76.209": 1, "10.0.76.204": 1, "10.0.76.181": 1, "10.0.76.217": 1, "10.0.76.237": 3, "10.0.76.250": 3, "10.0.76.238": 3, "10.0.77.7": 1, "10.0.76.182": 1, "10.0.76.207": 1, "10.0.76.226": 3, "10.0.76.218": 1, "10.0.76.194": 1, "10.0.77.31": 1, "10.0.77.36": 1, "10.0.77.54": 1, "10.0.77.70": 1, "10.0.77.27": 1, "10.0.77.71": 7, "10.0.76.189": 1, "10.0.77.78": 2, "10.0.77.84": 4, "10.0.77.80": 1, "10.0.77.100": 1, "10.0.77.115": 2, "10.0.77.82": 1, "10.0.77.128": 1, "10.0.77.86": 3, "10.0.77.108": 4, "10.0.77.116": 1, "10.0.77.122": 1, "10.0.77.129": 1, "10.0.77.130": 1, "10.0.77.156": 1, "10.0.77.136": 1, "10.0.77.178": 1, "10.0.77.197": 1,