{"Overwatch 2": {"localIpCount": 3, "localIpFrequency": {"10.0.24.158": 3, "10.0.24.235": 2, "10.0.24.221": 2}, "localIpTotalDuration": 11102.2248, "localIpDuration": {"10.0.24.158": 5278.013999999999, "10.0.24.235": 2331.0723, "10.0.24.221": 3493.1385}}, "Minecraft": {"localIpCount": 9, "localIpFrequency": {"10.0.24.81": 1, "10.0.23.136": 1, "10.0.24.229": 2, "10.0.25.16": 6, "10.0.25.46": 1, "10.0.24.178": 1, "10.0.25.127": 3, "10.0.24.253": 1, "10.0.25.116": 1}, "localIpTotalDuration": 21658.741200000004, "localIpDuration": {"10.0.24.81": 238.0087, "10.0.23.136": 27.9875, "10.0.24.229": 1973.9145, "10.0.25.16": 9695.0267, "10.0.25.46": 1771.1344, "10.0.24.178": 461.9549, "10.0.25.127": 5026.6312, "10.0.24.253": 1036.0809, "10.0.25.116": 1428.0024}}, "Genshin Impact": {"localIpCount": 2, "localIpFrequency": {"10.0.23.242": 1, "10.0.24.227": 1}, "localIpTotalDuration": 357.0268, "localIpDuration": {"10.0.23.242": 181.9989, "10.0.24.227": 175.0279}}, "Roblox": {"localIpCount": 51, "localIpFrequency": {"10.0.24.81": 1, "10.0.23.133": 1, "10.0.24.141": 1, "10.0.23.205": 1, "10.0.24.120": 1, "10.0.23.165": 2, "10.0.24.23": 1, "10.0.23.226": 1, "10.0.24.126": 2, "10.0.24.130": 2, "10.0.24.149": 1, "10.0.23.150": 2, "10.0.23.156": 1, "10.0.24.165": 1, "10.0.24.167": 1, "10.0.24.181": 2, "10.0.24.198": 1, "10.0.24.195": 1, "10.0.24.228": 1, "10.0.24.227": 2, "10.0.24.199": 1, "10.0.24.221": 2, "10.0.24.237": 1, "10.0.24.247": 2, "10.0.25.13": 1, "10.0.25.15": 1, "10.0.24.223": 1, "10.0.25.62": 1, "10.0.24.191": 1, "10.0.25.16": 1, "10.0.25.84": 1, "10.0.24.211": 1, "10.0.24.241": 1, "10.0.24.171": 1, "10.0.25.21": 1, "10.0.24.207": 1, "10.0.24.226": 1, "10.0.25.121": 1, "10.0.25.42": 1, "10.0.25.182": 1, "10.0.25.119": 2, "10.0.25.169": 1, "10.0.24.214": 3, "10.0.24.163": 1, "10.0.24.212": 1, "10.0.25.92": 1, "10.0.25.97": 2, "10.0.25.3": 1, "10.0.24.242": 3, "10.0.25.198": 3, "10.0.25.201": 1}, "localIpTotalDuration": 117459.81090000001, "localIpDuration": {"10.0.24.81": 1798.7471, "10.0.23.133": 1798.7066, "10.0.24.141": 1798.7541, "10.0.23.205": 1799.0155, "10.0.24.120": 1798.7696, "10.0.23.165": 3597.5495, "10.0.24.23": 1798.708, "10.0.23.226": 1798.7517, "10.0.24.126": 3597.5240000000003, "10.0.24.130": 3597.5331, "10.0.24.149": 1798.7614, "10.0.23.150": 3597.5077, "10.0.23.156": 1798.7852, "10.0.24.165": 1799.0104, "10.0.24.167": 1798.7763, "10.0.24.181": 3597.5276000000003, "10.0.24.198": 1798.7208, "10.0.24.195": 1798.7168, "10.0.24.228": 1799.0128, "10.0.24.227": 3597.3433, "10.0.24.199": 1798.7672, "10.0.24.221": 3597.1587, "10.0.24.237": 1798.5582, "10.0.24.247": 3598.066, "10.0.25.13": 1798.7558, "10.0.25.15": 1798.7943, "10.0.24.223": 1798.7914, "10.0.25.62": 1798.7356, "10.0.24.191": 1798.7305, "10.0.25.16": 1798.8206, "10.0.25.84": 1798.7618, "10.0.24.211": 1798.7953, "10.0.24.241": 1799.258, "10.0.24.171": 1798.8346, "10.0.25.21": 1798.2406, "10.0.24.207": 1799.2185, "10.0.24.226": 1798.8384, "10.0.25.121": 1798.6983, "10.0.25.42": 1798.7692, "10.0.25.182": 1798.7657, "10.0.25.119": 3597.5355, "10.0.25.169": 1798.6554, "10.0.24.214": 5396.2919999999995, "10.0.24.163": 1798.7472, "10.0.24.212": 1798.7761, "10.0.25.92": 1798.7796, "10.0.25.97": 3597.5559000000003, "10.0.25.3": 1798.7709, "10.0.24.242": 5396.3394, "10.0.25.198": 4066.7773, "10.0.25.201": 70.0014}}, "Odin: Valhalla Rising": {"localIpCount": 1, "localIpFrequency": {"10.0.24.111": 1}, "localIpTotalDuration": 0.0, "localIpDuration": {"10.0.24.111": 0.0}}, "Clash Royale": {"localIpCount": 2, "localIpFrequency": {"10.0.24.202": 9, "10.0.25.106": 1}, "localIpTotalDuration": 12810.0661, "localIpDuration": {"10.0.24.202": 12810.0661, "10.0.25.106": 0.0}}, "FIFA ONLINE 4 M": {"localIpCount": 1, "localIpFrequency": {"10.0.25.170": 1}, "localIpTotalDuration": 203.2069, "localIpDuration": {"10.0.25.170": 203.2069}}, "League of Legends: Wild Rift": {"localIpCount": 12, "localIpFrequency": {"10.0.24.29": 1, "10.0.23.176": 1, "10.0.23.149": 1, "10.0.24.191": 2, "10.0.24.245": 1, "10.0.24.253": 2, "10.0.25.7": 3, "10.0.24.221": 1, "10.0.25.119": 2, "10.0.25.142": 1, "10.0.25.167": 1, "10.0.25.134": 1}, "localIpTotalDuration": 14427.0918, "localIpDuration": {"10.0.24.29": 413.03, "10.0.23.176": 146.9974, "10.0.23.149": 798.0298, "10.0.24.191": 1582.0199, "10.0.24.245": 62.968, "10.0.24.253": 846.9363000000001, "10.0.25.7": 1666.3031999999998, "10.0.24.221": 1757.0463, "10.0.25.119": 3093.8781, "10.0.25.142": 1763.9777, "10.0.25.167": 846.9416, "10.0.25.134": 1448.9635}}, "TFT: Teamfight Tactics": {"localIpCount": 5, "localIpFrequency": {"10.0.24.8": 4, "10.0.24.177": 8, "10.0.25.2": 1, "10.0.25.167": 1, "10.0.25.97": 3}, "localIpTotalDuration": 17696.54, "localIpDuration": {"10.0.24.8": 5949.9723, "10.0.24.177": 6594.3803, "10.0.25.2": 1729.0862, "10.0.25.167": 168.0519, "10.0.25.97": 3255.0493}}}