{"Minecraft": {"localIpCount": 3, "localIpFrequency": {"10.0.0.11": 4, "10.0.2.120": 2, "10.0.0.13": 1}, "localIpTotalDuration": 4861.742800000001, "localIpDuration": {"10.0.0.11": 3901.4048000000003, "10.0.2.120": 930.243, "10.0.0.13": 30.095}}, "Genshin Impact": {"localIpCount": 2, "localIpFrequency": {"10.0.0.177": 24, "10.0.1.166": 2}, "localIpTotalDuration": 27419.0144, "localIpDuration": {"10.0.0.177": 26878.0376, "10.0.1.166": 540.9768}}, "Roblox": {"localIpCount": 49, "localIpFrequency": {"10.0.0.7": 8, "10.0.1.249": 144, "10.0.1.221": 10, "10.0.0.70": 12, "10.0.0.12": 22, "10.0.1.128": 16, "10.0.2.67": 8, "10.0.2.82": 24, "10.0.2.55": 4, "10.0.2.50": 12, "10.0.1.252": 3, "10.0.2.79": 4, "10.0.1.206": 2, "10.0.0.66": 21, "10.0.2.26": 10, "10.0.2.23": 24, "10.0.2.63": 4, "10.0.0.116": 11, "10.0.1.238": 12, "10.0.1.168": 19, "10.0.0.154": 24, "10.0.1.198": 2, "10.0.0.115": 66, "10.0.2.33": 2, "10.0.0.33": 24, "10.0.2.64": 2, "10.0.0.130": 2, "10.0.2.108": 4, "10.0.1.107": 2, "10.0.2.100": 3, "10.0.0.145": 2, "10.0.1.240": 6, "10.0.1.251": 8, "10.0.1.125": 19, "10.0.0.36": 4, "10.0.2.106": 4, "10.0.2.80": 4, "10.0.0.178": 5, "10.0.2.122": 5, "10.0.1.49": 2, "10.0.0.195": 1, "10.0.0.58": 1, "10.0.1.98": 1, "10.0.2.138": 1, "10.0.2.139": 2, "10.0.2.131": 1, "10.0.0.101": 1, "10.0.0.144": 2, "10.0.0.90": 1}, "localIpTotalDuration": 1026328.8847999995, "localIpDuration": {"10.0.0.7": 14393.5412, "10.0.1.249": 258604.4151999998, "10.0.1.221": 17957.1246, "10.0.0.70": 21580.690800000004, "10.0.0.12": 39555.97220000001, "10.0.1.128": 28777.694599999995, "10.0.2.67": 14386.512400000001, "10.0.2.82": 43172.27440000001, "10.0.2.55": 7194.559, "10.0.2.50": 21582.845999999998, "10.0.1.252": 5395.0464, "10.0.2.79": 7191.550200000001, "10.0.1.206": 3597.0216, "10.0.0.66": 37620.0009, "10.0.2.26": 17933.787399999997, "10.0.2.23": 43168.11510000001, "10.0.2.63": 7194.0196, "10.0.0.116": 19782.052, "10.0.1.238": 21578.595, "10.0.1.168": 34169.094900000004, "10.0.0.154": 43166.21900000001, "10.0.1.198": 3597.4292, "10.0.0.115": 118703.28320000002, "10.0.2.33": 3596.977, "10.0.0.33": 43167.59310000001, "10.0.2.64": 3595.636, "10.0.0.130": 3593.9638, "10.0.2.108": 7195.580199999999, "10.0.1.107": 3598.0354, "10.0.2.100": 5396.4421, "10.0.0.145": 3596.3892, "10.0.1.240": 10793.9506, "10.0.1.251": 14389.4395, "10.0.1.125": 34168.2997, "10.0.0.36": 7195.96, "10.0.2.106": 7194.292600000001, "10.0.2.80": 7193.4863000000005, "10.0.0.178": 8980.623, "10.0.2.122": 8993.072499999998, "10.0.1.49": 3596.7095, "10.0.0.195": 1798.3171, "10.0.0.58": 1797.9691, "10.0.1.98": 1798.4859, "10.0.2.138": 1798.4968, "10.0.2.139": 3597.092, "10.0.2.131": 1797.6934, "10.0.0.101": 1798.4117, "10.0.0.144": 3596.4209, "10.0.0.90": 1797.7025}}, "FIFA ONLINE 4 M": {"localIpCount": 4, "localIpFrequency": {"10.0.0.178": 11, "10.0.1.133": 1, "10.0.0.66": 1, "10.0.0.74": 2}, "localIpTotalDuration": 18133.443600000002, "localIpDuration": {"10.0.0.178": 17023.0275, "10.0.1.133": 435.2112, "10.0.0.66": 0.203, "10.0.0.74": 675.0019}}, "MIR4": {"localIpCount": 1, "localIpFrequency": {"10.0.0.124": 2}, "localIpTotalDuration": 2730.2032, "localIpDuration": {"10.0.0.124": 2730.2032}}, "League of Legends: Wild Rift": {"localIpCount": 22, "localIpFrequency": {"10.0.0.109": 2, "10.0.2.9": 8, "10.0.0.141": 6, "10.0.2.80": 17, "10.0.0.199": 4, "10.0.0.66": 22, "10.0.1.34": 2, "10.0.2.95": 2, "10.0.2.67": 2, "10.0.2.107": 2, "10.0.0.129": 2, "10.0.1.198": 2, "10.0.2.118": 6, "10.0.1.224": 3, "10.0.0.154": 2, "10.0.1.133": 1, "10.0.0.195": 1, "10.0.2.130": 1, "10.0.2.136": 1, "10.0.2.92": 1, "10.0.2.142": 1, "10.0.0.13": 2}, "localIpTotalDuration": 79469.9741, "localIpDuration": {"10.0.0.109": 3120.0046, "10.0.2.9": 4980.465, "10.0.0.141": 3720.2614, "10.0.2.80": 11226.1604, "10.0.0.199": 5040.0584, "10.0.0.66": 27851.071599999996, "10.0.1.34": 929.224, "10.0.2.95": 1530.0082, "10.0.2.67": 1439.9922, "10.0.2.107": 719.943, "10.0.0.129": 600.0094, "10.0.1.198": 60.374, "10.0.2.118": 6660.2667, "10.0.1.224": 3000.1005, "10.0.0.154": 119.3752, "10.0.1.133": 14.9217, "10.0.0.195": 30.0103, "10.0.2.130": 1740.1022, "10.0.2.136": 1155.0987, "10.0.2.92": 1799.8973, "10.0.2.142": 466.3981, "10.0.0.13": 3266.2312}}, "Roblox (Game)": {"localIpCount": 51, "localIpFrequency": {"10.0.1.240": 4, "10.0.0.109": 2, "10.0.0.7": 6, "10.0.1.249": 78, "10.0.0.115": 44, "10.0.0.70": 4, "10.0.2.71": 2, "10.0.1.107": 12, "10.0.0.73": 2, "10.0.1.128": 14, "10.0.1.238": 27, "10.0.2.23": 29, "10.0.0.33": 22, "10.0.0.12": 12, "10.0.0.38": 2, "10.0.2.55": 4, "10.0.1.252": 18, "10.0.2.53": 2, "10.0.2.33": 6, "10.0.0.66": 32, "10.0.2.67": 6, "10.0.2.26": 4, "10.0.2.85": 2, "10.0.2.80": 7, "10.0.0.116": 17, "10.0.1.168": 18, "10.0.1.125": 15, "10.0.0.154": 16, "10.0.1.209": 2, "10.0.2.64": 4, "10.0.0.17": 2, "10.0.2.108": 6, "10.0.2.50": 6, "10.0.1.54": 2, "10.0.2.9": 3, "10.0.2.114": 2, "10.0.1.221": 14, "10.0.0.136": 2, "10.0.2.106": 2, "10.0.1.49": 3, "10.0.0.178": 14, "10.0.2.82": 6, "10.0.1.251": 4, "10.0.1.133": 1, "10.0.2.122": 2, "10.0.0.195": 2, "10.0.0.144": 4, "10.0.0.31": 1, "10.0.2.139": 1, "10.0.0.101": 2, "10.0.2.131": 1}, "localIpTotalDuration": 788350.2954000003, "localIpDuration": {"10.0.1.240": 4470.043, "10.0.0.109": 3540.0088, "10.0.0.7": 9478.2588, "10.0.1.249": 111879.49030000006, "10.0.0.115": 74249.12699999998, "10.0.0.70": 7077.2612, "10.0.2.71": 3596.6282, "10.0.1.107": 20231.804099999998, "10.0.0.73": 3570.3724, "10.0.1.128": 24829.401600000005, "10.0.1.238": 47504.98789999999, "10.0.2.23": 50877.0052, "10.0.0.33": 35486.6094, "10.0.0.12": 20863.266299999996, "10.0.0.38": 3599.9996, "10.0.2.55": 6776.632799999999, "10.0.1.252": 32086.717299999997, "10.0.2.53": 3570.021, "10.0.2.33": 10583.9026, "10.0.0.66": 51290.8837, "10.0.2.67": 7947.8188, "10.0.2.26": 2158.536, "10.0.2.85": 3299.9438, "10.0.2.80": 12473.1588, "10.0.0.116": 28242.586, "10.0.1.168": 30565.229999999996, "10.0.1.125": 23594.0222, "10.0.0.154": 26862.571799999994, "10.0.1.209": 2880.019, "10.0.2.64": 6863.076, "10.0.0.17": 3535.6144, "10.0.2.108": 4499.975399999999, "10.0.2.50": 9570.2794, "10.0.1.54": 3570.0328, "10.0.2.9": 5365.0148, "10.0.2.114": 2574.2022, "10.0.1.221": 14249.6098, "10.0.0.136": 3569.9968, "10.0.2.106": 3450.2102, "10.0.1.49": 5393.067, "10.0.0.178": 24499.981300000003, "10.0.2.82": 7135.4515, "10.0.1.251": 6222.4178, "10.0.1.133": 1782.8893, "10.0.2.122": 3221.5121, "10.0.0.195": 3510.1004000000003, "10.0.0.144": 7148.6219, "10.0.0.31": 1798.307, "10.0.2.139": 1797.6195, "10.0.0.101": 3475.9163, "10.0.2.131": 1530.0919}}}