{"Odin: Valhalla Rising": {"localIpCount": 2, "localIpFrequency": {"10.0.0.78": 2, "10.0.0.13": 1}, "localIpTotalDuration": 1846.2785, "localIpDuration": {"10.0.0.78": 1545.1106, "10.0.0.13": 301.1679}}, "MIR4": {"localIpCount": 1, "localIpFrequency": {"10.0.0.37": 1}, "localIpTotalDuration": 1561.9368, "localIpDuration": {"10.0.0.37": 1561.9368}}, "Minecraft": {"localIpCount": 3, "localIpFrequency": {"10.0.0.80": 2, "10.0.0.57": 1, "10.0.0.63": 1}, "localIpTotalDuration": 3330.1882, "localIpDuration": {"10.0.0.80": 1597.1906, "10.0.0.57": 1732.5391, "10.0.0.63": 0.4585}}, "League of Legends: Wild Rift": {"localIpCount": 4, "localIpFrequency": {"10.0.0.98": 1, "10.0.0.34": 1, "10.0.0.84": 1, "10.0.0.56": 1}, "localIpTotalDuration": 2961.8832, "localIpDuration": {"10.0.0.98": 370.3469, "10.0.0.34": 1311.7447, "10.0.0.84": 652.3052, "10.0.0.56": 627.4864}}, "Genshin Impact": {"localIpCount": 1, "localIpFrequency": {"10.0.0.34": 1}, "localIpTotalDuration": 1313.3061, "localIpDuration": {"10.0.0.34": 1313.3061}}, "Roblox": {"localIpCount": 17, "localIpFrequency": {"10.0.0.15": 2, "10.0.0.86": 1, "10.0.0.93": 1, "10.0.0.90": 1, "10.0.0.95": 1, "10.0.0.5": 3, "10.0.0.43": 1, "10.0.0.84": 1, "10.0.0.11": 2, "10.0.0.96": 1, "10.0.0.4": 2, "10.0.0.71": 3, "10.0.0.21": 1, "10.0.0.112": 1, "10.0.0.3": 1, "10.0.0.120": 1, "10.0.0.59": 1}, "localIpTotalDuration": 39584.1645, "localIpDuration": {"10.0.0.15": 3599.9359, "10.0.0.86": 1800.0003, "10.0.0.93": 1799.7101, "10.0.0.90": 1800.025, "10.0.0.95": 1119.7602, "10.0.0.5": 2809.4844000000003, "10.0.0.43": 1795.2518, "10.0.0.84": 1799.8606, "10.0.0.11": 3599.5231999999996, "10.0.0.96": 1798.2337, "10.0.0.4": 3599.9288, "10.0.0.71": 5392.6069, "10.0.0.21": 1799.7568, "10.0.0.112": 1800.0025, "10.0.0.3": 1800.0494, "10.0.0.120": 1800.0475, "10.0.0.59": 1469.9874}}, "Roblox (Adopt Me!)": {"localIpCount": 17, "localIpFrequency": {"10.0.0.3": 3, "10.0.0.15": 2, "10.0.0.93": 1, "10.0.0.90": 1, "10.0.0.95": 1, "10.0.0.6": 1, "10.0.0.5": 1, "10.0.0.43": 4, "10.0.0.11": 1, "10.0.0.84": 1, "10.0.0.96": 1, "10.0.0.35": 1, "10.0.0.57": 1, "10.0.0.109": 1, "10.0.0.118": 1, "10.0.0.119": 1, "10.0.0.112": 1}, "localIpTotalDuration": 37513.17880000001, "localIpDuration": {"10.0.0.3": 5386.073, "10.0.0.15": 3544.0934, "10.0.0.93": 1734.4609, "10.0.0.90": 1777.8969, "10.0.0.95": 1787.8148, "10.0.0.6": 419.4783, "10.0.0.5": 211.6454, "10.0.0.43": 6766.6974, "10.0.0.11": 1681.5588, "10.0.0.84": 1771.0414, "10.0.0.96": 1712.4801, "10.0.0.35": 1795.4273, "10.0.0.57": 1786.8842, "10.0.0.109": 1794.2903, "10.0.0.118": 1797.57, "10.0.0.119": 1797.7025, "10.0.0.112": 1748.0641}}}