{"League of Legends: Wild Rift": {"localIpCount": 10, "localIpFrequency": {"10.0.1.43": 3, "10.0.5.236": 1, "10.0.5.227": 1, "10.0.4.105": 2, "10.0.1.128": 1, "10.0.5.243": 1, "10.0.4.195": 1, "10.0.1.12": 1, "10.0.6.19": 1, "10.0.0.33": 1}, "localIpTotalDuration": 2064.9714000000004, "localIpDuration": {"10.0.1.43": 168.0099, "10.0.5.236": 119.0013, "10.0.5.227": 272.9975, "10.0.4.105": 468.9956, "10.0.1.128": 6.9938, "10.0.5.243": 13.9933, "10.0.4.195": 7.0137, "10.0.1.12": 902.969, "10.0.6.19": 0.0, "10.0.0.33": 104.9973}}, "Brawl Stars": {"localIpCount": 1, "localIpFrequency": {"10.0.0.62": 1}, "localIpTotalDuration": 1729.0247, "localIpDuration": {"10.0.0.62": 1729.0247}}, "TFT: Teamfight Tactics": {"localIpCount": 6, "localIpFrequency": {"10.0.1.43": 3, "10.0.5.251": 1, "10.0.1.102": 3, "10.0.5.244": 1, "10.0.1.236": 2, "10.0.0.33": 1}, "localIpTotalDuration": 5691.0662, "localIpDuration": {"10.0.1.43": 665.001, "10.0.5.251": 902.9983, "10.0.1.102": 973.0178, "10.0.5.244": 0.0, "10.0.1.236": 3150.0425999999998, "10.0.0.33": 0.0065}}, "FIFA ONLINE 4 M": {"localIpCount": 1, "localIpFrequency": {"10.0.2.190": 1}, "localIpTotalDuration": 76.9934, "localIpDuration": {"10.0.2.190": 76.9934}}, "Genshin Impact": {"localIpCount": 2, "localIpFrequency": {"10.0.2.185": 10, "10.0.1.181": 2}, "localIpTotalDuration": 7763.123, "localIpDuration": {"10.0.2.185": 5922.1217, "10.0.1.181": 1841.0013}}, "Honkai: Star Rail": {"localIpCount": 1, "localIpFrequency": {"10.0.2.185": 1}, "localIpTotalDuration": 196.0125, "localIpDuration": {"10.0.2.185": 196.0125}}, "Minecraft": {"localIpCount": 5, "localIpFrequency": {"10.0.0.62": 1, "10.0.5.206": 6, "10.0.0.95": 1, "10.0.0.180": 1, "10.0.3.250": 1}, "localIpTotalDuration": 6174.1161999999995, "localIpDuration": {"10.0.0.62": 0.0154, "10.0.5.206": 3122.0889, "10.0.0.95": 832.9768, "10.0.0.180": 896.0373, "10.0.3.250": 1322.9978}}, "Roblox": {"localIpCount": 40, "localIpFrequency": {"10.0.4.215": 3, "10.0.0.196": 1, "10.0.3.12": 18, "10.0.2.231": 3, "10.0.5.232": 1, "10.0.1.160": 1, "10.0.4.105": 5, "10.0.3.18": 6, "10.0.3.65": 2, "10.0.4.202": 1, "10.0.5.224": 2, "10.0.5.171": 1, "10.0.5.245": 3, "10.0.5.138": 2, "10.0.2.7": 1, "10.0.1.207": 1, "10.0.4.58": 4, "10.0.5.218": 3, "10.0.5.243": 2, "10.0.0.75": 1, "10.0.1.19": 4, "10.0.5.251": 2, "10.0.5.201": 1, "10.0.5.129": 4, "10.0.2.159": 2, "10.0.0.30": 1, "10.0.4.227": 1, "10.0.0.180": 1, "10.0.1.106": 1, "10.0.3.22": 1, "10.0.0.40": 1, "10.0.4.98": 2, "10.0.0.114": 1, "10.0.5.213": 1, "10.0.5.191": 1, "10.0.1.181": 1, "10.0.6.13": 1, "10.0.5.8": 2, "10.0.5.188": 1, "10.0.4.70": 1}, "localIpTotalDuration": 163687.60949999996, "localIpDuration": {"10.0.4.215": 5396.2284, "10.0.0.196": 1798.7503, "10.0.3.12": 32377.7631, "10.0.2.231": 5396.3244, "10.0.5.232": 1798.791, "10.0.1.160": 1798.7798, "10.0.4.105": 8994.1088, "10.0.3.18": 10792.7914, "10.0.3.65": 3597.4571, "10.0.4.202": 1798.7717, "10.0.5.224": 3597.4692999999997, "10.0.5.171": 1798.7633, "10.0.5.245": 5396.2393, "10.0.5.138": 3597.5423, "10.0.2.7": 1798.666, "10.0.1.207": 1798.7254, "10.0.4.58": 7195.0274, "10.0.5.218": 5396.3252999999995, "10.0.5.243": 3597.4345, "10.0.0.75": 1798.6938, "10.0.1.19": 7195.0574, "10.0.5.251": 3597.4401, "10.0.5.201": 1798.675, "10.0.5.129": 7195.3037, "10.0.2.159": 3597.4961999999996, "10.0.0.30": 1798.7512, "10.0.4.227": 1798.6983, "10.0.0.180": 1798.767, "10.0.1.106": 1798.7781, "10.0.3.22": 1798.7614, "10.0.0.40": 1798.7306, "10.0.4.98": 3597.5251, "10.0.0.114": 1798.7765, "10.0.5.213": 1798.7517, "10.0.5.191": 1798.7792, "10.0.1.181": 1798.7525, "10.0.6.13": 1798.7901, "10.0.5.8": 3597.7628, "10.0.5.188": 1798.632, "10.0.4.70": 1798.728}}}