{"League of Legends: Wild Rift": {"localIpCount": 25, "localIpFrequency": {"10.0.0.98": 1, "10.0.0.34": 1, "10.0.0.84": 1, "10.0.0.56": 1, "10.0.0.15": 6, "10.0.0.30": 4, "10.0.0.47": 5, "10.0.0.24": 1, "10.0.0.16": 1, "10.0.0.13": 1, "10.0.0.90": 1, "10.0.0.138": 1, "10.0.0.141": 1, "10.0.0.66": 1, "10.0.0.62": 1, "10.0.0.151": 1, "10.0.0.180": 1, "10.0.0.129": 1, "10.0.0.164": 2, "10.0.0.217": 1, "10.0.0.235": 1, "10.0.0.249": 1, "10.0.0.244": 1, "10.0.1.26": 1, "10.0.1.40": 3}, "localIpTotalDuration": 31571.465000000004, "localIpDuration": {"10.0.0.98": 370.3469, "10.0.0.34": 1311.7447, "10.0.0.84": 652.3052, "10.0.0.56": 627.4864, "10.0.0.15": 5359.3402, "10.0.0.30": 3501.4816, "10.0.0.47": 2538.3507, "10.0.0.24": 121.9928, "10.0.0.16": 481.0038, "10.0.0.13": 1030.9906, "10.0.0.90": 1668.9999, "10.0.0.138": 651.3835, "10.0.0.141": 359.7302, "10.0.0.66": 272.002, "10.0.0.62": 1691.0046, "10.0.0.151": 268.2141, "10.0.0.180": 1313.0152, "10.0.0.129": 20.906, "10.0.0.164": 1318.31, "10.0.0.217": 108.1854, "10.0.0.235": 327.8925, "10.0.0.249": 387.8125, "10.0.0.244": 1079.2857, "10.0.1.26": 854.2152, "10.0.1.40": 5255.4653}}, "Odin: Valhalla Rising": {"localIpCount": 5, "localIpFrequency": {"10.0.0.78": 2, "10.0.0.13": 1, "10.0.0.60": 2, "10.0.0.72": 1, "10.0.0.164": 1}, "localIpTotalDuration": 2079.7902999999997, "localIpDuration": {"10.0.0.78": 1545.1106, "10.0.0.13": 301.1679, "10.0.0.60": 3.5818, "10.0.0.72": 0.0276, "10.0.0.164": 229.9024}}, "Roblox": {"localIpCount": 78, "localIpFrequency": {"10.0.0.15": 2, "10.0.0.86": 26, "10.0.0.93": 1, "10.0.0.90": 1, "10.0.0.95": 1, "10.0.0.5": 3, "10.0.0.43": 3, "10.0.0.84": 1, "10.0.0.11": 2, "10.0.0.96": 1, "10.0.0.4": 6, "10.0.0.71": 23, "10.0.0.21": 5, "10.0.0.112": 1, "10.0.0.3": 1, "10.0.0.120": 1, "10.0.0.59": 1, "10.0.0.8": 4, "10.0.0.10": 8, "10.0.0.18": 2, "10.0.0.19": 4, "10.0.0.22": 9, "10.0.0.24": 6, "10.0.0.27": 8, "10.0.0.42": 8, "10.0.0.56": 3, "10.0.0.34": 2, "10.0.0.66": 5, "10.0.0.50": 6, "10.0.0.44": 2, "10.0.0.49": 4, "10.0.0.78": 2, "10.0.0.41": 2, "10.0.0.2": 22, "10.0.0.7": 6, "10.0.0.12": 13, "10.0.0.17": 3, "10.0.0.23": 2, "10.0.0.28": 1, "10.0.0.35": 1, "10.0.0.26": 5, "10.0.0.30": 1, "10.0.0.48": 1, "10.0.0.46": 2, "10.0.0.33": 9, "10.0.0.58": 2, "10.0.0.69": 1, "10.0.0.70": 2, "10.0.0.73": 9, "10.0.0.77": 1, "10.0.0.89": 1, "10.0.0.94": 2, "10.0.0.99": 3, "10.0.0.111": 2, "10.0.0.53": 2, "10.0.0.115": 5, "10.0.0.45": 5, "10.0.0.55": 2, "10.0.0.122": 1, "10.0.0.57": 2, "10.0.0.109": 2, "10.0.0.146": 3, "10.0.0.151": 4, "10.0.0.171": 2, "10.0.0.149": 1, "10.0.0.176": 3, "10.0.0.128": 4, "10.0.0.131": 1, "10.0.0.102": 1, "10.0.0.65": 1, "10.0.0.194": 1, "10.0.0.193": 3, "10.0.0.217": 1, "10.0.0.225": 1, "10.0.0.38": 1, "10.0.0.246": 1, "10.0.1.17": 1, "10.0.1.49": 1}, "localIpTotalDuration": 501355.1490000001, "localIpDuration": {"10.0.0.15": 3599.9359, "10.0.0.86": 46762.86750000001, "10.0.0.93": 1799.7101, "10.0.0.90": 1800.025, "10.0.0.95": 1119.7602, "10.0.0.5": 2809.4844000000003, "10.0.0.43": 5395.1711, "10.0.0.84": 1799.8606, "10.0.0.11": 3599.5231999999996, "10.0.0.96": 1798.2337, "10.0.0.4": 7941.8607999999995, "10.0.0.71": 41257.12210000001, "10.0.0.21": 8997.1438, "10.0.0.112": 1800.0025, "10.0.0.3": 1800.0494, "10.0.0.120": 1800.0475, "10.0.0.59": 1469.9874, "10.0.0.8": 5037.9032, "10.0.0.10": 8079.5232, "10.0.0.18": 3598.8078, "10.0.0.19": 7195.7834, "10.0.0.22": 16192.533999999998, "10.0.0.24": 10798.0086, "10.0.0.27": 14392.7112, "10.0.0.42": 14396.471800000003, "10.0.0.56": 5399.4177, "10.0.0.34": 3594.3402, "10.0.0.66": 7563.2655, "10.0.0.50": 10666.9224, "10.0.0.44": 3599.0862, "10.0.0.49": 7199.141600000001, "10.0.0.78": 3600.0164, "10.0.0.41": 2541.9994, "10.0.0.2": 39565.868599999994, "10.0.0.7": 10794.3232, "10.0.0.12": 23387.037999999997, "10.0.0.17": 5395.1273, "10.0.0.23": 3598.7102999999997, "10.0.0.28": 1799.7971, "10.0.0.35": 1799.2204, "10.0.0.26": 8997.1054, "10.0.0.30": 1799.4999, "10.0.0.48": 1799.194, "10.0.0.46": 3598.2321, "10.0.0.33": 16191.6506, "10.0.0.58": 3099.0074000000004, "10.0.0.69": 1414.0058, "10.0.0.70": 2516.0028, "10.0.0.73": 14831.634200000002, "10.0.0.77": 1796.0946, "10.0.0.89": 1799.7284, "10.0.0.94": 3599.2522, "10.0.0.99": 5399.718000000001, "10.0.0.111": 3598.4232, "10.0.0.53": 3596.9354000000003, "10.0.0.115": 8998.2648, "10.0.0.45": 8993.4529, "10.0.0.55": 3599.2145, "10.0.0.122": 1799.6292, "10.0.0.57": 3599.1675999999998, "10.0.0.109": 3597.7345, "10.0.0.146": 5396.3279, "10.0.0.151": 7180.974400000001, "10.0.0.171": 2418.8871, "10.0.0.149": 0.0001, "10.0.0.176": 5397.8917, "10.0.0.128": 7199.985199999999, "10.0.0.131": 1799.1181, "10.0.0.102": 1799.1048, "10.0.0.65": 1799.902, "10.0.0.194": 1799.5963, "10.0.0.193": 5399.4086, "10.0.0.217": 1798.2907, "10.0.0.225": 1799.6212, "10.0.0.38": 1798.2866, "10.0.0.246": 1799.9045, "10.0.1.17": 1799.6176, "10.0.1.49": 1797.482}}, "Roblox (Game)": {"localIpCount": 65, "localIpFrequency": {"10.0.0.4": 2, "10.0.0.10": 6, "10.0.0.18": 4, "10.0.0.19": 10, "10.0.0.22": 8, "10.0.0.27": 8, "10.0.0.36": 2, "10.0.0.42": 4, "10.0.0.21": 2, "10.0.0.46": 5, "10.0.0.52": 4, "10.0.0.50": 6, "10.0.0.71": 6, "10.0.0.44": 2, "10.0.0.49": 2, "10.0.0.24": 2, "10.0.0.30": 6, "10.0.0.78": 2, "10.0.0.28": 3, "10.0.0.41": 2, "10.0.0.2": 19, "10.0.0.17": 4, "10.0.0.12": 8, "10.0.0.26": 4, "10.0.0.45": 2, "10.0.0.48": 2, "10.0.0.55": 2, "10.0.0.57": 2, "10.0.0.58": 1, "10.0.0.69": 2, "10.0.0.70": 3, "10.0.0.73": 7, "10.0.0.23": 4, "10.0.0.84": 1, "10.0.0.86": 1, "10.0.0.88": 1, "10.0.0.94": 3, "10.0.0.91": 1, "10.0.0.97": 1, "10.0.0.56": 1, "10.0.0.102": 3, "10.0.0.33": 6, "10.0.0.35": 2, "10.0.0.53": 3, "10.0.0.111": 1, "10.0.0.115": 3, "10.0.0.116": 1, "10.0.0.7": 5, "10.0.0.99": 1, "10.0.0.120": 1, "10.0.0.128": 3, "10.0.0.129": 3, "10.0.0.109": 2, "10.0.0.151": 1, "10.0.0.146": 3, "10.0.0.171": 1, "10.0.0.176": 3, "10.0.0.131": 3, "10.0.0.87": 1, "10.0.0.198": 1, "10.0.0.38": 1, "10.0.0.193": 2, "10.0.0.245": 1, "10.0.1.48": 1, "10.0.1.69": 1}, "localIpTotalDuration": 306122.73740000004, "localIpDuration": {"10.0.0.4": 51.1066, "10.0.0.10": 3672.3949999999995, "10.0.0.18": 3608.6965999999998, "10.0.0.19": 15447.922999999999, "10.0.0.22": 12406.549100000002, "10.0.0.27": 13879.818800000001, "10.0.0.36": 3558.2012, "10.0.0.42": 5181.3242, "10.0.0.21": 3579.0654, "10.0.0.46": 7171.9991, "10.0.0.52": 7080.031800000001, "10.0.0.50": 5860.3985999999995, "10.0.0.71": 5255.955999999999, "10.0.0.44": 3345.6954, "10.0.0.49": 3467.0022, "10.0.0.24": 3566.5584, "10.0.0.30": 10378.730599999999, "10.0.0.78": 3596.213, "10.0.0.28": 5350.007100000001, "10.0.0.41": 59.9994, "10.0.0.2": 29322.262299999995, "10.0.0.17": 7167.1819, "10.0.0.12": 14230.0088, "10.0.0.26": 7164.7465999999995, "10.0.0.45": 3550.6264, "10.0.0.48": 3590.1323, "10.0.0.55": 3403.0337, "10.0.0.57": 3458.928, "10.0.0.58": 25.9996, "10.0.0.69": 1706.006, "10.0.0.70": 3581.2888, "10.0.0.73": 6150.1017, "10.0.0.23": 6868.000599999999, "10.0.0.84": 1737.0041, "10.0.0.86": 1799.0039, "10.0.0.88": 1648.8239, "10.0.0.94": 5377.3994, "10.0.0.91": 1795.0803, "10.0.0.97": 1780.0082, "10.0.0.56": 1793.0073, "10.0.0.102": 5208.5524000000005, "10.0.0.33": 10457.502700000001, "10.0.0.35": 3492.8086999999996, "10.0.0.53": 5283.9466999999995, "10.0.0.111": 208.9247, "10.0.0.115": 3593.9941, "10.0.0.116": 2.9836, "10.0.0.7": 5922.1682, "10.0.0.99": 1556.9977, "10.0.0.120": 1722.0096, "10.0.0.128": 5373.0822, "10.0.0.129": 5357.1106, "10.0.0.109": 3543.0076, "10.0.0.151": 1791.0037, "10.0.0.146": 4393.0849, "10.0.0.171": 1149.9135, "10.0.0.176": 5212.402599999999, "10.0.0.131": 5321.014999999999, "10.0.0.87": 1792.1762, "10.0.0.198": 1759.6218, "10.0.0.38": 1621.9906, "10.0.0.193": 3374.7037, "10.0.0.245": 1724.0192, "10.0.1.48": 1799.6903, "10.0.1.69": 1793.7118}}, "Roblox (Adopt Me!)": {"localIpCount": 18, "localIpFrequency": {"10.0.0.3": 3, "10.0.0.15": 2, "10.0.0.93": 1, "10.0.0.90": 1, "10.0.0.95": 1, "10.0.0.6": 1, "10.0.0.5": 1, "10.0.0.43": 4,