{"Roblox": {"localIpCount": 2, "localIpFrequency": {"10.0.0.217": 2, "10.0.0.219": 35}, "localIpTotalDuration": 98931.34800000004, "localIpDuration": {"10.0.0.217": 27654.113, "10.0.0.219": 71277.23500000002}}, "Odin: Valhalla Rising": {"localIpCount": 1, "localIpFrequency": {"10.0.0.218": 1}, "localIpTotalDuration": 58.3492, "localIpDuration": {"10.0.0.218": 58.3492}}, "Roblox (Adopt Me!)": {"localIpCount": 2, "localIpFrequency": {"10.0.0.217": 2, "10.0.0.219": 15}, "localIpTotalDuration": 13796.3284, "localIpDuration": {"10.0.0.217": 1642.9799, "10.0.0.219": 12153.348500000002}}, "MIR4": {"localIpCount": 2, "localIpFrequency": {"10.0.0.94": 1, "10.0.0.95": 1}, "localIpTotalDuration": 423.8497, "localIpDuration": {"10.0.0.94": 316.7958, "10.0.0.95": 107.0539}}, "League of Legends: Wild Rift": {"localIpCount": 3, "localIpFrequency": {"10.0.0.220": 1, "10.0.0.94": 1, "10.0.0.72": 1}, "localIpTotalDuration": 2087.4079, "localIpDuration": {"10.0.0.220": 392.0026, "10.0.0.94": 1367.9981, "10.0.0.72": 327.4072}}, "Hero Blaze: Three Kingdoms": {"localIpCount": 1, "localIpFrequency": {"10.0.0.218": 1}, "localIpTotalDuration": 57.3665, "localIpDuration": {"10.0.0.218": 57.3665}}}