{"Blue Archive": {"localIpCount": 1, "localIpFrequency": {"10.0.19.62": 1}, "localIpTotalDuration": 1343.9048, "localIpDuration": {"10.0.19.62": 1343.9048}}, "FIFA Mobile": {"localIpCount": 1, "localIpFrequency": {"10.0.18.149": 1}, "localIpTotalDuration": 238.3065, "localIpDuration": {"10.0.18.149": 238.3065}}, "Genshin Impact": {"localIpCount": 8, "localIpFrequency": {"10.0.17.89": 1, "10.0.18.95": 2, "10.0.18.166": 2, "10.0.19.98": 2, "10.0.20.169": 1, "10.0.20.255": 1, "10.0.22.234": 1, "10.0.23.220": 1}, "localIpTotalDuration": 6425.8029, "localIpDuration": {"10.0.17.89": 1386.0212, "10.0.18.95": 384.65610000000004, "10.0.18.166": 1596.2592, "10.0.19.98": 1449.0312, "10.0.20.169": 182.0164, "10.0.20.255": 349.689, "10.0.22.234": 910.0119, "10.0.23.220": 168.1179}}, "Cookie Run: Kingdom": {"localIpCount": 1, "localIpFrequency": {"10.0.20.20": 1}, "localIpTotalDuration": 1008.0173, "localIpDuration": {"10.0.20.20": 1008.0173}}, "Modern Combat": {"localIpCount": 1, "localIpFrequency": {"10.0.22.101": 1}, "localIpTotalDuration": 7.021, "localIpDuration": {"10.0.22.101": 7.021}}, "Overwatch 2": {"localIpCount": 6, "localIpFrequency": {"10.0.16.139": 2, "10.0.19.213": 1, "10.0.20.67": 2, "10.0.21.24": 2, "10.0.21.191": 1, "10.0.23.195": 1}, "localIpTotalDuration": 8896.267299999998, "localIpDuration": {"10.0.16.139": 2219.0164, "10.0.19.213": 692.9866, "10.0.20.67": 1910.5157, "10.0.21.24": 3373.9236, "10.0.21.191": 678.6264, "10.0.23.195": 21.1986}}, "Free Fire": {"localIpCount": 1, "localIpFrequency": {"10.0.21.14": 1}, "localIpTotalDuration": 133.0167, "localIpDuration": {"10.0.21.14": 133.0167}}, "League of Legends: Wild Rift": {"localIpCount": 58, "localIpFrequency": {"10.0.17.135": 2, "10.0.17.89": 1, "10.0.17.220": 1, "10.0.17.254": 1, "10.0.17.231": 1, "10.0.18.38": 1, "10.0.17.218": 1, "10.0.18.11": 2, "10.0.18.55": 2, "10.0.17.228": 1, "10.0.17.248": 1, "10.0.18.60": 2, "10.0.18.126": 2, "10.0.18.147": 1, "10.0.17.239": 2, "10.0.19.74": 1, "10.0.19.130": 1, "10.0.19.97": 1, "10.0.19.176": 1, "10.0.19.68": 1, "10.0.19.159": 1, "10.0.20.7": 2, "10.0.20.42": 1, "10.0.20.94": 1, "10.0.20.41": 1, "10.0.20.70": 1, "10.0.20.87": 1, "10.0.21.39": 2, "10.0.21.26": 1, "10.0.21.78": 1, "10.0.20.225": 1, "10.0.21.2": 1, "10.0.21.145": 1, "10.0.22.8": 1, "10.0.22.16": 1, "10.0.22.36": 1, "10.0.22.53": 1, "10.0.21.232": 1, "10.0.22.125": 1, "10.0.22.41": 1, "10.0.22.228": 1, "10.0.22.161": 1, "10.0.23.64": 1, "10.0.23.93": 2, "10.0.23.56": 1, "10.0.23.172": 1, "10.0.23.211": 1, "10.0.23.228": 1, "10.0.23.248": 1, "10.0.24.7": 1, "10.0.23.235": 1, "10.0.23.231": 1, "10.0.24.29": 1, "10.0.23.219": 1, "10.0.23.202": 1, "10.0.24.115": 1, "10.0.24.79": 1, "10.0.24.25": 1}, "localIpTotalDuration": 52880.303900000006, "localIpDuration": {"10.0.17.135": 1224.976, "10.0.17.89": 105.0257, "10.0.17.220": 1575.0158, "10.0.17.254": 749.0045, "10.0.17.231": 566.9897, "10.0.18.38": 1358.0021, "10.0.17.218": 560.0319, "10.0.18.11": 2156.2826, "10.0.18.55": 1994.8286, "10.0.17.228": 252.2024, "10.0.17.248": 1064.0907, "10.0.18.60": 3304.7598, "10.0.18.126": 1624.2347, "10.0.18.147": 126.3598, "10.0.17.239": 3233.924, "10.0.19.74": 1308.9827, "10.0.19.130": 1029.0898, "10.0.19.97": 1183.1442, "10.0.19.176": 496.9399, "10.0.19.68": 1309.0842, "10.0.19.159": 1588.9888, "10.0.20.7": 560.0347, "10.0.20.42": 1715.024, "10.0.20.94": 1630.6575, "10.0.20.41": 930.9966, "10.0.20.70": 0.0017, "10.0.20.87": 196.0187, "10.0.21.39": 133.2125, "10.0.21.26": 48.9818, "10.0.21.78": 140.0046, "10.0.20.225": 1113.1041, "10.0.21.2": 279.972, "10.0.21.145": 826.0451, "10.0.22.8": 1484.0816, "10.0.22.16": 1182.9985, "10.0.22.36": 462.0521, "10.0.22.53": 56.0132, "10.0.21.232": 189.0017, "10.0.22.125": 154.0012, "10.0.22.41": 21.0011, "10.0.22.228": 636.9433, "10.0.22.161": 1043.0091, "10.0.23.64": 1056.9891, "10.0.23.93": 1617.009, "10.0.23.56": 7.0383, "10.0.23.172": 49.0372, "10.0.23.211": 517.8808, "10.0.23.228": 42.0372, "10.0.23.248": 1708.0022, "10.0.24.7": 0.0001, "10.0.23.235": 1546.9626, "10.0.23.231": 1414.0771, "10.0.24.29": 1099.0735, "10.0.23.219": 1211.1022, "10.0.23.202": 412.8604, "10.0.24.115": 7.0117, "10.0.24.79": 1652.0948, "10.0.24.25": 924.0147}}, "Minecraft": {"localIpCount": 30, "localIpFrequency": {"10.0.17.175": 2, "10.0.16.223": 1, "10.0.17.188": 1, "10.0.17.217": 6, "10.0.18.28": 1, "10.0.18.162": 6, "10.0.19.21": 14, "10.0.19.49": 2, "10.0.20.38": 2, "10.0.20.76": 1, "10.0.20.232": 1, "10.0.21.3": 1, "10.0.21.167": 1, "10.0.21.218": 3, "10.0.22.13": 1, "10.0.22.51": 1, "10.0.22.12": 3, "10.0.22.129": 1, "10.0.23.9": 1, "10.0.22.152": 1, "10.0.23.34": 4, "10.0.22.225": 1, "10.0.22.216": 1, "10.0.23.130": 3, "10.0.23.203": 1, "10.0.23.147": 2, "10.0.23.244": 1, "10.0.24.29": 4, "10.0.24.65": 1, "10.0.24.84": 2}, "localIpTotalDuration": 68230.64320000002, "localIpDuration": {"10.0.17.175": 763.0207, "10.0.16.223": 14.0033, "10.0.17.188": 350.005, "10.0.17.217": 3843.9153, "10.0.18.28": 293.9862, "10.0.18.162": 10262.3479, "10.0.19.21": 20089.7421, "10.0.19.49": 1722.1468, "10.0.20.38": 2359.0476, "10.0.20.76": 497.0912, "10.0.20.232": 287.0013, "10.0.21.3": 168.0208, "10.0.21.167": 756.0025, "10.0.21.218": 4920.899899999999, "10.0.22.13": 1764.028, "10.0.22.51": 1771.0443, "10.0.22.12": 4612.380999999999, "10.0.22.129": 314.9999, "10.0.23.9": 111.9781, "10.0.22.152": 945.0471, "10.0.23.34": 1343.9937, "10.0.22.225": 868.0379, "10.0.22.216": 1365.0139, "10.0.23.130": 672.0681999999999, "10.0.23.203": 0.0, "10.0.23.147": 1582.0708, "10.0.23.244": 210.0185, "10.0.24.29": 4305.1264, "10.0.24.65": 0.0958, "10.0.24.84": 2037.509}}, "Clash Royale": {"localIpCount": 1, "localIpFrequency": {"10.0.18.151": 1}, "localIpTotalDuration": 0.2266, "localIpDuration": {"10.0.18.151": 0.2266}}, "Cookie Run: OvenBreak": {"localIpCount": 1, "localIpFrequency": {"10.0.20.20": 1}, "localIpTotalDuration": 1624.003, "localIpDuration": {"10.0.20.20": 1624.003}}, "TFT: Teamfight Tactics": {"localIpCount": 28, "localIpFrequency": {"10.0.17.163": 1, "10.0.17.161": 3, "10.0.17.135": 1, "10.0.17.193": 6, "10.0.18.28": 2, "10.0.18.115": 1, "10.0.18.60": 2, "10.0.17.247": 1, "10.0.19.3": 1, "10.0.19.74": 2, "10.0.19.233": 4, "10.0.20.7": 4, "10.0.20.67": 5, "10.0.20.166": 1, "10.0.20.213": 1, "10.0.20.225": 2, "10.0.21.65": 1, "10.0.22.27": 1, "10.0.21.242": 1, "10.0.22.111": 1, "10.0.22.41": 1, "10.0.22.171": 3, "10.0.22.161": 4, "10.0.23.98": 1, "10.0.23.143": 7, "10.0.24.99": 1, "10.0.24.127": 1, "10.0.24.8": 1}, "localIpTotalDuration": 53082.90849999999, "localIpDuration": {"10.0.17.163": 1182.9998, "10.0.17.161": 2506.011, "10.0.17.135": 217.0006, "10.0.17.193": 8932.062000000002, "10.0.18.28": 1742.7406, "10.0.18.115": 1644.9512, "10.0.18.60": 2933.3559999999998, "10.0.17.247": 1351.3008, "10.0.19.3": 133.0196, "10.0.19.74": 2905.0985, "10.0.19.233": 1449.0071, "10.0.20.7": 3850.1626, "10.0.20.67": 5733.1434, "10.0.20.166": 1574.9704, "10.0.20.213": 182.0016, "10.0.20.225": 469.0337, "10.0.21.65": 7.0141, "10.0.22.27": 1008.0141, "10.0.21.242": 1021.9808, "10.0.22.111": 231.0222, "10.0.22.41": 525.0015, "10.0.22.171": 1918.3003, "10.0.22.161": 5831.292300000001, "10.0.23.98": 27.9471, "10.0.23.143": 4053.3235999999997, "10.0.24.99": 133.0528, "10.0.24.127": 14.0863, "10.0.24.8": 1505.0145}}, "FIFA ONLINE 4 M": {"localIpCount": 3, "localIpFrequency": {"10.0.18.11": 1, "10.0.17.253": 1, "10.0.22.80": 1}, "localIpTotalDuration": 1280.9717, "localIpDuration": {"10.0.18.11": 1113.008, "10.0.17.253": 147.003, "10.0.22.80": 20.9607}}, "Brawl Stars": {"localIpCount": 1, "localIpFrequency": {"10.0.24.137": 1}, "localIpTotalDuration": 490.3618, "localIpDuration": {"10.0.24.137": 490.3618}}, "Odin: Valhalla Rising": {"localIpCount": 2, "localIpFrequency": {"10.0.18.156": 1, "10.0.20.63": 1}, "localIpTotalDuration": 146.99960000000002, "localIpDuration": {"10.0.18.156": 139.9941, "10.0.20.63": 7.0055}}, "Zombie High School": {"localIpCount": 1, "localIpFrequency": {"10.0.23.39": 1},