{"Honkai: Star Rail": {"localIpCount": 1, "localIpFrequency": {"10.0.66.167": 1}, "localIpTotalDuration": 140.0208, "localIpDuration": {"10.0.66.167": 140.0208}}, "League of Legends: Wild Rift": {"localIpCount": 26, "localIpFrequency": {"10.0.64.154": 1, "10.0.64.166": 1, "10.0.64.180": 1, "10.0.64.220": 2, "10.0.64.207": 1, "10.0.64.194": 2, "10.0.64.236": 1, "10.0.65.50": 1, "10.0.65.39": 1, "10.0.65.68": 1, "10.0.65.79": 1, "10.0.65.69": 1, "10.0.65.110": 1, "10.0.65.134": 1, "10.0.65.153": 1, "10.0.65.182": 1, "10.0.65.118": 1, "10.0.65.172": 1, "10.0.65.252": 1, "10.0.65.232": 1, "10.0.65.138": 1, "10.0.66.27": 1, "10.0.66.155": 1, "10.0.66.79": 1, "10.0.66.80": 1, "10.0.66.185": 1}, "localIpTotalDuration": 17780.089099999997, "localIpDuration": {"10.0.64.154": 13.9997, "10.0.64.166": 147.0104, "10.0.64.180": 56.031, "10.0.64.220": 1484.0391, "10.0.64.207": 763.0129, "10.0.64.194": 1351.0215999999998, "10.0.64.236": 56.0451, "10.0.65.50": 987.0775, "10.0.65.39": 14.0236, "10.0.65.68": 7.0527, "10.0.65.79": 553.0164, "10.0.65.69": 168.0017, "10.0.65.110": 7.0083, "10.0.65.134": 168.0184, "10.0.65.153": 203.0096, "10.0.65.182": 14.0093, "10.0.65.118": 0.0, "10.0.65.172": 1791.9913, "10.0.65.252": 188.9605, "10.0.65.232": 497.1345, "10.0.65.138": 1798.9851, "10.0.66.27": 1483.6988, "10.0.66.155": 1211.0254, "10.0.66.79": 1525.9674, "10.0.66.80": 1735.9887, "10.0.66.185": 1553.9601}}, "Minecraft": {"localIpCount": 11, "localIpFrequency": {"10.0.64.123": 2, "10.0.64.196": 6, "10.0.64.205": 1, "10.0.64.168": 1, "10.0.65.38": 2, "10.0.65.132": 2, "10.0.65.144": 1, "10.0.66.8": 5, "10.0.65.171": 2, "10.0.66.73": 1, "10.0.66.121": 1}, "localIpTotalDuration": 24121.475599999998, "localIpDuration": {"10.0.64.123": 1771.0094, "10.0.64.196": 8861.471699999998, "10.0.64.205": 0.0, "10.0.64.168": 147.0331, "10.0.65.38": 2576.0071, "10.0.65.132": 406.05089999999996, "10.0.65.144": 287.0364, "10.0.66.8": 6391.0912, "10.0.65.171": 2610.9202, "10.0.66.73": 1057.0006, "10.0.66.121": 13.855}}, "Goddess of Victory: Nikke": {"localIpCount": 2, "localIpFrequency": {"10.0.64.244": 13, "10.0.66.121": 2}, "localIpTotalDuration": 22916.235599999996, "localIpDuration": {"10.0.64.244": 21957.235399999998, "10.0.66.121": 959.0002}}, "FIFA ONLINE 4 M": {"localIpCount": 1, "localIpFrequency": {"10.0.66.94": 2}, "localIpTotalDuration": 546.0367, "localIpDuration": {"10.0.66.94": 546.0367}}, "Roblox": {"localIpCount": 95, "localIpFrequency": {"10.0.64.78": 2, "10.0.63.229": 1, "10.0.64.142": 1, "10.0.64.36": 4, "10.0.63.241": 2, "10.0.64.133": 1, "10.0.64.80": 1, "10.0.64.159": 2, "10.0.64.161": 2, "10.0.63.224": 1, "10.0.64.162": 1, "10.0.64.163": 1, "10.0.64.173": 2, "10.0.64.179": 1, "10.0.64.183": 1, "10.0.64.191": 1, "10.0.64.190": 1, "10.0.64.194": 2, "10.0.64.166": 1, "10.0.64.225": 1, "10.0.64.217": 1, "10.0.64.182": 1, "10.0.64.246": 1, "10.0.64.252": 1, "10.0.64.165": 1, "10.0.64.208": 1, "10.0.64.215": 6, "10.0.65.21": 1, "10.0.65.30": 2, "10.0.64.164": 1, "10.0.65.12": 1, "10.0.64.229": 1, "10.0.64.185": 1, "10.0.64.204": 1, "10.0.65.38": 1, "10.0.65.27": 2, "10.0.64.187": 1, "10.0.65.9": 1, "10.0.65.105": 2, "10.0.65.40": 1, "10.0.65.112": 1, "10.0.65.61": 1, "10.0.65.66": 1, "10.0.65.115": 3, "10.0.65.119": 1, "10.0.65.122": 3, "10.0.65.129": 1, "10.0.65.131": 3, "10.0.65.130": 2, "10.0.65.132": 1, "10.0.65.121": 1, "10.0.65.171": 3, "10.0.65.165": 3, "10.0.65.141": 1, "10.0.65.183": 1, "10.0.65.168": 1, "10.0.65.128": 1, "10.0.65.226": 1, "10.0.65.224": 1, "10.0.65.157": 1, "10.0.65.220": 1, "10.0.66.5": 1, "10.0.65.250": 1, "10.0.65.123": 1, "10.0.65.248": 1, "10.0.65.201": 1, "10.0.65.178": 1, "10.0.66.52": 2, "10.0.65.238": 1, "10.0.66.54": 5, "10.0.66.27": 3, "10.0.66.67": 2, "10.0.66.69": 1, "10.0.66.73": 2, "10.0.66.75": 1, "10.0.66.82": 1, "10.0.66.105": 1, "10.0.66.106": 1, "10.0.66.87": 1, "10.0.66.102": 1, "10.0.66.117": 1, "10.0.66.119": 1, "10.0.66.78": 2, "10.0.66.107": 1, "10.0.66.89": 1, "10.0.66.136": 1, "10.0.66.127": 1, "10.0.66.144": 1, "10.0.66.145": 2, "10.0.66.110": 1, "10.0.66.112": 2, "10.0.66.167": 1, "10.0.66.180": 1, "10.0.66.109": 1, "10.0.66.222": 1}, "localIpTotalDuration": 242819.85619999995, "localIpDuration": {"10.0.64.78": 3597.4241, "10.0.63.229": 1798.7078, "10.0.64.142": 1797.8067, "10.0.64.36": 7194.0747, "10.0.63.241": 3596.2646, "10.0.64.133": 1798.7445, "10.0.64.80": 1798.6694, "10.0.64.159": 3597.5101999999997, "10.0.64.161": 3597.4914, "10.0.63.224": 1798.7584, "10.0.64.162": 1799.0045, "10.0.64.163": 1798.7468, "10.0.64.173": 3597.4703, "10.0.64.179": 1798.7479, "10.0.64.183": 1797.8069, "10.0.64.191": 1798.7489, "10.0.64.190": 1798.3855, "10.0.64.194": 3597.4602999999997, "10.0.64.166": 1798.7305, "10.0.64.225": 1798.7226, "10.0.64.217": 1798.4906, "10.0.64.182": 1798.7372, "10.0.64.246": 1798.7593, "10.0.64.252": 1798.763, "10.0.64.165": 1798.7132, "10.0.64.208": 1798.7444, "10.0.64.215": 10790.119200000001, "10.0.65.21": 1798.7584, "10.0.65.30": 3597.4154, "10.0.64.164": 1798.7606, "10.0.65.12": 1799.0919, "10.0.64.229": 1798.6911, "10.0.64.185": 1798.6863, "10.0.64.204": 1798.718, "10.0.65.38": 1798.7614, "10.0.65.27": 3597.3655, "10.0.64.187": 1798.7075, "10.0.65.9": 1798.7496, "10.0.65.105": 3597.5123000000003, "10.0.65.40": 1798.764, "10.0.65.112": 1798.7502, "10.0.65.61": 1798.1538, "10.0.65.66": 1798.7558, "10.0.65.115": 5396.1838, "10.0.65.119": 1799.0024, "10.0.65.122": 5396.2083, "10.0.65.129": 1798.7395, "10.0.65.131": 5396.278200000001, "10.0.65.130": 3597.3997, "10.0.65.132": 1798.6943, "10.0.65.121": 1798.1191, "10.0.65.171": 5396.25, "10.0.65.165": 5396.1965, "10.0.65.141": 1798.6925, "10.0.65.183": 1798.7168, "10.0.65.168": 1798.751, "10.0.65.128": 1798.632, "10.0.65.226": 1798.1363, "10.0.65.224": 1798.7458, "10.0.65.157": 1798.7403, "10.0.65.220": 1797.9061, "10.0.66.5": 1798.7705, "10.0.65.250": 1798.7425, "10.0.65.123": 1799.0877, "10.0.65.248": 1798.6413, "10.0.65.201": 1798.7105, "10.0.65.178": 1798.608, "10.0.66.52": 3597.451, "10.0.65.238": 1798.742, "10.0.66.54": 8993.733400000001, "10.0.66.27": 5395.6452, "10.0.66.67": 3597.5042000000003, "10.0.66.69": 1798.7496, "10.0.66.73": 3597.749, "10.0.66.75": 1798.765, "10.0.66.82": 1798.7816, "10.0.66.105": 1798.6766, "10.0.66.106": 1798.7306, "10.0.66.87": 1798.7661, "10.0.66.102": 1798.7605, "10.0.66.117": 1798.7599, "10.0.66.119": 1798.712, "10.0.66.78": 3597.4794, "10.0.66.107": 1798.7026, "10.0.66.89": 1797.8273, "10.0.66.136": 1798.7351, "10.0.66.127": 1798.7574, "10.0.66.144": 1798.7216, "10.0.66.145": 3597.4354000000003, "10.0.66.110": 1798.7352, "10.0.66.112": 3597.5232, "10.0.66.167": 1798.7406, "10.0.66.180": 1799.0497, "10.0.66.109": 1798.7349, "10.0.66.222": 1798.6893}}, "Genshin Impact": {"localIpCount": 3, "localIpFrequency": {"10.0.64.78": 1, "10.0.65.182": 1, "10.0.65.252": 1}, "localIpTotalDuration": 1540.0792999999999, "localIpDuration": {"10.0.64.78": 329.0082, "10.0.65.182": 412.9948, "10.0.65.252": 798.0763}}, "Cookie Run: Kingdom": {"localIpCount": 1, "localIpFrequency": {"10.0.65.244": 1}, "localIpTotalDuration": 385.0795, "localIpDuration": {"10.0.65.244": 385.0795}}, "Overwatch 2": {"localIpCount": 1, "localIpFrequency": {"10.0.65.95": 5}, "localIpTotalDuration": 8281.0071, "localIpDuration": {"10.0.65.95": 8281.0071}}, "TFT: Teamfight Tactics": {"localIpCount": 7, "localIpFrequency": {"10.0.64.207": 4, "10.0.65.96": 1, "10.0.65.138": 1, "10.0.65.182": 1, "10.0.65.249": 1, "10.0.65.245": 1, "10.0.66.80": 2}, "localIpTotalDuration": 8834.38, "localIpDuration": {"10.0.64.207": 3857.1505, "10.0.65.96": 546.0183, "10.0.65.138": 343.0179, "10.0.65.182": 1477.0085, "10.0.65.249": 1638.029, "10.0.65.245": 630.0425, "10.0.66.80": 343.1133}}, "Odin: Valhalla Rising": {"localIpCount": 1, "localIpFrequency": {"10.0.64.207": 1}, "localIpTotalDuration": 505.1994, "localIpDuration": {"10.0.64.207": 505.1994}}}