{"Roblox": {"localIpCount": 16, "localIpFrequency": {"10.0.0.7": 8, "10.0.1.249": 56, "10.0.1.221": 4, "10.0.0.70": 4, "10.0.0.12": 6, "10.0.1.128": 4, "10.0.2.67": 2, "10.0.2.82": 4, "10.0.2.55": 4, "10.0.2.50": 2, "10.0.1.252": 2, "10.0.2.79": 4, "10.0.1.206": 2, "10.0.0.66": 2, "10.0.2.26": 4, "10.0.2.23": 10}, "localIpTotalDuration": 211973.1572, "localIpDuration": {"10.0.0.7": 14393.5412, "10.0.1.249": 100517.67659999998, "10.0.1.221": 7192.6162, "10.0.0.70": 7193.084200000001, "10.0.0.12": 10787.9924, "10.0.1.128": 7192.752400000001, "10.0.2.67": 3596.415, "10.0.2.82": 7198.198199999999, "10.0.2.55": 7194.559, "10.0.2.50": 3597.2182, "10.0.1.252": 3596.8394, "10.0.2.79": 7191.550200000001, "10.0.1.206": 3597.0216, "10.0.0.66": 3537.546, "10.0.2.26": 7195.344799999999, "10.0.2.23": 17990.8018}}, "League of Legends: Wild Rift": {"localIpCount": 4, "localIpFrequency": {"10.0.0.109": 2, "10.0.2.9": 4, "10.0.0.141": 4, "10.0.2.80": 2}, "localIpTotalDuration": 9810.248399999999, "localIpDuration": {"10.0.0.109": 3120.0046, "10.0.2.9": 1620.0225999999998, "10.0.0.141": 2670.221, "10.0.2.80": 2400.0002}}, "Roblox (Game)": {"localIpCount": 23, "localIpFrequency": {"10.0.1.240": 2, "10.0.0.109": 2, "10.0.0.7": 6, "10.0.1.249": 22, "10.0.0.115": 2, "10.0.0.70": 2, "10.0.2.71": 2, "10.0.1.107": 4, "10.0.0.73": 2, "10.0.1.128": 6, "10.0.1.238": 2, "10.0.2.23": 12, "10.0.0.33": 2, "10.0.0.12": 2, "10.0.0.38": 2, "10.0.2.55": 4, "10.0.1.252": 6, "10.0.2.53": 2, "10.0.2.33": 2, "10.0.0.66": 4, "10.0.2.67": 4, "10.0.2.26": 4, "10.0.2.85": 2}, "localIpTotalDuration": 153042.9938, "localIpDuration": {"10.0.1.240": 2940.0438, "10.0.0.109": 3540.0088, "10.0.0.7": 9478.2588, "10.0.1.249": 30383.274800000003, "10.0.0.115": 3480.0128, "10.0.0.70": 3599.9968, "10.0.2.71": 3596.6282, "10.0.1.107": 6240.1834, "10.0.0.73": 3570.3724, "10.0.1.128": 10522.443000000001, "10.0.1.238": 3570.0012, "10.0.2.23": 20574.183800000003, "10.0.0.33": 3540.0012, "10.0.0.12": 3570.01, "10.0.0.38": 3599.9996, "10.0.2.55": 6776.632799999999, "10.0.1.252": 10788.624199999998, "10.0.2.53": 3570.021, "10.0.2.33": 3596.6234, "10.0.0.66": 6267.1888, "10.0.2.67": 4380.0052000000005, "10.0.2.26": 2158.536, "10.0.2.85": 3299.9438}}, "MIR4": {"localIpCount": 1, "localIpFrequency": {"10.0.0.124": 2}, "localIpTotalDuration": 2730.2032, "localIpDuration": {"10.0.0.124": 2730.2032}}, "Genshin Impact": {"localIpCount": 1, "localIpFrequency": {"10.0.0.177": 2}, "localIpTotalDuration": 2100.0078, "localIpDuration": {"10.0.0.177": 2100.0078}}}