{"Goddess of Victory: Nikke": {"localIpCount": 1, "localIpFrequency": {"10.0.37.134": 12}, "localIpTotalDuration": 17135.021099999998, "localIpDuration": {"10.0.37.134": 17135.021099999998}}, "Odin: Valhalla Rising": {"localIpCount": 6, "localIpFrequency": {"10.0.33.78": 1, "10.0.34.0": 1, "10.0.34.53": 1, "10.0.35.7": 1, "10.0.35.71": 1, "10.0.36.226": 3}, "localIpTotalDuration": 104.98310000000001, "localIpDuration": {"10.0.33.78": 6.99, "10.0.34.0": 97.9881, "10.0.34.53": 0.0001, "10.0.35.7": 0.0049, "10.0.35.71": 0.0, "10.0.36.226": 0.0}}, "Overwatch 2": {"localIpCount": 1, "localIpFrequency": {"10.0.37.88": 6}, "localIpTotalDuration": 6257.7711, "localIpDuration": {"10.0.37.88": 6257.7711}}, "Clash Royale": {"localIpCount": 2, "localIpFrequency": {"10.0.34.64": 1, "10.0.37.26": 9}, "localIpTotalDuration": 2681.9088, "localIpDuration": {"10.0.34.64": 14.0901, "10.0.37.26": 2667.8187}}, "Blue Archive": {"localIpCount": 1, "localIpFrequency": {"10.0.36.84": 3}, "localIpTotalDuration": 2604.0672, "localIpDuration": {"10.0.36.84": 2604.0672}}, "NBA NOW 23": {"localIpCount": 2, "localIpFrequency": {"10.0.31.47": 1, "10.0.34.3": 1}, "localIpTotalDuration": 209.97899999999998, "localIpDuration": {"10.0.31.47": 118.9792, "10.0.34.3": 90.9998}}, "Cookie Run: Kingdom": {"localIpCount": 1, "localIpFrequency": {"10.0.30.18": 2}, "localIpTotalDuration": 2316.7526, "localIpDuration": {"10.0.30.18": 2316.7526}}, "Minecraft": {"localIpCount": 23, "localIpFrequency": {"10.0.30.110": 1, "10.0.31.98": 1, "10.0.31.101": 2, "10.0.31.173": 1, "10.0.31.212": 1, "10.0.31.108": 1, "10.0.31.228": 2, "10.0.32.73": 3, "10.0.32.181": 1, "10.0.33.12": 1, "10.0.33.56": 1, "10.0.33.105": 2, "10.0.33.96": 1, "10.0.33.134": 1, "10.0.33.204": 1, "10.0.34.115": 1, "10.0.34.164": 1, "10.0.35.64": 3, "10.0.35.52": 2, "10.0.36.91": 6, "10.0.36.216": 3, "10.0.36.253": 3, "10.0.36.245": 3}, "localIpTotalDuration": 27336.150900000004, "localIpDuration": {"10.0.30.110": 84.0487, "10.0.31.98": 238.0077, "10.0.31.101": 2562.0928, "10.0.31.173": 553.046, "10.0.31.212": 1036.0387, "10.0.31.108": 56.0058, "10.0.31.228": 2562.1803, "10.0.32.73": 3794.0453, "10.0.32.181": 20.9914, "10.0.33.12": 196.0001, "10.0.33.56": 427.001, "10.0.33.105": 1610.2966, "10.0.33.96": 1330.0165, "10.0.33.134": 231.0176, "10.0.33.204": 0.0, "10.0.34.115": 0.0083, "10.0.34.164": 49.016, "10.0.35.64": 4144.0198, "10.0.35.52": 2625.0174, "10.0.36.91": 1134.2616, "10.0.36.216": 441.00870000000003, "10.0.36.253": 3528.1482000000005, "10.0.36.245": 713.8824}}, "Roblox": {"localIpCount": 192, "localIpFrequency": {"10.0.30.55": 1, "10.0.30.85": 1, "10.0.30.133": 1, "10.0.30.15": 1, "10.0.30.104": 1, "10.0.30.118": 1, "10.0.30.80": 1, "10.0.31.36": 1, "10.0.30.224": 1, "10.0.30.27": 2, "10.0.31.31": 1, "10.0.30.222": 1, "10.0.30.14": 1, "10.0.30.145": 2, "10.0.30.60": 1, "10.0.31.94": 1, "10.0.31.106": 1, "10.0.31.103": 1, "10.0.31.105": 1, "10.0.31.127": 1, "10.0.31.98": 1, "10.0.31.156": 1, "10.0.31.121": 2, "10.0.31.176": 1, "10.0.31.160": 1, "10.0.31.147": 1, "10.0.31.199": 1, "10.0.31.124": 2, "10.0.31.108": 5, "10.0.31.177": 1, "10.0.31.235": 1, "10.0.31.130": 1, "10.0.31.134": 1, "10.0.31.247": 1, "10.0.31.222": 1, "10.0.31.179": 1, "10.0.31.249": 2, "10.0.32.46": 1, "10.0.32.3": 1, "10.0.31.92": 1, "10.0.32.25": 1, "10.0.31.174": 1, "10.0.32.20": 1, "10.0.32.55": 1, "10.0.31.208": 1, "10.0.32.16": 2, "10.0.31.164": 6, "10.0.31.255": 1, "10.0.32.117": 3, "10.0.32.119": 2, "10.0.32.121": 3, "10.0.32.124": 5, "10.0.32.133": 2, "10.0.32.129": 1, "10.0.32.153": 1, "10.0.32.166": 1, "10.0.32.161": 4, "10.0.32.177": 1, "10.0.32.143": 1, "10.0.32.195": 1, "10.0.32.169": 1, "10.0.32.178": 1, "10.0.32.147": 1, "10.0.33.32": 1, "10.0.32.205": 1, "10.0.32.152": 1, "10.0.33.0": 1, "10.0.33.33": 1, "10.0.33.11": 1, "10.0.32.218": 1, "10.0.33.46": 6, "10.0.33.57": 4, "10.0.32.247": 1, "10.0.33.63": 12, "10.0.33.64": 1, "10.0.33.71": 1, "10.0.33.80": 2, "10.0.33.76": 2, "10.0.33.102": 1, "10.0.33.105": 1, "10.0.33.107": 1, "10.0.33.98": 1, "10.0.33.135": 1, "10.0.33.120": 3, "10.0.33.142": 1, "10.0.33.148": 1, "10.0.33.229": 1, "10.0.33.87": 1, "10.0.33.235": 1, "10.0.34.10": 1, "10.0.33.86": 1, "10.0.34.21": 1, "10.0.34.8": 4, "10.0.34.26": 1, "10.0.34.15": 1, "10.0.33.192": 3, "10.0.34.33": 3, "10.0.34.38": 1, "10.0.34.39": 1, "10.0.34.42": 4, "10.0.34.40": 1, "10.0.34.50": 1, "10.0.34.54": 1, "10.0.34.55": 1, "10.0.34.69": 1, "10.0.34.72": 2, "10.0.34.52": 2, "10.0.34.101": 1, "10.0.34.90": 1, "10.0.34.116": 1, "10.0.34.134": 1, "10.0.34.87": 1, "10.0.34.105": 1, "10.0.34.80": 3, "10.0.34.92": 1, "10.0.34.70": 1, "10.0.34.211": 1, "10.0.34.239": 2, "10.0.34.219": 3, "10.0.34.82": 5, "10.0.34.147": 2, "10.0.34.196": 3, "10.0.34.68": 1, "10.0.34.81": 1, "10.0.34.252": 2, "10.0.34.253": 1, "10.0.34.254": 2, "10.0.35.1": 1, "10.0.35.4": 3, "10.0.35.8": 1, "10.0.35.3": 1, "10.0.35.2": 2, "10.0.35.71": 1, "10.0.35.58": 2, "10.0.35.40": 1, "10.0.35.99": 2, "10.0.35.156": 1, "10.0.35.124": 1, "10.0.35.187": 1, "10.0.35.85": 1, "10.0.35.48": 2, "10.0.35.206": 1, "10.0.35.122": 2, "10.0.35.201": 3, "10.0.35.96": 3, "10.0.35.145": 2, "10.0.35.160": 1, "10.0.35.250": 3, "10.0.36.149": 3, "10.0.36.27": 3, "10.0.36.185": 3, "10.0.36.195": 3, "10.0.36.75": 3, "10.0.36.87": 9, "10.0.36.179": 6, "10.0.36.207": 3, "10.0.36.145": 3, "10.0.36.211": 3, "10.0.36.105": 9, "10.0.36.156": 6, "10.0.36.213": 3, "10.0.36.90": 3, "10.0.36.6": 3, "10.0.36.227": 3, "10.0.36.249": 3, "10.0.36.244": 3, "10.0.37.16": 3, "10.0.37.27": 3, "10.0.37.37": 3, "10.0.36.238": 3, "10.0.37.44": 3, "10.0.37.52": 3, "10.0.37.88": 3, "10.0.36.229": 3, "10.0.37.56": 3, "10.0.37.33": 3, "10.0.37.95": 3, "10.0.36.224": 3, "10.0.36.247": 3, "10.0.37.18": 3, "10.0.36.251": 3, "10.0.37.147": 3, "10.0.37.136": 3, "10.0.36.226": 3, "10.0.37.157": 3, "10.0.37.31": 3, "10.0.37.189": 3, "10.0.37.237": 3, "10.0.37.125": 3, "10.0.37.173": 3, "10.0.36.240": 3, "10.0.37.11": 3}, "localIpTotalDuration": 699469.6268999996, "localIpDuration": {"10.0.30.55": 1798.7445, "10.0.30.85": 1798.728, "10.0.30.133": 1798.7789, "10.0.30.15": 1798.7231, "10.0.30.104": 1798.761, "10.0.30.118": 1798.7509, "10.0.30.80": 1798.7369, "10.0.31.36": 1798.7509, "10.0.30.224": 1798.728, "10.0.30.27": 3597.5088, "10.0.31.31": 1798.7603, "10.0.30.222": 1798.7843, "10.0.30.14": 1798.7606, "10.0.30.145": 3597.5591000000004, "10.0.30.60": 1798.7632, "10.0.31.94": 1799.0163, "10.0.31.106": 1798.7522, "10.0.31.103": 1798.7778, "10.0.31.105": 1798.7427, "10.0.31.127": 1798.7049, "10.0.31.98": 1798.7577, "10.0.31.156": 1798.6826, "10.0.31.121": 3597.4915, "10.0.31.176": 1798.7435, "10.0.31.160": 1798.7635, "10.0.31.147": 1798.6747, "10.0.31.199": 1798.7389, "10.0.31.124": 3597.4608, "10.0.31.108": 8993.853799999999, "10.0.31.177": 1798.7558, "10.0.31.235": 1798.6747, "10.0.31.130": 1798.6972, "10.0.31.134": 1798.7618, "10.0.31.247": 1798.8043, "10.0.31.222": 1798.7326, "10.0.31.179": 1798.8079, "10.0.31.249": 3598.1075, "10.0.32.46": 1798.6307, "10.0.32.3": 1798.673, "10.0.31.92": 1798.7329, "10.0.32.25": 1798.7499, "10.0.31.174": 1798.7587, "10.0.32.20": 1798.7527, "10.0.32.55": 1798.7707, "10.0.31.208": 1798.7809, "10.0.32.16": 3597.5115, "10.0.31.164": 10792.5166, "10.0.31.255": 1798.7738, "10.0.32.117": 5396.7773, "10.0.32.119": 3485.5649000000003, "10.0.32.121": 5396.546899999999, "10.0.32.124": 8993.837200000002, "10.0.32.133": 3597.5298000000003, "10.0.32.129": 1798.7771, "10.0.32.153": 1798.7838, "10.0.32.166": 1798.7215, "10.0.32.161": 7195.0095, "10.0.32.177": 1798.6278, "10.0.32.143": 1798.7591, "10.0.32.195": 1798.8566, "10.0.32.169": 1798.6376, "10.0.32.178": 1799.1536, "10.0.32.147": 1798.7205, "10.0.33.32": 1798.7449, "10.0.32.205": 1798.7181, "10.0.32.152": 1798.7035, "10.0.33.0": 1798.7439, "10.0.33.33": 1798.7506, "10.0.33.11": 1798.7658, "10.0.32.218": 1798.7354, "10.0.33.46": 10792.8913, "10.0.33.57": 7194.9924, "10.0.32.247": 1798.7844, "10.0.33.63": 21578.571500000002, "10.0.33.64": 1798.7832,