{"TFT: Teamfight Tactics": {"localIpCount": 3, "localIpFrequency": {"10.0.115.201": 3, "10.0.115.228": 2, "10.0.115.233": 5}, "localIpTotalDuration": 14188.952600000002, "localIpDuration": {"10.0.115.201": 4004.0051000000003, "10.0.115.228": 3282.9815, "10.0.115.233": 6901.966}}, "Brawl Stars": {"localIpCount": 1, "localIpFrequency": {"10.0.116.50": 2}, "localIpTotalDuration": 1946.0087, "localIpDuration": {"10.0.116.50": 1946.0087}}, "Roblox": {"localIpCount": 53, "localIpFrequency": {"10.0.115.28": 1, "10.0.115.48": 2, "10.0.115.87": 1, "10.0.115.89": 1, "10.0.115.90": 1, "10.0.114.229": 2, "10.0.115.63": 3, "10.0.115.103": 1, "10.0.115.34": 1, "10.0.115.16": 4, "10.0.115.106": 1, "10.0.115.112": 1, "10.0.115.116": 1, "10.0.115.118": 1, "10.0.115.129": 1, "10.0.115.123": 1, "10.0.115.126": 1, "10.0.115.159": 1, "10.0.115.168": 1, "10.0.115.136": 1, "10.0.115.119": 2, "10.0.115.178": 3, "10.0.115.113": 2, "10.0.115.172": 2, "10.0.115.198": 2, "10.0.115.156": 2, "10.0.115.187": 1, "10.0.115.120": 1, "10.0.115.220": 1, "10.0.115.169": 1, "10.0.115.254": 1, "10.0.116.5": 2, "10.0.116.7": 1, "10.0.115.188": 2, "10.0.115.214": 2, "10.0.116.21": 2, "10.0.115.110": 1, "10.0.115.117": 8, "10.0.116.26": 1, "10.0.116.27": 3, "10.0.116.28": 5, "10.0.116.30": 1, "10.0.116.33": 1, "10.0.116.35": 2, "10.0.116.39": 1, "10.0.116.47": 2, "10.0.116.38": 1, "10.0.116.68": 1, "10.0.116.83": 1, "10.0.116.86": 1, "10.0.116.62": 1, "10.0.116.84": 1, "10.0.116.104": 1}, "localIpTotalDuration": 154131.7371, "localIpDuration": {"10.0.115.28": 1798.778, "10.0.115.48": 3597.617, "10.0.115.87": 1798.7932, "10.0.115.89": 1798.818, "10.0.115.90": 1798.8061, "10.0.114.229": 3597.5801, "10.0.115.63": 5396.4054, "10.0.115.103": 1798.8096, "10.0.115.34": 1798.8211, "10.0.115.16": 7195.164000000001, "10.0.115.106": 1799.0237, "10.0.115.112": 1798.8065, "10.0.115.116": 1798.8409, "10.0.115.118": 1798.8255, "10.0.115.129": 1798.8126, "10.0.115.123": 1798.8337, "10.0.115.126": 1798.7944, "10.0.115.159": 1798.7902, "10.0.115.168": 1798.7756, "10.0.115.136": 1798.7749, "10.0.115.119": 3597.5387, "10.0.115.178": 5396.3879, "10.0.115.113": 3597.5911, "10.0.115.172": 3597.3223, "10.0.115.198": 3597.5443, "10.0.115.156": 3597.4804999999997, "10.0.115.187": 1798.7797, "10.0.115.120": 1798.8112, "10.0.115.220": 1798.7281, "10.0.115.169": 1799.0181, "10.0.115.254": 1798.8051, "10.0.116.5": 3597.5902, "10.0.116.7": 1798.7941, "10.0.115.188": 3597.61, "10.0.115.214": 3597.5951, "10.0.116.21": 3597.618, "10.0.115.110": 1798.8201, "10.0.115.117": 14382.7901, "10.0.116.26": 1259.9998, "10.0.116.27": 5389.6231, "10.0.116.28": 8987.031500000001, "10.0.116.30": 1798.4981, "10.0.116.33": 1798.8189, "10.0.116.35": 3596.6983, "10.0.116.39": 1798.817, "10.0.116.47": 3596.7011, "10.0.116.38": 1798.5043, "10.0.116.68": 1798.8067, "10.0.116.83": 1797.5812, "10.0.116.86": 1797.3588, "10.0.116.62": 1798.7736, "10.0.116.84": 1799.0188, "10.0.116.104": 1798.8108}}, "Minecraft": {"localIpCount": 6, "localIpFrequency": {"10.0.115.117": 1, "10.0.115.120": 13, "10.0.115.111": 1, "10.0.115.176": 1, "10.0.115.197": 1, "10.0.116.56": 4}, "localIpTotalDuration": 22771.010600000005, "localIpDuration": {"10.0.115.117": 707.022, "10.0.115.120": 14342.972800000003, "10.0.115.111": 392.003, "10.0.115.176": 1798.9915, "10.0.115.197": 0.0043, "10.0.116.56": 5530.017000000001}}, "League of Legends: Wild Rift": {"localIpCount": 13, "localIpFrequency": {"10.0.115.40": 1, "10.0.115.133": 1, "10.0.115.129": 1, "10.0.115.156": 1, "10.0.115.193": 1, "10.0.115.228": 1, "10.0.115.236": 1, "10.0.115.234": 2, "10.0.115.254": 1, "10.0.116.31": 1, "10.0.116.40": 1, "10.0.116.44": 1, "10.0.116.102": 1}, "localIpTotalDuration": 5505.124000000001, "localIpDuration": {"10.0.115.40": 510.9996, "10.0.115.133": 14.0052, "10.0.115.129": 7.0095, "10.0.115.156": 7.0061, "10.0.115.193": 21.0124, "10.0.115.228": 1645.0467, "10.0.115.236": 1518.9529, "10.0.115.234": 266.0063, "10.0.115.254": 154.0013, "10.0.116.31": 503.9978, "10.0.116.40": 175.0001, "10.0.116.44": 615.9942, "10.0.116.102": 66.0919}}}