{"Lineage W": {"localIpCount": 1, "localIpFrequency": {"10.0.48.245": 3}, "localIpTotalDuration": 84.0081, "localIpDuration": {"10.0.48.245": 84.0081}}, "Minecraft": {"localIpCount": 16, "localIpFrequency": {"10.0.44.174": 6, "10.0.45.51": 15, "10.0.45.197": 12, "10.0.46.50": 6, "10.0.47.59": 3, "10.0.47.52": 6, "10.0.47.148": 3, "10.0.47.184": 3, "10.0.47.204": 3, "10.0.48.62": 15, "10.0.48.53": 3, "10.0.48.170": 3, "10.0.48.222": 9, "10.0.49.8": 3, "10.0.49.80": 3, "10.0.49.66": 3}, "localIpTotalDuration": 77364.53429999997, "localIpDuration": {"10.0.44.174": 4158.1356, "10.0.45.51": 18207.1467, "10.0.45.197": 13713.172499999997, "10.0.46.50": 1806.0860999999998, "10.0.47.59": 483.057, "10.0.47.52": 5417.2578, "10.0.47.148": 2478.0039, "10.0.47.184": 3843.0006, "10.0.47.204": 42.0303, "10.0.48.62": 14384.9523, "10.0.48.53": 5228.9907, "10.0.48.170": 42.0111, "10.0.48.222": 3507.2523, "10.0.49.8": 630.0936, "10.0.49.80": 609.1128, "10.0.49.66": 2814.2309999999998}}, "Odin: Valhalla Rising": {"localIpCount": 6, "localIpFrequency": {"10.0.43.202": 6, "10.0.45.8": 3, "10.0.45.240": 3, "10.0.46.201": 3, "10.0.47.49": 6, "10.0.48.23": 3}, "localIpTotalDuration": 2520.3111000000013, "localIpDuration": {"10.0.43.202": 1701.0122999999999, "10.0.45.8": 399.28679999999997, "10.0.45.240": 399.04740000000004, "10.0.46.201": 0.0, "10.0.47.49": 20.963700000000003, "10.0.48.23": 0.0009}}, "FIFA ONLINE 4 M": {"localIpCount": 4, "localIpFrequency": {"10.0.43.154": 3, "10.0.44.247": 12, "10.0.45.235": 3, "10.0.46.4": 3}, "localIpTotalDuration": 14784.470700000002, "localIpDuration": {"10.0.43.154": 441.16050000000007, "10.0.44.247": 7980.303000000002, "10.0.45.235": 2414.9975999999997, "10.0.46.4": 3948.0096000000003}}, "Clash Royale": {"localIpCount": 1, "localIpFrequency": {"10.0.46.164": 3}, "localIpTotalDuration": 63.04769999999999, "localIpDuration": {"10.0.46.164": 63.04769999999999}}, "Honkai: Star Rail": {"localIpCount": 1, "localIpFrequency": {"10.0.48.250": 6}, "localIpTotalDuration": 441.0957, "localIpDuration": {"10.0.48.250": 441.0957}}, "League of Legends: Wild Rift": {"localIpCount": 41, "localIpFrequency": {"10.0.43.202": 3, "10.0.44.154": 3, "10.0.44.105": 3, "10.0.44.240": 3, "10.0.44.241": 9, "10.0.45.19": 6, "10.0.45.89": 3, "10.0.45.121": 12, "10.0.44.214": 3, "10.0.45.170": 3, "10.0.45.184": 3, "10.0.45.222": 3, "10.0.45.235": 3, "10.0.45.249": 3, "10.0.46.31": 3, "10.0.46.20": 3, "10.0.46.137": 3, "10.0.46.148": 3, "10.0.46.206": 3, "10.0.46.224": 3, "10.0.47.17": 3, "10.0.47.99": 3, "10.0.47.141": 3, "10.0.47.157": 3, "10.0.47.170": 3, "10.0.47.187": 6, "10.0.48.20": 6, "10.0.48.36": 3, "10.0.48.51": 3, "10.0.48.76": 3, "10.0.48.108": 3, "10.0.48.23": 3, "10.0.48.165": 6, "10.0.49.14": 3, "10.0.48.222": 6, "10.0.49.42": 3, "10.0.49.47": 3, "10.0.49.38": 3, "10.0.48.245": 3, "10.0.49.89": 3, "10.0.49.121": 3}, "localIpTotalDuration": 86052.18269999999, "localIpDuration": {"10.0.43.202": 0.00030000000000000003, "10.0.44.154": 21.029400000000003, "10.0.44.105": 147.0237, "10.0.44.240": 105.0669, "10.0.44.241": 3628.824600000001, "10.0.45.19": 7853.9955, "10.0.45.89": 188.9106, "10.0.45.121": 20767.4814, "10.0.44.214": 3863.8065, "10.0.45.170": 2667.1254, "10.0.45.184": 4514.8269, "10.0.45.222": 5082.0072, "10.0.45.235": 126.0027, "10.0.45.249": 3675.0137999999997, "10.0.46.31": 2835.0336, "10.0.46.20": 441.1107, "10.0.46.137": 105.0084, "10.0.46.148": 0.0, "10.0.46.206": 1533.0762, "10.0.46.224": 1533.0018, "10.0.47.17": 42.1443, "10.0.47.99": 860.9049, "10.0.47.141": 4892.9889, "10.0.47.157": 420.0006, "10.0.47.170": 126.00930000000001, "10.0.47.187": 3401.9775, "10.0.48.20": 126.0021, "10.0.48.36": 1511.9979, "10.0.48.51": 126.0009, "10.0.48.76": 0.0, "10.0.48.108": 63.074999999999996, "10.0.48.23": 5354.8944, "10.0.48.165": 2436.0105, "10.0.49.14": 83.82000000000001, "10.0.48.222": 2393.9826000000007, "10.0.49.42": 189.0453, "10.0.49.47": 420.0009, "10.0.49.38": 42.0507, "10.0.48.245": 4073.8713000000002, "10.0.49.89": 0.0, "10.0.49.121": 399.06000000000006}}, "Roblox": {"localIpCount": 199, "localIpFrequency": {"10.0.43.169": 3, "10.0.44.72": 3, "10.0.44.108": 3, "10.0.44.154": 3, "10.0.44.80": 3, "10.0.44.133": 3, "10.0.44.161": 3, "10.0.43.142": 6, "10.0.44.95": 3, "10.0.44.105": 3, "10.0.44.170": 3, "10.0.44.153": 3, "10.0.44.48": 3, "10.0.43.217": 3, "10.0.44.17": 3, "10.0.44.28": 3, "10.0.44.187": 9, "10.0.44.192": 3, "10.0.44.219": 3, "10.0.44.235": 3, "10.0.44.233": 3, "10.0.44.195": 3, "10.0.44.186": 3, "10.0.45.19": 3, "10.0.45.12": 6, "10.0.45.63": 3, "10.0.45.44": 3, "10.0.44.236": 3, "10.0.44.252": 3, "10.0.45.65": 3, "10.0.45.104": 3, "10.0.45.121": 3, "10.0.45.143": 3, "10.0.44.244": 3, "10.0.44.225": 9, "10.0.45.25": 6, "10.0.45.28": 3, "10.0.44.211": 3, "10.0.45.166": 3, "10.0.45.50": 3, "10.0.44.202": 3, "10.0.45.216": 3, "10.0.45.94": 6, "10.0.45.171": 3, "10.0.45.117": 3, "10.0.45.136": 9, "10.0.44.255": 6, "10.0.44.223": 3, "10.0.45.7": 12, "10.0.45.229": 9, "10.0.45.228": 6, "10.0.45.233": 18, "10.0.45.237": 3, "10.0.45.248": 3, "10.0.45.249": 3, "10.0.45.246": 3, "10.0.46.15": 3, "10.0.46.13": 9, "10.0.46.23": 3, "10.0.46.37": 3, "10.0.46.48": 6, "10.0.45.247": 3, "10.0.46.4": 3, "10.0.46.11": 3, "10.0.45.254": 3, "10.0.46.78": 3, "10.0.45.230": 3, "10.0.46.22": 15, "10.0.46.57": 3, "10.0.46.121": 3, "10.0.46.99": 9, "10.0.46.120": 9, "10.0.46.132": 3, "10.0.46.119": 3, "10.0.46.110": 3, "10.0.46.97": 3, "10.0.46.133": 3, "10.0.46.137": 3, "10.0.46.138": 3, "10.0.46.139": 3, "10.0.46.140": 3, "10.0.46.142": 3, "10.0.46.144": 24, "10.0.46.145": 3, "10.0.46.152": 6, "10.0.46.157": 3, "10.0.46.164": 6, "10.0.46.159": 3, "10.0.46.194": 3, "10.0.46.165": 3, "10.0.46.184": 6, "10.0.46.220": 3, "10.0.46.196": 6, "10.0.46.232": 3, "10.0.46.237": 3, "10.0.46.163": 24, "10.0.46.221": 6, "10.0.46.208": 3, "10.0.46.253": 6, "10.0.46.254": 3, "10.0.46.255": 3, "10.0.47.3": 3, "10.0.47.7": 3, "10.0.47.8": 3, "10.0.47.15": 3, "10.0.47.12": 3, "10.0.47.36": 3, "10.0.47.29": 3, "10.0.47.50": 3, "10.0.47.52": 3, "10.0.47.59": 3, "10.0.47.71": 3, "10.0.47.79": 3, "10.0.47.46": 3, "10.0.47.51": 3, "10.0.47.102": 3, "10.0.47.0": 3, "10.0.47.14": 3, "10.0.47.123": 3, "10.0.47.47": 6, "10.0.47.143": 3, "10.0.47.138": 3, "10.0.47.16": 15, "10.0.47.28": 15, "10.0.47.87": 3, "10.0.47.73": 6, "10.0.47.2": 3, "10.0.47.154": 15, "10.0.47.158": 6, "10.0.47.159": 9, "10.0.47.161": 12, "10.0.47.169": 3, "10.0.47.187": 3, "10.0.47.185": 3, "10.0.47.171": 3, "10.0.47.200": 6, "10.0.47.189": 3, "10.0.47.223": 12, "10.0.47.197": 3, "10.0.47.220": 3, "10.0.47.249": 3, "10.0.47.227": 15, "10.0.48.10": 3, "10.0.48.3": 3, "10.0.48.11": 3, "10.0.48.1": 24, "10.0.48.20": 3, "10.0.48.22": 3, "10.0.48.25": 3, "10.0.48.26": 3, "10.0.48.32": 6, "10.0.48.31": 9, "10.0.48.34": 6, "10.0.48.37": 3, "10.0.48.36": 6, "10.0.48.48": 3, "10.0.48.50": 6, "10.0.48.59": 3, "10.0.48.64": 3, "10.0.48.84": 3, "10.0.48.70": 3, "10.0.48.45": 6, "10.0.48.137": 3, "10.0.48.144": 3, "10.0.48.135": 3, "10.0.48.126": 12, "10.0.48.151": 3, "10.0.48.103": 3, "10.0.48.171": 3, "10.0.48.140": 6, "10.0.48.172": 3, "10.0.48.169": 12, "10.0.48.165": 3, "10.0.48.66": 3, "10.0.48.183": 3, "10.0.48.187": 9, "10.0.48.189": 3, "10.0.48.201": 3, "10.0.48.223": 3, "10.0.48.206": 3, "10.0.48.244": 6, "10.0.48.228": 3, "10.0.48.218": 6, "10.0.48.246": 3, "10.0.48.250": 3, "10.0.49.5": 3, "10.0.49.31": 3, "10.0.48.213": 3, "10.0.49.37": 3, "10.0.48.252": 3, "10.0.48.203": 3, "10.0.49.49": 3, "10.0.49.33": 6, "10.0.48.192": 3, "10.0.48.220": 3, "10.0.48.241": 3, "10.0.49.95": 3, "10.0.49.74": 3, "10.0.49.127": 3}, "localIpTotalDuration": 1622377.5420000008, "localIpDuration": {"10.0.43.169": 5396.2017, "10.0.44.72": 5395.7481, "10.0.44.108": 5395.983, "10.0.44.154": 5396.3073, "10.0.44.80": 5395.911, "10.0.44.133": 5396.1501, "10.0.44.161": 5396.1530999999995, "10.0.43.142": 10792.5117, "10.0.44.95": 5396.1717, "10.0.44.105": 5396.1705, "10.0.44.170": 5396.2683, "10.0.44.153": 5396.1936,