{"Genshin Impact": {"localIpCount": 1, "localIpFrequency": {"10.0.74.146": 2}, "localIpTotalDuration": 1743.0004, "localIpDuration": {"10.0.74.146": 1743.0004}}, "Roblox": {"localIpCount": 45, "localIpFrequency": {"10.0.74.79": 1, "10.0.74.108": 6, "10.0.73.245": 1, "10.0.74.39": 4, "10.0.74.119": 1, "10.0.74.35": 1, "10.0.74.94": 1, "10.0.74.134": 2, "10.0.74.139": 6, "10.0.74.140": 2, "10.0.74.141": 1, "10.0.74.149": 1, "10.0.74.152": 1, "10.0.74.153": 1, "10.0.74.156": 1, "10.0.74.142": 1, "10.0.74.158": 1, "10.0.74.163": 3, "10.0.74.189": 1, "10.0.74.182": 1, "10.0.74.205": 2, "10.0.74.210": 1, "10.0.74.195": 2, "10.0.74.227": 1, "10.0.74.202": 1, "10.0.74.245": 1, "10.0.74.240": 1, "10.0.74.171": 6, "10.0.74.225": 2, "10.0.74.252": 4, "10.0.75.0": 2, "10.0.75.19": 3, "10.0.75.24": 2, "10.0.75.25": 1, "10.0.75.33": 4, "10.0.75.42": 1, "10.0.75.30": 1, "10.0.75.51": 1, "10.0.75.34": 1, "10.0.75.52": 2, "10.0.75.28": 1, "10.0.75.71": 1, "10.0.75.82": 1, "10.0.75.74": 1, "10.0.75.86": 1}, "localIpTotalDuration": 145682.29200000002, "localIpDuration": {"10.0.74.79": 1798.7356, "10.0.74.108": 10792.7044, "10.0.73.245": 1798.6732, "10.0.74.39": 7194.6337, "10.0.74.119": 1798.751, "10.0.74.35": 1798.7176, "10.0.74.94": 1798.7279, "10.0.74.134": 3583.513, "10.0.74.139": 10792.6709, "10.0.74.140": 3597.5123000000003, "10.0.74.141": 1798.7585, "10.0.74.149": 1798.7429, "10.0.74.152": 1798.7374, "10.0.74.153": 1798.7584, "10.0.74.156": 1798.7355, "10.0.74.142": 1798.7611, "10.0.74.158": 1798.7434, "10.0.74.163": 5396.1821, "10.0.74.189": 1798.7325, "10.0.74.182": 1798.7659, "10.0.74.205": 3597.4998, "10.0.74.210": 1798.7347, "10.0.74.195": 3597.4915, "10.0.74.227": 1798.7409, "10.0.74.202": 1798.7368, "10.0.74.245": 1799.052, "10.0.74.240": 1798.5234, "10.0.74.171": 10792.3485, "10.0.74.225": 3597.4858000000004, "10.0.74.252": 7195.5317, "10.0.75.0": 3597.5263999999997, "10.0.75.19": 5396.2642, "10.0.75.24": 3597.7519, "10.0.75.25": 1798.7706, "10.0.75.33": 7194.690500000001, "10.0.75.42": 1798.7515, "10.0.75.30": 1798.752, "10.0.75.51": 1797.8458, "10.0.75.34": 1798.1631, "10.0.75.52": 3596.3115, "10.0.75.28": 1798.7539, "10.0.75.71": 1798.7506, "10.0.75.82": 1798.7376, "10.0.75.74": 1798.7625, "10.0.75.86": 1798.7575}}, "Minecraft": {"localIpCount": 4, "localIpFrequency": {"10.0.74.127": 6, "10.0.74.192": 1, "10.0.75.82": 2, "10.0.75.100": 1}, "localIpTotalDuration": 8316.010199999999, "localIpDuration": {"10.0.74.127": 3563.0134999999996, "10.0.74.192": 139.9987, "10.0.75.82": 2883.9941, "10.0.75.100": 1729.0039}}, "TFT: Teamfight Tactics": {"localIpCount": 5, "localIpFrequency": {"10.0.74.128": 1, "10.0.74.167": 1, "10.0.74.201": 1, "10.0.74.208": 1, "10.0.75.60": 1}, "localIpTotalDuration": 4788.0121, "localIpDuration": {"10.0.74.128": 1154.984, "10.0.74.167": 188.9971, "10.0.74.201": 1120.0076, "10.0.74.208": 1435.0255, "10.0.75.60": 888.9979}}, "League of Legends: Wild Rift": {"localIpCount": 8, "localIpFrequency": {"10.0.74.38": 1, "10.0.74.160": 1, "10.0.74.167": 1, "10.0.74.185": 1, "10.0.75.17": 1, "10.0.75.55": 1, "10.0.75.60": 1, "10.0.75.51": 3}, "localIpTotalDuration": 6517.0075, "localIpDuration": {"10.0.74.38": 462.007, "10.0.74.160": 699.9986, "10.0.74.167": 20.9936, "10.0.74.185": 546.0006, "10.0.75.17": 139.9991, "10.0.75.55": 434.0004, "10.0.75.60": 1785.0039, "10.0.75.51": 2429.0042999999996}}, "Clash Royale": {"localIpCount": 1, "localIpFrequency": {"10.0.74.189": 1}, "localIpTotalDuration": 6.9943, "localIpDuration": {"10.0.74.189": 6.9943}}, "Overwatch 2": {"localIpCount": 2, "localIpFrequency": {"10.0.74.81": 6, "10.0.75.18": 3}, "localIpTotalDuration": 13839.021999999999, "localIpDuration": {"10.0.74.81": 8876.0258, "10.0.75.18": 4962.9962}}}