{"Minecraft": {"localIpCount": 1, "localIpFrequency": {"10.0.5.155": 1}, "localIpTotalDuration": 105.0126, "localIpDuration": {"10.0.5.155": 105.0126}}, "Odin: Valhalla Rising": {"localIpCount": 1, "localIpFrequency": {"10.0.1.43": 2}, "localIpTotalDuration": 139.9807, "localIpDuration": {"10.0.1.43": 139.9807}}, "Genshin Impact": {"localIpCount": 3, "localIpFrequency": {"10.0.2.185": 1, "10.0.6.64": 1, "10.0.6.23": 1}, "localIpTotalDuration": 1960.0288, "localIpDuration": {"10.0.2.185": 174.9927, "10.0.6.64": 1603.0226, "10.0.6.23": 182.0135}}, "Lineage M": {"localIpCount": 1, "localIpFrequency": {"10.0.6.117": 1}, "localIpTotalDuration": 0.034, "localIpDuration": {"10.0.6.117": 0.034}}, "TFT: Teamfight Tactics": {"localIpCount": 5, "localIpFrequency": {"10.0.5.251": 6, "10.0.6.106": 1, "10.0.5.224": 1, "10.0.5.56": 2, "10.0.5.138": 2}, "localIpTotalDuration": 10794.2228, "localIpDuration": {"10.0.5.251": 4032.1211, "10.0.6.106": 1729.0205, "10.0.5.224": 1274.005, "10.0.5.56": 1274.0582, "10.0.5.138": 2485.018}}, "League of Legends: Wild Rift": {"localIpCount": 8, "localIpFrequency": {"10.0.1.43": 1, "10.0.5.35": 1, "10.0.0.210": 1, "10.0.0.155": 1, "10.0.1.88": 10, "10.0.0.238": 1, "10.0.5.138": 1, "10.0.6.120": 1}, "localIpTotalDuration": 18170.7451, "localIpDuration": {"10.0.1.43": 0.0001, "10.0.5.35": 70.0013, "10.0.0.210": 1267.0273, "10.0.0.155": 13.991, "10.0.1.88": 16651.7371, "10.0.0.238": 139.9995, "10.0.5.138": 0.0, "10.0.6.120": 27.9888}}, "Roblox": {"localIpCount": 42, "localIpFrequency": {"10.0.5.8": 2, "10.0.6.23": 3, "10.0.6.35": 1, "10.0.6.72": 6, "10.0.5.155": 2, "10.0.3.12": 2, "10.0.4.86": 1, "10.0.0.162": 2, "10.0.3.204": 2, "10.0.5.233": 3, "10.0.5.80": 3, "10.0.3.64": 1, "10.0.4.240": 2, "10.0.4.173": 1, "10.0.0.180": 2, "10.0.1.181": 1, "10.0.6.94": 1, "10.0.4.78": 1, "10.0.5.176": 1, "10.0.5.129": 3, "10.0.6.60": 1, "10.0.4.246": 1, "10.0.2.85": 1, "10.0.1.15": 1, "10.0.5.142": 1, "10.0.5.206": 1, "10.0.3.218": 1, "10.0.5.62": 1, "10.0.0.239": 1, "10.0.5.251": 1, "10.0.4.70": 1, "10.0.2.231": 2, "10.0.3.65": 1, "10.0.0.136": 3, "10.0.2.191": 5, "10.0.4.248": 2, "10.0.5.93": 1, "10.0.5.43": 1, "10.0.5.245": 1, "10.0.4.234": 1, "10.0.1.115": 1, "10.0.6.32": 1}, "localIpTotalDuration": 125913.13849999996, "localIpDuration": {"10.0.5.8": 3597.3175, "10.0.6.23": 5396.2923, "10.0.6.35": 1798.7028, "10.0.6.72": 10792.832699999999, "10.0.5.155": 3597.3922000000002, "10.0.3.12": 3597.5376, "10.0.4.86": 1798.774, "10.0.0.162": 3597.5167, "10.0.3.204": 3597.5769, "10.0.5.233": 5396.2728, "10.0.5.80": 5396.5782, "10.0.3.64": 1798.7387, "10.0.4.240": 3597.6138, "10.0.4.173": 1798.7517, "10.0.0.180": 3597.514, "10.0.1.181": 1798.7351, "10.0.6.94": 1798.7076, "10.0.4.78": 1798.7547, "10.0.5.176": 1798.8178, "10.0.5.129": 5396.2387, "10.0.6.60": 1798.7228, "10.0.4.246": 1798.7511, "10.0.2.85": 1798.6668, "10.0.1.15": 1798.7704, "10.0.5.142": 1798.5249, "10.0.5.206": 1798.6329, "10.0.3.218": 1798.8037, "10.0.5.62": 1798.7042, "10.0.0.239": 1798.7925, "10.0.5.251": 1799.0796, "10.0.4.70": 1798.7061, "10.0.2.231": 3597.4541, "10.0.3.65": 1798.7012, "10.0.0.136": 5396.2744, "10.0.2.191": 8993.8737, "10.0.4.248": 3597.5052, "10.0.5.93": 1798.7639, "10.0.5.43": 1798.7637, "10.0.5.245": 1798.6983, "10.0.4.234": 1798.758, "10.0.1.115": 1798.7839, "10.0.6.32": 1798.7413}}, "FIFA ONLINE 4 M": {"localIpCount": 1, "localIpFrequency": {"10.0.3.7": 7}, "localIpTotalDuration": 6454.018499999999, "localIpDuration": {"10.0.3.7": 6454.018499999999}}}