{"Overwatch 2": {"localIpCount": 1, "localIpFrequency": {"10.0.11.69": 3}, "localIpTotalDuration": 3555.8131999999996, "localIpDuration": {"10.0.11.69": 3555.8131999999996}}, "League of Legends: Wild Rift": {"localIpCount": 11, "localIpFrequency": {"10.0.10.139": 1, "10.0.10.159": 1, "10.0.10.255": 2, "10.0.11.56": 1, "10.0.11.10": 1, "10.0.11.73": 1, "10.0.11.121": 1, "10.0.11.88": 1, "10.0.11.223": 1, "10.0.11.81": 1, "10.0.12.2": 1}, "localIpTotalDuration": 11850.305199999999, "localIpDuration": {"10.0.10.139": 1735.9993, "10.0.10.159": 434.2882, "10.0.10.255": 2428.7489, "10.0.11.56": 14.0427, "10.0.11.10": 20.8842, "10.0.11.73": 1210.9864, "10.0.11.121": 1735.9401, "10.0.11.88": 979.4322, "10.0.11.223": 20.9101, "10.0.11.81": 1630.9723, "10.0.12.2": 1638.1008}}, "Honkai: Star Rail": {"localIpCount": 1, "localIpFrequency": {"10.0.11.65": 1}, "localIpTotalDuration": 14.032, "localIpDuration": {"10.0.11.65": 14.032}}, "Hero Blaze: Three Kingdoms": {"localIpCount": 1, "localIpFrequency": {"10.0.10.221": 1}, "localIpTotalDuration": 84.0111, "localIpDuration": {"10.0.10.221": 84.0111}}, "Genshin Impact": {"localIpCount": 3, "localIpFrequency": {"10.0.11.2": 3, "10.0.11.68": 2, "10.0.11.246": 1}, "localIpTotalDuration": 1547.2863, "localIpDuration": {"10.0.11.2": 1134.1127999999999, "10.0.11.68": 252.16109999999998, "10.0.11.246": 161.0124}}, "Roblox": {"localIpCount": 52, "localIpFrequency": {"10.0.10.36": 1, "10.0.10.131": 1, "10.0.10.112": 4, "10.0.10.82": 1, "10.0.10.81": 1, "10.0.10.103": 1, "10.0.10.227": 1, "10.0.10.232": 1, "10.0.10.219": 1, "10.0.10.89": 1, "10.0.10.87": 2, "10.0.10.228": 2, "10.0.10.245": 1, "10.0.10.251": 1, "10.0.10.249": 2, "10.0.11.7": 2, "10.0.11.29": 2, "10.0.11.56": 1, "10.0.11.20": 1, "10.0.11.1": 1, "10.0.11.57": 1, "10.0.10.247": 1, "10.0.11.128": 1, "10.0.11.45": 2, "10.0.11.140": 1, "10.0.11.138": 1, "10.0.11.99": 1, "10.0.11.110": 1, "10.0.11.180": 1, "10.0.11.125": 1, "10.0.11.150": 1, "10.0.11.205": 1, "10.0.11.90": 2, "10.0.11.151": 1, "10.0.11.142": 1, "10.0.12.18": 1, "10.0.11.204": 1, "10.0.11.233": 1, "10.0.11.54": 1, "10.0.12.40": 1, "10.0.12.19": 2, "10.0.11.229": 1, "10.0.11.192": 1, "10.0.11.177": 2, "10.0.11.66": 2, "10.0.11.185": 2, "10.0.12.20": 1, "10.0.11.63": 1, "10.0.11.193": 1, "10.0.12.52": 4, "10.0.12.58": 3, "10.0.12.69": 1}, "localIpTotalDuration": 127712.89389999997, "localIpDuration": {"10.0.10.36": 1798.6991, "10.0.10.131": 1798.7611, "10.0.10.112": 7195.0637, "10.0.10.82": 1798.7146, "10.0.10.81": 1798.7447, "10.0.10.103": 1798.7428, "10.0.10.227": 1798.7506, "10.0.10.232": 1798.7578, "10.0.10.219": 1798.7316, "10.0.10.89": 1798.7325, "10.0.10.87": 3597.5489, "10.0.10.228": 3597.5643, "10.0.10.245": 1799.0065, "10.0.10.251": 1798.7745, "10.0.10.249": 3597.5172000000002, "10.0.11.7": 3597.5942, "10.0.11.29": 3597.5382, "10.0.11.56": 1798.7176, "10.0.11.20": 1798.6138, "10.0.11.1": 1798.7867, "10.0.11.57": 1798.7695, "10.0.10.247": 1798.7191, "10.0.11.128": 1798.7162, "10.0.11.45": 3597.5027, "10.0.11.140": 1798.8085, "10.0.11.138": 1798.6789, "10.0.11.99": 1798.7939, "10.0.11.110": 1798.7752, "10.0.11.180": 1798.9454, "10.0.11.125": 1798.7389, "10.0.11.150": 1798.9917, "10.0.11.205": 1798.929, "10.0.11.90": 3597.67, "10.0.11.151": 1799.1938, "10.0.11.142": 1798.6275, "10.0.12.18": 1798.7281, "10.0.11.204": 1798.672, "10.0.11.233": 1798.7193, "10.0.11.54": 1798.7591, "10.0.12.40": 1798.7554, "10.0.12.19": 3597.5337, "10.0.11.229": 1798.746, "10.0.11.192": 1798.7664, "10.0.11.177": 3597.5468, "10.0.11.66": 3597.5476, "10.0.11.185": 3597.5712999999996, "10.0.12.20": 1798.7636, "10.0.11.63": 1798.7662, "10.0.11.193": 1798.7651, "10.0.12.52": 7195.555399999999, "10.0.12.58": 5396.3082, "10.0.12.69": 1798.169}}, "TFT: Teamfight Tactics": {"localIpCount": 7, "localIpFrequency": {"10.0.10.159": 1, "10.0.11.11": 5, "10.0.11.56": 2, "10.0.11.85": 1, "10.0.11.219": 1, "10.0.11.250": 1, "10.0.11.239": 1}, "localIpTotalDuration": 11718.4329, "localIpDuration": {"10.0.10.159": 63.0272, "10.0.11.11": 4774.215099999999, "10.0.11.56": 3457.9267, "10.0.11.85": 924.0688, "10.0.11.219": 231.1505, "10.0.11.250": 1729.0311, "10.0.11.239": 539.0135}}, "Minecraft": {"localIpCount": 7, "localIpFrequency": {"10.0.10.213": 8, "10.0.11.52": 7, "10.0.11.117": 2, "10.0.11.86": 1, "10.0.11.175": 5, "10.0.11.95": 1, "10.0.12.30": 1}, "localIpTotalDuration": 33292.692500000005, "localIpDuration": {"10.0.10.213": 12753.853299999999, "10.0.11.52": 8729.1896, "10.0.11.117": 2142.2555, "10.0.11.86": 1462.9946, "10.0.11.175": 6951.307200000001, "10.0.11.95": 672.0799, "10.0.12.30": 581.0124}}, "Clash Royale": {"localIpCount": 1, "localIpFrequency": {"10.0.11.142": 1}, "localIpTotalDuration": 21.0097, "localIpDuration": {"10.0.11.142": 21.0097}}, "Cookie Run: Kingdom": {"localIpCount": 1, "localIpFrequency": {"10.0.11.81": 1}, "localIpTotalDuration": 1365.3541, "localIpDuration": {"10.0.11.81": 1365.3541}}}