{"Roblox (Game)": {"localIpCount": 42, "localIpFrequency": {"10.0.3.139": 3, "10.0.0.33": 13, "10.0.2.251": 5, "10.0.3.59": 6, "10.0.3.58": 10, "10.0.3.80": 4, "10.0.1.133": 1, "10.0.2.127": 1, "10.0.0.61": 3, "10.0.2.252": 2, "10.0.1.146": 2, "10.0.0.126": 8, "10.0.3.132": 3, "10.0.2.63": 13, "10.0.2.219": 4, "10.0.0.89": 2, "10.0.2.197": 1, "10.0.3.158": 3, "10.0.3.121": 11, "10.0.2.110": 2, "10.0.1.172": 4, "10.0.3.163": 3, "10.0.2.248": 1, "10.0.3.96": 2, "10.0.3.164": 1, "10.0.3.35": 1, "10.0.3.166": 1, "10.0.3.25": 1, "10.0.2.245": 1, "10.0.0.73": 2, "10.0.3.103": 2, "10.0.0.133": 1, "10.0.1.69": 3, "10.0.3.169": 1, "10.0.0.213": 1, "10.0.0.20": 9, "10.0.3.171": 2, "10.0.0.66": 1, "10.0.2.96": 1, "10.0.2.98": 1, "10.0.2.122": 3, "10.0.3.131": 1}, "localIpTotalDuration": 202828.15260000003, "localIpDuration": {"10.0.3.139": 3897.5168000000003, "10.0.0.33": 20733.159199999995, "10.0.2.251": 6699.016500000001, "10.0.3.59": 10264.4478, "10.0.3.58": 17290.1922, "10.0.3.80": 6004.4059, "10.0.1.133": 1764.0047, "10.0.2.127": 1784.9998, "10.0.0.61": 2688.0149, "10.0.2.252": 2408.0874, "10.0.1.146": 3295.5141, "10.0.0.126": 11337.437899999999, "10.0.3.132": 5030.515600000001, "10.0.2.63": 19411.537399999997, "10.0.2.219": 3458.3758, "10.0.0.89": 2534.0912, "10.0.2.197": 1427.9988, "10.0.3.158": 5353.4241, "10.0.3.121": 19030.820799999998, "10.0.2.110": 3556.0065, "10.0.1.172": 3738.0060000000003, "10.0.3.163": 5240.4909, "10.0.2.248": 1714.9879, "10.0.3.96": 3372.0199000000002, "10.0.3.164": 1153.3006, "10.0.3.35": 0.0034, "10.0.3.166": 119.0079, "10.0.3.25": 770.0035, "10.0.2.245": 125.9998, "10.0.0.73": 140.0127, "10.0.3.103": 1826.9976, "10.0.0.133": 805.0018, "10.0.1.69": 4066.9983, "10.0.3.169": 1798.911, "10.0.0.213": 1223.5111, "10.0.0.20": 14812.137000000002, "10.0.3.171": 3598.0026, "10.0.0.66": 1694.0829, "10.0.2.96": 132.9995, "10.0.2.98": 1630.9975, "10.0.2.122": 5152.1094, "10.0.3.131": 1743.0039}}, "Odin: Valhalla Rising": {"localIpCount": 2, "localIpFrequency": {"10.0.0.124": 1, "10.0.3.161": 1}, "localIpTotalDuration": 378.0, "localIpDuration": {"10.0.0.124": 0.0, "10.0.3.161": 378.0}}, "Roblox": {"localIpCount": 46, "localIpFrequency": {"10.0.2.110": 3, "10.0.3.139": 3, "10.0.2.251": 4, "10.0.3.59": 9, "10.0.3.150": 1, "10.0.3.80": 4, "10.0.1.133": 1, "10.0.2.127": 1, "10.0.2.252": 1, "10.0.2.248": 1, "10.0.1.146": 4, "10.0.0.33": 13, "10.0.3.132": 3, "10.0.2.63": 11, "10.0.3.158": 5, "10.0.2.219": 3, "10.0.0.89": 7, "10.0.0.126": 5, "10.0.3.157": 1, "10.0.1.172": 6, "10.0.1.198": 7, "10.0.3.163": 7, "10.0.3.121": 10, "10.0.3.58": 6, "10.0.3.35": 1, "10.0.2.43": 1, "10.0.3.166": 1, "10.0.3.25": 1, "10.0.0.42": 1, "10.0.3.96": 1, "10.0.2.96": 1, "10.0.0.61": 2, "10.0.3.103": 6, "10.0.2.245": 1, "10.0.0.73": 2, "10.0.0.77": 4, "10.0.0.20": 15, "10.0.3.169": 1, "10.0.0.213": 1, "10.0.0.199": 1, "10.0.3.171": 3, "10.0.2.98": 3, "10.0.1.69": 1, "10.0.2.122": 4, "10.0.3.174": 2, "10.0.3.138": 2}, "localIpTotalDuration": 276695.5756999999, "localIpDuration": {"10.0.2.110": 5370.7375, "10.0.3.139": 4862.4437, "10.0.2.251": 5083.944, "10.0.3.59": 16155.2303, "10.0.3.150": 1796.0149, "10.0.3.80": 7189.764499999999, "10.0.1.133": 1797.4269, "10.0.2.127": 1496.7061, "10.0.2.252": 1795.434, "10.0.2.248": 1796.9276, "10.0.1.146": 7188.335000000001, "10.0.0.33": 21981.529900000005, "10.0.3.132": 5391.8003, "10.0.2.63": 19312.5324, "10.0.3.158": 8986.0195, "10.0.2.219": 3693.0494, "10.0.0.89": 11027.551699999998, "10.0.0.126": 8413.4234, "10.0.3.157": 1796.0261, "10.0.1.172": 8788.8151, "10.0.1.198": 5501.999400000001, "10.0.3.163": 12582.2566, "10.0.3.121": 17972.4481, "10.0.3.58": 10778.0922, "10.0.3.35": 1762.4056, "10.0.2.43": 1791.8277, "10.0.3.166": 606.7239, "10.0.3.25": 1609.9974, "10.0.0.42": 1799.0829, "10.0.3.96": 1055.4012, "10.0.2.96": 1799.0041, "10.0.0.61": 3112.6068, "10.0.3.103": 10129.6623, "10.0.2.245": 398.996, "10.0.0.73": 504.0018, "10.0.0.77": 5508.934499999999, "10.0.0.20": 23649.4066, "10.0.3.169": 1791.9958, "10.0.0.213": 1734.9356, "10.0.0.199": 1799.0818, "10.0.3.171": 5386.0386, "10.0.2.98": 5393.9205999999995, "10.0.1.69": 1798.0656, "10.0.2.122": 7189.8437, "10.0.3.174": 3594.1362, "10.0.3.138": 3520.9984}}, "League of Legends: Wild Rift": {"localIpCount": 12, "localIpFrequency": {"10.0.0.74": 1, "10.0.3.161": 1, "10.0.2.45": 1, "10.0.1.33": 2, "10.0.3.163": 1, "10.0.3.166": 1, "10.0.2.252": 1, "10.0.1.198": 1, "10.0.1.172": 2, "10.0.2.122": 3, "10.0.0.47": 1, "10.0.2.98": 1}, "localIpTotalDuration": 7490.105799999998, "localIpDuration": {"10.0.0.74": 1561.0175, "10.0.3.161": 174.9976, "10.0.2.45": 49.0059, "10.0.1.33": 1505.0888, "10.0.3.163": 139.9384, "10.0.3.166": 364.0067, "10.0.2.252": 524.9907, "10.0.1.198": 7.019, "10.0.1.172": 1841.0093, "10.0.2.122": 980.0181, "10.0.0.47": 272.9994, "10.0.2.98": 70.0144}}, "FIFA ONLINE 4 M": {"localIpCount": 2, "localIpFrequency": {"10.0.3.157": 1, "10.0.2.250": 1}, "localIpTotalDuration": 917.0079, "localIpDuration": {"10.0.3.157": 98.0046, "10.0.2.250": 819.0033}}, "Minecraft": {"localIpCount": 1, "localIpFrequency": {"10.0.1.235": 1}, "localIpTotalDuration": 602.0048, "localIpDuration": {"10.0.1.235": 602.0048}}}