{"TFT: Teamfight Tactics": {"localIpCount": 9, "localIpFrequency": {"10.0.3.232": 2, "10.0.3.110": 3, "10.0.3.212": 1, "10.0.4.6": 1, "10.0.3.138": 1, "10.0.4.17": 1, "10.0.4.19": 1, "10.0.4.26": 1, "10.0.2.171": 1}, "localIpTotalDuration": 8800.295199999999, "localIpDuration": {"10.0.3.232": 1215.0555, "10.0.3.110": 3699.1451, "10.0.3.212": 1593.0268, "10.0.4.6": 216.0025, "10.0.3.138": 9.0308, "10.0.4.17": 1655.9961, "10.0.4.19": 0.0, "10.0.4.26": 153.0386, "10.0.2.171": 258.9998}}, "Roblox (Game)": {"localIpCount": 23, "localIpFrequency": {"10.0.0.224": 1, "10.0.0.196": 3, "10.0.3.78": 6, "10.0.0.136": 4, "10.0.2.124": 1, "10.0.1.251": 1, "10.0.1.5": 1, "10.0.2.168": 2, "10.0.1.19": 1, "10.0.1.207": 3, "10.0.0.255": 1, "10.0.1.136": 2, "10.0.0.38": 2, "10.0.0.75": 2, "10.0.0.178": 5, "10.0.3.234": 1, "10.0.2.231": 2, "10.0.3.57": 3, "10.0.3.218": 1, "10.0.1.188": 1, "10.0.0.40": 1, "10.0.0.33": 1, "10.0.2.91": 1}, "localIpTotalDuration": 79760.84169999999, "localIpDuration": {"10.0.0.224": 1773.01, "10.0.0.196": 5327.718, "10.0.3.78": 9764.7942, "10.0.0.136": 6668.7456, "10.0.2.124": 1709.9978, "10.0.1.251": 1647.0008, "10.0.1.5": 1791.0435, "10.0.2.168": 3599.4961000000003, "10.0.1.19": 1772.9979, "10.0.1.207": 5372.218500000001, "10.0.0.255": 1799.9818, "10.0.1.136": 3599.4597999999996, "10.0.0.38": 3581.544, "10.0.0.75": 3590.8818, "10.0.0.178": 8908.8845, "10.0.3.234": 1799.8938, "10.0.2.231": 3572.7128000000002, "10.0.3.57": 5372.1483, "10.0.3.218": 1799.7862, "10.0.1.188": 1799.7585, "10.0.0.40": 1791.0213, "10.0.0.33": 1791.0077, "10.0.2.91": 926.7388}}, "Honkai: Star Rail": {"localIpCount": 1, "localIpFrequency": {"10.0.2.185": 1}, "localIpTotalDuration": 434.0065, "localIpDuration": {"10.0.2.185": 434.0065}}, "Uma Musume Pretty Derby": {"localIpCount": 1, "localIpFrequency": {"10.0.3.242": 1}, "localIpTotalDuration": 17.8942, "localIpDuration": {"10.0.3.242": 17.8942}}, "HATSUNE MIKU: COLORFUL STAGE!": {"localIpCount": 1, "localIpFrequency": {"10.0.0.196": 3}, "localIpTotalDuration": 84.01159999999999, "localIpDuration": {"10.0.0.196": 84.01159999999999}}, "Overwatch 2": {"localIpCount": 1, "localIpFrequency": {"10.0.4.10": 5}, "localIpTotalDuration": 7064.768399999999, "localIpDuration": {"10.0.4.10": 7064.768399999999}}, "Cookie Run: Kingdom": {"localIpCount": 1, "localIpFrequency": {"10.0.3.161": 9}, "localIpTotalDuration": 8603.907799999999, "localIpDuration": {"10.0.3.161": 8603.907799999999}}, "Minecraft": {"localIpCount": 3, "localIpFrequency": {"10.0.1.93": 1, "10.0.3.161": 1, "10.0.1.251": 1}, "localIpTotalDuration": 1564.0182, "localIpDuration": {"10.0.1.93": 152.9997, "10.0.3.161": 1341.0027, "10.0.1.251": 70.0158}}, "Roblox": {"localIpCount": 64, "localIpFrequency": {"10.0.0.224": 4, "10.0.0.178": 7, "10.0.0.136": 18, "10.0.2.124": 28, "10.0.0.196": 8, "10.0.3.110": 35, "10.0.1.251": 4, "10.0.2.231": 8, "10.0.3.18": 4, "10.0.1.136": 3, "10.0.3.78": 1, "10.0.3.42": 1, "10.0.1.207": 1, "10.0.3.209": 1, "10.0.1.68": 2, "10.0.3.57": 2, "10.0.3.235": 1, "10.0.3.218": 1, "10.0.3.240": 1, "10.0.0.75": 10, "10.0.0.33": 3, "10.0.2.168": 9, "10.0.2.91": 2, "10.0.3.28": 4, "10.0.2.83": 1, "10.0.1.145": 3, "10.0.0.17": 2, "10.0.3.250": 1, "10.0.1.235": 1, "10.0.3.161": 3, "10.0.1.108": 1, "10.0.4.2": 6, "10.0.0.40": 5, "10.0.2.224": 1, "10.0.3.212": 1, "10.0.2.234": 2, "10.0.0.38": 1, "10.0.3.242": 1, "10.0.1.55": 1, "10.0.1.188": 15, "10.0.2.92": 3, "10.0.4.20": 4, "10.0.4.23": 2, "10.0.1.44": 1, "10.0.4.25": 1, "10.0.4.24": 2, "10.0.2.57": 1, "10.0.3.12": 2, "10.0.1.193": 9, "10.0.4.39": 3, "10.0.3.142": 1, "10.0.4.70": 2, "10.0.0.71": 8, "10.0.2.93": 1, "10.0.4.85": 1, "10.0.3.210": 1, "10.0.1.199": 3, "10.0.4.90": 1, "10.0.1.84": 1, "10.0.4.86": 1, "10.0.4.79": 1, "10.0.4.58": 2, "10.0.4.36": 1, "10.0.3.65": 1}, "localIpTotalDuration": 460001.3278999999, "localIpDuration": {"10.0.0.224": 7154.0560000000005, "10.0.0.178": 12597.608100000001, "10.0.0.136": 32358.192099999997, "10.0.2.124": 50055.2584, "10.0.0.196": 14395.356899999999, "10.0.3.110": 62929.091900000014, "10.0.1.251": 7198.2029, "10.0.2.231": 14397.6963, "10.0.3.18": 7198.156500000001, "10.0.1.136": 5399.5016, "10.0.3.78": 1799.8425, "10.0.3.42": 1799.7753, "10.0.1.207": 1799.8531, "10.0.3.209": 1799.7739, "10.0.1.68": 3599.7, "10.0.3.57": 3599.6021, "10.0.3.235": 1799.8772, "10.0.3.218": 1799.8424, "10.0.3.240": 1799.8236, "10.0.0.75": 17994.692700000003, "10.0.0.33": 5399.3402, "10.0.2.168": 16193.2216, "10.0.2.91": 3599.5637, "10.0.3.28": 7163.0078, "10.0.2.83": 1799.7983, "10.0.1.145": 5399.3803, "10.0.0.17": 3599.5549, "10.0.3.250": 1799.7721, "10.0.1.235": 1799.8067, "10.0.3.161": 5397.4721, "10.0.1.108": 1799.7778, "10.0.4.2": 10798.6248, "10.0.0.40": 8997.8306, "10.0.2.224": 1781.7594, "10.0.3.212": 1799.8674, "10.0.2.234": 3599.618, "10.0.0.38": 1799.7784, "10.0.3.242": 1799.8259, "10.0.1.55": 1799.746, "10.0.1.188": 26916.5905, "10.0.2.92": 5372.3288, "10.0.4.20": 7199.1438, "10.0.4.23": 3599.5366000000004, "10.0.1.44": 1799.7521, "10.0.4.25": 1799.7958, "10.0.4.24": 3598.5482, "10.0.2.57": 1799.7713, "10.0.3.12": 3598.5356, "10.0.1.193": 16168.977700000001, "10.0.4.39": 5396.347400000001, "10.0.3.142": 1799.0102, "10.0.4.70": 3597.4408, "10.0.0.71": 14369.257599999999, "10.0.2.93": 1798.7742, "10.0.4.85": 1798.7395, "10.0.3.210": 1798.7779, "10.0.1.199": 5396.3282, "10.0.4.90": 1798.7789, "10.0.1.84": 1798.7571, "10.0.4.86": 1798.7673, "10.0.4.79": 1798.702, "10.0.4.58": 3597.5185, "10.0.4.36": 1798.7262, "10.0.3.65": 1798.7722}}, "Dragon Village": {"localIpCount": 1, "localIpFrequency": {"10.0.2.244": 4}, "localIpTotalDuration": 6741.0307999999995, "localIpDuration": {"10.0.2.244": 6741.0307999999995}}, "Genshin Impact": {"localIpCount": 2, "localIpFrequency": {"10.0.3.42": 4, "10.0.4.58": 1}, "localIpTotalDuration": 3753.987, "localIpDuration": {"10.0.3.42": 3284.9831, "10.0.4.58": 469.0039}}, "Brawl Stars": {"localIpCount": 1, "localIpFrequency": {"10.0.3.247": 1}, "localIpTotalDuration": 621.008, "localIpDuration": {"10.0.3.247": 621.008}}, "FIFA ONLINE 4 M": {"localIpCount": 5, "localIpFrequency": {"10.0.3.228": 1, "10.0.3.212": 11, "10.0.3.239": 3, "10.0.4.16": 1, "10.0.3.110": 1}, "localIpTotalDuration": 16920.7847, "localIpDuration": {"10.0.3.228": 279.0422, "10.0.3.212": 11798.7068, "10.0.3.239": 3519.039, "10.0.4.16": 224.9931, "10.0.3.110": 1099.0036}}, "League of Legends: Wild Rift": {"localIpCount": 20, "localIpFrequency": {"10.0.0.255": 2, "10.0.3.44": 1, "10.0.3.236": 1, "10.0.1.213": 1, "10.0.3.212": 1, "10.0.2.240": 2, "10.0.3.255": 1, "10.0.3.252": 2, "10.0.4.6": 1, "10.0.3.138": 1, "10.0.4.17": 1, "10.0.4.18": 1, "10.0.4.22": 1, "10.0.4.25": 28, "10.0.2.171": 2, "10.0.4.24": 1, "10.0.4.101": 1, "10.0.0.99": 1, "10.0.1.129": 1, "10.0.3.110": 1}, "localIpTotalDuration": 65523.28369999999, "localIpDuration": {"10.0.0.255": 1872.286, "10.0.3.44": 1430.9626, "10.0.3.236": 27.0131, "10.0.1.213": 0.0, "10.0.3.212": 54.0176, "10.0.2.240": 792.0153, "10.0.3.255": 153.0478, "10.0.3.252": 1143.0484999999999, "10.0.4.6": 0.0, "10.0.3.138": 1646.9818, "10.0.4.17": 1574.9918, "10.0.4.18": 53.9929, "10.0.4.22": 17.9964, "10.0.4.25": 49308.881499999996, "10.0.2.171": 1729.0261, "10.0.4.24": 1091.9966, "10.0.4.101": 308.0112, "10.0.0.99": 1785.0086, "10.0.1.129": 1799.0044, "10.0.3.110": 735.0015}}}