{"League of Legends: Wild Rift": {"localIpCount": 5, "localIpFrequency": {"10.0.0.115": 3, "10.0.0.206": 1, "10.0.0.72": 1, "10.0.0.168": 2, "10.0.0.163": 1}, "localIpTotalDuration": 3645.6423, "localIpDuration": {"10.0.0.115": 1877.8988, "10.0.0.206": 299.9484, "10.0.0.72": 479.0016, "10.0.0.168": 623.8457, "10.0.0.163": 364.9478}}, "MIR4": {"localIpCount": 3, "localIpFrequency": {"10.0.0.29": 7, "10.0.0.95": 9, "10.0.0.94": 8}, "localIpTotalDuration": 110466.5063, "localIpDuration": {"10.0.0.29": 80283.91059999999, "10.0.0.95": 13156.0087, "10.0.0.94": 17026.587}}, "Odin: Valhalla Rising": {"localIpCount": 1, "localIpFrequency": {"10.0.0.108": 1}, "localIpTotalDuration": 1.5301, "localIpDuration": {"10.0.0.108": 1.5301}}, "Roblox (Adopt Me!)": {"localIpCount": 1, "localIpFrequency": {"10.0.0.180": 15}, "localIpTotalDuration": 9198.9427, "localIpDuration": {"10.0.0.180": 9198.9427}}, "Minecraft": {"localIpCount": 1, "localIpFrequency": {"10.0.0.207": 4}, "localIpTotalDuration": 5586.070900000001, "localIpDuration": {"10.0.0.207": 5586.070900000001}}, "Roblox": {"localIpCount": 3, "localIpFrequency": {"10.0.0.94": 2, "10.0.0.41": 3, "10.0.0.180": 20}, "localIpTotalDuration": 50797.183999999994, "localIpDuration": {"10.0.0.94": 67.0515, "10.0.0.41": 3936.9842, "10.0.0.180": 46793.14829999999}}}