{"League of Legends: Wild Rift": {"localIpCount": 12, "localIpFrequency": {"10.0.1.40": 1, "10.0.0.255": 1, "10.0.0.238": 1, "10.0.1.2": 1, "10.0.0.50": 1, "10.0.0.157": 1, "10.0.0.249": 1, "10.0.0.215": 3, "10.0.1.117": 1, "10.0.0.243": 1, "10.0.1.7": 1, "10.0.0.236": 1}, "localIpTotalDuration": 9747.288999999999, "localIpDuration": {"10.0.1.40": 1078.1001, "10.0.0.255": 1393.9859, "10.0.0.238": 272.2823, "10.0.1.2": 1118.0893, "10.0.0.50": 1155.006, "10.0.0.157": 583.9989, "10.0.0.249": 294.0084, "10.0.0.215": 2705.1252, "10.0.1.117": 395.613, "10.0.0.243": 618.0877, "10.0.1.7": 62.8108, "10.0.0.236": 70.1814}}, "Roblox": {"localIpCount": 32, "localIpFrequency": {"10.0.0.195": 4, "10.0.1.48": 2, "10.0.1.80": 1, "10.0.0.149": 2, "10.0.0.87": 1, "10.0.1.84": 2, "10.0.1.61": 2, "10.0.1.86": 1, "10.0.0.176": 2, "10.0.1.49": 2, "10.0.0.41": 2, "10.0.1.88": 1, "10.0.1.91": 1, "10.0.0.73": 1, "10.0.0.45": 1, "10.0.1.96": 1, "10.0.0.245": 1, "10.0.0.28": 1, "10.0.1.101": 1, "10.0.0.33": 2, "10.0.0.129": 1, "10.0.1.117": 1, "10.0.1.124": 1, "10.0.0.67": 1, "10.0.0.26": 2, "10.0.1.99": 5, "10.0.1.140": 1, "10.0.1.149": 1, "10.0.0.20": 1, "10.0.0.65": 1, "10.0.0.54": 1, "10.0.0.53": 1}, "localIpTotalDuration": 80346.77909999999, "localIpDuration": {"10.0.0.195": 7197.4046, "10.0.1.48": 2757.1812, "10.0.1.80": 109.0027, "10.0.0.149": 2400.0962, "10.0.0.87": 1791.299, "10.0.1.84": 2202.8432, "10.0.1.61": 2724.0024, "10.0.1.86": 1799.9995, "10.0.0.176": 3599.4145, "10.0.1.49": 3599.9279, "10.0.0.41": 3599.1351, "10.0.1.88": 1799.4815, "10.0.1.91": 1799.2064, "10.0.0.73": 1798.5169, "10.0.0.45": 1799.5969, "10.0.1.96": 1799.5972, "10.0.0.245": 1799.4029, "10.0.0.28": 1799.6006, "10.0.1.101": 1799.5904, "10.0.0.33": 3599.1987, "10.0.0.129": 1799.6935, "10.0.1.117": 1799.9941, "10.0.1.124": 1799.9139, "10.0.0.67": 1799.7923, "10.0.0.26": 3598.7914, "10.0.1.99": 8982.548700000001, "10.0.1.140": 1799.5222, "10.0.1.149": 1798.0233, "10.0.0.20": 1795.4231, "10.0.0.65": 1799.7956, "10.0.0.54": 1798.8916, "10.0.0.53": 1799.8916}}, "Minecraft": {"localIpCount": 1, "localIpFrequency": {"10.0.0.44": 1}, "localIpTotalDuration": 14.0772, "localIpDuration": {"10.0.0.44": 14.0772}}, "Genshin Impact": {"localIpCount": 1, "localIpFrequency": {"10.0.0.102": 1}, "localIpTotalDuration": 1727.9921, "localIpDuration": {"10.0.0.102": 1727.9921}}, "MIR4": {"localIpCount": 1, "localIpFrequency": {"10.0.1.51": 1}, "localIpTotalDuration": 416.4788, "localIpDuration": {"10.0.1.51": 416.4788}}, "FIFA ONLINE 4 M": {"localIpCount": 2, "localIpFrequency": {"10.0.1.81": 1, "10.0.0.211": 1}, "localIpTotalDuration": 652.9149000000001, "localIpDuration": {"10.0.1.81": 79.9989, "10.0.0.211": 572.916}}, "Roblox (Game)": {"localIpCount": 22, "localIpFrequency": {"10.0.1.48": 2, "10.0.0.102": 1, "10.0.0.87": 1, "10.0.1.61": 7, "10.0.1.86": 1, "10.0.0.176": 2, "10.0.1.49": 3, "10.0.0.88": 3, "10.0.0.45": 1, "10.0.0.33": 3, "10.0.0.41": 1, "10.0.1.118": 1, "10.0.0.38": 1, "10.0.1.128": 1, "10.0.1.125": 1, "10.0.0.26": 1, "10.0.1.137": 1, "10.0.1.140": 1, "10.0.1.147": 1, "10.0.0.47": 1, "10.0.1.99": 1, "10.0.0.195": 6}, "localIpTotalDuration": 67489.98939999999, "localIpDuration": {"10.0.1.48": 2283.4049999999997, "10.0.0.102": 1429.009, "10.0.0.87": 1619.2098, "10.0.1.61": 10983.0037, "10.0.1.86": 1610.0096, "10.0.0.176": 3582.6229, "10.0.1.49": 5232.3932, "10.0.0.88": 5367.2328, "10.0.0.45": 1799.992, "10.0.0.33": 5382.423699999999, "10.0.0.41": 1799.8896, "10.0.1.118": 1753.5944, "10.0.0.38": 1767.7065, "10.0.1.128": 1676.8104, "10.0.1.125": 1518.1016, "10.0.0.26": 1764.2025, "10.0.1.137": 1760.0926, "10.0.1.140": 1797.4962, "10.0.1.147": 1233.9988, "10.0.0.47": 1434.1124, "10.0.1.99": 1774.1928, "10.0.0.195": 9920.4899}}}