{"Minecraft": {"localIpCount": 3, "localIpFrequency": {"10.0.3.237": 1, "10.0.3.249": 4, "10.0.3.132": 1}, "localIpTotalDuration": 5165.8685000000005, "localIpDuration": {"10.0.3.237": 273.0028, "10.0.3.249": 4689.7887, "10.0.3.132": 203.077}}, "Cookie Run: Kingdom": {"localIpCount": 1, "localIpFrequency": {"10.0.3.132": 1}, "localIpTotalDuration": 7.0946, "localIpDuration": {"10.0.3.132": 7.0946}}, "Genshin Impact": {"localIpCount": 2, "localIpFrequency": {"10.0.2.45": 1, "10.0.3.196": 2}, "localIpTotalDuration": 2358.8379999999997, "localIpDuration": {"10.0.2.45": 251.9996, "10.0.3.196": 2106.8384}}, "Roblox (Game)": {"localIpCount": 48, "localIpFrequency": {"10.0.0.67": 1, "10.0.3.183": 2, "10.0.3.54": 2, "10.0.0.38": 1, "10.0.3.193": 6, "10.0.3.121": 5, "10.0.3.224": 4, "10.0.3.144": 1, "10.0.1.125": 4, "10.0.3.80": 7, "10.0.0.126": 1, "10.0.3.58": 5, "10.0.3.11": 5, "10.0.0.33": 9, "10.0.3.59": 1, "10.0.3.248": 1, "10.0.2.64": 4, "10.0.3.250": 1, "10.0.3.249": 4, "10.0.3.246": 4, "10.0.3.132": 8, "10.0.2.251": 3, "10.0.0.28": 2, "10.0.2.252": 1, "10.0.1.91": 11, "10.0.0.61": 6, "10.0.3.218": 2, "10.0.1.249": 4, "10.0.3.236": 2, "10.0.3.254": 1, "10.0.4.8": 26, "10.0.2.122": 2, "10.0.4.12": 1, "10.0.3.163": 1, "10.0.0.148": 2, "10.0.4.14": 2, "10.0.1.107": 1, "10.0.4.16": 3, "10.0.2.245": 1, "10.0.3.199": 1, "10.0.2.96": 1, "10.0.4.22": 1, "10.0.2.201": 1, "10.0.4.23": 2, "10.0.0.3": 1, "10.0.0.9": 1, "10.0.0.14": 2, "10.0.0.7": 3}, "localIpTotalDuration": 241449.0444, "localIpDuration": {"10.0.0.67": 1547.0015, "10.0.3.183": 1504.93, "10.0.3.54": 2219.2889, "10.0.0.38": 0.0726, "10.0.3.193": 7026.5201, "10.0.3.121": 8873.4644, "10.0.3.224": 7077.2116000000005, "10.0.3.144": 1561.0821, "10.0.1.125": 7062.9358, "10.0.3.80": 12283.6382, "10.0.0.126": 1762.4143, "10.0.3.58": 7026.133400000001, "10.0.3.11": 8902.5212, "10.0.0.33": 14288.6252, "10.0.3.59": 1733.6008, "10.0.3.248": 371.0063, "10.0.2.64": 5680.24, "10.0.3.250": 392.0224, "10.0.3.249": 4711.0267, "10.0.3.246": 6594.2097, "10.0.3.132": 12409.9619, "10.0.2.251": 5144.9265, "10.0.0.28": 3386.3447, "10.0.2.252": 1713.6257, "10.0.1.91": 16527.1197, "10.0.0.61": 6963.1304, "10.0.3.218": 3374.0104, "10.0.1.249": 5045.0088000000005, "10.0.3.236": 3500.1046, "10.0.3.254": 1680.0805, "10.0.4.8": 43406.21359999999, "10.0.2.122": 3336.2038000000002, "10.0.4.12": 1785.0849, "10.0.3.163": 196.0098, "10.0.0.148": 2625.0123, "10.0.4.14": 1727.8083000000001, "10.0.1.107": 1798.9993, "10.0.4.16": 3329.8032999999996, "10.0.2.245": 594.9916, "10.0.3.199": 1322.9719, "10.0.2.96": 1715.0029, "10.0.4.22": 1784.9818, "10.0.2.201": 1778.4806, "10.0.4.23": 3533.1285, "10.0.0.3": 1723.1602, "10.0.0.9": 1750.007, "10.0.0.14": 3430.001, "10.0.0.7": 5248.925200000001}}, "Gunship Battle: Crypto Conflict": {"localIpCount": 1, "localIpFrequency": {"10.0.2.18": 1}, "localIpTotalDuration": 391.9909, "localIpDuration": {"10.0.2.18": 391.9909}}, "League of Legends: Wild Rift": {"localIpCount": 19, "localIpFrequency": {"10.0.3.237": 1, "10.0.3.150": 1, "10.0.0.47": 1, "10.0.3.245": 1, "10.0.0.32": 2, "10.0.3.250": 1, "10.0.0.238": 1, "10.0.3.253": 2, "10.0.3.247": 2, "10.0.0.3": 1, "10.0.1.233": 3, "10.0.4.6": 6, "10.0.4.9": 1, "10.0.2.122": 1, "10.0.4.15": 1, "10.0.3.197": 1, "10.0.3.58": 1, "10.0.4.22": 1, "10.0.2.247": 1}, "localIpTotalDuration": 24148.697099999998, "localIpDuration": {"10.0.3.237": 1448.997, "10.0.3.150": 559.8479, "10.0.0.47": 1659.0063, "10.0.3.245": 1785.155, "10.0.0.32": 543.8274, "10.0.3.250": 524.9991, "10.0.0.238": 566.9957, "10.0.3.253": 1812.9449, "10.0.3.247": 2779.8445, "10.0.0.3": 0.0088, "10.0.1.233": 3437.0234, "10.0.4.6": 4543.0051, "10.0.4.9": 511.0809, "10.0.2.122": 511.0013, "10.0.4.15": 447.9848, "10.0.3.197": 195.9403, "10.0.3.58": 1022.014, "10.0.4.22": 322.0815, "10.0.2.247": 1476.9392}}, "Roblox": {"localIpCount": 58, "localIpFrequency": {"10.0.3.207": 1, "10.0.3.183": 1, "10.0.3.231": 1, "10.0.3.163": 5, "10.0.0.38": 1, "10.0.0.42": 1, "10.0.3.193": 6, "10.0.3.237": 2, "10.0.3.121": 8, "10.0.3.96": 1, "10.0.1.125": 4, "10.0.0.33": 11, "10.0.3.144": 2, "10.0.3.80": 6, "10.0.1.91": 23, "10.0.3.11": 3, "10.0.3.58": 1, "10.0.3.59": 1, "10.0.1.146": 1, "10.0.3.248": 2, "10.0.3.35": 2, "10.0.1.233": 1, "10.0.2.64": 4, "10.0.3.218": 4, "10.0.3.250": 1, "10.0.3.249": 4, "10.0.3.246": 4, "10.0.3.132": 8, "10.0.2.251": 3, "10.0.0.28": 2, "10.0.1.210": 4, "10.0.3.253": 1, "10.0.1.249": 2, "10.0.2.122": 1, "10.0.0.61": 12, "10.0.3.236": 4, "10.0.1.251": 1, "10.0.4.8": 22, "10.0.0.148": 2, "10.0.1.115": 1, "10.0.1.107": 2, "10.0.2.63": 1, "10.0.4.16": 3, "10.0.2.245": 1, "10.0.3.199": 1, "10.0.3.138": 1, "10.0.3.224": 3, "10.0.2.85": 1, "10.0.2.201": 1, "10.0.0.36": 2, "10.0.4.22": 1, "10.0.4.5": 1, "10.0.4.23": 1, "10.0.0.3": 1, "10.0.0.14": 1, "10.0.0.9": 1, "10.0.0.20": 1, "10.0.0.7": 3}, "localIpTotalDuration": 304551.3534, "localIpDuration": {"10.0.3.207": 1622.7117, "10.0.3.183": 546.0117, "10.0.3.231": 1799.0171, "10.0.3.163": 7011.7557, "10.0.0.38": 0.0001, "10.0.0.42": 651.0078, "10.0.3.193": 8299.368100000002, "10.0.3.237": 3596.6068, "10.0.3.121": 14337.8085, "10.0.3.96": 1797.5408, "10.0.1.125": 7187.624199999999, "10.0.0.33": 16009.442000000001, "10.0.3.144": 3596.5431, "10.0.3.80": 10781.826200000001, "10.0.1.91": 40497.4768, "10.0.3.11": 5390.9756, "10.0.3.58": 1799.0026, "10.0.3.59": 1797.1128, "10.0.1.146": 1797.6101, "10.0.3.248": 3022.296, "10.0.3.35": 1904.0179, "10.0.1.233": 1085.0109, "10.0.2.64": 6493.6521, "10.0.3.218": 5381.477, "10.0.3.250": 931.0006, "10.0.3.249": 6319.7411, "10.0.3.246": 7131.624599999999, "10.0.3.132": 14086.951699999998, "10.0.2.251": 4204.8244, "10.0.0.28": 3595.4932, "10.0.1.210": 4543.183, "10.0.3.253": 1795.1335, "10.0.1.249": 2014.2284, "10.0.2.122": 133.0034, "10.0.0.61": 19991.5007, "10.0.3.236": 7086.5423, "10.0.1.251": 1796.8247, "10.0.4.8": 38178.4846, "10.0.0.148": 3304.0172000000002, "10.0.1.115": 216.9938, "10.0.1.107": 1943.7189, "10.0.2.63": 1655.8079, "10.0.4.16": 4216.29, "10.0.2.245": 853.9179, "10.0.3.199": 1799.0025, "10.0.3.138": 1796.8278, "10.0.3.224": 5392.8866, "10.0.2.85": 1795.6864, "10.0.2.201": 1797.0346, "10.0.0.36": 3593.5971, "10.0.4.22": 1796.6143, "10.0.4.5": 1796.8148, "10.0.4.23": 1797.4157, "10.0.0.3": 1799.0799, "10.0.0.14": 1797.8187, "10.0.0.9": 1797.9911, "10.0.0.20": 1798.1844, "10.0.0.7": 5387.222}}, "FIFA ONLINE 4 M": {"localIpCount": 5, "localIpFrequency": {"10.0.2.250": 1, "10.0.4.11": 1, "10.0.4.12": 4, "10.0.3.197": 1, "10.0.0.9": 1}, "localIpTotalDuration": 5632.5656, "localIpDuration": {"10.0.2.250": 0.0069, "10.0.4.11": 14.011, "10.0.4.12": 5212.5455, "10.0.3.197": 265.9982, "10.0.0.9": 140.004}}}