{"Honkai: Star Rail": {"localIpCount": 2, "localIpFrequency": {"10.0.114.193": 2, "10.0.114.229": 1}, "localIpTotalDuration": 1448.9925, "localIpDuration": {"10.0.114.193": 1273.9932000000001, "10.0.114.229": 174.9993}}, "Odin: Valhalla Rising": {"localIpCount": 1, "localIpFrequency": {"10.0.114.96": 1}, "localIpTotalDuration": 0.0, "localIpDuration": {"10.0.114.96": 0.0}}, "Clash Royale": {"localIpCount": 1, "localIpFrequency": {"10.0.114.230": 1}, "localIpTotalDuration": 21.0072, "localIpDuration": {"10.0.114.230": 21.0072}}, "Minecraft": {"localIpCount": 7, "localIpFrequency": {"10.0.114.11": 1, "10.0.114.132": 3, "10.0.114.107": 1, "10.0.114.192": 1, "10.0.114.214": 8, "10.0.114.230": 1, "10.0.115.74": 3}, "localIpTotalDuration": 9569.120599999998, "localIpDuration": {"10.0.114.11": 182.0092, "10.0.114.132": 1232.0344, "10.0.114.107": 784.007, "10.0.114.192": 14.0014, "10.0.114.214": 4648.2967, "10.0.114.230": 665.0016, "10.0.115.74": 2043.7703}}, "Roblox": {"localIpCount": 66, "localIpFrequency": {"10.0.113.159": 5, "10.0.113.215": 5, "10.0.113.136": 4, "10.0.113.224": 1, "10.0.113.142": 1, "10.0.113.233": 4, "10.0.113.234": 3, "10.0.113.236": 5, "10.0.113.237": 6, "10.0.113.241": 2, "10.0.113.243": 2, "10.0.114.5": 1, "10.0.114.22": 1, "10.0.113.242": 1, "10.0.114.31": 1, "10.0.114.43": 1, "10.0.114.8": 2, "10.0.114.62": 4, "10.0.113.254": 1, "10.0.113.239": 3, "10.0.114.35": 5, "10.0.114.20": 1, "10.0.113.244": 1, "10.0.114.70": 2, "10.0.114.87": 3, "10.0.114.91": 1, "10.0.114.93": 7, "10.0.114.97": 1, "10.0.114.100": 2, "10.0.114.109": 2, "10.0.114.101": 1, "10.0.114.108": 3, "10.0.114.125": 1, "10.0.114.112": 1, "10.0.114.132": 1, "10.0.114.122": 2, "10.0.114.163": 1, "10.0.114.164": 1, "10.0.114.162": 2, "10.0.114.153": 1, "10.0.114.180": 2, "10.0.114.155": 1, "10.0.114.178": 1, "10.0.114.189": 2, "10.0.114.198": 2, "10.0.114.202": 1, "10.0.114.110": 6, "10.0.114.213": 2, "10.0.114.215": 2, "10.0.114.216": 1, "10.0.114.210": 2, "10.0.114.230": 2, "10.0.114.243": 1, "10.0.114.224": 1, "10.0.114.214": 1, "10.0.114.241": 2, "10.0.114.211": 1, "10.0.114.236": 2, "10.0.115.24": 1, "10.0.114.250": 3, "10.0.115.37": 1, "10.0.115.34": 3, "10.0.114.229": 1, "10.0.115.36": 1, "10.0.115.83": 1, "10.0.115.41": 1}, "localIpTotalDuration": 241712.5331999999, "localIpDuration": {"10.0.113.159": 8973.3686, "10.0.113.215": 8994.0652, "10.0.113.136": 7195.231, "10.0.113.224": 1798.8078, "10.0.113.142": 1798.8152, "10.0.113.233": 5851.417399999999, "10.0.113.234": 4619.8153, "10.0.113.236": 8945.419399999999, "10.0.113.237": 10792.7731, "10.0.113.241": 3597.6000000000004, "10.0.113.243": 3597.6144, "10.0.114.5": 1797.8974, "10.0.114.22": 1798.7889, "10.0.113.242": 1798.7774, "10.0.114.31": 1798.6975, "10.0.114.43": 1798.7443, "10.0.114.8": 3597.6952, "10.0.114.62": 7195.1753, "10.0.113.254": 1798.6831, "10.0.113.239": 5396.4043, "10.0.114.35": 8994.0026, "10.0.114.20": 1798.8176, "10.0.113.244": 1798.811, "10.0.114.70": 3597.6238, "10.0.114.87": 4696.6067, "10.0.114.91": 1799.005, "10.0.114.93": 12584.5723, "10.0.114.97": 1798.8075, "10.0.114.100": 3597.6128, "10.0.114.109": 3597.7938, "10.0.114.101": 1798.8107, "10.0.114.108": 5396.631, "10.0.114.125": 1798.8107, "10.0.114.112": 1798.7422, "10.0.114.132": 1798.7695, "10.0.114.122": 3597.6207, "10.0.114.163": 1798.789, "10.0.114.164": 1798.7852, "10.0.114.162": 3597.5697, "10.0.114.153": 1798.7859, "10.0.114.180": 3597.6263, "10.0.114.155": 1798.8046, "10.0.114.178": 1798.8027, "10.0.114.189": 3597.6045, "10.0.114.198": 3597.626, "10.0.114.202": 1798.8051, "10.0.114.110": 10765.247699999998, "10.0.114.213": 3597.8253999999997, "10.0.114.215": 3597.5838999999996, "10.0.114.216": 1798.7857, "10.0.114.210": 3597.5691, "10.0.114.230": 3597.5314, "10.0.114.243": 1798.7715, "10.0.114.224": 1798.7721, "10.0.114.214": 1798.8136, "10.0.114.241": 3597.581, "10.0.114.211": 1798.7802, "10.0.114.236": 3597.5843, "10.0.115.24": 1798.7856, "10.0.114.250": 5396.3352, "10.0.115.37": 1798.7982, "10.0.115.34": 5396.6034, "10.0.114.229": 1798.7799, "10.0.115.36": 1798.7903, "10.0.115.83": 1798.7804, "10.0.115.41": 1798.7866}}, "TFT: Teamfight Tactics": {"localIpCount": 3, "localIpFrequency": {"10.0.114.27": 1, "10.0.114.90": 5, "10.0.114.127": 1}, "localIpTotalDuration": 6083.006600000001, "localIpDuration": {"10.0.114.27": 69.9913, "10.0.114.90": 5348.001200000001, "10.0.114.127": 665.0141}}, "League of Legends: Wild Rift": {"localIpCount": 13, "localIpFrequency": {"10.0.113.224": 7, "10.0.114.6": 1, "10.0.114.29": 1, "10.0.114.8": 1, "10.0.114.82": 1, "10.0.114.30": 1, "10.0.114.88": 1, "10.0.114.90": 3, "10.0.114.105": 1, "10.0.114.127": 1, "10.0.114.189": 2, "10.0.115.27": 1, "10.0.115.77": 1}, "localIpTotalDuration": 13097.380999999998, "localIpDuration": {"10.0.113.224": 8211.193599999999, "10.0.114.6": 202.999, "10.0.114.29": 301.0114, "10.0.114.8": 147.0019, "10.0.114.82": 0.0, "10.0.114.30": 1182.9979, "10.0.114.88": 1043.1766, "10.0.114.90": 672.0027, "10.0.114.105": 70.0015, "10.0.114.127": 14.0017, "10.0.114.189": 910.0061000000001, "10.0.115.27": 0.0001, "10.0.115.77": 342.9885}}, "Modern Combat": {"localIpCount": 1, "localIpFrequency": {"10.0.114.20": 1}, "localIpTotalDuration": 1113.0002, "localIpDuration": {"10.0.114.20": 1113.0002}}}