{"Roblox": {"localIpCount": 7, "localIpFrequency": {"10.0.0.102": 2, "10.0.0.84": 13, "10.0.0.41": 4, "10.0.0.79": 3, "10.0.0.104": 1, "10.0.0.88": 8, "10.0.0.93": 11}, "localIpTotalDuration": 164178.5207, "localIpDuration": {"10.0.0.102": 10294.3966, "10.0.0.84": 105460.8678, "10.0.0.41": 8881.6841, "10.0.0.79": 5001.4743, "10.0.0.104": 2591.795, "10.0.0.88": 13049.124, "10.0.0.93": 18899.178900000003}}, "Minecraft": {"localIpCount": 1, "localIpFrequency": {"10.0.0.110": 5}, "localIpTotalDuration": 15713.5285, "localIpDuration": {"10.0.0.110": 15713.5285}}, "Roblox (Adopt Me!)": {"localIpCount": 6, "localIpFrequency": {"10.0.0.102": 2, "10.0.0.84": 13, "10.0.0.79": 3, "10.0.0.104": 1, "10.0.0.88": 8, "10.0.0.93": 4}, "localIpTotalDuration": 19676.3203, "localIpDuration": {"10.0.0.102": 1562.4343, "10.0.0.84": 9787.5378, "10.0.0.79": 1320.1404, "10.0.0.104": 0.307, "10.0.0.88": 3666.0611, "10.0.0.93": 3339.8397}}, "League of Legends: Wild Rift": {"localIpCount": 3, "localIpFrequency": {"10.0.0.94": 3, "10.0.0.98": 1, "10.0.0.112": 1}, "localIpTotalDuration": 3031.3521000000005, "localIpDuration": {"10.0.0.94": 2477.8447, "10.0.0.98": 266.6087, "10.0.0.112": 286.8987}}, "MIR4": {"localIpCount": 3, "localIpFrequency": {"10.0.0.95": 9, "10.0.0.29": 6, "10.0.0.94": 7}, "localIpTotalDuration": 184561.5232, "localIpDuration": {"10.0.0.95": 129275.9055, "10.0.0.29": 33805.4522, "10.0.0.94": 21480.165499999996}}}