{"Cookie Run: Kingdom": {"localIpCount": 2, "localIpFrequency": {"10.0.0.241": 2, "10.0.1.113": 1}, "localIpTotalDuration": 1431.0185000000001, "localIpDuration": {"10.0.0.241": 243.0195, "10.0.1.113": 1187.999}}, "Roblox (Game)": {"localIpCount": 56, "localIpFrequency": {"10.0.0.224": 6, "10.0.1.3": 2, "10.0.0.241": 17, "10.0.0.42": 9, "10.0.0.95": 5, "10.0.0.22": 20, "10.0.0.136": 32, "10.0.0.44": 2, "10.0.0.40": 4, "10.0.1.5": 1, "10.0.0.202": 8, "10.0.0.255": 12, "10.0.0.46": 1, "10.0.0.98": 13, "10.0.0.15": 2, "10.0.0.75": 14, "10.0.0.73": 11, "10.0.0.181": 3, "10.0.0.191": 1, "10.0.0.140": 3, "10.0.1.34": 7, "10.0.0.127": 1, "10.0.0.134": 5, "10.0.1.38": 2, "10.0.0.178": 15, "10.0.1.39": 2, "10.0.1.44": 9, "10.0.1.47": 1, "10.0.0.71": 10, "10.0.0.200": 2, "10.0.1.62": 2, "10.0.1.46": 5, "10.0.1.41": 6, "10.0.1.67": 1, "10.0.1.68": 1, "10.0.1.76": 10, "10.0.0.38": 6, "10.0.0.196": 3, "10.0.0.57": 14, "10.0.1.35": 1, "10.0.0.117": 4, "10.0.0.143": 2, "10.0.0.243": 1, "10.0.1.102": 1, "10.0.0.237": 2, "10.0.0.9": 6, "10.0.0.7": 1, "10.0.1.109": 4, "10.0.1.75": 8, "10.0.1.54": 1, "10.0.0.234": 1, "10.0.0.21": 1, "10.0.1.136": 2, "10.0.0.11": 1, "10.0.0.41": 1, "10.0.0.12": 1}, "localIpTotalDuration": 516896.6918999997, "localIpDuration": {"10.0.0.224": 10502.7573, "10.0.1.3": 3437.1567999999997, "10.0.0.241": 28232.8514, "10.0.0.42": 15632.571499999998, "10.0.0.95": 8855.5961, "10.0.0.22": 33433.8667, "10.0.0.136": 54708.92280000001, "10.0.0.44": 3104.9978, "10.0.0.40": 6416.6625, "10.0.1.5": 1719.0011, "10.0.0.202": 13868.8121, "10.0.0.255": 20672.574699999997, "10.0.0.46": 1782.0, "10.0.0.98": 22472.084999999995, "10.0.0.15": 3589.6145, "10.0.0.75": 19565.0629, "10.0.0.73": 16918.7117, "10.0.0.181": 5246.7744, "10.0.0.191": 1745.9993, "10.0.0.140": 2862.006, "10.0.1.34": 11356.9506, "10.0.0.127": 1799.9979, "10.0.0.134": 8935.6333, "10.0.1.38": 3563.2101000000002, "10.0.0.178": 26720.137999999995, "10.0.1.39": 3599.9794, "10.0.1.44": 16019.0042, "10.0.1.47": 1728.0133, "10.0.0.71": 17801.3072, "10.0.0.200": 2168.9849, "10.0.1.62": 2033.9975, "10.0.1.46": 8936.2173, "10.0.1.41": 10700.2736, "10.0.1.67": 1683.0011, "10.0.1.68": 1790.7196, "10.0.1.76": 17755.9388, "10.0.0.38": 10709.557600000002, "10.0.0.196": 5345.4565, "10.0.0.57": 22716.067400000004, "10.0.1.35": 719.9951, "10.0.0.117": 7171.367, "10.0.0.143": 3589.6407, "10.0.0.243": 1791.001, "10.0.1.102": 1791.0446, "10.0.0.237": 3546.0413, "10.0.0.9": 10673.7863, "10.0.0.7": 1773.0008, "10.0.1.109": 7181.7567, "10.0.1.75": 14155.170999999998, "10.0.1.54": 1791.0188, "10.0.0.234": 1799.757, "10.0.0.21": 1799.9959, "10.0.1.136": 3590.4671, "10.0.0.11": 1799.7216, "10.0.0.41": 1799.7295, "10.0.0.12": 1790.7246}}, "Blue Archive": {"localIpCount": 1, "localIpFrequency": {"10.0.0.12": 1}, "localIpTotalDuration": 521.9877, "localIpDuration": {"10.0.0.12": 521.9877}}, "League of Legends: Wild Rift": {"localIpCount": 30, "localIpFrequency": {"10.0.1.3": 1, "10.0.1.7": 1, "10.0.1.10": 1, "10.0.1.15": 1, "10.0.0.152": 1, "10.0.0.255": 1, "10.0.0.202": 1, "10.0.0.66": 1, "10.0.1.17": 2, "10.0.0.191": 1, "10.0.0.140": 1, "10.0.0.208": 1, "10.0.0.92": 6, "10.0.1.43": 1, "10.0.1.32": 1, "10.0.1.41": 3, "10.0.1.78": 1, "10.0.1.83": 1, "10.0.0.98": 2, "10.0.1.95": 2, "10.0.1.85": 3, "10.0.0.75": 3, "10.0.0.99": 1, "10.0.1.129": 1, "10.0.1.55": 1, "10.0.1.66": 1, "10.0.1.131": 2, "10.0.0.157": 1, "10.0.0.248": 1, "10.0.0.52": 1}, "localIpTotalDuration": 8640.334799999999, "localIpDuration": {"10.0.1.3": 486.0015, "10.0.1.7": 54.0002, "10.0.1.10": 26.9961, "10.0.1.15": 18.0078, "10.0.0.152": 8.9984, "10.0.0.255": 126.0014, "10.0.0.202": 26.7309, "10.0.0.66": 306.2325, "10.0.1.17": 1008.2989, "10.0.0.191": 143.9952, "10.0.0.140": 324.0013, "10.0.0.208": 1115.9942, "10.0.0.92": 360.0102, "10.0.1.43": 350.9966, "10.0.1.32": 17.9897, "10.0.1.41": 63.006099999999996, "10.0.1.78": 1485.0032, "10.0.1.83": 27.0238, "10.0.0.98": 1205.9768, "10.0.1.95": 278.996, "10.0.1.85": 504.0032, "10.0.0.75": 306.0018, "10.0.0.99": 180.0342, "10.0.1.129": 63.0094, "10.0.1.55": 35.9882, "10.0.1.66": 80.9985, "10.0.1.131": 27.0028, "10.0.0.157": 0.0, "10.0.0.248": 9.0358, "10.0.0.52": 0.0001}}, "Minecraft": {"localIpCount": 5, "localIpFrequency": {"10.0.0.42": 2, "10.0.0.239": 3, "10.0.1.91": 1, "10.0.1.39": 6, "10.0.0.62": 1}, "localIpTotalDuration": 13598.510100000001, "localIpDuration": {"10.0.0.42": 1088.9994000000002, "10.0.0.239": 2412.0711, "10.0.1.91": 567.0225, "10.0.1.39": 9395.4704, "10.0.0.62": 134.9467}}, "Genshin Impact": {"localIpCount": 1, "localIpFrequency": {"10.0.0.40": 1}, "localIpTotalDuration": 9.0282, "localIpDuration": {"10.0.0.40": 9.0282}}, "FIFA ONLINE 4 M": {"localIpCount": 4, "localIpFrequency": {"10.0.1.98": 2, "10.0.1.116": 1, "10.0.0.134": 1, "10.0.0.242": 1}, "localIpTotalDuration": 2555.5093, "localIpDuration": {"10.0.1.98": 2106.0326, "10.0.1.116": 17.784, "10.0.0.134": 333.0013, "10.0.0.242": 98.6914}}, "Honkai: Star Rail": {"localIpCount": 1, "localIpFrequency": {"10.0.0.192": 3}, "localIpTotalDuration": 153.0169, "localIpDuration": {"10.0.0.192": 153.0169}}, "TFT: Teamfight Tactics": {"localIpCount": 10, "localIpFrequency": {"10.0.1.10": 1, "10.0.1.15": 1, "10.0.0.152": 1, "10.0.1.32": 1, "10.0.1.41": 2, "10.0.1.38": 1, "10.0.0.92": 3, "10.0.1.95": 3, "10.0.1.85": 1, "10.0.1.34": 4}, "localIpTotalDuration": 14184.0074, "localIpDuration": {"10.0.1.10": 396.0017, "10.0.1.15": 288.0039, "10.0.0.152": 207.0034, "10.0.1.32": 702.0077, "10.0.1.41": 2114.9966, "10.0.1.38": 1791.0, "10.0.0.92": 198.0494, "10.0.1.95": 3843.0087999999996, "10.0.1.85": 872.9849, "10.0.1.34": 3770.9509999999996}}, "Zombie High School": {"localIpCount": 1, "localIpFrequency": {"10.0.0.241": 1}, "localIpTotalDuration": 332.997, "localIpDuration": {"10.0.0.241": 332.997}}, "PUBG Mobile": {"localIpCount": 1, "localIpFrequency": {"10.0.1.2": 1}, "localIpTotalDuration": 279.274, "localIpDuration": {"10.0.1.2": 279.274}}, "Odin: Valhalla Rising": {"localIpCount": 2, "localIpFrequency": {"10.0.0.241": 1, "10.0.0.237": 1}, "localIpTotalDuration": 71.98179999999999, "localIpDuration": {"10.0.0.241": 63.0019, "10.0.0.237": 8.9799}}, "Roblox": {"localIpCount": 54, "localIpFrequency": {"10.0.0.224": 7, "10.0.0.75": 30, "10.0.0.42": 4, "10.0.0.241": 25, "10.0.0.136": 31, "10.0.0.22": 16, "10.0.0.44": 1, "10.0.0.181": 7, "10.0.0.159": 1, "10.0.0.202": 8, "10.0.0.255": 13, "10.0.0.95": 3, "10.0.0.98": 6, "10.0.0.191": 5, "10.0.0.73": 11, "10.0.1.13": 1, "10.0.0.13": 1, "10.0.1.23": 5, "10.0.1.26": 2, "10.0.0.196": 10, "10.0.0.12": 2, "10.0.1.34": 8, "10.0.0.140": 2, "10.0.0.134": 6, "10.0.0.246": 1, "10.0.1.46": 7, "10.0.1.39": 3, "10.0.1.44": 9, "10.0.0.178": 14, "10.0.0.21": 2, "10.0.1.47": 3, "10.0.0.200": 1, "10.0.1.62": 5, "10.0.0.40": 4, "10.0.1.41": 8, "10.0.0.71": 9, "10.0.1.68": 1, "10.0.1.67": 2, "10.0.1.76": 5, "10.0.1.75": 7, "10.0.0.38": 2, "10.0.0.143": 1, "10.0.0.57": 13, "10.0.1.35": 1, "10.0.0.234": 2, "10.0.1.96": 1, "10.0.1.102": 2, "10.0.0.117": 5, "10.0.1.84": 1, "10.0.1.109": 2, "10.0.1.118": 1, "10.0.0.237": 1, "10.0.1.136": 7, "10.0.0.11": 1}, "localIpTotalDuration": 584091.8494000006, "localIpDuration": {"10.0.0.224": 12598.371900000002, "10.0.0.75": 53011.01730000001, "10.0.0.42": 7181.0426, "10.0.0.241": 44993.5986, "10.0.0.136": 55302.96359999998, "10.0.0.22": 28688.623, "10.0.0.44": 1799.7637, "10.0.0.181": 12597.6456, "10.0.0.159": 1799.7785, "10.0.0.202": 14396.6876, "10.0.0.255": 23396.8661, "10.0.0.95": 5399.2778, "10.0.0.98": 10797.804, "10.0.0.191": 8998.8399, "10.0.0.73": 19788.482600000003, "10.0.1.13": 1790.7616, "10.0.0.13": 1799.7478, "10.0.1.23": 8998.2241, "10.0.1.26": 3599.2805, "10.0.0.196": 17997.6823, "10.0.0.12": 3599.525, "10.0.1.34": 14316.746799999999, "10.0.0.140": 3356.7779, "10.0.0.134": 10798.0765, "10.0.0.246": 1799.7717, "10.0.1.46": 12598.436000000002, "10.0.1.39": 5399.0849, "10.0.1.44": 16197.9138, "10.0.0.178": 25194.0256, "10.0.0.21": 3599.5769, "10.0.1.47": 5399.236800000001,