{"Lineage M": {"localIpCount": 1, "localIpFrequency": {"10.0.1.190": 2}, "localIpTotalDuration": 495.2478, "localIpDuration": {"10.0.1.190": 495.2478}}, "Roblox": {"localIpCount": 53, "localIpFrequency": {"10.0.0.7": 7, "10.0.0.115": 26, "10.0.0.35": 4, "10.0.1.252": 2, "10.0.0.36": 1, "10.0.1.249": 9, "10.0.0.70": 9, "10.0.0.12": 5, "10.0.1.164": 24, "10.0.1.177": 3, "10.0.0.28": 6, "10.0.0.101": 2, "10.0.0.66": 17, "10.0.0.195": 3, "10.0.0.129": 1, "10.0.1.228": 2, "10.0.0.120": 1, "10.0.2.4": 1, "10.0.0.109": 2, "10.0.2.9": 1, "10.0.1.107": 3, "10.0.1.71": 1, "10.0.1.215": 1, "10.0.2.12": 1, "10.0.1.251": 1, "10.0.0.154": 2, "10.0.2.20": 5, "10.0.1.159": 2, "10.0.1.176": 4, "10.0.2.26": 15, "10.0.0.171": 2, "10.0.0.144": 2, "10.0.1.216": 2, "10.0.1.125": 1, "10.0.2.27": 3, "10.0.0.17": 3, "10.0.1.128": 2, "10.0.0.130": 2, "10.0.0.33": 2, "10.0.1.98": 1, "10.0.0.30": 8, "10.0.1.198": 1, "10.0.2.28": 1, "10.0.0.58": 2, "10.0.0.209": 4, "10.0.1.124": 10, "10.0.0.99": 1, "10.0.2.23": 4, "10.0.1.240": 2, "10.0.2.30": 10, "10.0.2.60": 1, "10.0.2.33": 1, "10.0.1.235": 2}, "localIpTotalDuration": 401881.13499999995, "localIpDuration": {"10.0.0.7": 12411.929000000002, "10.0.0.115": 45370.36289999999, "10.0.0.35": 7195.7596, "10.0.1.252": 3598.9228000000003, "10.0.0.36": 1799.2112, "10.0.1.249": 16189.4326, "10.0.0.70": 13789.796, "10.0.0.12": 8992.827800000001, "10.0.1.164": 43160.185399999995, "10.0.1.177": 5395.4191, "10.0.0.28": 10103.652300000002, "10.0.0.101": 3585.0896000000002, "10.0.0.66": 30118.977799999997, "10.0.0.195": 5396.1818, "10.0.0.129": 1799.7127, "10.0.1.228": 3598.2709999999997, "10.0.0.120": 1799.6058, "10.0.2.4": 1799.3169, "10.0.0.109": 3599.9842, "10.0.2.9": 1799.6028, "10.0.1.107": 5395.9086, "10.0.1.71": 1799.2476, "10.0.1.215": 1799.0151, "10.0.2.12": 1799.6202, "10.0.1.251": 1796.7003, "10.0.0.154": 3597.3338999999996, "10.0.2.20": 8979.3667, "10.0.1.159": 3597.2433, "10.0.1.176": 6235.227800000001, "10.0.2.26": 26642.530599999995, "10.0.0.171": 3555.0095, "10.0.0.144": 3597.1311, "10.0.1.216": 3596.6372, "10.0.1.125": 1798.7295, "10.0.2.27": 5395.2505, "10.0.0.17": 5397.9227, "10.0.1.128": 3596.0398, "10.0.0.130": 3596.3442999999997, "10.0.0.33": 3595.3689000000004, "10.0.1.98": 1798.2003, "10.0.0.30": 14386.2777, "10.0.1.198": 359.9924, "10.0.2.28": 1799.9988, "10.0.0.58": 3594.2282999999998, "10.0.0.209": 7029.225799999999, "10.0.1.124": 17869.095100000002, "10.0.0.99": 1798.1879, "10.0.2.23": 7192.211, "10.0.1.240": 3594.7142, "10.0.2.30": 17988.9871, "10.0.2.60": 1798.614, "10.0.2.33": 1798.503, "10.0.1.235": 3598.0305}}, "Minecraft": {"localIpCount": 4, "localIpFrequency": {"10.0.1.253": 1, "10.0.1.235": 12, "10.0.0.30": 2, "10.0.0.11": 2}, "localIpTotalDuration": 14212.4159, "localIpDuration": {"10.0.1.253": 335.9986, "10.0.1.235": 10892.6664, "10.0.0.30": 1948.4768, "10.0.0.11": 1035.2740999999999}}, "League of Legends: Wild Rift": {"localIpCount": 14, "localIpFrequency": {"10.0.1.33": 1, "10.0.1.166": 1, "10.0.2.4": 5, "10.0.2.9": 1, "10.0.0.66": 1, "10.0.2.15": 1, "10.0.2.16": 1, "10.0.0.174": 1, "10.0.0.164": 1, "10.0.0.129": 1, "10.0.2.20": 4, "10.0.1.251": 1, "10.0.0.155": 10, "10.0.0.209": 1}, "localIpTotalDuration": 32290.756500000003, "localIpDuration": {"10.0.1.33": 1546.9923, "10.0.1.166": 4.0043, "10.0.2.4": 3049.651, "10.0.2.9": 630.0948, "10.0.0.66": 9.0766, "10.0.2.15": 316.169, "10.0.2.16": 1385.0079, "10.0.0.174": 1759.9925, "10.0.0.164": 948.9138, "10.0.0.129": 1124.9971, "10.0.2.20": 4274.9873, "10.0.1.251": 1095.0009, "10.0.0.155": 15830.871200000001, "10.0.0.209": 314.9978}}, "Genshin Impact": {"localIpCount": 3, "localIpFrequency": {"10.0.2.41": 1, "10.0.0.32": 1, "10.0.2.16": 1}, "localIpTotalDuration": 734.992, "localIpDuration": {"10.0.2.41": 150.0045, "10.0.0.32": 254.9987, "10.0.2.16": 329.9888}}, "Roblox (Game)": {"localIpCount": 55, "localIpFrequency": {"10.0.0.66": 24, "10.0.1.249": 12, "10.0.0.109": 5, "10.0.0.195": 5, "10.0.0.70": 8, "10.0.0.115": 21, "10.0.0.28": 8, "10.0.1.107": 1, "10.0.1.238": 2, "10.0.0.102": 1, "10.0.0.101": 2, "10.0.1.28": 1, "10.0.2.12": 1, "10.0.0.48": 1, "10.0.0.17": 2, "10.0.0.129": 2, "10.0.2.4": 1, "10.0.1.71": 2, "10.0.1.215": 1, "10.0.0.58": 1, "10.0.0.33": 3, "10.0.1.228": 1, "10.0.1.159": 1, "10.0.1.176": 8, "10.0.2.26": 7, "10.0.0.171": 2, "10.0.0.144": 2, "10.0.1.90": 1, "10.0.2.20": 1, "10.0.0.23": 1, "10.0.2.27": 2, "10.0.2.23": 5, "10.0.0.12": 2, "10.0.1.207": 3, "10.0.1.252": 2, "10.0.0.130": 1, "10.0.0.30": 8, "10.0.0.209": 2, "10.0.1.177": 2, "10.0.2.33": 2, "10.0.1.164": 3, "10.0.1.124": 9, "10.0.0.99": 1, "10.0.1.54": 1, "10.0.1.128": 3, "10.0.2.50": 1, "10.0.0.145": 1, "10.0.2.30": 2, "10.0.2.57": 1, "10.0.2.60": 1, "10.0.0.7": 1, "10.0.1.235": 2, "10.0.1.125": 1, "10.0.1.8": 2, "10.0.2.9": 1}, "localIpTotalDuration": 292117.7387999998, "localIpDuration": {"10.0.0.66": 36508.94399999999, "10.0.1.249": 19765.2306, "10.0.0.109": 8876.8607, "10.0.0.195": 8640.3984, "10.0.0.70": 12260.1644, "10.0.0.115": 31167.39419999999, "10.0.0.28": 12377.939300000002, "10.0.1.107": 1788.0612, "10.0.1.238": 3573.2428, "10.0.0.102": 1799.0027, "10.0.0.101": 3580.9894, "10.0.1.28": 1798.9988, "10.0.2.12": 1799.9104, "10.0.0.48": 1790.1053, "10.0.0.17": 3569.9404999999997, "10.0.0.129": 3561.013, "10.0.2.4": 1792.0004, "10.0.1.71": 3580.9293, "10.0.1.215": 1785.0713, "10.0.0.58": 1757.9988, "10.0.0.33": 4922.6001, "10.0.1.228": 1364.999, "10.0.1.159": 1648.7031, "10.0.1.176": 9817.3266, "10.0.2.26": 7120.23, "10.0.0.171": 3330.0438000000004, "10.0.0.144": 3508.4493, "10.0.1.90": 1724.9381, "10.0.2.20": 1635.0035, "10.0.0.23": 1619.9574, "10.0.2.27": 3553.8298999999997, "10.0.2.23": 8891.2403, "10.0.0.12": 3598.6065, "10.0.1.207": 5263.1407, "10.0.1.252": 3495.0554, "10.0.0.130": 1679.9891, "10.0.0.30": 14275.4972, "10.0.0.209": 3450.0079, "10.0.1.177": 3508.4404999999997, "10.0.2.33": 3569.2094, "10.0.1.164": 1874.1273, "10.0.1.124": 9464.9788, "10.0.0.99": 1770.0995, "10.0.1.54": 1797.8844, "10.0.1.128": 5393.2734, "10.0.2.50": 1798.1862, "10.0.0.145": 1769.9985, "10.0.2.30": 2790.0196, "10.0.2.57": 1739.9994, "10.0.2.60": 1739.0859, "10.0.0.7": 1740.0076, "10.0.1.235": 3311.1989, "10.0.1.125": 1796.4267, "10.0.1.8": 3595.8094, "10.0.2.9": 1785.1799}}, "Brawl Stars": {"localIpCount": 1, "localIpFrequency": {"10.0.0.30": 1}, "localIpTotalDuration": 0.216, "localIpDuration": {"10.0.0.30": 0.216}}, "FIFA ONLINE 4 M": {"localIpCount": 1, "localIpFrequency": {"10.0.1.190": 2}, "localIpTotalDuration": 2325.2677, "localIpDuration": {"10.0.1.190": 2325.2677}}}