{"Minecraft": {"localIpCount": 1, "localIpFrequency": {"10.0.1.224": 1}, "localIpTotalDuration": 209.8923, "localIpDuration": {"10.0.1.224": 209.8923}}, "Roblox (Game)": {"localIpCount": 14, "localIpFrequency": {"10.0.3.58": 3, "10.0.3.138": 6, "10.0.1.69": 1, "10.0.3.180": 2, "10.0.3.121": 9, "10.0.3.119": 1, "10.0.3.163": 3, "10.0.2.63": 1, "10.0.0.61": 1, "10.0.3.190": 2, "10.0.3.80": 3, "10.0.0.33": 4, "10.0.0.126": 2, "10.0.3.188": 1}, "localIpTotalDuration": 60502.9801, "localIpDuration": {"10.0.3.58": 4570.9406, "10.0.3.138": 6369.7145, "10.0.1.69": 1630.9998, "10.0.3.180": 2617.9963, "10.0.3.121": 15021.096000000001, "10.0.3.119": 1715.0049, "10.0.3.163": 5318.1999, "10.0.2.63": 1798.9123, "10.0.0.61": 1750.0726, "10.0.3.190": 3001.084, "10.0.3.80": 5276.216399999999, "10.0.0.33": 6135.2001, "10.0.0.126": 3514.0971, "10.0.3.188": 1783.4456}}, "Roblox": {"localIpCount": 19, "localIpFrequency": {"10.0.3.58": 7, "10.0.3.178": 1, "10.0.3.138": 9, "10.0.1.198": 1, "10.0.3.180": 4, "10.0.2.251": 1, "10.0.3.119": 4, "10.0.3.128": 1, "10.0.3.59": 2, "10.0.1.125": 1, "10.0.3.163": 1, "10.0.3.80": 3, "10.0.0.133": 1, "10.0.0.20": 1, "10.0.0.33": 3, "10.0.3.121": 1, "10.0.0.126": 2, "10.0.3.25": 1, "10.0.3.188": 1}, "localIpTotalDuration": 75053.18920000001, "localIpDuration": {"10.0.3.58": 12371.2774, "10.0.3.178": 1799.0054, "10.0.3.138": 11268.019699999999, "10.0.1.198": 1736.0015, "10.0.3.180": 7186.3374, "10.0.2.251": 1796.9258, "10.0.3.119": 7189.8256, "10.0.3.128": 1797.1912, "10.0.3.59": 3593.8669, "10.0.1.125": 1796.1823, "10.0.3.163": 1795.7969, "10.0.3.80": 5055.6404999999995, "10.0.0.133": 1789.218, "10.0.0.20": 1797.6203, "10.0.0.33": 5096.1524, "10.0.3.121": 1795.5189, "10.0.0.126": 3594.2668999999996, "10.0.3.25": 1797.2161, "10.0.3.188": 1797.126}}, "League of Legends: Wild Rift": {"localIpCount": 3, "localIpFrequency": {"10.0.2.214": 1, "10.0.3.190": 1, "10.0.1.198": 1}, "localIpTotalDuration": 930.9814999999999, "localIpDuration": {"10.0.2.214": 384.9893, "10.0.3.190": 538.9929, "10.0.1.198": 6.9993}}}