{"HATSUNE MIKU: COLORFUL STAGE!": {"localIpCount": 1, "localIpFrequency": {"10.0.0.7": 1}, "localIpTotalDuration": 1350.0195, "localIpDuration": {"10.0.0.7": 1350.0195}}, "Minecraft": {"localIpCount": 4, "localIpFrequency": {"10.0.0.134": 5, "10.0.2.92": 4, "10.0.0.195": 5, "10.0.3.78": 1}, "localIpTotalDuration": 14949.172299999998, "localIpDuration": {"10.0.0.134": 8055.207, "10.0.2.92": 1871.9866, "10.0.0.195": 4823.9943, "10.0.3.78": 197.9844}}, "Odin: Valhalla Rising": {"localIpCount": 3, "localIpFrequency": {"10.0.1.43": 1, "10.0.2.84": 2, "10.0.0.60": 1}, "localIpTotalDuration": 819.0997, "localIpDuration": {"10.0.1.43": 0.0056, "10.0.2.84": 9.0647, "10.0.0.60": 810.0294}}, "Roblox (Game)": {"localIpCount": 85, "localIpFrequency": {"10.0.2.218": 1, "10.0.0.136": 26, "10.0.0.75": 4, "10.0.2.220": 1, "10.0.1.193": 25, "10.0.0.71": 1, "10.0.1.34": 18, "10.0.2.84": 4, "10.0.1.187": 2, "10.0.0.40": 8, "10.0.0.241": 1, "10.0.2.122": 2, "10.0.2.231": 4, "10.0.2.173": 1, "10.0.0.38": 7, "10.0.2.234": 10, "10.0.2.247": 1, "10.0.0.178": 3, "10.0.2.250": 1, "10.0.1.188": 4, "10.0.2.246": 1, "10.0.2.121": 2, "10.0.2.6": 6, "10.0.2.241": 1, "10.0.2.221": 1, "10.0.0.191": 4, "10.0.2.140": 3, "10.0.1.207": 9, "10.0.2.92": 12, "10.0.0.47": 9, "10.0.0.237": 5, "10.0.1.67": 5, "10.0.1.235": 7, "10.0.0.224": 5, "10.0.2.252": 1, "10.0.0.14": 2, "10.0.3.7": 2, "10.0.0.196": 2, "10.0.0.148": 1, "10.0.3.12": 1, "10.0.0.112": 1, "10.0.2.53": 3, "10.0.3.15": 1, "10.0.2.200": 2, "10.0.2.93": 2, "10.0.0.255": 2, "10.0.1.125": 1, "10.0.1.76": 3, "10.0.2.168": 3, "10.0.1.108": 3, "10.0.1.48": 1, "10.0.0.195": 1, "10.0.0.7": 5, "10.0.3.28": 8, "10.0.1.104": 1, "10.0.2.178": 1, "10.0.3.31": 1, "10.0.1.118": 1, "10.0.0.9": 1, "10.0.2.113": 1, "10.0.2.240": 3, "10.0.0.181": 1, "10.0.2.185": 2, "10.0.3.41": 4, "10.0.3.43": 4, "10.0.3.42": 3, "10.0.1.231": 1, "10.0.3.57": 1, "10.0.2.159": 2, "10.0.3.44": 5, "10.0.3.51": 3, "10.0.2.117": 1, "10.0.2.180": 3, "10.0.0.33": 2, "10.0.1.31": 1, "10.0.3.18": 1, "10.0.0.15": 1, "10.0.0.157": 2, "10.0.2.7": 1, "10.0.1.38": 1, "10.0.1.44": 1, "10.0.3.94": 1, "10.0.3.78": 2, "10.0.2.171": 1, "10.0.0.53": 1}, "localIpTotalDuration": 483425.55349999986, "localIpDuration": {"10.0.2.218": 1799.9914, "10.0.0.136": 42245.40089999999, "10.0.0.75": 7092.1709, "10.0.2.220": 1781.9952, "10.0.1.193": 41110.25250000001, "10.0.0.71": 1584.0291, "10.0.1.34": 20655.153, "10.0.2.84": 7181.019200000001, "10.0.1.187": 3554.321, "10.0.0.40": 13966.6749, "10.0.0.241": 1799.7521, "10.0.2.122": 3590.8226, "10.0.2.231": 7190.1766, "10.0.2.173": 1790.6589, "10.0.0.38": 12562.8908, "10.0.2.234": 15281.566400000002, "10.0.2.247": 1790.7676, "10.0.0.178": 5291.5539, "10.0.2.250": 1799.7465, "10.0.1.188": 7163.2426, "10.0.2.246": 1799.7898, "10.0.2.121": 3599.657, "10.0.2.6": 10772.376, "10.0.2.241": 1799.7769, "10.0.2.221": 1790.7282, "10.0.0.191": 6398.661899999999, "10.0.2.140": 5390.5867, "10.0.1.207": 14344.9481, "10.0.2.92": 19303.6962, "10.0.0.47": 14812.491999999998, "10.0.0.237": 8153.2185, "10.0.1.67": 7874.784599999999, "10.0.1.235": 12175.0462, "10.0.0.224": 8954.7667, "10.0.2.252": 1791.0195, "10.0.0.14": 3590.6794, "10.0.3.7": 3572.8333000000002, "10.0.0.196": 3590.7189, "10.0.0.148": 1799.807, "10.0.3.12": 1700.9985, "10.0.0.112": 1440.033, "10.0.2.53": 5229.0307, "10.0.3.15": 1791.0121, "10.0.2.200": 3599.4834, "10.0.2.93": 3383.7740999999996, "10.0.0.255": 3599.1938, "10.0.1.125": 1799.6982, "10.0.1.76": 5381.6849, "10.0.2.168": 5390.5238, "10.0.1.108": 5094.0351, "10.0.1.48": 1358.9948, "10.0.0.195": 144.0025, "10.0.0.7": 7704.0056, "10.0.3.28": 13967.5749, "10.0.1.104": 1710.0023, "10.0.2.178": 1773.0276, "10.0.3.31": 1763.7662, "10.0.1.118": 1791.065, "10.0.0.9": 1790.733, "10.0.2.113": 1782.0095, "10.0.2.240": 5292.027599999999, "10.0.0.181": 1529.4194, "10.0.2.185": 3069.0503, "10.0.3.41": 7092.0808, "10.0.3.43": 6839.7567, "10.0.3.42": 5372.5561, "10.0.1.231": 1791.0552, "10.0.3.57": 1232.7394, "10.0.2.159": 1917.0017, "10.0.3.44": 8235.115, "10.0.3.51": 5282.845600000001, "10.0.2.117": 1791.0489, "10.0.2.180": 5390.5193, "10.0.0.33": 2537.696, "10.0.1.31": 1728.0114, "10.0.3.18": 1781.7743, "10.0.0.15": 1754.7862, "10.0.0.157": 3581.4925000000003, "10.0.2.7": 1791.0547, "10.0.1.38": 1799.9947, "10.0.1.44": 1799.699, "10.0.3.94": 1782.0336, "10.0.3.78": 3500.7169, "10.0.2.171": 1790.6684, "10.0.0.53": 1799.9878}}, "FIFA ONLINE 4 M": {"localIpCount": 4, "localIpFrequency": {"10.0.2.92": 5, "10.0.2.178": 2, "10.0.2.25": 1, "10.0.3.83": 1}, "localIpTotalDuration": 7956.047, "localIpDuration": {"10.0.2.92": 6174.026, "10.0.2.178": 1512.0024999999998, "10.0.2.25": 269.9899, "10.0.3.83": 0.0286}}, "Honkai: Star Rail": {"localIpCount": 3, "localIpFrequency": {"10.0.0.31": 2, "10.0.0.192": 2, "10.0.2.185": 1}, "localIpTotalDuration": 738.0427, "localIpDuration": {"10.0.0.31": 477.0363, "10.0.0.192": 153.00130000000001, "10.0.2.185": 108.0051}}, "Overwatch 2": {"localIpCount": 1, "localIpFrequency": {"10.0.2.44": 2}, "localIpTotalDuration": 2546.6727, "localIpDuration": {"10.0.2.44": 2546.6727}}, "League of Legends: Wild Rift": {"localIpCount": 28, "localIpFrequency": {"10.0.1.123": 3, "10.0.0.143": 1, "10.0.2.93": 3, "10.0.2.220": 1, "10.0.0.71": 4, "10.0.2.240": 3, "10.0.0.255": 4, "10.0.2.20": 1, "10.0.0.28": 1, "10.0.2.71": 2, "10.0.1.43": 3, "10.0.3.14": 1, "10.0.2.183": 1, "10.0.2.249": 1, "10.0.0.75": 1, "10.0.0.210": 1, "10.0.0.98": 4, "10.0.0.7": 1, "10.0.3.19": 1, "10.0.2.53": 1, "10.0.3.43": 1, "10.0.3.40": 1, "10.0.3.44": 4, "10.0.0.99": 2, "10.0.2.57": 2, "10.0.3.95": 1, "10.0.3.78": 1, "10.0.2.159": 1}, "localIpTotalDuration": 32686.472500000003, "localIpDuration": {"10.0.1.123": 36.0377, "10.0.0.143": 1088.9949, "10.0.2.93": 3456.1242, "10.0.2.220": 1791.0326, "10.0.0.71": 6487.5841, "10.0.2.240": 719.9544000000001, "10.0.0.255": 2196.0496, "10.0.2.20": 18.0157, "10.0.0.28": 468.0151, "10.0.2.71": 72.0251, "10.0.1.43": 1584.0031000000001, "10.0.3.14": 18.0016, "10.0.2.183": 17.976, "10.0.2.249": 89.9984, "10.0.0.75": 368.7451, "10.0.0.210": 188.9623, "10.0.0.98": 2799.0494, "10.0.0.7": 899.9962, "10.0.3.19": 953.9846, "10.0.2.53": 540.0094, "10.0.3.43": 9.0034, "10.0.3.40": 17.9651, "10.0.3.44": 657.0001, "10.0.0.99": 2304.0802000000003, "10.0.2.57": 2987.7663000000002, "10.0.3.95": 1062.0274, "10.0.3.78": 81.0476, "10.0.2.159": 1773.0229}}, "Goddess of Victory: Nikke": {"localIpCount": 1, "localIpFrequency": {"10.0.1.61": 1}, "localIpTotalDuration": 188.9863, "localIpDuration": {"10.0.1.61": 188.9863}}, "Roblox": {"localIpCount": 71, "localIpFrequency": {"10.0.0.191": 1, "10.0.0.75": 8, "10.0.1.193": 31, "10.0.0.196": 3, "10.0.0.136": 25, "10.0.1.143": 3, "10.0.0.71": 3, "10.0.2.84": 1, "10.0.1.34": 41, "10.0.0.40": 9, "10.0.2.6": 8, "10.0.2.220": 1, "10.0.1.235": 10, "10.0.1.207": 6, "10.0.2.199": 1, "10.0.2.72": 3, "10.0.2.122": 4, "10.0.0.73": 1, "10.0.0.38": 5, "10.0.2.140": 4, "10.0.0.224": 3, "10.0.2.246": 25, "10.0.2.234": 11, "10.0.0.237": 4, "10.0.1.67": 4, "10.0.2.121": 1, "10.0.1.188": 5, "10.0.3.7": 1, "10.0.3.12": 2, "10.0.2.92": 12, "10.0.2.53": 1, "10.0.0.7": 19, "10.0.0.178": 4, "10.0.0.195": 1, "10.0.2.93": 1, "10.0.0.47": 3, "10.0.3.28": 8, "10.0.2.178": 1, "10.0.1.125": 1, "10.0.0.255": 1, "10.0.1.108": 4, "10.0.2.240": 2, "10.0.3.41": 2, "10.0.3.42": 3, "10.0.3.43": 4, "10.0.0.185": 1, "10.0.1.231": 3, "10.0.0.157": 1, "10.0.3.44": 7, "10.0.0.21": 1, "10.0.3.36": 1, "10.0.1.156": 1, "10.0.1.55": 1, "10.0.2.159": 1, "10.0.3.18": 1, "10.0.3.68": 1, "10.0.3.49": 2, "10.0.2.180": 2, "10.0.2.168": 2, "10.0.0.33": 2, "10.0.3.78": 3, "10.0.1.31": 1, "10.0.3.79": 1, "10.0.2.169": 1, "10.0.2.233": 1, "10.0.0.215": 3, "10.0.2.7": 1, "10.0.1.76": 2, "10.0.1.118": 1, "10.0.3.90": 1, "10.0.2.99": 1}, "localIpTotalDuration": 600959.5396, "localIpDuration": {"10.0.0.191": 1799.8447, "10.0.0.75": 14398.1082, "10.0.1.193": 55791.752000000015, "10.0.0.196": 5399.3778999999995, "10.0.0.136": 44993.16190000001, "10.0.1.143": 5399.3791,