{"Overwatch 2": {"localIpCount": 2, "localIpFrequency": {"10.0.4.10": 40, "10.0.0.14": 1}, "localIpTotalDuration": 65848.69729999999, "localIpDuration": {"10.0.4.10": 64455.694699999985, "10.0.0.14": 1393.0026}}, "Minecraft": {"localIpCount": 11, "localIpFrequency": {"10.0.2.255": 2, "10.0.3.184": 1, "10.0.0.136": 2, "10.0.0.233": 1, "10.0.5.48": 1, "10.0.0.195": 13, "10.0.2.168": 1, "10.0.1.251": 1, "10.0.3.72": 2, "10.0.0.186": 2, "10.0.3.183": 1}, "localIpTotalDuration": 29959.113999999998, "localIpDuration": {"10.0.2.255": 238.0019, "10.0.3.184": 154.0052, "10.0.0.136": 3184.9647999999997, "10.0.0.233": 20.9996, "10.0.5.48": 1547.0014, "10.0.0.195": 19102.018000000004, "10.0.2.168": 125.9946, "10.0.1.251": 1288.0109, "10.0.3.72": 1218.0457, "10.0.0.186": 3080.0600999999997, "10.0.3.183": 0.0118}}, "Odin: Valhalla Rising": {"localIpCount": 2, "localIpFrequency": {"10.0.3.12": 1, "10.0.1.43": 1}, "localIpTotalDuration": 742.008, "localIpDuration": {"10.0.3.12": 742.0, "10.0.1.43": 0.008}}, "Roblox": {"localIpCount": 86, "localIpFrequency": {"10.0.4.224": 1, "10.0.1.235": 9, "10.0.4.70": 8, "10.0.4.195": 2, "10.0.3.65": 7, "10.0.0.136": 23, "10.0.1.193": 12, "10.0.0.71": 5, "10.0.4.139": 5, "10.0.0.90": 1, "10.0.1.145": 2, "10.0.4.212": 2, "10.0.4.238": 1, "10.0.3.18": 3, "10.0.2.199": 3, "10.0.3.7": 1, "10.0.5.0": 2, "10.0.4.252": 2, "10.0.4.202": 1, "10.0.2.159": 2, "10.0.4.154": 5, "10.0.4.240": 3, "10.0.4.218": 1, "10.0.4.248": 2, "10.0.2.168": 2, "10.0.0.239": 4, "10.0.4.172": 2, "10.0.0.33": 3, "10.0.4.200": 7, "10.0.1.207": 17, "10.0.4.111": 1, "10.0.2.229": 12, "10.0.1.84": 2, "10.0.2.233": 1, "10.0.0.224": 1, "10.0.1.174": 1, "10.0.1.251": 32, "10.0.2.197": 1, "10.0.4.58": 2, "10.0.5.3": 19, "10.0.3.12": 10, "10.0.0.196": 3, "10.0.0.233": 1, "10.0.0.9": 3, "10.0.3.105": 3, "10.0.3.161": 2, "10.0.4.86": 5, "10.0.5.40": 1, "10.0.0.246": 1, "10.0.5.22": 1, "10.0.5.8": 8, "10.0.4.85": 1, "10.0.4.171": 1, "10.0.3.218": 1, "10.0.0.30": 9, "10.0.3.173": 1, "10.0.0.35": 1, "10.0.0.199": 5, "10.0.4.173": 9, "10.0.4.2": 1, "10.0.4.174": 1, "10.0.1.106": 1, "10.0.2.231": 3, "10.0.1.221": 2, "10.0.4.161": 1, "10.0.0.202": 2, "10.0.2.7": 1, "10.0.4.234": 9, "10.0.5.87": 1, "10.0.5.88": 1, "10.0.4.77": 2, "10.0.5.34": 1, "10.0.0.75": 1, "10.0.3.176": 1, "10.0.4.246": 2, "10.0.2.209": 1, "10.0.0.14": 2, "10.0.5.102": 1, "10.0.5.99": 1, "10.0.5.56": 3, "10.0.5.93": 2, "10.0.5.110": 1, "10.0.1.102": 2, "10.0.0.76": 1, "10.0.2.13": 1, "10.0.0.178": 1}, "localIpTotalDuration": 579163.0003, "localIpDuration": {"10.0.4.224": 1798.7492, "10.0.1.235": 16188.8452, "10.0.4.70": 14389.875799999998, "10.0.4.195": 3597.3815999999997, "10.0.3.65": 12591.529400000001, "10.0.0.136": 41371.753300000004, "10.0.1.193": 21578.521099999998, "10.0.0.71": 8987.019199999999, "10.0.4.139": 8993.8206, "10.0.0.90": 1799.0052, "10.0.1.145": 3597.5049, "10.0.4.212": 3597.5451000000003, "10.0.4.238": 1798.7831, "10.0.3.18": 5396.336499999999, "10.0.2.199": 5396.233, "10.0.3.7": 1798.7283, "10.0.5.0": 3597.5302, "10.0.4.252": 3597.5559000000003, "10.0.4.202": 1798.6765, "10.0.2.159": 3597.8315, "10.0.4.154": 8993.7015, "10.0.4.240": 5396.4631, "10.0.4.218": 1798.6582, "10.0.4.248": 3597.4800999999998, "10.0.2.168": 3597.5424000000003, "10.0.0.239": 7196.061900000001, "10.0.4.172": 3597.4917, "10.0.0.33": 5396.2014, "10.0.4.200": 12591.3444, "10.0.1.207": 30579.260799999993, "10.0.4.111": 1798.7855, "10.0.2.229": 21586.2246, "10.0.1.84": 3597.3589, "10.0.2.233": 1798.7335, "10.0.0.224": 1798.7734, "10.0.1.174": 1798.7578, "10.0.1.251": 57547.479999999996, "10.0.2.197": 1798.7356, "10.0.4.58": 3597.5321999999996, "10.0.5.3": 34170.4446, "10.0.3.12": 17987.6976, "10.0.0.196": 5396.2627, "10.0.0.233": 1798.7403, "10.0.0.9": 5396.2541, "10.0.3.105": 5396.2189, "10.0.3.161": 3597.5595000000003, "10.0.4.86": 8993.7934, "10.0.5.40": 1798.77, "10.0.0.246": 1798.7656, "10.0.5.22": 1798.7622, "10.0.5.8": 14390.043100000003, "10.0.4.85": 1798.765, "10.0.4.171": 1798.7577, "10.0.3.218": 1798.7282, "10.0.0.30": 16188.748899999999, "10.0.3.173": 1798.7705, "10.0.0.35": 1798.7751, "10.0.0.199": 8993.8015, "10.0.4.173": 16188.832600000002, "10.0.4.2": 1798.7637, "10.0.4.174": 1798.7659, "10.0.1.106": 1798.7658, "10.0.2.231": 5396.546200000001, "10.0.1.221": 3597.5259, "10.0.4.161": 1798.7145, "10.0.0.202": 3597.5045, "10.0.2.7": 1799.0318, "10.0.4.234": 16180.709700000001, "10.0.5.87": 1798.7347, "10.0.5.88": 1798.7835, "10.0.4.77": 3597.5593, "10.0.5.34": 1798.7114, "10.0.0.75": 1798.7533, "10.0.3.176": 1798.7035, "10.0.4.246": 3597.4758, "10.0.2.209": 1798.7482, "10.0.0.14": 3597.5149, "10.0.5.102": 1798.7852, "10.0.5.99": 1798.7099, "10.0.5.56": 5396.1672, "10.0.5.93": 3597.5135, "10.0.5.110": 1798.6967, "10.0.1.102": 3597.3988, "10.0.0.76": 1798.7518, "10.0.2.13": 1798.6721, "10.0.0.178": 1798.6884}}, "FIFA ONLINE 4 M": {"localIpCount": 6, "localIpFrequency": {"10.0.3.7": 4, "10.0.5.48": 1, "10.0.3.173": 1, "10.0.5.50": 4, "10.0.5.75": 5, "10.0.1.106": 1}, "localIpTotalDuration": 13902.2474, "localIpDuration": {"10.0.3.7": 3535.1040000000003, "10.0.5.48": 27.9998, "10.0.3.173": 1680.007, "10.0.5.50": 2114.0355, "10.0.5.75": 6384.0713000000005, "10.0.1.106": 161.0298}}, "Genshin Impact": {"localIpCount": 2, "localIpFrequency": {"10.0.1.196": 1, "10.0.4.58": 5}, "localIpTotalDuration": 5809.7255000000005, "localIpDuration": {"10.0.1.196": 196.0036, "10.0.4.58": 5613.7219000000005}}, "FIFA Mobile": {"localIpCount": 1, "localIpFrequency": {"10.0.5.3": 1}, "localIpTotalDuration": 43.0223, "localIpDuration": {"10.0.5.3": 43.0223}}, "Dragon Village": {"localIpCount": 1, "localIpFrequency": {"10.0.2.244": 3}, "localIpTotalDuration": 2729.9988, "localIpDuration": {"10.0.2.244": 2729.9988}}, "Summoners War: Chronicles": {"localIpCount": 1, "localIpFrequency": {"10.0.0.216": 1}, "localIpTotalDuration": 188.9985, "localIpDuration": {"10.0.0.216": 188.9985}}, "League of Legends: Wild Rift": {"localIpCount": 38, "localIpFrequency": {"10.0.1.193": 2, "10.0.4.147": 1, "10.0.2.171": 1, "10.0.0.157": 1, "10.0.1.129": 1, "10.0.0.155": 1, "10.0.1.19": 1, "10.0.2.225": 2, "10.0.2.159": 1, "10.0.0.81": 1, "10.0.5.19": 1, "10.0.4.172": 4, "10.0.5.0": 2, "10.0.0.71": 3, "10.0.4.248": 4, "10.0.0.52": 1, "10.0.0.99": 1, "10.0.0.150": 1, "10.0.3.154": 1, "10.0.3.65": 1, "10.0.5.56": 1, "10.0.5.63": 1, "10.0.5.64": 1, "10.0.0.35": 1, "10.0.5.50": 2, "10.0.0.152": 1, "10.0.0.238": 1, "10.0.5.77": 2, "10.0.1.43": 1, "10.0.5.89": 1, "10.0.1.172": 2, "10.0.5.94": 1, "10.0.3.72": 1, "10.0.1.52": 1, "10.0.5.76": 1, "10.0.1.235": 3, "10.0.1.106": 1, "10.0.4.86": 1}, "localIpTotalDuration": 29484.079999999994, "localIpDuration": {"10.0.1.193": 427.0102, "10.0.4.147": 77.0006, "10.0.2.171": 518.0194, "10.0.0.157": 13.988, "10.0.1.129": 350.0004, "10.0.0.155": 553.0027, "10.0.1.19": 14.039, "10.0.2.225": 2225.9947, "10.0.2.159": 140.0149, "10.0.0.81": 524.9975, "10.0.5.19": 1092.0013, "10.0.4.172": 2506.075, "10.0.5.0": 2191.0395, "10.0.0.71": 1280.9904999999999, "10.0.4.248": 5431.749999999999, "10.0.0.52": 0.0, "10.0.0.99": 497.0147, "10.0.0.150": 1784.9919, "10.0.3.154": 245.0257, "10.0.3.65": 133.0136, "10.0.5.56": 14.0445, "10.0.5.63": 14.0002, "10.0.5.64": 854.0036, "10.0.0.35": 189.0046, "10.0.5.50": 42.0012, "10.0.0.152": 133.0014, "10.0.0.238": 1351.0091, "10.0.5.77": 594.9701, "10.0.1.43": 461.9989, "10.0.5.89": 363.9998, "10.0.1.172": 1624.02, "10.0.5.94": 14.0234, "10.0.3.72": 951.9953, "10.0.1.52": 329.0084, "10.0.5.76": 13.9989, "10.0.1.235": 2422.0187, "10.0.1.106": 91.0075, "10.0.4.86": 14.0048}}, "Cookie Run: Kingdom": {"localIpCount": 1, "localIpFrequency": {"10.0.3.161": 9}, "localIpTotalDuration": 11423.302, "localIpDuration": {"10.0.3.161": 11423.302}}, "Among us": {"localIpCount": 1, "localIpFrequency": {"10.0.1.251": 1}, "localIpTotalDuration": 602.003, "localIpDuration": {"10.0.1.251": 602.003}}, "Blue Archive": {"localIpCount": 1, "localIpFrequency": {"10.0.5.76": 1}, "localIpTotalDuration": 56.0089,