{"Honkai: Star Rail": {"localIpCount": 2, "localIpFrequency": {"10.0.0.192": 1, "10.0.2.85": 1}, "localIpTotalDuration": 90.0097, "localIpDuration": {"10.0.0.192": 45.0162, "10.0.2.85": 44.9935}}, "Zombie High School": {"localIpCount": 1, "localIpFrequency": {"10.0.0.49": 1}, "localIpTotalDuration": 36.0501, "localIpDuration": {"10.0.0.49": 36.0501}}, "TFT: Teamfight Tactics": {"localIpCount": 15, "localIpFrequency": {"10.0.1.34": 5, "10.0.0.92": 2, "10.0.1.85": 1, "10.0.1.154": 1, "10.0.1.95": 2, "10.0.1.32": 1, "10.0.1.93": 1, "10.0.1.199": 6, "10.0.1.206": 1, "10.0.2.73": 4, "10.0.1.220": 1, "10.0.1.92": 1, "10.0.1.184": 1, "10.0.2.210": 1, "10.0.0.65": 1}, "localIpTotalDuration": 19530.3741, "localIpDuration": {"10.0.1.34": 4563.0329, "10.0.0.92": 431.99890000000005, "10.0.1.85": 162.0208, "10.0.1.154": 153.0079, "10.0.1.95": 270.07259999999997, "10.0.1.32": 981.0116, "10.0.1.93": 9.0005, "10.0.1.199": 3924.1069999999995, "10.0.1.206": 567.0354, "10.0.2.73": 5013.101100000001, "10.0.1.220": 1529.9399, "10.0.1.92": 153.0237, "10.0.1.184": 18.0221, "10.0.2.210": 1754.9996, "10.0.0.65": 0.0001}}, "FIFA ONLINE 4 M": {"localIpCount": 3, "localIpFrequency": {"10.0.0.170": 2, "10.0.2.64": 17, "10.0.2.101": 1}, "localIpTotalDuration": 26838.381200000003, "localIpDuration": {"10.0.0.170": 1575.107, "10.0.2.64": 25038.2107, "10.0.2.101": 225.0635}}, "Summoners War: Chronicles": {"localIpCount": 1, "localIpFrequency": {"10.0.0.216": 1}, "localIpTotalDuration": 153.1143, "localIpDuration": {"10.0.0.216": 153.1143}}, "Roblox (Game)": {"localIpCount": 97, "localIpFrequency": {"10.0.0.75": 10, "10.0.0.12": 2, "10.0.1.0": 1, "10.0.0.196": 6, "10.0.0.57": 22, "10.0.0.136": 25, "10.0.1.136": 16, "10.0.1.87": 1, "10.0.0.215": 1, "10.0.0.242": 1, "10.0.1.76": 3, "10.0.1.44": 16, "10.0.0.178": 3, "10.0.0.217": 3, "10.0.0.98": 2, "10.0.0.11": 3, "10.0.0.38": 9, "10.0.1.145": 6, "10.0.1.46": 7, "10.0.1.34": 9, "10.0.0.237": 2, "10.0.0.95": 1, "10.0.0.73": 6, "10.0.0.7": 3, "10.0.0.94": 4, "10.0.0.202": 1, "10.0.0.134": 1, "10.0.1.75": 1, "10.0.0.191": 4, "10.0.0.170": 1, "10.0.1.143": 1, "10.0.0.40": 4, "10.0.0.71": 11, "10.0.0.200": 1, "10.0.0.162": 2, "10.0.0.121": 1, "10.0.0.29": 2, "10.0.1.182": 3, "10.0.1.118": 1, "10.0.0.14": 1, "10.0.1.175": 1, "10.0.1.193": 11, "10.0.0.9": 1, "10.0.0.17": 1, "10.0.1.207": 17, "10.0.0.68": 1, "10.0.0.224": 5, "10.0.1.233": 1, "10.0.1.68": 2, "10.0.1.254": 1, "10.0.0.74": 1, "10.0.2.1": 1, "10.0.1.39": 1, "10.0.2.19": 1, "10.0.2.54": 1, "10.0.2.43": 1, "10.0.2.66": 1, "10.0.1.188": 3, "10.0.2.73": 1, "10.0.2.99": 2, "10.0.1.231": 6, "10.0.2.31": 2, "10.0.2.110": 1, "10.0.1.210": 1, "10.0.2.84": 2, "10.0.2.91": 6, "10.0.2.134": 1, "10.0.2.132": 6, "10.0.2.137": 1, "10.0.2.113": 1, "10.0.2.6": 6, "10.0.2.142": 1, "10.0.2.158": 1, "10.0.0.112": 1, "10.0.1.48": 1, "10.0.0.132": 1, "10.0.2.164": 1, "10.0.0.42": 1, "10.0.2.70": 11, "10.0.2.77": 1, "10.0.1.200": 1, "10.0.2.92": 2, "10.0.1.212": 1, "10.0.0.181": 1, "10.0.2.178": 1, "10.0.1.187": 1, "10.0.2.78": 1, "10.0.2.140": 1, "10.0.0.33": 1, "10.0.2.120": 1, "10.0.1.131": 1, "10.0.1.242": 1, "10.0.2.89": 1, "10.0.2.199": 3, "10.0.0.218": 1, "10.0.2.207": 1, "10.0.2.213": 1}, "localIpTotalDuration": 562119.8023999999, "localIpDuration": {"10.0.0.75": 17701.7243, "10.0.0.12": 3581.7381, "10.0.1.0": 1746.0165, "10.0.0.196": 9989.5626, "10.0.0.57": 34055.516800000005, "10.0.0.136": 42305.79329999999, "10.0.1.136": 27187.883199999997, "10.0.1.87": 1799.7607, "10.0.0.215": 1754.7497, "10.0.0.242": 1782.024, "10.0.1.76": 5390.2038999999995, "10.0.1.44": 28617.9844, "10.0.0.178": 5372.2664, "10.0.0.217": 5354.5195, "10.0.0.98": 3590.4025, "10.0.0.11": 5202.0447, "10.0.0.38": 16144.4893, "10.0.1.145": 10771.9826, "10.0.1.46": 12535.606399999999, "10.0.1.34": 15965.4142, "10.0.0.237": 3582.1103000000003, "10.0.0.95": 1485.0193, "10.0.0.73": 10493.328200000002, "10.0.0.7": 5372.4811, "10.0.0.94": 7145.357, "10.0.0.202": 1799.7495, "10.0.0.134": 1791.0234, "10.0.1.75": 1799.7359, "10.0.0.191": 7198.768, "10.0.0.170": 1782.038, "10.0.1.143": 1781.7573, "10.0.0.40": 7091.6533, "10.0.0.71": 18413.752399999998, "10.0.0.200": 1530.011, "10.0.0.162": 3581.5024000000003, "10.0.0.121": 1611.0031, "10.0.0.29": 3573.0553, "10.0.1.182": 5354.7395, "10.0.1.118": 1773.0498, "10.0.0.14": 1799.5757, "10.0.1.175": 1799.9957, "10.0.1.193": 18584.519, "10.0.0.9": 1791.0202, "10.0.0.17": 1799.7644, "10.0.1.207": 30472.481300000003, "10.0.0.68": 1799.9997, "10.0.0.224": 8729.173499999999, "10.0.1.233": 1799.7048, "10.0.1.68": 3573.3677, "10.0.1.254": 1781.7481, "10.0.0.74": 1799.994, "10.0.2.1": 1799.8569, "10.0.1.39": 1799.7204, "10.0.2.19": 1799.729, "10.0.2.54": 1791.0025, "10.0.2.43": 1799.7421, "10.0.2.66": 1782.0071, "10.0.1.188": 5373.067300000001, "10.0.2.73": 1791.0971, "10.0.2.99": 3599.5198, "10.0.1.231": 10700.246699999998, "10.0.2.31": 3590.8523999999998, "10.0.2.110": 1799.738, "10.0.1.210": 1799.7051, "10.0.2.84": 3599.5308999999997, "10.0.2.91": 10709.1171, "10.0.2.134": 1790.7651, "10.0.2.132": 10520.0798, "10.0.2.137": 1799.5976, "10.0.2.113": 1799.6884, "10.0.2.6": 10780.2842, "10.0.2.142": 1790.7336, "10.0.2.158": 1791.0971, "10.0.0.112": 1764.0125, "10.0.1.48": 1799.988, "10.0.0.132": 638.9959, "10.0.2.164": 1440.0033, "10.0.0.42": 1791.0497, "10.0.2.70": 19473.896600000004, "10.0.2.77": 1790.9824, "10.0.1.200": 1799.998, "10.0.2.92": 3581.194, "10.0.1.212": 1799.701, "10.0.0.181": 1799.7442, "10.0.2.178": 1791.0063, "10.0.1.187": 1782.0419, "10.0.2.78": 1799.9829, "10.0.2.140": 1799.4067, "10.0.0.33": 1782.0072, "10.0.2.120": 1566.0005, "10.0.1.131": 1790.7541, "10.0.1.242": 1790.7838, "10.0.2.89": 1791.0603, "10.0.2.199": 5399.4978, "10.0.0.218": 1799.8184, "10.0.2.207": 1799.6978, "10.0.2.213": 1799.8389}}, "Ares: Rise of Guardians": {"localIpCount": 2, "localIpFrequency": {"10.0.1.43": 1, "10.0.1.184": 2}, "localIpTotalDuration": 3599.6358, "localIpDuration": {"10.0.1.43": 0.0061, "10.0.1.184": 3599.6297}}, "Lineage M": {"localIpCount": 2, "localIpFrequency": {"10.0.2.137": 3, "10.0.2.161": 1}, "localIpTotalDuration": 2511.4341999999997, "localIpDuration": {"10.0.2.137": 765.3889, "10.0.2.161": 1746.0453}}, "HATSUNE MIKU: COLORFUL STAGE!": {"localIpCount": 1, "localIpFrequency": {"10.0.0.7": 2}, "localIpTotalDuration": 2699.9521, "localIpDuration": {"10.0.0.7": 2699.9521}}, "Minecraft": {"localIpCount": 10, "localIpFrequency": {"10.0.1.131": 1, "10.0.0.7": 17, "10.0.1.145": 2, "10.0.1.247": 1, "10.0.1.246": 2, "10.0.2.92": 4, "10.0.0.180": 1, "10.0.2.87": 1, "10.0.1.193": 3, "10.0.2.173": 1}, "localIpTotalDuration": 44413.0816, "localIpDuration": {"10.0.1.131": 1143.01, "10.0.0.7": 28789.719799999995, "10.0.1.145": 1017.0618, "10.0.1.247": 620.952, "10.0.1.246": 945.058, "10.0.2.92": 4445.6489, "10.0.0.180": 971.9389, "10.0.2.87": 1421.9807, "10.0.1.193": 4607.742, "10.0.2.173": 449.9695}}, "Roblox": {"localIpCount": 87, "localIpFrequency": {"10.0.0.12": 5, "10.0.1.34": 10, "10.0.0.196": 9, "10.0.0.75": 15, "10.0.0.57": 29, "10.0.1.136": 16, "10.0.0.11": 12, "10.0.0.215": 2, "10.0.0.7": 8, "10.0.0.136": 16, "10.0.0.242": 8, "10.0.1.67": 1, "10.0.1.44": 6, "10.0.0.98": 4, "10.0.0.125": 1, "10.0.0.71": 20, "10.0.1.46": 5, "10.0.0.170": 1, "10.0.0.29": 3, "10.0.0.178": 4, "10.0.0.73": 6, "10.0.0.234": 1, "10.0.1.75": 1, "10.0.0.202": 1, "10.0.0.38": 4, "10.0.0.94": 2, "10.0.0.217": 1, "10.0.0.40": 4, "10.0.0.162": 2, "10.0.0.41": 1, "10.0.1.182": 3, "10.0.1.187": 1, "10.0.0.218": 2, "10.0.1.193": 15, "10.0.0.191": 2, "10.0.1.175": 2, "10.0.0.42": 2, "10.0.1.198": 1, "10.0.1.76": 4, "10.0.1.143": 2, "10.0.0.157": 1, "10.0.1.145": 2, "10.0.0.224": 4, "10.0.1.68": 2, "10.0.1.207": 8, "10.0.1.47": 2, "10.0.2.43": 2, "10.0.2.54": 3, "10.0.1.220": 1, "10.0.2.12": 1, "10.0.1.210": 3, "10.0.1.212": 2, "10.0.2.74": 1, "10.0.2.93": 1, "10.0.2.44": 1, "10.0.2.99": 3, "10.0.2.122": 2, "10.0.2.55": 1, "10.0.2.127": 1, "10.0.2.112": 4, "10.0.2.132": 8, "10.0.1.242": 2, "10.0.2.136": 1, "10.0.0.10": 1,