{"MIR4": {"localIpCount": 1, "localIpFrequency": {"10.0.0.55": 1}, "localIpTotalDuration": 189.1665, "localIpDuration": {"10.0.0.55": 189.1665}}, "Genshin Impact": {"localIpCount": 1, "localIpFrequency": {"10.0.0.55": 1}, "localIpTotalDuration": 97.9978, "localIpDuration": {"10.0.0.55": 97.9978}}, "Minecraft": {"localIpCount": 2, "localIpFrequency": {"10.0.0.85": 1, "10.0.0.92": 1}, "localIpTotalDuration": 559.9933, "localIpDuration": {"10.0.0.85": 125.9965, "10.0.0.92": 433.9968}}, "League of Legends: Wild Rift": {"localIpCount": 14, "localIpFrequency": {"10.0.0.61": 2, "10.0.0.52": 1, "10.0.0.84": 2, "10.0.0.28": 1, "10.0.0.93": 1, "10.0.0.96": 1, "10.0.0.119": 1, "10.0.0.135": 1, "10.0.0.136": 2, "10.0.0.142": 1, "10.0.0.143": 1, "10.0.0.163": 1, "10.0.0.171": 1, "10.0.0.181": 2}, "localIpTotalDuration": 6587.2036, "localIpDuration": {"10.0.0.61": 609.0027, "10.0.0.52": 153.9958, "10.0.0.84": 188.9926, "10.0.0.28": 147.0021, "10.0.0.93": 146.9303, "10.0.0.96": 77.0021, "10.0.0.119": 287.0054, "10.0.0.135": 1784.9972, "10.0.0.136": 1869.0001, "10.0.0.142": 147.0062, "10.0.0.143": 133.0016, "10.0.0.163": 273.0154, "10.0.0.171": 301.0641, "10.0.0.181": 469.188}}, "Roblox (Game)": {"localIpCount": 58, "localIpFrequency": {"10.0.0.26": 3, "10.0.0.34": 1, "10.0.0.19": 13, "10.0.0.14": 1, "10.0.0.3": 1, "10.0.0.37": 6, "10.0.0.38": 8, "10.0.0.47": 3, "10.0.0.45": 2, "10.0.0.5": 3, "10.0.0.53": 2, "10.0.0.75": 6, "10.0.0.78": 4, "10.0.0.60": 7, "10.0.0.9": 1, "10.0.0.83": 61, "10.0.0.86": 1, "10.0.0.69": 6, "10.0.0.30": 2, "10.0.0.91": 19, "10.0.0.90": 7, "10.0.0.108": 1, "10.0.0.77": 5, "10.0.0.107": 2, "10.0.0.42": 4, "10.0.0.126": 1, "10.0.0.130": 8, "10.0.0.131": 3, "10.0.0.137": 1, "10.0.0.97": 1, "10.0.0.146": 5, "10.0.0.157": 1, "10.0.0.124": 2, "10.0.0.158": 2, "10.0.0.66": 3, "10.0.0.171": 1, "10.0.0.172": 3, "10.0.0.63": 4, "10.0.0.178": 3, "10.0.0.152": 1, "10.0.0.174": 6, "10.0.0.188": 4, "10.0.0.6": 1, "10.0.0.179": 5, "10.0.0.198": 2, "10.0.0.200": 1, "10.0.0.39": 1, "10.0.0.211": 1, "10.0.0.80": 1, "10.0.0.212": 1, "10.0.0.206": 2, "10.0.0.181": 1, "10.0.0.220": 1, "10.0.0.221": 2, "10.0.0.201": 1, "10.0.0.235": 1, "10.0.0.225": 1, "10.0.0.82": 1}, "localIpTotalDuration": 372006.33169999986, "localIpDuration": {"10.0.0.26": 3925.4300999999996, "10.0.0.34": 819.0003, "10.0.0.19": 22893.3164, "10.0.0.14": 1596.0029, "10.0.0.3": 1799.0001, "10.0.0.37": 10147.7624, "10.0.0.38": 14242.297, "10.0.0.47": 5372.5997, "10.0.0.45": 3582.5076, "10.0.0.5": 5383.0756, "10.0.0.53": 3589.2531, "10.0.0.75": 9142.1719, "10.0.0.78": 7166.3176, "10.0.0.60": 12450.267100000001, "10.0.0.9": 1720.1422, "10.0.0.83": 86996.1869, "10.0.0.86": 1589.0733, "10.0.0.69": 5621.0085, "10.0.0.30": 3542.009, "10.0.0.91": 22419.446900000003, "10.0.0.90": 11850.9259, "10.0.0.108": 1761.742, "10.0.0.77": 8634.5445, "10.0.0.107": 3534.9999, "10.0.0.42": 4521.9995, "10.0.0.126": 1631.0125, "10.0.0.130": 14086.995800000002, "10.0.0.131": 5151.9758999999995, "10.0.0.137": 454.9319, "10.0.0.97": 237.9159, "10.0.0.146": 8344.0136, "10.0.0.157": 1785.0024, "10.0.0.124": 3435.3154999999997, "10.0.0.158": 3582.2552, "10.0.0.66": 4907.1, "10.0.0.171": 181.9343, "10.0.0.172": 5262.4184000000005, "10.0.0.63": 6499.889099999999, "10.0.0.178": 5003.3563, "10.0.0.152": 126.0019, "10.0.0.174": 9051.0444, "10.0.0.188": 6956.081399999999, "10.0.0.6": 1799.0584, "10.0.0.179": 8884.6881, "10.0.0.198": 3577.0717999999997, "10.0.0.200": 1799.1716, "10.0.0.39": 1785.0051, "10.0.0.211": 1735.9935, "10.0.0.80": 1799.0623, "10.0.0.212": 1797.4195, "10.0.0.206": 3532.623, "10.0.0.181": 1799.0111, "10.0.0.220": 1785.078, "10.0.0.221": 3582.2282, "10.0.0.201": 1799.1624, "10.0.0.235": 1799.0213, "10.0.0.225": 1748.3991, "10.0.0.82": 1785.0134}}, "FIFA ONLINE 4 M": {"localIpCount": 1, "localIpFrequency": {"10.0.0.92": 1}, "localIpTotalDuration": 174.9904, "localIpDuration": {"10.0.0.92": 174.9904}}, "Roblox": {"localIpCount": 60, "localIpFrequency": {"10.0.0.26": 4, "10.0.0.30": 4, "10.0.0.34": 1, "10.0.0.36": 1, "10.0.0.19": 29, "10.0.0.37": 6, "10.0.0.3": 1, "10.0.0.43": 1, "10.0.0.14": 1, "10.0.0.46": 5, "10.0.0.38": 3, "10.0.0.45": 1, "10.0.0.5": 5, "10.0.0.47": 1, "10.0.0.9": 1, "10.0.0.51": 1, "10.0.0.22": 2, "10.0.0.63": 3, "10.0.0.75": 7, "10.0.0.78": 3, "10.0.0.60": 6, "10.0.0.28": 2, "10.0.0.86": 1, "10.0.0.83": 55, "10.0.0.90": 5, "10.0.0.69": 5, "10.0.0.99": 1, "10.0.0.91": 50, "10.0.0.77": 3, "10.0.0.107": 1, "10.0.0.53": 2, "10.0.0.42": 6, "10.0.0.126": 1, "10.0.0.129": 2, "10.0.0.131": 4, "10.0.0.137": 1, "10.0.0.97": 1, "10.0.0.146": 1, "10.0.0.130": 6, "10.0.0.158": 5, "10.0.0.164": 1, "10.0.0.169": 1, "10.0.0.172": 2, "10.0.0.179": 3, "10.0.0.178": 2, "10.0.0.124": 2, "10.0.0.188": 2, "10.0.0.6": 1, "10.0.0.190": 2, "10.0.0.174": 3, "10.0.0.195": 1, "10.0.0.192": 3, "10.0.0.198": 1, "10.0.0.111": 1, "10.0.0.205": 5, "10.0.0.204": 1, "10.0.0.206": 4, "10.0.0.212": 1, "10.0.0.221": 1, "10.0.0.181": 1}, "localIpTotalDuration": 485940.5216000001, "localIpDuration": {"10.0.0.26": 7190.445299999999, "10.0.0.30": 5861.538500000001, "10.0.0.34": 987.0016, "10.0.0.36": 588.0018, "10.0.0.19": 52122.93729999999, "10.0.0.37": 10623.733199999999, "10.0.0.3": 1797.608, "10.0.0.43": 1797.8242, "10.0.0.14": 1797.8044, "10.0.0.46": 8986.3558, "10.0.0.38": 5391.9658, "10.0.0.45": 1797.4069, "10.0.0.5": 8987.0992, "10.0.0.47": 1797.4849, "10.0.0.9": 1798.1192, "10.0.0.51": 1796.6973, "10.0.0.22": 3594.3298, "10.0.0.63": 5211.8272, "10.0.0.75": 11899.0696, "10.0.0.78": 5392.9564, "10.0.0.60": 10772.803499999998, "10.0.0.28": 3596.1328000000003, "10.0.0.86": 1797.8998, "10.0.0.83": 97756.7549, "10.0.0.90": 8333.3104, "10.0.0.69": 7646.8117, "10.0.0.99": 1798.9993, "10.0.0.91": 89874.98629999998, "10.0.0.77": 5392.81, "10.0.0.107": 1797.73, "10.0.0.53": 3594.6445999999996, "10.0.0.42": 10086.9931, "10.0.0.126": 1796.7108, "10.0.0.129": 3595.4353, "10.0.0.131": 6128.080199999999, "10.0.0.137": 1672.9993, "10.0.0.97": 1001.0027, "10.0.0.146": 1799.0043, "10.0.0.130": 10787.155200000001, "10.0.0.158": 8986.0487, "10.0.0.164": 1797.3655, "10.0.0.169": 1797.9997, "10.0.0.172": 3595.0481, "10.0.0.179": 5392.257799999999, "10.0.0.178": 3595.6472999999996, "10.0.0.124": 3592.1616999999997, "10.0.0.188": 3594.7718999999997, "10.0.0.6": 1797.245, "10.0.0.190": 3597.027, "10.0.0.174": 5392.4453, "10.0.0.195": 1797.9255, "10.0.0.192": 5394.8654, "10.0.0.198": 1797.8005, "10.0.0.111": 1797.4184, "10.0.0.205": 8987.0553, "10.0.0.204": 1797.6734, "10.0.0.206": 7189.2551, "10.0.0.212": 1797.1013, "10.0.0.221": 1797.8201, "10.0.0.181": 1795.118}}}