{"TFT: Teamfight Tactics": {"localIpCount": 2, "localIpFrequency": {"10.0.3.232": 2, "10.0.3.110": 3}, "localIpTotalDuration": 4914.2006, "localIpDuration": {"10.0.3.232": 1215.0555, "10.0.3.110": 3699.1451}}, "FIFA ONLINE 4 M": {"localIpCount": 3, "localIpFrequency": {"10.0.3.228": 1, "10.0.3.212": 2, "10.0.3.239": 3}, "localIpTotalDuration": 5481.076800000001, "localIpDuration": {"10.0.3.228": 279.0422, "10.0.3.212": 1682.9956000000002, "10.0.3.239": 3519.039}}, "Uma Musume Pretty Derby": {"localIpCount": 1, "localIpFrequency": {"10.0.3.242": 1}, "localIpTotalDuration": 17.8942, "localIpDuration": {"10.0.3.242": 17.8942}}, "Roblox (Game)": {"localIpCount": 23, "localIpFrequency": {"10.0.0.224": 1, "10.0.0.196": 3, "10.0.3.78": 6, "10.0.0.136": 4, "10.0.2.124": 1, "10.0.1.251": 1, "10.0.1.5": 1, "10.0.2.168": 2, "10.0.1.19": 1, "10.0.1.207": 3, "10.0.0.255": 1, "10.0.1.136": 2, "10.0.0.38": 2, "10.0.0.75": 2, "10.0.0.178": 5, "10.0.3.234": 1, "10.0.2.231": 2, "10.0.3.57": 3, "10.0.3.218": 1, "10.0.1.188": 1, "10.0.0.40": 1, "10.0.0.33": 1, "10.0.2.91": 1}, "localIpTotalDuration": 79760.84169999999, "localIpDuration": {"10.0.0.224": 1773.01, "10.0.0.196": 5327.718, "10.0.3.78": 9764.7942, "10.0.0.136": 6668.7456, "10.0.2.124": 1709.9978, "10.0.1.251": 1647.0008, "10.0.1.5": 1791.0435, "10.0.2.168": 3599.4961000000003, "10.0.1.19": 1772.9979, "10.0.1.207": 5372.218500000001, "10.0.0.255": 1799.9818, "10.0.1.136": 3599.4597999999996, "10.0.0.38": 3581.544, "10.0.0.75": 3590.8818, "10.0.0.178": 8908.8845, "10.0.3.234": 1799.8938, "10.0.2.231": 3572.7128000000002, "10.0.3.57": 5372.1483, "10.0.3.218": 1799.7862, "10.0.1.188": 1799.7585, "10.0.0.40": 1791.0213, "10.0.0.33": 1791.0077, "10.0.2.91": 926.7388}}, "Minecraft": {"localIpCount": 1, "localIpFrequency": {"10.0.1.93": 1}, "localIpTotalDuration": 152.9997, "localIpDuration": {"10.0.1.93": 152.9997}}, "Roblox": {"localIpCount": 23, "localIpFrequency": {"10.0.0.224": 1, "10.0.0.178": 5, "10.0.0.136": 3, "10.0.2.124": 6, "10.0.0.196": 3, "10.0.3.110": 5, "10.0.1.251": 3, "10.0.2.231": 3, "10.0.3.18": 1, "10.0.1.136": 3, "10.0.3.78": 1, "10.0.3.42": 1, "10.0.1.207": 1, "10.0.3.209": 1, "10.0.1.68": 2, "10.0.3.57": 2, "10.0.3.235": 1, "10.0.3.218": 1, "10.0.3.240": 1, "10.0.0.75": 1, "10.0.0.33": 2, "10.0.2.168": 1, "10.0.2.91": 1}, "localIpTotalDuration": 88172.1988, "localIpDuration": {"10.0.0.224": 1799.7843, "10.0.0.178": 8998.9853, "10.0.0.136": 5399.2806, "10.0.2.124": 10780.6241, "10.0.0.196": 5399.403, "10.0.3.110": 8998.844500000001, "10.0.1.251": 5399.4544000000005, "10.0.2.231": 5399.5396, "10.0.3.18": 1799.7951, "10.0.1.136": 5399.5016, "10.0.3.78": 1799.8425, "10.0.3.42": 1799.7753, "10.0.1.207": 1799.8531, "10.0.3.209": 1799.7739, "10.0.1.68": 3599.7, "10.0.3.57": 3599.6021, "10.0.3.235": 1799.8772, "10.0.3.218": 1799.8424, "10.0.3.240": 1799.8236, "10.0.0.75": 1799.7419, "10.0.0.33": 3599.5807999999997, "10.0.2.168": 1799.8237, "10.0.2.91": 1799.7498}}, "Genshin Impact": {"localIpCount": 1, "localIpFrequency": {"10.0.3.42": 4}, "localIpTotalDuration": 3284.9831, "localIpDuration": {"10.0.3.42": 3284.9831}}, "League of Legends: Wild Rift": {"localIpCount": 3, "localIpFrequency": {"10.0.0.255": 2, "10.0.3.44": 1, "10.0.3.236": 1}, "localIpTotalDuration": 3330.2617, "localIpDuration": {"10.0.0.255": 1872.286, "10.0.3.44": 1430.9626, "10.0.3.236": 27.0131}}}