{"Roblox (Game)": {"localIpCount": 16, "localIpFrequency": {"10.0.1.249": 18, "10.0.0.66": 2, "10.0.0.154": 1, "10.0.0.61": 1, "10.0.1.107": 2, "10.0.3.0": 2, "10.0.0.12": 3, "10.0.2.43": 1, "10.0.3.3": 1, "10.0.2.135": 1, "10.0.0.33": 4, "10.0.2.172": 1, "10.0.2.106": 4, "10.0.2.252": 2, "10.0.2.183": 3, "10.0.2.100": 1}, "localIpTotalDuration": 78910.80920000003, "localIpDuration": {"10.0.1.249": 27935.7588, "10.0.0.66": 3540.0904, "10.0.0.154": 1695.0021, "10.0.0.61": 1755.0082, "10.0.1.107": 3388.2250000000004, "10.0.3.0": 3480.0274, "10.0.0.12": 5381.6152999999995, "10.0.2.43": 1798.3229, "10.0.3.3": 1798.4235, "10.0.2.135": 1796.4125, "10.0.0.33": 6941.809499999999, "10.0.2.172": 1799.9993, "10.0.2.106": 7120.8919, "10.0.2.252": 3567.804, "10.0.2.183": 5171.4122, "10.0.2.100": 1740.0062}}, "League of Legends: Wild Rift": {"localIpCount": 4, "localIpFrequency": {"10.0.0.66": 2, "10.0.2.161": 1, "10.0.3.10": 1, "10.0.2.175": 1}, "localIpTotalDuration": 4285.465, "localIpDuration": {"10.0.0.66": 3342.7828, "10.0.2.161": 0.0001, "10.0.3.10": 659.898, "10.0.2.175": 282.7841}}, "Roblox": {"localIpCount": 17, "localIpFrequency": {"10.0.1.249": 23, "10.0.3.0": 2, "10.0.0.154": 3, "10.0.1.107": 1, "10.0.0.7": 3, "10.0.1.125": 2, "10.0.2.252": 2, "10.0.2.183": 2, "10.0.2.135": 1, "10.0.0.12": 3, "10.0.0.122": 1, "10.0.2.106": 2, "10.0.2.175": 2, "10.0.2.26": 1, "10.0.1.194": 1, "10.0.1.224": 2, "10.0.2.100": 1}, "localIpTotalDuration": 93358.40059999998, "localIpDuration": {"10.0.1.249": 41210.9702, "10.0.3.0": 3596.7823, "10.0.0.154": 5396.0467, "10.0.1.107": 1799.1962, "10.0.0.7": 5395.5866, "10.0.1.125": 3596.8748, "10.0.2.252": 3596.505, "10.0.2.183": 3596.5014, "10.0.2.135": 1798.1033, "10.0.0.12": 5394.4975, "10.0.0.122": 1797.795, "10.0.2.106": 3595.7437, "10.0.2.175": 3595.9322, "10.0.2.26": 1796.2113, "10.0.1.194": 1797.098, "10.0.1.224": 3596.2226, "10.0.2.100": 1798.3338}}, "Minecraft": {"localIpCount": 1, "localIpFrequency": {"10.0.2.100": 1}, "localIpTotalDuration": 30.0247, "localIpDuration": {"10.0.2.100": 30.0247}}}