{"Roblox (Game)": {"localIpCount": 21, "localIpFrequency": {"10.0.0.75": 3, "10.0.0.12": 1, "10.0.1.0": 1, "10.0.0.196": 2, "10.0.0.57": 8, "10.0.0.136": 6, "10.0.1.136": 5, "10.0.1.87": 1, "10.0.0.215": 1, "10.0.0.242": 1, "10.0.1.76": 1, "10.0.1.44": 3, "10.0.0.178": 1, "10.0.0.217": 2, "10.0.0.98": 1, "10.0.0.11": 1, "10.0.0.38": 2, "10.0.1.145": 2, "10.0.1.46": 1, "10.0.1.34": 3, "10.0.0.237": 1}, "localIpTotalDuration": 80418.73289999999, "localIpDuration": {"10.0.0.75": 5219.6738000000005, "10.0.0.12": 1782.0126, "10.0.1.0": 1746.0165, "10.0.0.196": 3447.0449, "10.0.0.57": 11105.743400000001, "10.0.0.136": 10781.7686, "10.0.1.136": 8801.295699999999, "10.0.1.87": 1799.7607, "10.0.0.215": 1754.7497, "10.0.0.242": 1782.024, "10.0.1.76": 1799.4289, "10.0.1.44": 5336.4238000000005, "10.0.0.178": 1799.9902, "10.0.0.217": 3554.7465, "10.0.0.98": 1799.7183, "10.0.0.11": 1791.0331, "10.0.0.38": 3599.4447, "10.0.1.145": 3590.4905, "10.0.1.46": 1772.6236, "10.0.1.34": 5363.6979, "10.0.0.237": 1791.0455}}, "League of Legends: Wild Rift": {"localIpCount": 7, "localIpFrequency": {"10.0.0.92": 1, "10.0.1.85": 1, "10.0.0.75": 1, "10.0.1.154": 1, "10.0.0.71": 1, "10.0.1.163": 1, "10.0.0.98": 1}, "localIpTotalDuration": 4077.1103000000003, "localIpDuration": {"10.0.0.92": 1115.991, "10.0.1.85": 9.0096, "10.0.0.75": 711.0375, "10.0.1.154": 621.0567, "10.0.0.71": 18.0165, "10.0.1.163": 215.9696, "10.0.0.98": 1386.0294}}, "TFT: Teamfight Tactics": {"localIpCount": 4, "localIpFrequency": {"10.0.1.34": 5, "10.0.0.92": 2, "10.0.1.85": 1, "10.0.1.154": 1}, "localIpTotalDuration": 5310.0605, "localIpDuration": {"10.0.1.34": 4563.0329, "10.0.0.92": 431.99890000000005, "10.0.1.85": 162.0208, "10.0.1.154": 153.0079}}, "Roblox": {"localIpCount": 19, "localIpFrequency": {"10.0.0.12": 3, "10.0.1.34": 2, "10.0.0.196": 1, "10.0.0.75": 6, "10.0.0.57": 11, "10.0.1.136": 5, "10.0.0.11": 3, "10.0.0.215": 1, "10.0.0.7": 3, "10.0.0.136": 3, "10.0.0.242": 2, "10.0.1.67": 1, "10.0.1.44": 1, "10.0.0.98": 2, "10.0.0.125": 1, "10.0.0.71": 1, "10.0.1.46": 1, "10.0.0.170": 1, "10.0.0.29": 1}, "localIpTotalDuration": 88187.2498, "localIpDuration": {"10.0.0.12": 5399.1882000000005, "10.0.1.34": 3599.4861, "10.0.0.196": 1799.7721, "10.0.0.75": 10798.573100000001, "10.0.0.57": 19797.2028, "10.0.1.136": 8998.3921, "10.0.0.11": 5399.2122, "10.0.0.215": 1799.7548, "10.0.0.7": 5399.2636, "10.0.0.136": 5399.1777999999995, "10.0.0.242": 3599.5721999999996, "10.0.1.67": 1799.8244, "10.0.1.44": 1799.701, "10.0.0.98": 3599.4629, "10.0.0.125": 1799.7219, "10.0.0.71": 1799.7331, "10.0.1.46": 1799.7048, "10.0.0.170": 1799.7805, "10.0.0.29": 1799.7262}}}