{"Roblox": {"localIpCount": 42, "localIpFrequency": {"10.0.0.12": 9, "10.0.0.43": 6, "10.0.0.73": 1, "10.0.0.71": 2, "10.0.0.61": 2, "10.0.0.41": 16, "10.0.0.19": 6, "10.0.0.87": 11, "10.0.0.95": 2, "10.0.0.93": 1, "10.0.0.101": 1, "10.0.0.29": 4, "10.0.0.56": 2, "10.0.0.3": 3, "10.0.0.85": 3, "10.0.0.69": 3, "10.0.0.82": 2, "10.0.0.75": 12, "10.0.0.110": 3, "10.0.0.57": 9, "10.0.0.112": 1, "10.0.0.31": 1, "10.0.0.114": 11, "10.0.0.17": 4, "10.0.0.5": 5, "10.0.0.135": 20, "10.0.0.70": 7, "10.0.0.131": 3, "10.0.0.84": 7, "10.0.0.36": 1, "10.0.0.128": 3, "10.0.0.40": 1, "10.0.0.148": 3, "10.0.0.142": 1, "10.0.0.166": 1, "10.0.0.165": 1, "10.0.0.9": 3, "10.0.0.7": 4, "10.0.0.15": 1, "10.0.0.72": 1, "10.0.0.49": 1, "10.0.0.21": 1}, "localIpTotalDuration": 317483.9378999998, "localIpDuration": {"10.0.0.12": 15210.254100000002, "10.0.0.43": 9782.3058, "10.0.0.73": 1798.9813, "10.0.0.71": 3598.9019, "10.0.0.61": 3597.8646, "10.0.0.41": 28781.2526, "10.0.0.19": 10782.5326, "10.0.0.87": 19782.144699999997, "10.0.0.95": 3595.5559000000003, "10.0.0.93": 1798.4807, "10.0.0.101": 1798.8628, "10.0.0.29": 7197.110900000001, "10.0.0.56": 3597.2165, "10.0.0.3": 5394.309300000001, "10.0.0.85": 5306.0508, "10.0.0.69": 5394.8182, "10.0.0.82": 1968.8981999999999, "10.0.0.75": 21268.7457, "10.0.0.110": 5396.5007000000005, "10.0.0.57": 16192.1425, "10.0.0.112": 1798.1953, "10.0.0.31": 1759.9999, "10.0.0.114": 19778.3932, "10.0.0.17": 7195.649600000001, "10.0.0.5": 8983.886100000002, "10.0.0.135": 35582.8968, "10.0.0.70": 12582.9259, "10.0.0.131": 5396.3699, "10.0.0.84": 12586.4124, "10.0.0.36": 1798.7784, "10.0.0.128": 5394.86, "10.0.0.40": 1798.2185, "10.0.0.148": 5391.6944, "10.0.0.142": 1798.5244, "10.0.0.166": 1798.5197, "10.0.0.165": 1797.8931, "10.0.0.9": 5399.5692, "10.0.0.7": 7199.1062, "10.0.0.15": 1799.7867, "10.0.0.72": 1799.7763, "10.0.0.49": 1799.7912, "10.0.0.21": 1799.7609}}, "Minecraft": {"localIpCount": 2, "localIpFrequency": {"10.0.0.38": 3, "10.0.0.75": 1}, "localIpTotalDuration": 2670.0874999999996, "localIpDuration": {"10.0.0.38": 1770.0738, "10.0.0.75": 900.0137}}, "League of Legends: Wild Rift": {"localIpCount": 9, "localIpFrequency": {"10.0.0.20": 1, "10.0.0.91": 1, "10.0.0.12": 1, "10.0.0.106": 1, "10.0.0.5": 10, "10.0.0.127": 2, "10.0.0.17": 1, "10.0.0.160": 1, "10.0.0.165": 2}, "localIpTotalDuration": 5920.061300000001, "localIpDuration": {"10.0.0.20": 39.9962, "10.0.0.91": 139.9974, "10.0.0.12": 150.0142, "10.0.0.106": 730.0073, "10.0.0.5": 1940.3471, "10.0.0.127": 1659.7195000000002, "10.0.0.17": 1149.9075, "10.0.0.160": 29.9824, "10.0.0.165": 80.0897}}, "TFT: Teamfight Tactics": {"localIpCount": 3, "localIpFrequency": {"10.0.0.5": 12, "10.0.0.82": 1, "10.0.0.16": 1}, "localIpTotalDuration": 16355.085500000001, "localIpDuration": {"10.0.0.5": 15510.056900000001, "10.0.0.82": 170.0262, "10.0.0.16": 675.0024}}, "Roblox (Game)": {"localIpCount": 44, "localIpFrequency": {"10.0.0.12": 15, "10.0.0.43": 5, "10.0.0.71": 4, "10.0.0.61": 1, "10.0.0.41": 7, "10.0.0.29": 10, "10.0.0.19": 10, "10.0.0.91": 1, "10.0.0.87": 6, "10.0.0.93": 1, "10.0.0.85": 4, "10.0.0.3": 3, "10.0.0.69": 4, "10.0.0.75": 4, "10.0.0.110": 3, "10.0.0.57": 3, "10.0.0.112": 1, "10.0.0.95": 1, "10.0.0.31": 1, "10.0.0.114": 12, "10.0.0.11": 1, "10.0.0.16": 1, "10.0.0.17": 4, "10.0.0.5": 2, "10.0.0.45": 3, "10.0.0.82": 1, "10.0.0.135": 24, "10.0.0.56": 1, "10.0.0.70": 3, "10.0.0.84": 4, "10.0.0.126": 1, "10.0.0.131": 3, "10.0.0.148": 3, "10.0.0.128": 4, "10.0.0.149": 1, "10.0.0.33": 2, "10.0.0.162": 1, "10.0.0.165": 2, "10.0.0.171": 1, "10.0.0.54": 2, "10.0.0.9": 5, "10.0.0.15": 1, "10.0.0.73": 1, "10.0.0.38": 1}, "localIpTotalDuration": 280527.6850999998, "localIpDuration": {"10.0.0.12": 24885.5054, "10.0.0.43": 5910.0998, "10.0.0.71": 6576.84, "10.0.0.61": 1500.0026, "10.0.0.41": 9939.117999999999, "10.0.0.29": 17589.260599999998, "10.0.0.19": 17643.668299999998, "10.0.0.91": 1679.0192, "10.0.0.87": 10497.733400000001, "10.0.0.93": 1799.9938, "10.0.0.85": 5509.2473, "10.0.0.3": 5367.7705000000005, "10.0.0.69": 7109.9881000000005, "10.0.0.75": 4850.0461000000005, "10.0.0.110": 5318.7724, "10.0.0.57": 4373.8089, "10.0.0.112": 1799.0113, "10.0.0.95": 1740.0203, "10.0.0.31": 1679.9914, "10.0.0.114": 21026.202100000002, "10.0.0.11": 1790.1706, "10.0.0.16": 1789.9932, "10.0.0.17": 7090.905200000001, "10.0.0.5": 3438.5663999999997, "10.0.0.45": 4366.307400000001, "10.0.0.82": 1520.0057, "10.0.0.135": 40927.16849999999, "10.0.0.56": 1798.5198, "10.0.0.70": 5020.0046, "10.0.0.84": 6995.1903, "10.0.0.126": 1799.9984, "10.0.0.131": 5368.7878, "10.0.0.148": 5377.2079, "10.0.0.128": 6688.490600000001, "10.0.0.149": 1600.0195, "10.0.0.33": 3597.9084000000003, "10.0.0.162": 1609.9959, "10.0.0.165": 3448.3073000000004, "10.0.0.171": 1720.0105, "10.0.0.54": 3456.0139, "10.0.0.9": 8955.0028, "10.0.0.15": 1791.0053, "10.0.0.73": 1791.0034, "10.0.0.38": 1791.0022}}, "Brawl Stars": {"localIpCount": 1, "localIpFrequency": {"10.0.0.115": 1}, "localIpTotalDuration": 148.1038, "localIpDuration": {"10.0.0.115": 148.1038}}, "HIT 2": {"localIpCount": 1, "localIpFrequency": {"10.0.0.107": 1}, "localIpTotalDuration": 19.9987, "localIpDuration": {"10.0.0.107": 19.9987}}, "FIFA ONLINE 4 M": {"localIpCount": 7, "localIpFrequency": {"10.0.0.73": 1, "10.0.0.29": 11, "10.0.0.134": 1, "10.0.0.37": 1, "10.0.0.5": 1, "10.0.0.10": 1, "10.0.0.165": 2}, "localIpTotalDuration": 20479.059499999996, "localIpDuration": {"10.0.0.73": 239.9979, "10.0.0.29": 15658.812399999999, "10.0.0.134": 420.0037, "10.0.0.37": 810.0021, "10.0.0.5": 310.001, "10.0.0.10": 10.1882, "10.0.0.165": 3030.0542}}}