{"TFT: Teamfight Tactics": {"localIpCount": 3, "localIpFrequency": {"10.0.0.92": 1, "10.0.0.108": 1, "10.0.0.121": 1}, "localIpTotalDuration": 909.0047999999999, "localIpDuration": {"10.0.0.92": 207.002, "10.0.0.108": 486.0017, "10.0.0.121": 216.0011}}, "Roblox": {"localIpCount": 21, "localIpFrequency": {"10.0.0.7": 9, "10.0.0.9": 4, "10.0.0.71": 15, "10.0.0.57": 6, "10.0.0.17": 3, "10.0.0.42": 4, "10.0.0.90": 1, "10.0.0.49": 3, "10.0.0.29": 1, "10.0.0.40": 1, "10.0.0.19": 1, "10.0.0.95": 1, "10.0.0.41": 1, "10.0.0.98": 4, "10.0.0.108": 2, "10.0.0.113": 1, "10.0.0.11": 1, "10.0.0.118": 1, "10.0.0.13": 1, "10.0.0.75": 1, "10.0.0.97": 3}, "localIpTotalDuration": 115185.86039999998, "localIpDuration": {"10.0.0.7": 16198.002400000001, "10.0.0.9": 7199.129099999999, "10.0.0.71": 26996.7547, "10.0.0.57": 10798.6127, "10.0.0.17": 5399.317, "10.0.0.42": 7199.1253, "10.0.0.90": 1799.7796, "10.0.0.49": 5399.3465, "10.0.0.29": 1799.7981, "10.0.0.40": 1799.7912, "10.0.0.19": 1799.7852, "10.0.0.95": 1799.7915, "10.0.0.41": 1799.7622, "10.0.0.98": 7199.1095000000005, "10.0.0.108": 3599.5446, "10.0.0.113": 1799.7472, "10.0.0.11": 1799.7796, "10.0.0.118": 1799.7644, "10.0.0.13": 1799.7843, "10.0.0.75": 1799.7774, "10.0.0.97": 5399.3579}}, "League of Legends: Wild Rift": {"localIpCount": 6, "localIpFrequency": {"10.0.0.17": 4, "10.0.0.100": 1, "10.0.0.49": 1, "10.0.0.108": 1, "10.0.0.98": 1, "10.0.0.121": 1}, "localIpTotalDuration": 3240.0061, "localIpDuration": {"10.0.0.17": 2348.9893, "10.0.0.100": 162.0006, "10.0.0.49": 8.9973, "10.0.0.108": 9.0201, "10.0.0.98": 710.9988, "10.0.0.121": 0.0}}, "Roblox (Game)": {"localIpCount": 24, "localIpFrequency": {"10.0.0.9": 4, "10.0.0.7": 3, "10.0.0.71": 18, "10.0.0.57": 3, "10.0.0.42": 4, "10.0.0.49": 2, "10.0.0.93": 1, "10.0.0.75": 2, "10.0.0.29": 1, "10.0.0.94": 1, "10.0.0.17": 3, "10.0.0.41": 2, "10.0.0.73": 2, "10.0.0.38": 1, "10.0.0.101": 1, "10.0.0.114": 2, "10.0.0.121": 1, "10.0.0.126": 2, "10.0.0.77": 1, "10.0.0.39": 1, "10.0.0.3": 1, "10.0.0.98": 1, "10.0.0.108": 1, "10.0.0.141": 1}, "localIpTotalDuration": 98889.33889999999, "localIpDuration": {"10.0.0.9": 7136.7366, "10.0.0.7": 5274.0066, "10.0.0.71": 29673.0178, "10.0.0.57": 5373.007799999999, "10.0.0.42": 5148.0101, "10.0.0.49": 3150.0088, "10.0.0.93": 1701.0029, "10.0.0.75": 3483.0054, "10.0.0.29": 1781.7838, "10.0.0.94": 1791.0027, "10.0.0.17": 5300.7807, "10.0.0.41": 2592.0092999999997, "10.0.0.73": 3590.7732, "10.0.0.38": 1799.7023, "10.0.0.101": 1799.9985, "10.0.0.114": 3599.4854, "10.0.0.121": 1781.7426, "10.0.0.126": 3518.7465, "10.0.0.77": 1620.0119, "10.0.0.39": 1782.0129, "10.0.0.3": 1790.759, "10.0.0.98": 1799.7723, "10.0.0.108": 1764.0035, "10.0.0.141": 1637.9583}}, "Honkai: Star Rail": {"localIpCount": 1, "localIpFrequency": {"10.0.0.31": 2}, "localIpTotalDuration": 62.995599999999996, "localIpDuration": {"10.0.0.31": 62.995599999999996}}}