{"League of Legends: Wild Rift": {"localIpCount": 2, "localIpFrequency": {"10.0.2.214": 2, "10.0.2.215": 1}, "localIpTotalDuration": 1200.1673, "localIpDuration": {"10.0.2.214": 735.0671, "10.0.2.215": 465.1002}}, "Roblox": {"localIpCount": 16, "localIpFrequency": {"10.0.0.144": 1, "10.0.1.249": 4, "10.0.2.210": 1, "10.0.0.7": 1, "10.0.0.115": 12, "10.0.0.12": 2, "10.0.2.122": 3, "10.0.2.26": 1, "10.0.1.240": 1, "10.0.2.217": 1, "10.0.1.128": 3, "10.0.1.252": 2, "10.0.0.116": 1, "10.0.1.107": 1, "10.0.2.33": 1, "10.0.2.206": 1}, "localIpTotalDuration": 63247.1035, "localIpDuration": {"10.0.0.144": 1798.1259, "10.0.1.249": 5709.6191, "10.0.2.210": 1798.5261, "10.0.0.7": 1798.6693, "10.0.0.115": 21576.394200000002, "10.0.0.12": 3594.8733, "10.0.2.122": 5392.978, "10.0.2.26": 1798.301, "10.0.1.240": 1797.9957, "10.0.2.217": 1796.8174, "10.0.1.128": 5395.4891, "10.0.1.252": 3595.902, "10.0.0.116": 1798.2017, "10.0.1.107": 1797.2165, "10.0.2.33": 1800.0001, "10.0.2.206": 1797.9941}}, "Roblox (Game)": {"localIpCount": 18, "localIpFrequency": {"10.0.2.82": 1, "10.0.0.109": 2, "10.0.0.7": 1, "10.0.1.249": 2, "10.0.0.115": 6, "10.0.0.61": 1, "10.0.2.122": 1, "10.0.2.206": 3, "10.0.1.252": 2, "10.0.1.128": 6, "10.0.2.97": 1, "10.0.2.26": 2, "10.0.1.240": 1, "10.0.1.221": 1, "10.0.1.133": 1, "10.0.0.116": 1, "10.0.0.66": 1, "10.0.2.188": 1}, "localIpTotalDuration": 60006.81070000001, "localIpDuration": {"10.0.2.82": 1785.0792, "10.0.0.109": 3403.5275, "10.0.0.7": 1799.9967, "10.0.1.249": 3178.755, "10.0.0.115": 10592.952299999999, "10.0.0.61": 1797.1968, "10.0.2.122": 1785.104, "10.0.2.206": 5235.2168, "10.0.1.252": 3581.2131, "10.0.1.128": 10760.7888, "10.0.2.97": 1799.7984, "10.0.2.26": 3493.3961, "10.0.1.240": 1797.5304, "10.0.1.221": 1799.9962, "10.0.1.133": 1799.9979, "10.0.0.116": 1798.3857, "10.0.0.66": 1799.9984, "10.0.2.188": 1797.8774}}}