{"Genshin Impact": {"localIpCount": 5, "localIpFrequency": {"10.0.2.185": 14, "10.0.1.181": 4, "10.0.6.23": 7, "10.0.6.64": 1, "10.0.1.196": 1}, "localIpTotalDuration": 19453.492499999997, "localIpDuration": {"10.0.2.185": 8274.451000000001, "10.0.1.181": 2086.0299999999997, "10.0.6.23": 7252.025199999999, "10.0.6.64": 1679.9851, "10.0.1.196": 161.0012}}, "Honkai: Star Rail": {"localIpCount": 1, "localIpFrequency": {"10.0.2.185": 5}, "localIpTotalDuration": 923.9997000000001, "localIpDuration": {"10.0.2.185": 923.9997000000001}}, "TFT: Teamfight Tactics": {"localIpCount": 11, "localIpFrequency": {"10.0.1.43": 9, "10.0.5.251": 8, "10.0.1.102": 3, "10.0.5.244": 1, "10.0.1.236": 4, "10.0.0.33": 1, "10.0.4.172": 11, "10.0.5.138": 2, "10.0.0.210": 1, "10.0.5.56": 1, "10.0.5.61": 2}, "localIpTotalDuration": 38772.82400000001, "localIpDuration": {"10.0.1.43": 10443.708499999999, "10.0.5.251": 8029.015800000001, "10.0.1.102": 973.0178, "10.0.5.244": 0.0, "10.0.1.236": 3745.0236999999997, "10.0.0.33": 0.0065, "10.0.4.172": 9751.0468, "10.0.5.138": 2442.9694, "10.0.0.210": 588.0339, "10.0.5.56": 1000.9916, "10.0.5.61": 1799.01}}, "Roblox": {"localIpCount": 97, "localIpFrequency": {"10.0.4.215": 3, "10.0.0.196": 2, "10.0.3.12": 29, "10.0.2.231": 3, "10.0.5.232": 1, "10.0.1.160": 1, "10.0.4.105": 5, "10.0.3.18": 7, "10.0.3.65": 8, "10.0.4.202": 1, "10.0.5.224": 2, "10.0.5.171": 5, "10.0.5.245": 7, "10.0.5.138": 8, "10.0.2.7": 2, "10.0.1.207": 1, "10.0.4.58": 4, "10.0.5.218": 3, "10.0.5.243": 2, "10.0.0.75": 7, "10.0.1.19": 6, "10.0.5.251": 3, "10.0.5.201": 2, "10.0.5.129": 8, "10.0.2.159": 8, "10.0.0.30": 2, "10.0.4.227": 1, "10.0.0.180": 1, "10.0.1.106": 1, "10.0.3.22": 3, "10.0.0.40": 2, "10.0.4.98": 2, "10.0.0.114": 1, "10.0.5.213": 1, "10.0.5.191": 1, "10.0.1.181": 2, "10.0.6.13": 1, "10.0.5.8": 16, "10.0.5.188": 6, "10.0.4.70": 1, "10.0.0.12": 3, "10.0.5.254": 8, "10.0.6.24": 4, "10.0.0.233": 1, "10.0.4.172": 2, "10.0.0.162": 1, "10.0.2.185": 1, "10.0.5.233": 25, "10.0.5.206": 4, "10.0.0.158": 1, "10.0.4.72": 1, "10.0.6.23": 5, "10.0.2.209": 1, "10.0.3.72": 1, "10.0.6.21": 2, "10.0.4.173": 1, "10.0.3.81": 1, "10.0.0.236": 1, "10.0.3.173": 1, "10.0.4.240": 2, "10.0.4.73": 1, "10.0.5.15": 5, "10.0.6.44": 1, "10.0.0.202": 3, "10.0.1.145": 1, "10.0.6.18": 2, "10.0.2.168": 1, "10.0.5.246": 2, "10.0.0.136": 6, "10.0.1.74": 2, "10.0.5.43": 7, "10.0.5.235": 1, "10.0.1.15": 2, "10.0.6.57": 1, "10.0.6.51": 2, "10.0.4.100": 2, "10.0.6.62": 1, "10.0.6.64": 1, "10.0.5.93": 4, "10.0.4.246": 2, "10.0.0.5": 1, "10.0.4.131": 3, "10.0.4.248": 5, "10.0.1.67": 2, "10.0.6.60": 2, "10.0.6.72": 4, "10.0.0.33": 1, "10.0.1.187": 1, "10.0.5.225": 1, "10.0.1.115": 3, "10.0.5.176": 2, "10.0.5.80": 1, "10.0.3.218": 1, "10.0.5.249": 1, "10.0.6.88": 1, "10.0.0.126": 1, "10.0.5.62": 1}, "localIpTotalDuration": 552796.7664000005, "localIpDuration": {"10.0.4.215": 5396.2284, "10.0.0.196": 3597.5049, "10.0.3.12": 51233.24349999999, "10.0.2.231": 5396.3244, "10.0.5.232": 1798.791, "10.0.1.160": 1798.7798, "10.0.4.105": 8994.1088, "10.0.3.18": 12591.5242, "10.0.3.65": 14389.9239, "10.0.4.202": 1798.7717, "10.0.5.224": 3597.4692999999997, "10.0.5.171": 8993.7466, "10.0.5.245": 12590.884900000001, "10.0.5.138": 14382.977300000002, "10.0.2.7": 3597.4710999999998, "10.0.1.207": 1798.7254, "10.0.4.58": 7195.0274, "10.0.5.218": 5396.3252999999995, "10.0.5.243": 3597.4345, "10.0.0.75": 12591.1522, "10.0.1.19": 10792.6981, "10.0.5.251": 5396.1377999999995, "10.0.5.201": 3597.4530999999997, "10.0.5.129": 14166.3057, "10.0.2.159": 14389.9105, "10.0.0.30": 3597.5132999999996, "10.0.4.227": 1798.6983, "10.0.0.180": 1798.767, "10.0.1.106": 1798.7781, "10.0.3.22": 5396.3084, "10.0.0.40": 3597.4709000000003, "10.0.4.98": 3597.5251, "10.0.0.114": 1798.7765, "10.0.5.213": 1798.7517, "10.0.5.191": 1798.7792, "10.0.1.181": 3597.4554, "10.0.6.13": 1798.7901, "10.0.5.8": 28780.036500000002, "10.0.5.188": 10792.889299999999, "10.0.4.70": 1798.728, "10.0.0.12": 5396.2522, "10.0.5.254": 14390.3345, "10.0.6.24": 6669.9285, "10.0.0.233": 1798.7365, "10.0.4.172": 3597.7453, "10.0.0.162": 1798.7738, "10.0.2.185": 1798.771, "10.0.5.233": 43550.157499999994, "10.0.5.206": 7194.9268, "10.0.0.158": 1798.7554, "10.0.4.72": 1798.7403, "10.0.6.23": 8993.582, "10.0.2.209": 1798.6382, "10.0.3.72": 1798.7498, "10.0.6.21": 3597.796, "10.0.4.173": 1798.6987, "10.0.3.81": 1798.7464, "10.0.0.236": 1798.7461, "10.0.3.173": 1798.7639, "10.0.4.240": 3598.005, "10.0.4.73": 1798.7406, "10.0.5.15": 8133.555, "10.0.6.44": 462.0021, "10.0.0.202": 5396.179, "10.0.1.145": 1798.6889, "10.0.6.18": 3597.4408999999996, "10.0.2.168": 1799.0125, "10.0.5.246": 3597.4793, "10.0.0.136": 10792.5356, "10.0.1.74": 3597.5163000000002, "10.0.5.43": 12591.4349, "10.0.5.235": 1798.7859, "10.0.1.15": 3597.5486, "10.0.6.57": 1798.7436, "10.0.6.51": 3597.4148999999998, "10.0.4.100": 3597.4864, "10.0.6.62": 1798.7403, "10.0.6.64": 1799.021, "10.0.5.93": 7195.0023, "10.0.4.246": 3590.5436, "10.0.0.5": 867.999, "10.0.4.131": 1435.0006, "10.0.4.248": 8980.0314, "10.0.1.67": 3597.8255, "10.0.6.60": 3597.4834, "10.0.6.72": 7195.0106, "10.0.0.33": 1799.005, "10.0.1.187": 1798.7783, "10.0.5.225": 1798.7603, "10.0.1.115": 5396.1917, "10.0.5.176": 3597.4609, "10.0.5.80": 1798.7609, "10.0.3.218": 1798.7726, "10.0.5.249": 1798.7137, "10.0.6.88": 1798.6882, "10.0.0.126": 1798.7347, "10.0.5.62": 1798.6424}}, "Odin: Valhalla Rising": {"localIpCount": 1, "localIpFrequency": {"10.0.1.43": 2}, "localIpTotalDuration": 0.0028, "localIpDuration": {"10.0.1.43": 0.0028}}, "Brawl Stars": {"localIpCount": 1, "localIpFrequency": {"10.0.0.62": 1}, "localIpTotalDuration": 1729.0247, "localIpDuration": {"10.0.0.62": 1729.0247}}, "FIFA ONLINE 4 M": {"localIpCount": 2, "localIpFrequency": {"10.0.2.190": 1, "10.0.4.67": 1}, "localIpTotalDuration": 545.9969, "localIpDuration": {"10.0.2.190": 76.9934, "10.0.4.67": 469.0035}}, "League of Legends: Wild Rift": {"localIpCount": 31, "localIpFrequency": {"10.0.1.43": 4, "10.0.5.236": 1, "10.0.5.227": 1, "10.0.4.105": 2, "10.0.1.128": 1, "10.0.5.243": 1, "10.0.4.195": 2, "10.0.1.12": 1, "10.0.6.19": 1, "10.0.0.33": 1, "10.0.1.236": 1, "10.0.2.159": 1, "10.0.4.172": 3, "10.0.5.138": 2, "10.0.6.33": 2, "10.0.5.251": 1, "10.0.3.72": 1, "10.0.5.104": 1, "10.0.0.210": 2, "10.0.4.248": 1, "10.0.4.221": 2, "10.0.6.52": 1, "10.0.0.202": 1, "10.0.3.123": 1, "10.0.6.75": 1, "10.0.6.77": 1, "10.0.1.207": 1, "10.0.6.80": 1, "10.0.6.60": 4, "10.0.3.176": 1, "10.0.1.91": 1}, "localIpTotalDuration": 18185.8074, "localIpDuration": {"10.0.1.43": 168.01, "10.0.5.236": 119.0013, "10.0.5.227": 272.9975, "10.0.4.105": 468.9956, "10.0.1.128": 6.9938, "10.0.5.243": 13.9933, "10.0.4.195": 602.0278, "10.0.1.12": 902.969, "10.0.6.19": 0.0, "10.0.0.33": 104.9973, "10.0.1.236": 0.0001, "10.0.2.159": 560.0021, "10.0.4.172": 49.0275, "10.0.5.138": 412.9966, "10.0.6.33": 2156.0452999999998, "10.0.5.251": 147.0297, "10.0.3.72": 97.9885, "10.0.5.104": 0.0088, "10.0.0.210": 461.9676, "10.0.4.248": 1442.0246, "10.0.4.221": 874.9963, "10.0.6.52": 756.0066, "10.0.0.202": 1784.998, "10.0.3.123": 867.9895, "10.0.6.75": 252.0283, "10.0.6.77": 251.9956, "10.0.1.207": 1518.9965, "10.0.6.80": 20.9974, "10.0.6.60": 3807.7263000000003, "10.0.3.176": 49.0118, "10.0.1.91": 13.9847}}, "Minecraft": {"localIpCount": 9, "localIpFrequency": {"10.0.0.62": 1, "10.0.5.206": 13, "10.0.0.95": 1, "10.0.0.180": 1, "10.0.3.250": 1, "10.0.6.15": 4, "10.0.6.9": 1, "10.0.4.20": 1, "10.0.0.186": 2}, "localIpTotalDuration": 15414.179000000002, "localIpDuration": {"10.0.0.62": 0.0154, "10.0.5.206": 9681.1944, "10.0.0.95": 832.9768, "10.0.0.180": 896.0373, "10.0.3.250": 1322.9978, "10.0.6.15": 909.9553999999999, "10.0.6.9": 0.0, "10.0.4.20": 14.002, "10.0.0.186": 1756.9999}}, "Among us": {"localIpCount": 1, "localIpFrequency": {"10.0.2.229": 1}, "localIpTotalDuration": 602.0628, "localIpDuration": {"10.0.2.229": 602.0628}}}