{"League of Legends: Wild Rift": {"localIpCount": 25, "localIpFrequency": {"10.0.115.40": 1, "10.0.115.133": 1, "10.0.115.129": 1, "10.0.115.156": 1, "10.0.115.193": 1, "10.0.115.228": 1, "10.0.115.236": 1, "10.0.115.234": 2, "10.0.115.254": 1, "10.0.116.31": 1, "10.0.116.40": 1, "10.0.116.44": 1, "10.0.116.102": 1, "10.0.116.213": 1, "10.0.116.231": 1, "10.0.116.251": 1, "10.0.117.4": 1, "10.0.117.51": 1, "10.0.117.60": 1, "10.0.117.74": 1, "10.0.117.139": 1, "10.0.117.172": 1, "10.0.117.232": 1, "10.0.117.241": 2, "10.0.118.29": 1}, "localIpTotalDuration": 10741.1245, "localIpDuration": {"10.0.115.40": 510.9996, "10.0.115.133": 14.0052, "10.0.115.129": 7.0095, "10.0.115.156": 7.0061, "10.0.115.193": 21.0124, "10.0.115.228": 1645.0467, "10.0.115.236": 1518.9529, "10.0.115.234": 266.0063, "10.0.115.254": 154.0013, "10.0.116.31": 503.9978, "10.0.116.40": 175.0001, "10.0.116.44": 615.9942, "10.0.116.102": 66.0919, "10.0.116.213": 139.9906, "10.0.116.231": 90.9958, "10.0.116.251": 0.0001, "10.0.117.4": 14.001, "10.0.117.51": 1757.0086, "10.0.117.60": 223.9896, "10.0.117.74": 91.0024, "10.0.117.139": 21.0167, "10.0.117.172": 223.9941, "10.0.117.232": 958.9997, "10.0.117.241": 1715.0019, "10.0.118.29": 0.0}}, "Minecraft": {"localIpCount": 16, "localIpFrequency": {"10.0.115.117": 1, "10.0.115.120": 13, "10.0.115.111": 1, "10.0.115.176": 1, "10.0.115.197": 1, "10.0.116.56": 4, "10.0.116.123": 2, "10.0.116.164": 3, "10.0.116.168": 1, "10.0.116.219": 1, "10.0.117.9": 2, "10.0.117.60": 1, "10.0.117.32": 1, "10.0.117.77": 1, "10.0.117.121": 1, "10.0.117.145": 1}, "localIpTotalDuration": 33102.964400000004, "localIpDuration": {"10.0.115.117": 707.022, "10.0.115.120": 14342.972800000003, "10.0.115.111": 392.003, "10.0.115.176": 1798.9915, "10.0.115.197": 0.0043, "10.0.116.56": 5530.017000000001, "10.0.116.123": 2527.0064, "10.0.116.164": 1784.9805, "10.0.116.168": 1309.0023, "10.0.116.219": 224.0037, "10.0.117.9": 1323.0053, "10.0.117.60": 993.9751, "10.0.117.32": 888.9796, "10.0.117.77": 931.0064, "10.0.117.121": 251.9998, "10.0.117.145": 97.9947}}, "Genshin Impact": {"localIpCount": 1, "localIpFrequency": {"10.0.116.121": 1}, "localIpTotalDuration": 252.0029, "localIpDuration": {"10.0.116.121": 252.0029}}, "Honkai: Star Rail": {"localIpCount": 1, "localIpFrequency": {"10.0.117.35": 1}, "localIpTotalDuration": 188.9959, "localIpDuration": {"10.0.117.35": 188.9959}}, "TFT: Teamfight Tactics": {"localIpCount": 6, "localIpFrequency": {"10.0.115.201": 3, "10.0.115.228": 2, "10.0.115.233": 5, "10.0.116.222": 1, "10.0.116.251": 1, "10.0.117.242": 1}, "localIpTotalDuration": 16856.164000000004, "localIpDuration": {"10.0.115.201": 4004.0051000000003, "10.0.115.228": 3282.9815, "10.0.115.233": 6901.966, "10.0.116.222": 1140.9996, "10.0.116.251": 1001.2118, "10.0.117.242": 525.0}}, "Overwatch 2": {"localIpCount": 1, "localIpFrequency": {"10.0.118.58": 1}, "localIpTotalDuration": 90.9996, "localIpDuration": {"10.0.118.58": 90.9996}}, "Odin: Valhalla Rising": {"localIpCount": 1, "localIpFrequency": {"10.0.118.29": 1}, "localIpTotalDuration": 0.0, "localIpDuration": {"10.0.118.29": 0.0}}, "Roblox": {"localIpCount": 127, "localIpFrequency": {"10.0.115.28": 1, "10.0.115.48": 2, "10.0.115.87": 1, "10.0.115.89": 1, "10.0.115.90": 1, "10.0.114.229": 2, "10.0.115.63": 3, "10.0.115.103": 1, "10.0.115.34": 1, "10.0.115.16": 4, "10.0.115.106": 1, "10.0.115.112": 1, "10.0.115.116": 1, "10.0.115.118": 1, "10.0.115.129": 1, "10.0.115.123": 1, "10.0.115.126": 1, "10.0.115.159": 1, "10.0.115.168": 1, "10.0.115.136": 1, "10.0.115.119": 2, "10.0.115.178": 3, "10.0.115.113": 2, "10.0.115.172": 2, "10.0.115.198": 2, "10.0.115.156": 2, "10.0.115.187": 1, "10.0.115.120": 1, "10.0.115.220": 1, "10.0.115.169": 1, "10.0.115.254": 1, "10.0.116.5": 2, "10.0.116.7": 1, "10.0.115.188": 2, "10.0.115.214": 2, "10.0.116.21": 2, "10.0.115.110": 1, "10.0.115.117": 8, "10.0.116.26": 1, "10.0.116.27": 3, "10.0.116.28": 5, "10.0.116.30": 1, "10.0.116.33": 1, "10.0.116.35": 4, "10.0.116.39": 1, "10.0.116.47": 2, "10.0.116.38": 1, "10.0.116.68": 1, "10.0.116.83": 1, "10.0.116.86": 1, "10.0.116.62": 1, "10.0.116.84": 1, "10.0.116.104": 2, "10.0.116.98": 1, "10.0.116.116": 1, "10.0.116.125": 1, "10.0.116.127": 2, "10.0.116.96": 6, "10.0.116.129": 6, "10.0.116.132": 1, "10.0.116.134": 7, "10.0.116.138": 1, "10.0.116.143": 2, "10.0.116.148": 2, "10.0.116.147": 1, "10.0.116.149": 1, "10.0.116.156": 1, "10.0.116.169": 2, "10.0.116.166": 1, "10.0.116.161": 1, "10.0.116.192": 1, "10.0.116.203": 1, "10.0.116.168": 2, "10.0.116.225": 2, "10.0.116.145": 3, "10.0.116.238": 2, "10.0.116.245": 9, "10.0.116.247": 8, "10.0.117.0": 2, "10.0.117.3": 1, "10.0.117.15": 2, "10.0.117.11": 1, "10.0.117.41": 1, "10.0.117.42": 2, "10.0.117.45": 1, "10.0.117.28": 1, "10.0.117.56": 1, "10.0.117.44": 1, "10.0.117.40": 1, "10.0.117.60": 2, "10.0.117.98": 2, "10.0.117.81": 1, "10.0.117.105": 1, "10.0.117.90": 2, "10.0.117.107": 1, "10.0.117.108": 6, "10.0.117.111": 2, "10.0.117.112": 1, "10.0.117.119": 1, "10.0.117.120": 4, "10.0.117.123": 1, "10.0.117.126": 4, "10.0.117.146": 1, "10.0.117.141": 1, "10.0.117.124": 1, "10.0.117.147": 1, "10.0.117.164": 1, "10.0.117.174": 1, "10.0.117.128": 1, "10.0.117.178": 1, "10.0.117.189": 1, "10.0.117.194": 3, "10.0.117.180": 1, "10.0.117.158": 1, "10.0.117.218": 2, "10.0.117.223": 1, "10.0.117.207": 1, "10.0.117.133": 10, "10.0.117.228": 12, "10.0.117.237": 2, "10.0.117.244": 3, "10.0.118.10": 1, "10.0.118.14": 2, "10.0.117.250": 1, "10.0.118.17": 1, "10.0.117.245": 1, "10.0.118.45": 1}, "localIpTotalDuration": 431130.53859999974, "localIpDuration": {"10.0.115.28": 1798.778, "10.0.115.48": 3597.617, "10.0.115.87": 1798.7932, "10.0.115.89": 1798.818, "10.0.115.90": 1798.8061, "10.0.114.229": 3597.5801, "10.0.115.63": 5396.4054, "10.0.115.103": 1798.8096, "10.0.115.34": 1798.8211, "10.0.115.16": 7195.164000000001, "10.0.115.106": 1799.0237, "10.0.115.112": 1798.8065, "10.0.115.116": 1798.8409, "10.0.115.118": 1798.8255, "10.0.115.129": 1798.8126, "10.0.115.123": 1798.8337, "10.0.115.126": 1798.7944, "10.0.115.159": 1798.7902, "10.0.115.168": 1798.7756, "10.0.115.136": 1798.7749, "10.0.115.119": 3597.5387, "10.0.115.178": 5396.3879, "10.0.115.113": 3597.5911, "10.0.115.172": 3597.3223, "10.0.115.198": 3597.5443, "10.0.115.156": 3597.4804999999997, "10.0.115.187": 1798.7797, "10.0.115.120": 1798.8112, "10.0.115.220": 1798.7281, "10.0.115.169": 1799.0181, "10.0.115.254": 1798.8051, "10.0.116.5": 3597.5902, "10.0.116.7": 1798.7941, "10.0.115.188": 3597.61, "10.0.115.214": 3597.5951, "10.0.116.21": 3597.618, "10.0.115.110": 1798.8201, "10.0.115.117": 14382.7901, "10.0.116.26": 1259.9998, "10.0.116.27": 5389.6231, "10.0.116.28": 8987.031500000001, "10.0.116.30": 1798.4981, "10.0.116.33": 1798.8189, "10.0.116.35": 7193.0339, "10.0.116.39": 1798.817, "10.0.116.47": 3596.7011, "10.0.116.38": 1798.5043, "10.0.116.68": 1798.8067, "10.0.116.83": 1797.5812, "10.0.116.86": 1797.3588, "10.0.116.62": 1798.7736, "10.0.116.84": 1799.0188, "10.0.116.104": 3597.6009, "10.0.116.98": 1798.2005, "10.0.116.116": 1798.5153, "10.0.116.125": 1798.7769, "10.0.116.127": 3597.0284, "10.0.116.96": 10625.217499999999, "10.0.116.129": 10715.8545, "10.0.116.132": 1755.9228, "10.0.116.134": 10044.511, "10.0.116.138": 1749.8207, "10.0.116.143": 3597.6202, "10.0.116.148": 3597.6384, "10.0.116.147": 1798.7619, "10.0.116.149": 1798.7969, "10.0.116.156": 1798.8137, "10.0.116.169": 3597.5657, "10.0.116.166": 1798.7902, "10.0.116.161": 1798.7584, "10.0.116.192": 1798.8105, "10.0.116.203": 1799.023, "10.0.116.168": 3597.5461999999998, "10.0.116.225": 3597.5870999999997, "10.0.116.145": 4969.4145, "10.0.116.238": 3254.8201, "10.0.116.245": 15854.5986, "10.0.116.247": 11311.829300000001, "10.0.117.0": 3597.8301, "10.0.117.3": 1798.8, "10.0.117.15": 3597.6661, "10.0.117.11": 1798.8128, "10.0.117.41": 1798.7844, "10.0.117.42": 3597.6005999999998, "10.0.117.45": 1798.7852, "10.0.117.28": 1798.7648, "10.0.117.56": 1798.7571, "10.0.117.44": 1799.0176,