{"PUBG Mobile": {"localIpCount": 31, "localIpFrequency": {"10.0.0.81": 46, "10.0.1.31": 10, "10.0.1.164": 14, "10.0.1.174": 1, "10.0.0.23": 1, "10.0.0.39": 164, "10.0.0.133": 1, "10.0.0.145": 1, "10.0.1.196": 1, "10.0.1.220": 14, "10.0.1.230": 1, "10.0.0.74": 1, "10.0.2.14": 5, "10.0.2.187": 1, "10.0.3.118": 1, "10.0.3.177": 16, "10.0.3.251": 1, "10.0.4.20": 7, "10.0.4.31": 1, "10.0.4.38": 1, "10.0.4.42": 1, "10.0.4.65": 14, "10.0.4.67": 1, "10.0.4.73": 1, "10.0.0.30": 109, "10.0.0.51": 13, "10.0.0.87": 5, "10.0.0.95": 21, "10.0.0.132": 2, "10.0.0.163": 1, "10.0.1.2": 3}, "totalDuration": 592149.4482000001, "localIpDuration": {"10.0.0.81": 39127.729100000004, "10.0.1.31": 6304.8657, "10.0.1.164": 5398.640700000001, "10.0.1.174": 382.2548, "10.0.0.23": 689.9472, "10.0.0.39": 289738.5707000001, "10.0.0.133": 329.5939, "10.0.0.145": 629.3111, "10.0.1.196": 496.9428, "10.0.1.220": 9946.3778, "10.0.1.230": 98.0028, "10.0.0.74": 2383.0043, "10.0.2.14": 5948.3465, "10.0.2.187": 134.0, "10.0.3.118": 399.9911, "10.0.3.177": 15611.4069, "10.0.3.251": 336.0578, "10.0.4.20": 8889.8059, "10.0.4.31": 317.0563, "10.0.4.38": 1841.8488, "10.0.4.42": 3332.1065, "10.0.4.65": 13681.8481, "10.0.4.67": 410.5913, "10.0.4.73": 705.5515, "10.0.0.30": 112222.75889999996, "10.0.0.51": 52808.0349, "10.0.0.87": 3022.2859000000003, "10.0.0.95": 13846.315300000002, "10.0.0.132": 0.0002, "10.0.0.163": 874.993, "10.0.1.2": 2241.2084}}, "Roblox (Adopt Me!)": {"localIpCount": 10, "localIpFrequency": {"10.0.1.31": 1, "10.0.1.141": 1, "10.0.2.0": 2, "10.0.2.232": 7, "10.0.4.51": 7, "10.0.0.49": 4, "10.0.0.68": 29, "10.0.0.101": 4, "10.0.0.124": 5, "10.0.0.191": 6}, "totalDuration": 31252.693200000005, "localIpDuration": {"10.0.1.31": 192.797, "10.0.1.141": 390.5102, "10.0.2.0": 533.1623999999999, "10.0.2.232": 4116.1607, "10.0.4.51": 3219.7964, "10.0.0.49": 3122.7747, "10.0.0.68": 11383.917100000004, "10.0.0.101": 3269.3394, "10.0.0.124": 873.465, "10.0.0.191": 4150.7703}}, "Zombie High School": {"localIpCount": 2, "localIpFrequency": {"10.0.2.212": 2, "10.0.0.211": 1}, "totalDuration": 4569.703799999999, "localIpDuration": {"10.0.2.212": 4132.7038999999995, "10.0.0.211": 436.9999}}, "Roblox": {"localIpCount": 16, "localIpFrequency": {"10.0.1.31": 1, "10.0.1.141": 2, "10.0.2.0": 2, "10.0.2.232": 11, "10.0.3.198": 1, "10.0.4.51": 10, "10.0.0.49": 4, "10.0.0.68": 35, "10.0.0.89": 2, "10.0.0.101": 4, "10.0.0.124": 5, "10.0.0.77": 1, "10.0.0.191": 6, "10.0.0.207": 1, "10.0.0.220": 1, "10.0.0.255": 1}, "totalDuration": 115071.76999999996, "localIpDuration": {"10.0.1.31": 541.1538, "10.0.1.141": 713.0468, "10.0.2.0": 2677.4051, "10.0.2.232": 10367.815, "10.0.3.198": 320.788, "10.0.4.51": 12132.0649, "10.0.0.49": 7095.959400000001, "10.0.0.68": 64330.32390000001, "10.0.0.89": 616.2033, "10.0.0.101": 4393.1533, "10.0.0.124": 2708.9063, "10.0.0.77": 1.2075, "10.0.0.191": 8016.628899999999, "10.0.0.207": 347.0005, "10.0.0.220": 326.0551, "10.0.0.255": 484.0582}}, "Diablo Immortal": {"localIpCount": 2, "localIpFrequency": {"10.0.0.178": 2, "10.0.0.49": 1}, "totalDuration": 1969.4589999999998, "localIpDuration": {"10.0.0.178": 302.4588, "10.0.0.49": 1667.0002}}, "KartRider Rush+": {"localIpCount": 4, "localIpFrequency": {"10.0.0.128": 1, "10.0.0.196": 1, "10.0.1.225": 1, "10.0.0.214": 2}, "totalDuration": 85.3035, "localIpDuration": {"10.0.0.128": 0.0001, "10.0.0.196": 0.1543, "10.0.1.225": 29.0395, "10.0.0.214": 56.1096}}, "Call of Duty: Mobile": {"localIpCount": 2, "localIpFrequency": {"10.0.0.196": 1, "10.0.4.30": 1}, "totalDuration": 1314.9955, "localIpDuration": {"10.0.0.196": 0.0001, "10.0.4.30": 1314.9954}}, "Hay Day": {"localIpCount": 1, "localIpFrequency": {"10.0.3.55": 1}, "totalDuration": 89.89, "localIpDuration": {"10.0.3.55": 89.89}}, "\ucef4\ud22c\uc2a4\ud504\ub85c\uc57c\uad6c2022": {"localIpCount": 1, "localIpFrequency": {"10.0.1.242": 2}, "totalDuration": 216.947, "localIpDuration": {"10.0.1.242": 216.947}}, "NBA NOW 23": {"localIpCount": 3, "localIpFrequency": {"10.0.2.13": 1, "10.0.3.131": 3, "10.0.4.70": 1}, "totalDuration": 12.7387, "localIpDuration": {"10.0.2.13": 0.0001, "10.0.3.131": 12.7384, "10.0.4.70": 0.0002}}, "Asphalt 9: Legends": {"localIpCount": 2, "localIpFrequency": {"10.0.0.27": 2, "10.0.0.5": 2}, "totalDuration": 2535.9729, "localIpDuration": {"10.0.0.27": 2192.9409, "10.0.0.5": 343.03200000000004}}, "Clash of Clan": {"localIpCount": 8, "localIpFrequency": {"10.0.0.136": 2, "10.0.0.2": 1, "10.0.0.3": 1, "10.0.1.57": 8, "10.0.0.26": 3, "10.0.0.132": 20, "10.0.1.73": 4, "10.0.0.8": 48}, "totalDuration": 16284.522399999996, "localIpDuration": {"10.0.0.136": 1155.8476, "10.0.0.2": 39.9999, "10.0.0.3": 504.0017, "10.0.1.57": 205.4782, "10.0.0.26": 59.5665, "10.0.0.132": 5245.2145, "10.0.1.73": 2073.8894, "10.0.0.8": 7000.524599999998}}, "Valor Legends: Dog Rescue": {"localIpCount": 1, "localIpFrequency": {"10.0.0.136": 1}, "totalDuration": 288.0529, "localIpDuration": {"10.0.0.136": 288.0529}}, "Ensemble Stars": {"localIpCount": 2, "localIpFrequency": {"10.0.1.43": 4, "10.0.0.24": 1}, "totalDuration": 3537.6642, "localIpDuration": {"10.0.1.43": 2490.7156, "10.0.0.24": 1046.9486}}, "Dungeon & Fighter Mobile": {"localIpCount": 2, "localIpFrequency": {"10.0.0.50": 2, "10.0.0.22": 2}, "totalDuration": 4370.656199999999, "localIpDuration": {"10.0.0.50": 812.3306, "10.0.0.22": 3558.3256}}, "Modern Warships": {"localIpCount": 6, "localIpFrequency": {"10.0.0.3": 1, "10.0.1.57": 3, "10.0.0.26": 1, "10.0.0.132": 33, "10.0.0.8": 17, "10.0.0.161": 1}, "totalDuration": 55688.94860000001, "localIpDuration": {"10.0.0.3": 658.1024, "10.0.1.57": 731.9, "10.0.0.26": 518.9582, "10.0.0.132": 39240.776699999995, "10.0.0.8": 13819.197900000001, "10.0.0.161": 720.0134}}, "Modern Combat": {"localIpCount": 2, "localIpFrequency": {"10.0.0.27": 1, "10.0.0.5": 2}, "totalDuration": 0.00030000000000000003, "localIpDuration": {"10.0.0.27": 0.0001, "10.0.0.5": 0.0002}}, "World of Tanks": {"localIpCount": 2, "localIpFrequency": {"10.0.0.196": 1, "10.0.0.7": 1}, "totalDuration": 324.4305, "localIpDuration": {"10.0.0.196": 214.7654, "10.0.0.7": 109.6651}}, "Minecraft": {"localIpCount": 3, "localIpFrequency": {"10.0.0.136": 1, "10.0.0.69": 1, "10.0.3.253": 11}, "totalDuration": 15361.077900000002, "localIpDuration": {"10.0.0.136": 0.0001, "10.0.0.69": 0.2602, "10.0.3.253": 15360.817600000002}}, "Brawl Stars": {"localIpCount": 13, "localIpFrequency": {"10.0.1.57": 11, "10.0.0.26": 14, "10.0.0.78": 134, "10.0.0.132": 28, "10.0.1.1": 1, "10.0.0.57": 1, "10.0.3.46": 1, "10.0.2.185": 3, "10.0.4.20": 3, "10.0.0.23": 40, "10.0.0.8": 21, "10.0.0.68": 2, "10.0.0.152": 1}, "totalDuration": 408631.14770000015, "localIpDuration": {"10.0.1.57": 8238.0782, "10.0.0.26": 17221.5022, "10.0.0.78": 256841.0011000001, "10.0.0.132": 47063.367000000006, "10.0.1.1": 7018.347, "10.0.0.57": 2626.7996, "10.0.3.46": 1385.9984, "10.0.2.185": 1779.8153000000002, "10.0.4.20": 4315.3539, "10.0.0.23": 49613.96100000002, "10.0.0.8": 12526.5622, "10.0.0.68": 0.10339999999999999, "10.0.0.152": 0.2584}}, "Hero Blaze: Three Kingdoms": {"localIpCount": 1, "localIpFrequency": {"10.0.2.68": 1}, "totalDuration": 138.9228, "localIpDuration": {"10.0.2.68": 138.9228}}, "Clash Royale": {"localIpCount": 1, "localIpFrequency": {"10.0.0.33": 1}, "totalDuration": 29.9034, "localIpDuration": {"10.0.0.33": 29.9034}}, "FIFA Mobile": {"localIpCount": 13, "localIpFrequency": {"10.0.0.9": 4, "10.0.0.142": 1, "10.0.1.198": 6, "10.0.1.242": 3, "10.0.0.20": 2, "10.0.2.43": 4, "10.0.2.46": 3, "10.0.2.178": 1, "10.0.3.36": 1, "10.0.3.164": 2, "10.0.4.13": 1, "10.0.0.63": 2, "10.0.0.237": 3}, "totalDuration": 34674.594, "localIpDuration": {"10.0.0.9": 6644.465999999999, "10.0.0.142": 578.001, "10.0.1.198": 7581.5853, "10.0.1.242": 1604.1988000000001, "10.0.0.20": 459.21380000000005, "10.0.2.43": 7404.051, "10.0.2.46": 3102.8633999999997, "10.0.2.178": 387.1049, "10.0.3.36": 68.5632, "10.0.3.164": 2371.1576, "10.0.4.13": 355.8718, "10.0.0.63": 1053.0374,