{"PUBG Mobile": {"localIpCount": 33, "localIpFrequency": {"10.0.0.81": 46, "10.0.1.31": 10, "10.0.1.164": 14, "10.0.1.174": 1, "10.0.0.23": 1, "10.0.0.39": 164, "10.0.0.133": 1, "10.0.0.145": 1, "10.0.1.196": 1, "10.0.1.220": 14, "10.0.1.230": 1, "10.0.0.74": 1, "10.0.2.14": 5, "10.0.2.187": 1, "10.0.3.118": 1, "10.0.3.177": 16, "10.0.3.251": 1, "10.0.4.20": 7, "10.0.4.31": 1, "10.0.4.38": 1, "10.0.4.42": 1, "10.0.4.65": 14, "10.0.4.67": 1, "10.0.4.73": 1, "10.0.0.30": 127, "10.0.0.51": 13, "10.0.0.87": 5, "10.0.0.95": 49, "10.0.0.132": 2, "10.0.0.163": 1, "10.0.1.2": 6, "10.0.1.15": 5, "10.0.1.56": 1}, "totalDuration": 648107.8302000001, "localIpDuration": {"10.0.0.81": 39127.729100000004, "10.0.1.31": 6304.8657, "10.0.1.164": 5398.640700000001, "10.0.1.174": 382.2548, "10.0.0.23": 689.9472, "10.0.0.39": 289738.5707000001, "10.0.0.133": 329.5939, "10.0.0.145": 629.3111, "10.0.1.196": 496.9428, "10.0.1.220": 9946.3778, "10.0.1.230": 98.0028, "10.0.0.74": 2383.0043, "10.0.2.14": 5948.3465, "10.0.2.187": 134.0, "10.0.3.118": 399.9911, "10.0.3.177": 15611.4069, "10.0.3.251": 336.0578, "10.0.4.20": 8889.8059, "10.0.4.31": 317.0563, "10.0.4.38": 1841.8488, "10.0.4.42": 3332.1065, "10.0.4.65": 13681.8481, "10.0.4.67": 410.5913, "10.0.4.73": 705.5515, "10.0.0.30": 126288.11199999998, "10.0.0.51": 52808.0349, "10.0.0.87": 3022.2859000000003, "10.0.0.95": 44942.583, "10.0.0.132": 0.0002, "10.0.0.163": 874.993, "10.0.1.2": 5830.3628, "10.0.1.15": 5819.607099999999, "10.0.1.56": 1387.9997}}, "\ucef4\ud22c\uc2a4\ud504\ub85c\uc57c\uad6c2022": {"localIpCount": 1, "localIpFrequency": {"10.0.1.242": 2}, "totalDuration": 216.947, "localIpDuration": {"10.0.1.242": 216.947}}, "League of Legends: Wild Rift": {"localIpCount": 41, "localIpFrequency": {"10.0.1.64": 24, "10.0.1.98": 3, "10.0.0.9": 369, "10.0.0.29": 25, "10.0.0.20": 53, "10.0.0.71": 1, "10.0.0.115": 1, "10.0.1.106": 18, "10.0.1.81": 17, "10.0.0.69": 34, "10.0.0.106": 1, "10.0.0.49": 2, "10.0.0.57": 6, "10.0.1.236": 3, "10.0.1.238": 2, "10.0.0.25": 4, "10.0.2.142": 23, "10.0.2.182": 1, "10.0.3.28": 12, "10.0.3.182": 3, "10.0.1.223": 1, "10.0.3.253": 46, "10.0.4.35": 1, "10.0.4.61": 12, "10.0.4.70": 10, "10.0.0.13": 143, "10.0.0.40": 15, "10.0.0.84": 11, "10.0.0.94": 26, "10.0.0.15": 6, "10.0.0.28": 8, "10.0.0.198": 1, "10.0.0.218": 6, "10.0.0.244": 1, "10.0.0.166": 3, "10.0.0.210": 2, "10.0.0.252": 1, "10.0.1.7": 1, "10.0.1.14": 5, "10.0.1.24": 1, "10.0.1.52": 1}, "totalDuration": 1679865.8512999997, "localIpDuration": {"10.0.1.64": 27987.557399999994, "10.0.1.98": 2614.2043000000003, "10.0.0.9": 713444.2315, "10.0.0.29": 48793.153999999995, "10.0.0.20": 125716.132, "10.0.0.71": 1412.0001, "10.0.0.115": 387.0546, "10.0.1.106": 34341.5766, "10.0.1.81": 27912.90399999999, "10.0.0.69": 83194.825, "10.0.0.106": 326.0572, "10.0.0.49": 1072.8589, "10.0.0.57": 5936.1835, "10.0.1.236": 5445.0477, "10.0.1.238": 3605.5067, "10.0.0.25": 7273.806299999999, "10.0.2.142": 49774.547300000006, "10.0.2.182": 870.0077, "10.0.3.28": 19750.359099999998, "10.0.3.182": 4051.3215, "10.0.1.223": 144.1836, "10.0.3.253": 72254.62950000002, "10.0.4.35": 1138.0627, "10.0.4.61": 17214.6616, "10.0.4.70": 13136.5305, "10.0.0.13": 269735.32230000006, "10.0.0.40": 18399.231799999998, "10.0.0.84": 26503.7461, "10.0.0.94": 29166.012399999992, "10.0.0.15": 39616.156899999994, "10.0.0.28": 8764.8799, "10.0.0.198": 546.0104, "10.0.0.218": 6063.838400000001, "10.0.0.244": 1247.8437, "10.0.0.166": 2465.9043, "10.0.0.210": 1516.9513, "10.0.0.252": 409.1071, "10.0.1.7": 11.0008, "10.0.1.14": 6916.2789, "10.0.1.24": 384.9041, "10.0.1.52": 321.2596}}, "Genshin Impact": {"localIpCount": 36, "localIpFrequency": {"10.0.1.64": 1, "10.0.1.43": 17, "10.0.0.15": 4, "10.0.0.24": 13, "10.0.0.33": 3, "10.0.0.57": 187, "10.0.0.155": 5, "10.0.0.183": 1, "10.0.2.7": 1, "10.0.2.32": 269, "10.0.2.75": 1, "10.0.0.92": 3, "10.0.2.185": 90, "10.0.2.197": 5, "10.0.2.212": 3, "10.0.2.244": 3, "10.0.3.47": 1, "10.0.3.120": 1, "10.0.3.123": 2, "10.0.3.129": 1, "10.0.3.131": 52, "10.0.3.88": 29, "10.0.0.25": 1, "10.0.1.238": 1, "10.0.3.201": 1, "10.0.3.210": 1, "10.0.3.234": 5, "10.0.3.242": 14, "10.0.4.14": 29, "10.0.4.33": 5, "10.0.0.18": 215, "10.0.0.22": 53, "10.0.0.28": 16, "10.0.1.2": 5, "10.0.0.110": 1, "10.0.1.38": 5}, "totalDuration": 2146729.4769999958, "localIpDuration": {"10.0.1.64": 936.0, "10.0.1.43": 21585.325800000002, "10.0.0.15": 7070.0555, "10.0.0.24": 25646.553200000002, "10.0.0.33": 3950.7927, "10.0.0.57": 375455.4269000001, "10.0.0.155": 6403.9851, "10.0.0.183": 1828.1983, "10.0.2.7": 1865.6325, "10.0.2.32": 606795.3994999999, "10.0.2.75": 1447.7616, "10.0.0.92": 4075.3644000000004, "10.0.2.185": 172289.2085, "10.0.2.197": 9546.0355, "10.0.2.212": 9080.5657, "10.0.2.244": 11420.0425, "10.0.3.47": 1236.9033, "10.0.3.120": 11196.3075, "10.0.3.123": 21031.529599999998, "10.0.3.129": 31.7852, "10.0.3.131": 103384.50280000003, "10.0.3.88": 110963.41809999997, "10.0.0.25": 1996.99, "10.0.1.238": 1864.902, "10.0.3.201": 2054.8588, "10.0.3.210": 310.9961, "10.0.3.234": 8728.6595, "10.0.3.242": 28925.954100000003, "10.0.4.14": 55647.811499999996, "10.0.4.33": 9028.9676, "10.0.0.18": 390263.2637000001, "10.0.0.22": 101349.7117, "10.0.0.28": 26446.5817, "10.0.1.2": 4813.0445, "10.0.0.110": 0.0001, "10.0.1.38": 8056.941500000001}}, "Seven Knights 2": {"localIpCount": 1, "localIpFrequency": {"10.0.0.229": 1}, "totalDuration": 190.7991, "localIpDuration": {"10.0.0.229": 190.7991}}, "NBA NOW 23": {"localIpCount": 3, "localIpFrequency": {"10.0.2.13": 1, "10.0.3.131": 3, "10.0.4.70": 1}, "totalDuration": 12.7387, "localIpDuration": {"10.0.2.13": 0.0001, "10.0.3.131": 12.7384, "10.0.4.70": 0.0002}}, "Blue Archive": {"localIpCount": 7, "localIpFrequency": {"10.0.1.140": 9, "10.0.0.27": 4, "10.0.0.80": 1, "10.0.0.49": 2, "10.0.2.185": 1, "10.0.3.248": 2, "10.0.0.5": 2}, "totalDuration": 17836.9027, "localIpDuration": {"10.0.1.140": 5203.8055, "10.0.0.27": 5731.077200000001, "10.0.0.80": 430.0553, "10.0.0.49": 1985.5297, "10.0.2.185": 181.3344, "10.0.3.248": 2434.096, "10.0.0.5": 1871.0046}}, "KartRider Rush+": {"localIpCount": 4, "localIpFrequency": {"10.0.0.128": 1, "10.0.0.196": 1, "10.0.1.225": 1, "10.0.0.214": 2}, "totalDuration": 85.3035, "localIpDuration": {"10.0.0.128": 0.0001, "10.0.0.196": 0.1543, "10.0.1.225": 29.0395, "10.0.0.214": 56.1096}}, "Ensemble Stars": {"localIpCount": 2, "localIpFrequency": {"10.0.1.43": 4, "10.0.0.24": 1}, "totalDuration": 3537.6642, "localIpDuration": {"10.0.1.43": 2490.7156, "10.0.0.24": 1046.9486}}, "Dungeon & Fighter Mobile": {"localIpCount": 2, "localIpFrequency": {"10.0.0.50": 2, "10.0.0.22": 2}, "totalDuration": 4370.656199999999, "localIpDuration": {"10.0.0.50": 812.3306, "10.0.0.22": 3558.3256}}, "F1 Clash - Car Racing Manager": {"localIpCount": 1, "localIpFrequency": {"10.0.0.9": 13}, "totalDuration": 14206.413199999997, "localIpDuration": {"10.0.0.9": 14206.413199999997}}, "PunBall": {"localIpCount": 1, "localIpFrequency": {"10.0.1.57": 4}, "totalDuration": 2990.3075, "localIpDuration": {"10.0.1.57": 2990.3075}}, "Minecraft": {"localIpCount": 3, "localIpFrequency": {"10.0.0.136": 1, "10.0.0.69": 1, "10.0.3.253": 11}, "totalDuration": 15361.077900000002, "localIpDuration": {"10.0.0.136": 0.0001, "10.0.0.69": 0.2602, "10.0.3.253": 15360.817600000002}}, "Roblox (Adopt Me!)": {"localIpCount": 24, "localIpFrequency": {"10.0.1.31": 1, "10.0.1.141": 2, "10.0.2.0": 2, "10.0.2.232": 7, "10.0.4.51": 7, "10.0.0.49": 4, "10.0.0.68": 29, "10.0.0.101": 4, "10.0.0.124": 5, "10.0.0.191": 6, "10.0.0.220": 1, "10.0.1.51": 11, "10.0.1.61": 3, "10.0.1.75": 1, "10.0.1.96": 1, "10.0.1.92": 1, "10.0.1.64": 1, "10.0.1.145": 1, "10.0.1.164": 1, "10.0.1.124": 1, "10.0.1.159": 1, "10.0.1.173": 1, "10.0.1.189": 1, "10.0.1.104": 1}, "totalDuration": 70515.77799999999, "localIpDuration": {"10.0.1.31": 192.797, "10.0.1.141": 2184.4024, "10.0.2.0": 533.1623999999999, "10.0.2.232": 4116.1607, "10.0.4.51": 3219.7964, "10.0.0.49": 3122.7747,