{"PunBall": {"localIpCount": 1, "localIpFrequency": {"10.0.1.57": 4}, "totalDuration": 2990.3075, "localIpDuration": {"10.0.1.57": 2990.3075}}, "Roblox (Adopt Me!)": {"localIpCount": 7, "localIpFrequency": {"10.0.1.31": 1, "10.0.1.141": 4, "10.0.2.0": 2, "10.0.2.232": 31, "10.0.4.51": 7, "10.0.0.49": 4, "10.0.0.68": 10}, "totalDuration": 24940.648199999996, "localIpDuration": {"10.0.1.31": 192.797, "10.0.1.141": 1562.0408, "10.0.2.0": 533.1623999999999, "10.0.2.232": 9972.730699999998, "10.0.4.51": 3219.7964, "10.0.0.49": 3122.7747, "10.0.0.68": 6337.346200000002}}, "Genshin Impact": {"localIpCount": 33, "localIpFrequency": {"10.0.1.64": 1, "10.0.1.43": 17, "10.0.0.15": 4, "10.0.0.24": 13, "10.0.0.33": 3, "10.0.0.57": 279, "10.0.0.155": 5, "10.0.0.183": 3, "10.0.2.7": 1, "10.0.2.32": 606, "10.0.2.75": 1, "10.0.0.92": 3, "10.0.2.185": 268, "10.0.2.197": 5, "10.0.2.212": 3, "10.0.2.244": 63, "10.0.3.47": 13, "10.0.3.120": 1, "10.0.3.123": 2, "10.0.3.129": 1, "10.0.3.131": 52, "10.0.3.88": 29, "10.0.0.25": 1, "10.0.1.238": 1, "10.0.3.201": 1, "10.0.3.210": 1, "10.0.3.234": 5, "10.0.3.242": 14, "10.0.4.14": 29, "10.0.4.33": 5, "10.0.0.18": 50, "10.0.0.22": 32, "10.0.0.28": 12}, "totalDuration": 3061820.794300003, "localIpDuration": {"10.0.1.64": 936.0, "10.0.1.43": 21585.325800000002, "10.0.0.15": 7070.0555, "10.0.0.24": 25646.553200000002, "10.0.0.33": 3950.7927, "10.0.0.57": 561269.3036, "10.0.0.155": 6403.9851, "10.0.0.183": 5484.5949, "10.0.2.7": 1865.6325, "10.0.2.32": 1205750.0975000025, "10.0.2.75": 1447.7616, "10.0.0.92": 4075.3644000000004, "10.0.2.185": 421348.64059999964, "10.0.2.197": 9546.0355, "10.0.2.212": 9080.5657, "10.0.2.244": 234341.41069999992, "10.0.3.47": 16079.7429, "10.0.3.120": 11196.3075, "10.0.3.123": 21031.529599999998, "10.0.3.129": 31.7852, "10.0.3.131": 103384.50280000003, "10.0.3.88": 110963.41809999997, "10.0.0.25": 1996.99, "10.0.1.238": 1864.902, "10.0.3.201": 2054.8588, "10.0.3.210": 310.9961, "10.0.3.234": 8728.6595, "10.0.3.242": 28925.954100000003, "10.0.4.14": 55647.811499999996, "10.0.4.33": 9028.9676, "10.0.0.18": 81532.97819999998, "10.0.0.22": 67472.7167, "10.0.0.28": 21766.5544}}, "Zombie High School": {"localIpCount": 1, "localIpFrequency": {"10.0.2.212": 2}, "totalDuration": 4132.7038999999995, "localIpDuration": {"10.0.2.212": 4132.7038999999995}}, "Modern Combat": {"localIpCount": 1, "localIpFrequency": {"10.0.0.27": 1}, "totalDuration": 0.0001, "localIpDuration": {"10.0.0.27": 0.0001}}, "Pok\u00e9mon Unite": {"localIpCount": 1, "localIpFrequency": {"10.0.0.196": 1}, "totalDuration": 0.1526, "localIpDuration": {"10.0.0.196": 0.1526}}, "Blue Archive": {"localIpCount": 7, "localIpFrequency": {"10.0.1.140": 9, "10.0.0.27": 16, "10.0.0.80": 1, "10.0.0.49": 2, "10.0.2.185": 16, "10.0.3.248": 2, "10.0.0.5": 2}, "totalDuration": 27660.913899999985, "localIpDuration": {"10.0.1.140": 5203.8055, "10.0.0.27": 12835.072399999995, "10.0.0.80": 430.0553, "10.0.0.49": 1985.5297, "10.0.2.185": 2901.3504000000007, "10.0.3.248": 2434.096, "10.0.0.5": 1871.0046}}, "PUBG Mobile": {"localIpCount": 27, "localIpFrequency": {"10.0.0.81": 46, "10.0.1.31": 10, "10.0.1.164": 16, "10.0.1.174": 1, "10.0.0.23": 1, "10.0.0.39": 404, "10.0.0.133": 1, "10.0.0.145": 1, "10.0.1.196": 1, "10.0.1.220": 14, "10.0.1.230": 1, "10.0.0.74": 1, "10.0.2.14": 5, "10.0.2.187": 1, "10.0.3.118": 2, "10.0.3.177": 16, "10.0.3.251": 1, "10.0.4.20": 7, "10.0.4.31": 1, "10.0.4.38": 1, "10.0.4.42": 1, "10.0.4.65": 14, "10.0.4.67": 1, "10.0.4.73": 1, "10.0.0.30": 32, "10.0.0.51": 10, "10.0.0.87": 2}, "totalDuration": 766973.9865999987, "localIpDuration": {"10.0.0.81": 39127.729100000004, "10.0.1.31": 6304.8657, "10.0.1.164": 8214.437100000001, "10.0.1.174": 382.2548, "10.0.0.23": 689.9472, "10.0.0.39": 578398.0402999995, "10.0.0.133": 329.5939, "10.0.0.145": 629.3111, "10.0.1.196": 496.9428, "10.0.1.220": 9946.3778, "10.0.1.230": 98.0028, "10.0.0.74": 2383.0043, "10.0.2.14": 5948.3465, "10.0.2.187": 134.0, "10.0.3.118": 799.9822, "10.0.3.177": 15611.4069, "10.0.3.251": 336.0578, "10.0.4.20": 8889.8059, "10.0.4.31": 317.0563, "10.0.4.38": 1841.8488, "10.0.4.42": 3332.1065, "10.0.4.65": 13681.8481, "10.0.4.67": 410.5913, "10.0.4.73": 705.5515, "10.0.0.30": 16144.8909, "10.0.0.51": 49862.00260000001, "10.0.0.87": 1957.9844}}, "New State Mobile": {"localIpCount": 4, "localIpFrequency": {"10.0.1.182": 1, "10.0.2.125": 1, "10.0.0.78": 13, "10.0.3.142": 1}, "totalDuration": 8921.866099999997, "localIpDuration": {"10.0.1.182": 468.3228, "10.0.2.125": 130.0919, "10.0.0.78": 7010.340999999998, "10.0.3.142": 1313.1104}}, "The Lord of the Rings: War": {"localIpCount": 2, "localIpFrequency": {"10.0.0.49": 1, "10.0.4.10": 1}, "totalDuration": 96.5496, "localIpDuration": {"10.0.0.49": 58.6476, "10.0.4.10": 37.902}}, "Modern Warships": {"localIpCount": 5, "localIpFrequency": {"10.0.0.3": 1, "10.0.1.57": 3, "10.0.0.26": 1, "10.0.0.132": 105, "10.0.0.8": 16}, "totalDuration": 145209.9102, "localIpDuration": {"10.0.0.3": 658.1024, "10.0.1.57": 731.9, "10.0.0.26": 518.9582, "10.0.0.132": 130721.8011, "10.0.0.8": 12579.148500000001}}, "FIFA Mobile": {"localIpCount": 12, "localIpFrequency": {"10.0.0.9": 4, "10.0.0.142": 1, "10.0.1.198": 6, "10.0.1.242": 3, "10.0.0.20": 2, "10.0.2.43": 4, "10.0.2.46": 3, "10.0.2.178": 1, "10.0.3.36": 13, "10.0.3.164": 2, "10.0.4.13": 1, "10.0.0.63": 2}, "totalDuration": 32432.872600000006, "localIpDuration": {"10.0.0.9": 6644.465999999999, "10.0.0.142": 578.001, "10.0.1.198": 7581.5853, "10.0.1.242": 1604.1988000000001, "10.0.0.20": 459.21380000000005, "10.0.2.43": 7404.051, "10.0.2.46": 3102.8633999999997, "10.0.2.178": 387.1049, "10.0.3.36": 891.3216000000002, "10.0.3.164": 2371.1576, "10.0.4.13": 355.8718, "10.0.0.63": 1053.0374}}, "Clash of Clan": {"localIpCount": 8, "localIpFrequency": {"10.0.0.136": 2, "10.0.0.2": 1, "10.0.0.3": 1, "10.0.1.57": 8, "10.0.0.26": 3, "10.0.0.132": 23, "10.0.1.73": 4, "10.0.0.8": 14}, "totalDuration": 11444.431999999997, "localIpDuration": {"10.0.0.136": 1155.8476, "10.0.0.2": 39.9999, "10.0.0.3": 504.0017, "10.0.1.57": 205.4782, "10.0.0.26": 59.5665, "10.0.0.132": 5305.7656, "10.0.1.73": 2073.8894, "10.0.0.8": 2099.8830999999996}}, "Ensemble Stars": {"localIpCount": 2, "localIpFrequency": {"10.0.1.43": 4, "10.0.0.24": 1}, "totalDuration": 3537.6642, "localIpDuration": {"10.0.1.43": 2490.7156, "10.0.0.24": 1046.9486}}, "\ucef4\ud22c\uc2a4\ud504\ub85c\uc57c\uad6c2022": {"localIpCount": 1, "localIpFrequency": {"10.0.1.242": 2}, "totalDuration": 216.947, "localIpDuration": {"10.0.1.242": 216.947}}, "Pok\u00e9mon GO": {"localIpCount": 8, "localIpFrequency": {"10.0.1.140": 9, "10.0.1.57": 1, "10.0.1.5": 13, "10.0.0.27": 14, "10.0.0.132": 18, "10.0.0.47": 23, "10.0.3.248": 4, "10.0.0.5": 2}, "totalDuration": 114512.19629999998, "localIpDuration": {"10.0.1.140": 551.9511999999997, "10.0.1.57": 272.4584, "10.0.1.5": 11766.040299999993, "10.0.0.27": 42492.4903, "10.0.0.132": 21361.318600000006, "10.0.0.47": 26587.677399999997, "10.0.3.248": 10608.683799999999, "10.0.0.5": 871.5763}}, "World of Tanks": {"localIpCount": 2, "localIpFrequency": {"10.0.0.196": 1, "10.0.0.7": 1}, "totalDuration": 324.4305, "localIpDuration": {"10.0.0.196": 214.7654, "10.0.0.7": 109.6651}}, "Odin: Valhalla Rising": {"localIpCount": 9, "localIpFrequency": {"10.0.1.170": 2, "10.0.0.196": 1, "10.0.1.140": 1, "10.0.1.180": 1, "10.0.1.110": 5, "10.0.0.51": 1, "10.0.1.24": 1, "10.0.2.212": 1, "10.0.3.125": 3}, "totalDuration": 2174.802100000001, "localIpDuration": {"10.0.1.170": 1006.9488, "10.0.0.196": 63.154, "10.0.1.140": 0.0001, "10.0.1.180": 289.0521, "10.0.1.110": 294.2135999999999, "10.0.0.51": 521.433, "10.0.1.24": 0.0001, "10.0.2.212": 0.0001, "10.0.3.125": 0.00030000000000000003}}, "Hero Blaze: Three Kingdoms": {"localIpCount": 1, "localIpFrequency": {"10.0.2.68": 1}, "totalDuration": 138.9228, "localIpDuration": {"10.0.2.68": 138.9228}}, "FreezeTag Online": {"localIpCount": 1, "localIpFrequency": {"10.0.0.78": 1},