{"Brawl Stars": {"localIpCount": 2, "localIpFrequency": {"10.0.0.78": 21, "10.0.0.132": 1}, "localIpTotalDuration": 32945.79289999999, "localIpDuration": {"10.0.0.78": 32400.797599999994, "10.0.0.132": 544.9953}}, "Clash of Clan": {"localIpCount": 1, "localIpFrequency": {"10.0.0.132": 1}, "localIpTotalDuration": 30.3541, "localIpDuration": {"10.0.0.132": 30.3541}}, "New State Mobile": {"localIpCount": 1, "localIpFrequency": {"10.0.3.142": 1}, "localIpTotalDuration": 1313.1104, "localIpDuration": {"10.0.3.142": 1313.1104}}, "Hay Day": {"localIpCount": 1, "localIpFrequency": {"10.0.3.55": 1}, "localIpTotalDuration": 89.89, "localIpDuration": {"10.0.3.55": 89.89}}, "League of Legends: Wild Rift": {"localIpCount": 3, "localIpFrequency": {"10.0.0.9": 4, "10.0.2.142": 4, "10.0.3.28": 6}, "localIpTotalDuration": 17849.9324, "localIpDuration": {"10.0.0.9": 5805.149799999999, "10.0.2.142": 5973.065799999999, "10.0.3.28": 6071.716800000001}}, "Roblox": {"localIpCount": 1, "localIpFrequency": {"10.0.2.232": 7}, "localIpTotalDuration": 5415.5456, "localIpDuration": {"10.0.2.232": 5415.5456}}, "Odin: Valhalla Rising": {"localIpCount": 1, "localIpFrequency": {"10.0.3.125": 3}, "localIpTotalDuration": 0.00030000000000000003, "localIpDuration": {"10.0.3.125": 0.00030000000000000003}}, "Random Dice: Defense": {"localIpCount": 1, "localIpFrequency": {"10.0.3.131": 1}, "localIpTotalDuration": 0.0001, "localIpDuration": {"10.0.3.131": 0.0001}}, "PUBG Mobile": {"localIpCount": 2, "localIpFrequency": {"10.0.0.39": 9, "10.0.3.118": 2}, "localIpTotalDuration": 7305.392600000001, "localIpDuration": {"10.0.0.39": 6505.410400000001, "10.0.3.118": 799.9822}}, "F1 Clash - Car Racing Manager": {"localIpCount": 1, "localIpFrequency": {"10.0.0.9": 2}, "localIpTotalDuration": 1000.2979, "localIpDuration": {"10.0.0.9": 1000.2979}}, "Genshin Impact": {"localIpCount": 7, "localIpFrequency": {"10.0.2.185": 13, "10.0.2.32": 43, "10.0.3.120": 1, "10.0.3.123": 2, "10.0.3.129": 1, "10.0.3.131": 40, "10.0.3.88": 3}, "localIpTotalDuration": 260324.52819999994, "localIpDuration": {"10.0.2.185": 20945.312899999997, "10.0.2.32": 110965.91440000001, "10.0.3.120": 11196.3075, "10.0.3.123": 21031.529599999998, "10.0.3.129": 31.7852, "10.0.3.131": 82775.63720000003, "10.0.3.88": 13378.0414}}, "FIFA Mobile": {"localIpCount": 1, "localIpFrequency": {"10.0.3.164": 2}, "localIpTotalDuration": 2371.1576, "localIpDuration": {"10.0.3.164": 2371.1576}}, "Modern Warships": {"localIpCount": 1, "localIpFrequency": {"10.0.0.132": 5}, "localIpTotalDuration": 3258.3212, "localIpDuration": {"10.0.0.132": 3258.3212}}, "NBA NOW 23": {"localIpCount": 1, "localIpFrequency": {"10.0.3.131": 1}, "localIpTotalDuration": 0.0001, "localIpDuration": {"10.0.3.131": 0.0001}}, "Roblox (Adopt Me!)": {"localIpCount": 1, "localIpFrequency": {"10.0.2.232": 3}, "localIpTotalDuration": 1596.7305999999999, "localIpDuration": {"10.0.2.232": 1596.7305999999999}}}