{"HATSUNE MIKU: COLORFUL STAGE!": {"localIpCount": 3, "localIpFrequency": {"10.0.2.4": 1, "10.0.1.252": 1, "10.0.19.163": 1}, "localIpTotalDuration": 2523.1577, "localIpDuration": {"10.0.2.4": 1766.6068, "10.0.1.252": 36.5958, "10.0.19.163": 719.9551}}, "Random Dice: Defense": {"localIpCount": 1, "localIpFrequency": {"10.0.3.37": 1}, "localIpTotalDuration": 479.9704, "localIpDuration": {"10.0.3.37": 479.9704}}, "Call of Duty: Mobile": {"localIpCount": 2, "localIpFrequency": {"10.0.1.247": 1, "10.0.19.113": 1}, "localIpTotalDuration": 289.2067, "localIpDuration": {"10.0.1.247": 193.2687, "10.0.19.113": 95.938}}, "KartRider Rush+": {"localIpCount": 7, "localIpFrequency": {"10.0.0.201": 1, "10.0.0.220": 2, "10.0.3.10": 1, "10.0.3.127": 3, "10.0.0.151": 1, "10.0.1.92": 2, "10.0.19.154": 1}, "localIpTotalDuration": 8670.003499999999, "localIpDuration": {"10.0.0.201": 0.0263, "10.0.0.220": 2915.8739, "10.0.3.10": 1478.0082, "10.0.3.127": 1204.0153, "10.0.0.151": 1488.0553, "10.0.1.92": 1584.0244, "10.0.19.154": 0.0001}}, "Roblox": {"localIpCount": 64, "localIpFrequency": {"10.0.18.216": 1, "10.0.2.5": 3, "10.0.15.133": 1, "10.0.2.220": 2, "10.0.7.24": 2, "10.0.3.108": 2, "10.0.1.231": 1, "10.0.3.71": 23, "10.0.2.12": 1, "10.0.0.124": 5, "10.0.8.254": 1, "10.0.9.69": 1, "10.0.4.178": 1, "10.0.8.48": 1, "10.0.18.203": 1, "10.0.2.4": 1, "10.0.1.237": 1, "10.0.1.23": 4, "10.0.2.58": 4, "10.0.2.15": 3, "10.0.2.182": 1, "10.0.6.156": 2, "10.0.0.109": 1, "10.0.8.214": 1, "10.0.3.121": 1, "10.0.0.68": 1, "10.0.0.139": 1, "10.0.0.89": 1, "10.0.14.27": 1, "10.0.3.109": 4, "10.0.2.134": 2, "10.0.18.183": 1, "10.0.1.236": 2, "10.0.0.107": 1, "10.0.17.12": 2, "10.0.0.155": 1, "10.0.3.137": 4, "10.0.2.251": 4, "10.0.18.140": 1, "10.0.2.21": 2, "10.0.2.67": 1, "10.0.17.10": 4, "10.0.2.217": 1, "10.0.15.65": 1, "10.0.17.108": 1, "10.0.18.199": 1, "10.0.4.126": 1, "10.0.0.165": 1, "10.0.2.245": 1, "10.0.2.102": 2, "10.0.15.22": 1, "10.0.2.246": 9, "10.0.2.173": 3, "10.0.19.84": 3, "10.0.8.19": 1, "10.0.18.249": 1, "10.0.0.213": 3, "10.0.19.143": 1, "10.0.9.218": 2, "10.0.5.113": 1, "10.0.19.57": 1, "10.0.1.218": 1, "10.0.4.212": 1, "10.0.0.144": 1}, "localIpTotalDuration": 244490.52530000004, "localIpDuration": {"10.0.18.216": 1799.9999, "10.0.2.5": 5397.496, "10.0.15.133": 1799.2832, "10.0.2.220": 3590.2331999999997, "10.0.7.24": 3598.8141, "10.0.3.108": 3597.2462, "10.0.1.231": 1799.9735, "10.0.3.71": 41332.0856, "10.0.2.12": 1799.7943, "10.0.0.124": 8993.842, "10.0.8.254": 1799.6726, "10.0.9.69": 1799.7943, "10.0.4.178": 1799.9629, "10.0.8.48": 1799.6064, "10.0.18.203": 1799.5856, "10.0.2.4": 1788.0566, "10.0.1.237": 1799.7572, "10.0.1.23": 7195.268, "10.0.2.58": 7187.4468, "10.0.2.15": 5394.656199999999, "10.0.2.182": 1799.7153, "10.0.6.156": 3599.349, "10.0.0.109": 1800.0002, "10.0.8.214": 1799.4895, "10.0.3.121": 1798.9681, "10.0.0.68": 1799.9883, "10.0.0.139": 1791.5563, "10.0.0.89": 1798.6616, "10.0.14.27": 1799.9997, "10.0.3.109": 7195.4688, "10.0.2.134": 3597.1807, "10.0.18.183": 1788.5378, "10.0.1.236": 3597.6338, "10.0.0.107": 1798.6508, "10.0.17.12": 3599.5618000000004, "10.0.0.155": 1797.7503, "10.0.3.137": 7195.881799999999, "10.0.2.251": 7181.709699999999, "10.0.18.140": 1799.999, "10.0.2.21": 3599.2869, "10.0.2.67": 1798.5898, "10.0.17.10": 7188.8027, "10.0.2.217": 1798.6412, "10.0.15.65": 1799.7031, "10.0.17.108": 1799.6481, "10.0.18.199": 1799.8641, "10.0.4.126": 1799.9999, "10.0.0.165": 1799.3112, "10.0.2.245": 1798.7162, "10.0.2.102": 3576.2758000000003, "10.0.15.22": 1799.3597, "10.0.2.246": 16174.9146, "10.0.2.173": 5387.6476, "10.0.19.84": 5387.6012, "10.0.8.19": 1799.9999, "10.0.18.249": 1799.8298, "10.0.0.213": 5397.0467, "10.0.19.143": 1799.3671, "10.0.9.218": 3588.8516, "10.0.5.113": 1788.0696, "10.0.19.57": 1799.135, "10.0.1.218": 1798.6237, "10.0.4.212": 1799.7354, "10.0.0.144": 1798.8273}}, "Merge Fantasy Island": {"localIpCount": 1, "localIpFrequency": {"10.0.18.254": 1}, "localIpTotalDuration": 131.7477, "localIpDuration": {"10.0.18.254": 131.7477}}, "FIFA Mobile": {"localIpCount": 24, "localIpFrequency": {"10.0.3.20": 1, "10.0.4.89": 1, "10.0.2.182": 3, "10.0.1.218": 1, "10.0.18.249": 1, "10.0.5.219": 1, "10.0.19.6": 1, "10.0.19.18": 2, "10.0.6.78": 1, "10.0.3.37": 10, "10.0.4.126": 3, "10.0.2.134": 1, "10.0.7.186": 1, "10.0.4.226": 1, "10.0.3.45": 1, "10.0.18.75": 1, "10.0.1.87": 2, "10.0.7.134": 1, "10.0.3.21": 1, "10.0.17.153": 1, "10.0.12.40": 2, "10.0.6.61": 2, "10.0.5.113": 1, "10.0.3.23": 1}, "localIpTotalDuration": 40381.7057, "localIpDuration": {"10.0.3.20": 336.1165, "10.0.4.89": 1200.0612, "10.0.2.182": 1895.8542, "10.0.1.218": 826.0036, "10.0.18.249": 1704.0205, "10.0.5.219": 1799.7314, "10.0.19.6": 753.8138, "10.0.19.18": 2472.3171, "10.0.6.78": 553.0958, "10.0.3.37": 10023.7837, "10.0.4.126": 2832.4348, "10.0.2.134": 1568.0113, "10.0.7.186": 95.7169, "10.0.4.226": 876.5585, "10.0.3.45": 504.097, "10.0.18.75": 659.9121, "10.0.1.87": 3384.1850999999997, "10.0.7.134": 1044.0593, "10.0.3.21": 540.0243, "10.0.17.153": 1765.0488, "10.0.12.40": 2304.0065, "10.0.6.61": 2531.7757, "10.0.5.113": 480.0808, "10.0.3.23": 230.9968}}, "FreezeTag Online": {"localIpCount": 1, "localIpFrequency": {"10.0.4.233": 1}, "localIpTotalDuration": 11.4884, "localIpDuration": {"10.0.4.233": 11.4884}}, "Animal Crossing: Pocket Camp": {"localIpCount": 1, "localIpFrequency": {"10.0.9.118": 1}, "localIpTotalDuration": 1788.9677, "localIpDuration": {"10.0.9.118": 1788.9677}}, "Clash of Clan": {"localIpCount": 4, "localIpFrequency": {"10.0.17.206": 1, "10.0.0.233": 1, "10.0.18.63": 1, "10.0.5.130": 2}, "localIpTotalDuration": 1580.3117, "localIpDuration": {"10.0.17.206": 1344.0244, "10.0.0.233": 6.9965, "10.0.18.63": 0.0001, "10.0.5.130": 229.29070000000002}}, "Blue Archive": {"localIpCount": 3, "localIpFrequency": {"10.0.2.182": 1, "10.0.0.114": 1, "10.0.17.202": 1}, "localIpTotalDuration": 1164.3906, "localIpDuration": {"10.0.2.182": 360.058, "10.0.0.114": 23.9154, "10.0.17.202": 780.4172}}, "Modern Warships": {"localIpCount": 3, "localIpFrequency": {"10.0.2.224": 1, "10.0.1.247": 1, "10.0.3.5": 1}, "localIpTotalDuration": 3000.8968, "localIpDuration": {"10.0.2.224": 132.0723, "10.0.1.247": 1224.7956, "10.0.3.5": 1644.0289}}, "PUBG Mobile": {"localIpCount": 27, "localIpFrequency": {"10.0.2.210": 1, "10.0.18.227": 1, "10.0.18.235": 1, "10.0.18.240": 2, "10.0.18.242": 1, "10.0.3.55": 6, "10.0.1.151": 1, "10.0.18.214": 1, "10.0.16.102": 2, "10.0.17.255": 1, "10.0.19.89": 1, "10.0.7.75": 1, "10.0.19.111": 2, "10.0.19.122": 1, "10.0.3.150": 1, "10.0.19.130": 1, "10.0.19.133": 1, "10.0.6.20": 1, "10.0.3.122": 1, "10.0.1.114": 1, "10.0.19.154": 1, "10.0.19.160": 1, "10.0.3.159": 1, "10.0.1.136": 2, "10.0.12.227": 1, "10.0.19.176": 1, "10.0.15.49": 2}, "localIpTotalDuration": 33677.4576, "localIpDuration": {"10.0.2.210": 396.1017, "10.0.18.227": 215.98, "10.0.18.235": 189.9365, "10.0.18.240": 3432.8577999999998, "10.0.18.242": 47.9695, "10.0.3.55": 6167.000400000001, "10.0.1.151": 1571.4645, "10.0.18.214": 1427.5881, "10.0.16.102": 1645.0464, "10.0.17.255": 1189.3193, "10.0.19.89": 479.6447, "10.0.7.75": 1392.1371, "10.0.19.111": 1355.9488, "10.0.19.122": 1799.9656, "10.0.3.150": 140.1143, "10.0.19.130": 264.1528, "10.0.19.133": 179.9601, "10.0.6.20": 1404.099, "10.0.3.122": 168.1091, "10.0.1.114": 288.1031, "10.0.19.154": 1787.9904, "10.0.19.160": 709.2097, "10.0.3.159": 1603.0, "10.0.1.136": 2449.9898000000003, "10.0.12.227": 1739.7912, "10.0.19.176": 888.0173, "10.0.15.49": 743.9603999999999}}, "Cookie Run: Kingdom": {"localIpCount": 14, "localIpFrequency": {"10.0.6.185": 1, "10.0.1.202": 1, "10.0.0.182": 3, "10.0.17.175": 1, "10.0.2.67": 1, "10.0.18.251": 1, "10.0.6.178": 2, "10.0.3.37": 1, "10.0.15.234": 2, "10.0.19.7": 1, "10.0.4.80": 1, "10.0.5.197": 1, "10.0.5.235": 2, "10.0.2.120": 1}, "localIpTotalDuration": 21890.6287, "localIpDuration": {"10.0.6.185": 348.1047, "10.0.1.202": 684.1609, "10.0.0.182": 4670.5381, "10.0.17.175": 1499.5927,