{"Clash Royale": {"localIpCount": 2, "localIpFrequency": {"10.0.107.13": 1, "10.0.60.41": 1}, "localIpTotalDuration": 42.0124, "localIpDuration": {"10.0.107.13": 0.0107, "10.0.60.41": 42.0017}}, "DRAGON BALL LEGENDS": {"localIpCount": 4, "localIpFrequency": {"10.0.105.91": 1, "10.0.107.122": 2, "10.0.109.104": 4, "10.0.110.20": 1}, "localIpTotalDuration": 6024.0501, "localIpDuration": {"10.0.105.91": 647.9572, "10.0.107.122": 2184.0283, "10.0.109.104": 2172.0622000000003, "10.0.110.20": 1020.0024}}, "HATSUNE MIKU: COLORFUL STAGE!": {"localIpCount": 1, "localIpFrequency": {"10.0.60.47": 1}, "localIpTotalDuration": 0.0023, "localIpDuration": {"10.0.60.47": 0.0023}}, "FIFA Mobile": {"localIpCount": 10, "localIpFrequency": {"10.0.107.64": 3, "10.0.60.54": 8, "10.0.107.66": 1, "10.0.108.209": 1, "10.0.60.199": 4, "10.0.60.205": 2, "10.0.109.89": 2, "10.0.110.17": 1, "10.0.60.245": 1, "10.0.110.50": 1}, "localIpTotalDuration": 23163.900499999996, "localIpDuration": {"10.0.107.64": 3108.2954, "10.0.60.54": 10247.193899999998, "10.0.107.66": 1092.0024, "10.0.108.209": 661.0582, "10.0.60.199": 2037.0040000000001, "10.0.60.205": 1084.9968, "10.0.109.89": 2244.2556, "10.0.110.17": 288.0914, "10.0.60.245": 972.9971, "10.0.110.50": 1428.0057}}, "Honkai: Star Rail": {"localIpCount": 1, "localIpFrequency": {"10.0.109.121": 2}, "localIpTotalDuration": 1751.9966, "localIpDuration": {"10.0.109.121": 1751.9966}}, "Genshin Impact": {"localIpCount": 2, "localIpFrequency": {"10.0.60.228": 1, "10.0.61.2": 1}, "localIpTotalDuration": 1603.0076, "localIpDuration": {"10.0.60.228": 510.9981, "10.0.61.2": 1092.0095}}, "League of Legends: Wild Rift": {"localIpCount": 11, "localIpFrequency": {"10.0.59.238": 1, "10.0.107.94": 6, "10.0.107.215": 2, "10.0.60.99": 1, "10.0.107.140": 1, "10.0.108.204": 4, "10.0.109.24": 2, "10.0.60.171": 1, "10.0.109.106": 4, "10.0.110.4": 1, "10.0.110.82": 1}, "localIpTotalDuration": 25501.928100000005, "localIpDuration": {"10.0.59.238": 475.5682, "10.0.107.94": 6672.0776000000005, "10.0.107.215": 2495.9977, "10.0.60.99": 769.995, "10.0.107.140": 1092.0484, "10.0.108.204": 5783.730500000001, "10.0.109.24": 815.9897, "10.0.60.171": 504.0117, "10.0.109.106": 5547.4762, "10.0.110.4": 205.0099, "10.0.110.82": 1140.0232}}, "TFT: Teamfight Tactics": {"localIpCount": 2, "localIpFrequency": {"10.0.107.140": 4, "10.0.60.209": 1}, "localIpTotalDuration": 6696.8267, "localIpDuration": {"10.0.107.140": 5135.826, "10.0.60.209": 1561.0007}}, "Among us": {"localIpCount": 1, "localIpFrequency": {"10.0.108.38": 1}, "localIpTotalDuration": 1103.9459, "localIpDuration": {"10.0.108.38": 1103.9459}}, "Animal Crossing: Pocket Camp": {"localIpCount": 1, "localIpFrequency": {"10.0.109.83": 1}, "localIpTotalDuration": 167.9086, "localIpDuration": {"10.0.109.83": 167.9086}}, "Cookie Run: OvenBreak": {"localIpCount": 1, "localIpFrequency": {"10.0.109.107": 2}, "localIpTotalDuration": 2675.8733, "localIpDuration": {"10.0.109.107": 2675.8733}}, "Cookie Run: Kingdom": {"localIpCount": 5, "localIpFrequency": {"10.0.60.45": 1, "10.0.107.173": 2, "10.0.60.205": 4, "10.0.60.223": 1, "10.0.110.41": 1}, "localIpTotalDuration": 10970.2133, "localIpDuration": {"10.0.60.45": 279.9976, "10.0.107.173": 2194.9228, "10.0.60.205": 4998.0581, "10.0.60.223": 1757.1538, "10.0.110.41": 1740.081}}, "KartRider Rush+": {"localIpCount": 3, "localIpFrequency": {"10.0.107.107": 1, "10.0.60.58": 3, "10.0.108.165": 1}, "localIpTotalDuration": 2112.3922000000002, "localIpDuration": {"10.0.107.107": 192.4205, "10.0.60.58": 1763.9925, "10.0.108.165": 155.9792}}, "Pok\u00e9mon GO": {"localIpCount": 6, "localIpFrequency": {"10.0.59.165": 1, "10.0.60.45": 5, "10.0.107.133": 4, "10.0.108.25": 1, "10.0.107.128": 2, "10.0.60.192": 7}, "localIpTotalDuration": 17764.7149, "localIpDuration": {"10.0.59.165": 342.9989, "10.0.60.45": 5263.6404999999995, "10.0.107.133": 3095.0514000000003, "10.0.108.25": 1500.0676, "10.0.107.128": 2039.9656, "10.0.60.192": 5522.990900000001}}, "Roblox": {"localIpCount": 85, "localIpFrequency": {"10.0.59.253": 5, "10.0.106.39": 3, "10.0.60.12": 1, "10.0.105.61": 1, "10.0.59.204": 4, "10.0.105.233": 1, "10.0.60.25": 6, "10.0.105.60": 1, "10.0.106.112": 2, "10.0.106.60": 1, "10.0.106.221": 3, "10.0.106.189": 1, "10.0.105.211": 1, "10.0.106.199": 1, "10.0.107.63": 2, "10.0.60.40": 11, "10.0.107.77": 1, "10.0.107.72": 2, "10.0.107.66": 1, "10.0.107.89": 1, "10.0.60.48": 3, "10.0.107.64": 1, "10.0.107.120": 1, "10.0.60.45": 1, "10.0.60.64": 3, "10.0.107.136": 3, "10.0.60.82": 1, "10.0.60.76": 1, "10.0.107.112": 1, "10.0.60.41": 2, "10.0.107.148": 1, "10.0.107.125": 1, "10.0.60.85": 2, "10.0.107.86": 2, "10.0.108.50": 2, "10.0.60.96": 2, "10.0.108.21": 1, "10.0.108.86": 2, "10.0.60.119": 1, "10.0.60.130": 2, "10.0.108.94": 2, "10.0.108.127": 1, "10.0.60.152": 1, "10.0.108.36": 3, "10.0.60.94": 2, "10.0.108.221": 1, "10.0.60.114": 1, "10.0.108.17": 1, "10.0.60.145": 2, "10.0.60.166": 4, "10.0.108.182": 1, "10.0.108.58": 1, "10.0.107.68": 1, "10.0.60.142": 1, "10.0.108.160": 2, "10.0.107.76": 2, "10.0.60.55": 1, "10.0.60.175": 5, "10.0.108.212": 1, "10.0.109.80": 2, "10.0.60.185": 5, "10.0.109.86": 4, "10.0.60.186": 5, "10.0.109.93": 1, "10.0.60.191": 1, "10.0.109.137": 1, "10.0.60.206": 1, "10.0.60.193": 2, "10.0.109.82": 1, "10.0.60.194": 2, "10.0.109.89": 1, "10.0.109.231": 2, "10.0.109.211": 1, "10.0.60.234": 1, "10.0.109.241": 1, "10.0.60.237": 1, "10.0.60.223": 1, "10.0.110.30": 1, "10.0.60.217": 1, "10.0.109.201": 1, "10.0.60.189": 1, "10.0.109.184": 1, "10.0.60.216": 1, "10.0.110.62": 1, "10.0.60.187": 1}, "localIpTotalDuration": 277024.82950000017, "localIpDuration": {"10.0.59.253": 8973.5919, "10.0.106.39": 5386.9218, "10.0.60.12": 1798.6049, "10.0.105.61": 1799.4201, "10.0.59.204": 5395.8152, "10.0.105.233": 1799.7359, "10.0.60.25": 9140.580600000001, "10.0.105.60": 1799.9985, "10.0.106.112": 3586.2597, "10.0.106.60": 1799.7146, "10.0.106.221": 5398.3323, "10.0.106.189": 1799.2921, "10.0.105.211": 1799.2699, "10.0.106.199": 1799.3513, "10.0.107.63": 3599.2824, "10.0.60.40": 19783.9089, "10.0.107.77": 1799.6679, "10.0.107.72": 3598.3979, "10.0.107.66": 1799.6633, "10.0.107.89": 1799.6801, "10.0.60.48": 5394.0714, "10.0.107.64": 1799.7174, "10.0.107.120": 1799.3693, "10.0.60.45": 1798.6371, "10.0.60.64": 5393.389499999999, "10.0.107.136": 5375.4244, "10.0.60.82": 1798.5761, "10.0.60.76": 1798.3218, "10.0.107.112": 1799.9999, "10.0.60.41": 3595.0734, "10.0.107.148": 1797.7209, "10.0.107.125": 1799.062, "10.0.60.85": 3596.1814999999997, "10.0.107.86": 3599.0083, "10.0.108.50": 3587.5362, "10.0.60.96": 3596.1431000000002, "10.0.108.21": 1799.6693, "10.0.108.86": 3598.2668, "10.0.60.119": 1799.4122, "10.0.60.130": 3596.652, "10.0.108.94": 3599.6648, "10.0.108.127": 1799.3541, "10.0.60.152": 1798.7232, "10.0.108.36": 5398.990099999999, "10.0.60.94": 3596.9266, "10.0.108.221": 1799.6022, "10.0.60.114": 1798.0152, "10.0.108.17": 1799.3218, "10.0.60.145": 3597.2486, "10.0.60.166": 7194.3033, "10.0.108.182": 1788.0339, "10.0.108.58": 1799.9401, "10.0.107.68": 1788.0727, "10.0.60.142": 1798.6233, "10.0.108.160": 3598.7001, "10.0.107.76": 3599.3184, "10.0.60.55": 1798.0516, "10.0.60.175": 8992.2063, "10.0.108.212": 1788.0844, "10.0.109.80": 3587.8316999999997, "10.0.60.185": 8993.265, "10.0.109.86": 7175.1194, "10.0.60.186": 8991.828, "10.0.109.93": 1799.5995, "10.0.60.191": 1798.6307, "10.0.109.137": 1799.7463, "10.0.60.206": 1798.6799, "10.0.60.193": 3596.0369, "10.0.109.82": 1799.9852, "10.0.60.194": 3597.0721000000003, "10.0.109.89": 1799.5687, "10.0.109.231": 3599.4686, "10.0.109.211": 1799.3527, "10.0.60.234": 1798.9997, "10.0.109.241": 1799.7005, "10.0.60.237": 1798.6009, "10.0.60.223": 1797.6812, "10.0.110.30": 1799.9601, "10.0.60.217": 1797.7759, "10.0.109.201": 1799.3277, "10.0.60.189": 1798.1769, "10.0.109.184": 1799.6061, "10.0.60.216": 1798.785, "10.0.110.62": 1788.117, "10.0.60.187": 1799.0112}}, "Minecraft": {"localIpCount": 3, "localIpFrequency": {"10.0.60.64": 2,