{"Free Fire": {"localIpCount": 12, "localIpFrequency": {"10.0.4.23": 2, "10.0.27.43": 2, "10.0.5.219": 2, "10.0.5.243": 2, "10.0.27.81": 2, "10.0.5.168": 4, "10.0.5.245": 2, "10.0.6.54": 2, "10.0.6.132": 2, "10.0.6.176": 2, "10.0.6.187": 2, "10.0.27.152": 6}, "localIpTotalDuration": 23799.424000000003, "localIpDuration": {"10.0.4.23": 1463.9968, "10.0.27.43": 321.9572, "10.0.5.219": 2712.0094, "10.0.5.243": 3576.5858, "10.0.27.81": 587.9824, "10.0.5.168": 3647.0614, "10.0.5.245": 1248.1948, "10.0.6.54": 311.9172, "10.0.6.132": 743.99, "10.0.6.176": 453.4884, "10.0.6.187": 2544.0086, "10.0.27.152": 6188.232}}, "FIFA ONLINE 4 M": {"localIpCount": 7, "localIpFrequency": {"10.0.26.3": 2, "10.0.27.110": 4, "10.0.27.29": 2, "10.0.6.252": 2, "10.0.27.191": 2, "10.0.7.16": 2, "10.0.7.30": 4}, "localIpTotalDuration": 15600.310599999997, "localIpDuration": {"10.0.26.3": 728.4422, "10.0.27.110": 2939.8562, "10.0.27.29": 1176.041, "10.0.6.252": 2087.9366, "10.0.27.191": 531.9946, "10.0.7.16": 3216.034, "10.0.7.30": 4920.005999999999}}, "Brawl Stars": {"localIpCount": 40, "localIpFrequency": {"10.0.26.171": 2, "10.0.26.7": 2, "10.0.26.61": 4, "10.0.4.222": 4, "10.0.4.140": 2, "10.0.3.221": 2, "10.0.5.34": 2, "10.0.4.47": 2, "10.0.26.213": 6, "10.0.26.227": 2, "10.0.5.76": 4, "10.0.5.43": 4, "10.0.26.232": 2, "10.0.5.111": 4, "10.0.26.244": 2, "10.0.26.215": 8, "10.0.26.240": 2, "10.0.27.36": 8, "10.0.5.212": 4, "10.0.27.1": 2, "10.0.5.66": 2, "10.0.27.6": 6, "10.0.5.240": 6, "10.0.27.85": 4, "10.0.5.64": 2, "10.0.27.21": 4, "10.0.5.235": 2, "10.0.6.17": 2, "10.0.5.107": 2, "10.0.27.35": 2, "10.0.6.65": 2, "10.0.27.63": 2, "10.0.5.185": 2, "10.0.6.94": 2, "10.0.5.50": 2, "10.0.27.128": 2, "10.0.5.214": 2, "10.0.27.98": 2, "10.0.27.216": 2, "10.0.7.29": 2}, "localIpTotalDuration": 179900.3036, "localIpDuration": {"10.0.26.171": 3541.1208, "10.0.26.7": 3500.0206, "10.0.26.61": 4130.788, "10.0.4.222": 5183.9868, "10.0.4.140": 2952.0286, "10.0.3.221": 120.0016, "10.0.5.34": 3504.0082, "10.0.4.47": 527.9908, "10.0.26.213": 10472.1246, "10.0.26.227": 3331.9994, "10.0.5.76": 6816.013199999999, "10.0.5.43": 5904.0248, "10.0.26.232": 3388.0246, "10.0.5.111": 7031.1622, "10.0.26.244": 3332.0112, "10.0.26.215": 12264.635000000002, "10.0.26.240": 3584.0054, "10.0.27.36": 9282.045999999998, "10.0.5.212": 6839.973, "10.0.27.1": 3289.9502, "10.0.5.66": 3432.232, "10.0.27.6": 10609.963999999998, "10.0.5.240": 10317.856800000001, "10.0.27.85": 6818.250599999999, "10.0.5.64": 3458.1138, "10.0.27.21": 6831.8714, "10.0.5.235": 3576.3198, "10.0.6.17": 3575.9706, "10.0.5.107": 3474.6226, "10.0.27.35": 3360.994, "10.0.6.65": 3335.9708, "10.0.27.63": 3472.0044, "10.0.5.185": 530.0526, "10.0.6.94": 1583.9608, "10.0.5.50": 3384.0258, "10.0.27.128": 3486.011, "10.0.5.214": 3528.049, "10.0.27.98": 3388.1132, "10.0.27.216": 1875.9946, "10.0.7.29": 864.0108}}, "TFT: Teamfight Tactics": {"localIpCount": 10, "localIpFrequency": {"10.0.26.6": 2, "10.0.27.19": 2, "10.0.27.131": 10, "10.0.6.129": 2, "10.0.27.171": 2, "10.0.7.13": 2, "10.0.27.191": 2, "10.0.27.196": 4, "10.0.7.29": 2, "10.0.7.31": 2}, "localIpTotalDuration": 32912.954, "localIpDuration": {"10.0.26.6": 0.1158, "10.0.27.19": 2239.955, "10.0.27.131": 9884.056199999999, "10.0.6.129": 1032.014, "10.0.27.171": 3444.051, "10.0.7.13": 2496.5104, "10.0.27.191": 3234.0144, "10.0.27.196": 5614.0118, "10.0.7.29": 1512.2222, "10.0.7.31": 3456.0032}}, "NBA NOW 23": {"localIpCount": 2, "localIpFrequency": {"10.0.6.17": 2, "10.0.5.42": 2}, "localIpTotalDuration": 1247.723, "localIpDuration": {"10.0.6.17": 719.9622, "10.0.5.42": 527.7608}}, "Clash Royale": {"localIpCount": 3, "localIpFrequency": {"10.0.27.0": 2, "10.0.6.119": 2, "10.0.27.228": 2}, "localIpTotalDuration": 36.700799999999994, "localIpDuration": {"10.0.27.0": 0.1104, "10.0.6.119": 23.1774, "10.0.27.228": 13.413}}, "Pok\u00e9mon Unite": {"localIpCount": 3, "localIpFrequency": {"10.0.27.12": 2, "10.0.27.4": 2, "10.0.27.124": 4}, "localIpTotalDuration": 8876.197199999999, "localIpDuration": {"10.0.27.12": 3556.1926, "10.0.27.4": 0.0014, "10.0.27.124": 5320.003199999999}}, "Clash of Clan": {"localIpCount": 1, "localIpFrequency": {"10.0.27.221": 2}, "localIpTotalDuration": 0.0004, "localIpDuration": {"10.0.27.221": 0.0004}}, "WePlay - Party Game & Chat": {"localIpCount": 5, "localIpFrequency": {"10.0.26.126": 2, "10.0.26.222": 6, "10.0.6.6": 2, "10.0.27.55": 2, "10.0.6.244": 4}, "localIpTotalDuration": 15122.2252, "localIpDuration": {"10.0.26.126": 518.0196, "10.0.26.222": 5655.9604, "10.0.6.6": 888.076, "10.0.27.55": 1483.9552, "10.0.6.244": 6576.214}}, "Uma Musume Pretty Derby": {"localIpCount": 1, "localIpFrequency": {"10.0.27.184": 2}, "localIpTotalDuration": 378.0308, "localIpDuration": {"10.0.27.184": 378.0308}}, "Cookie Run: OvenBreak": {"localIpCount": 3, "localIpFrequency": {"10.0.26.174": 4, "10.0.27.156": 8, "10.0.6.251": 2}, "localIpTotalDuration": 17270.23, "localIpDuration": {"10.0.26.174": 3542.1059999999998, "10.0.27.156": 10584.1358, "10.0.6.251": 3143.9882}}, "PUBG Mobile": {"localIpCount": 37, "localIpFrequency": {"10.0.26.166": 2, "10.0.26.102": 4, "10.0.4.49": 2, "10.0.26.83": 2, "10.0.4.254": 2, "10.0.5.25": 2, "10.0.5.31": 2, "10.0.26.194": 2, "10.0.26.197": 2, "10.0.5.85": 2, "10.0.5.93": 4, "10.0.27.13": 4, "10.0.27.42": 4, "10.0.27.46": 10, "10.0.5.141": 2, "10.0.5.148": 8, "10.0.5.238": 2, "10.0.27.39": 4, "10.0.5.251": 2, "10.0.26.237": 4, "10.0.6.8": 4, "10.0.27.87": 4, "10.0.5.116": 2, "10.0.6.93": 2, "10.0.6.111": 2, "10.0.27.123": 4, "10.0.5.126": 2, "10.0.6.133": 2, "10.0.6.159": 2, "10.0.6.179": 2, "10.0.6.207": 2, "10.0.27.154": 2, "10.0.6.215": 2, "10.0.6.241": 2, "10.0.7.17": 2, "10.0.27.199": 2, "10.0.7.38": 2}, "localIpTotalDuration": 98326.98280000006, "localIpDuration": {"10.0.26.166": 3597.96, "10.0.26.102": 965.95, "10.0.4.49": 2927.9738, "10.0.26.83": 994.0102, "10.0.4.254": 792.021, "10.0.5.25": 1511.9924, "10.0.5.31": 384.4402, "10.0.26.194": 503.9914, "10.0.26.197": 293.9802, "10.0.5.85": 3191.9998, "10.0.5.93": 4848.117200000001, "10.0.27.13": 3136.0101999999997, "10.0.27.42": 6369.4944, "10.0.27.46": 10626.187800000002, "10.0.5.141": 3551.9796, "10.0.5.148": 11227.599999999999, "10.0.5.238": 384.0552, "10.0.27.39": 5796.2, "10.0.5.251": 647.7356, "10.0.26.237": 5725.868199999999, "10.0.6.8": 3791.8536, "10.0.27.87": 5277.988, "10.0.5.116": 916.4414, "10.0.6.93": 1896.497, "10.0.6.111": 528.163, "10.0.27.123": 2967.9270000000006, "10.0.5.126": 3599.9766, "10.0.6.133": 2639.9874, "10.0.6.159": 0.0, "10.0.6.179": 720.0066, "10.0.6.207": 408.6106, "10.0.27.154": 377.9972, "10.0.6.215": 2015.958, "10.0.6.241": 624.0172, "10.0.7.17": 1560.0114, "10.0.27.199": 307.9856, "10.0.7.38": 3215.995}}, "\ud0d5\ud0d5\ud2b9\uacf5\ub300": {"localIpCount": 2, "localIpFrequency": {"10.0.25.255": 2, "10.0.26.213": 2}, "localIpTotalDuration": 3570.2462000000005, "localIpDuration": {"10.0.25.255": 3570.1966, "10.0.26.213": 0.0496}}, "Genshin Impact": {"localIpCount": 3, "localIpFrequency": {"10.0.4.80": 2, "10.0.27.166": 4, "10.0.7.25": 2}, "localIpTotalDuration": 8179.2012, "localIpDuration": {"10.0.4.80": 1391.9954, "10.0.27.166": 6523.2204, "10.0.7.25": 263.9854}}, "Minecraft": {"localIpCount": 13, "localIpFrequency": {"10.0.26.136": 2, "10.0.26.153": 4, "10.0.4.224": 2, "10.0.26.125": 2, "10.0.26.130": 2, "10.0.5.43": 2, "10.0.27.14": 2, "10.0.5.116": 2, "10.0.5.114": 4, "10.0.27.22": 2, "10.0.6.60": 2, "10.0.26.242": 2, "10.0.5.149": 6}, "localIpTotalDuration": 30880.552399999993, "localIpDuration": {"10.0.26.136": 2169.9626, "10.0.26.153": 3948.408, "10.0.4.224": 1200.6158, "10.0.26.125": 419.9682, "10.0.26.130": 27.9958, "10.0.5.43": 386.1238, "10.0.27.14": 2519.9992, "10.0.5.116": 3216.0346, "10.0.5.114": 4632.0612, "10.0.27.22": 671.7762, "10.0.6.60": 1583.9736, "10.0.26.242": 1344.0034, "10.0.5.149": 8759.63}}, "Random Dice: Defense": {"localIpCount": 3, "localIpFrequency": {"10.0.5.42": 8, "10.0.6.17": 2, "10.0.27.92": 4},