{"League of Legends: Wild Rift": {"localIpCount": 2, "localIpFrequency": {"10.0.3.253": 26, "10.0.0.9": 1}, "localIpTotalDuration": 41126.0371, "localIpDuration": {"10.0.3.253": 39512.8726, "10.0.0.9": 1613.1645}}, "Clash of Clan": {"localIpCount": 1, "localIpFrequency": {"10.0.0.132": 4}, "localIpTotalDuration": 1671.2196000000001, "localIpDuration": {"10.0.0.132": 1671.2196000000001}}, "Call of Duty: Mobile": {"localIpCount": 1, "localIpFrequency": {"10.0.4.30": 1}, "localIpTotalDuration": 1314.9954, "localIpDuration": {"10.0.4.30": 1314.9954}}, "Genshin Impact": {"localIpCount": 7, "localIpFrequency": {"10.0.2.185": 20, "10.0.3.131": 8, "10.0.3.234": 5, "10.0.2.32": 39, "10.0.3.242": 14, "10.0.4.14": 5, "10.0.4.33": 5}, "localIpTotalDuration": 232750.21529999998, "localIpDuration": {"10.0.2.185": 44893.8603, "10.0.3.131": 14328.0823, "10.0.3.234": 8728.6595, "10.0.2.32": 108712.3695, "10.0.3.242": 28925.954100000003, "10.0.4.14": 18132.322, "10.0.4.33": 9028.9676}}, "Minecraft": {"localIpCount": 1, "localIpFrequency": {"10.0.3.253": 8}, "localIpTotalDuration": 10996.483100000001, "localIpDuration": {"10.0.3.253": 10996.483100000001}}, "Random Dice: Defense": {"localIpCount": 1, "localIpFrequency": {"10.0.3.131": 2}, "localIpTotalDuration": 494.25970000000007, "localIpDuration": {"10.0.3.131": 494.25970000000007}}, "Pok\u00e9mon GO": {"localIpCount": 2, "localIpFrequency": {"10.0.3.248": 4, "10.0.0.132": 2}, "localIpTotalDuration": 11025.403299999998, "localIpDuration": {"10.0.3.248": 10608.683799999999, "10.0.0.132": 416.7195}}, "F1 Clash - Car Racing Manager": {"localIpCount": 1, "localIpFrequency": {"10.0.0.9": 1}, "localIpTotalDuration": 433.097, "localIpDuration": {"10.0.0.9": 433.097}}, "Modern Warships": {"localIpCount": 1, "localIpFrequency": {"10.0.0.132": 12}, "localIpTotalDuration": 14026.455399999999, "localIpDuration": {"10.0.0.132": 14026.455399999999}}, "PUBG Mobile": {"localIpCount": 5, "localIpFrequency": {"10.0.3.177": 7, "10.0.0.39": 18, "10.0.3.251": 1, "10.0.4.20": 6, "10.0.4.31": 1}, "localIpTotalDuration": 67636.6483, "localIpDuration": {"10.0.3.177": 3796.303, "10.0.0.39": 56093.422999999995, "10.0.3.251": 336.0578, "10.0.4.20": 7093.8082, "10.0.4.31": 317.0563}}, "FIFA Mobile": {"localIpCount": 1, "localIpFrequency": {"10.0.4.13": 1}, "localIpTotalDuration": 355.8718, "localIpDuration": {"10.0.4.13": 355.8718}}, "Blue Archive": {"localIpCount": 1, "localIpFrequency": {"10.0.3.248": 2}, "localIpTotalDuration": 2434.096, "localIpDuration": {"10.0.3.248": 2434.096}}, "NBA NOW 23": {"localIpCount": 1, "localIpFrequency": {"10.0.3.131": 2}, "localIpTotalDuration": 12.7383, "localIpDuration": {"10.0.3.131": 12.7383}}, "Brawl Stars": {"localIpCount": 3, "localIpFrequency": {"10.0.0.78": 12, "10.0.2.185": 2, "10.0.0.132": 2}, "localIpTotalDuration": 13164.012699999997, "localIpDuration": {"10.0.0.78": 9568.542599999999, "10.0.2.185": 1720.4116000000001, "10.0.0.132": 1875.0585}}, "The Lord of the Rings: War": {"localIpCount": 1, "localIpFrequency": {"10.0.4.10": 1}, "localIpTotalDuration": 37.902, "localIpDuration": {"10.0.4.10": 37.902}}}