{"Goddess of Victory: Nikke": {"localIpCount": 1, "localIpFrequency": {"10.0.1.221": 1}, "localIpTotalDuration": 266.2517, "localIpDuration": {"10.0.1.221": 266.2517}}, "ZEPETO": {"localIpCount": 5, "localIpFrequency": {"10.0.0.222": 1, "10.0.1.221": 13, "10.0.0.100": 1, "10.0.1.239": 2, "10.0.2.108": 1}, "localIpTotalDuration": 21866.5097, "localIpDuration": {"10.0.0.222": 0.0001, "10.0.1.221": 19191.281000000003, "10.0.0.100": 0.0001, "10.0.1.239": 2170.589, "10.0.2.108": 504.6395}}, "Pixel Hero": {"localIpCount": 2, "localIpFrequency": {"10.0.3.97": 1, "10.0.0.189": 1}, "localIpTotalDuration": 1707.9087, "localIpDuration": {"10.0.3.97": 1238.9052, "10.0.0.189": 469.0035}}, "Clash Royale": {"localIpCount": 3, "localIpFrequency": {"10.0.0.169": 2, "10.0.0.247": 1, "10.0.0.68": 1}, "localIpTotalDuration": 3171.2829, "localIpDuration": {"10.0.0.169": 1728.7912000000001, "10.0.0.247": 1246.0417, "10.0.0.68": 196.45}}, "TFT: Teamfight Tactics": {"localIpCount": 2, "localIpFrequency": {"10.0.3.177": 1, "10.0.4.79": 1}, "localIpTotalDuration": 2520.0281999999997, "localIpDuration": {"10.0.3.177": 1729.0262, "10.0.4.79": 791.002}}, "PUBG Mobile": {"localIpCount": 3, "localIpFrequency": {"10.0.4.65": 9, "10.0.4.149": 2, "10.0.2.229": 1}, "localIpTotalDuration": 11046.5625, "localIpDuration": {"10.0.4.65": 8077.8492, "10.0.4.149": 2072.4146, "10.0.2.229": 896.2987}}, "Clash of Clan": {"localIpCount": 2, "localIpFrequency": {"10.0.5.10": 1, "10.0.4.46": 2}, "localIpTotalDuration": 895.8533, "localIpDuration": {"10.0.5.10": 811.9433, "10.0.4.46": 83.91}}, "League of Legends: Wild Rift": {"localIpCount": 2, "localIpFrequency": {"10.0.4.45": 1, "10.0.4.215": 4}, "localIpTotalDuration": 5984.933300000001, "localIpDuration": {"10.0.4.45": 371.0628, "10.0.4.215": 5613.8705}}, "Modern Warships": {"localIpCount": 1, "localIpFrequency": {"10.0.1.247": 1}, "localIpTotalDuration": 160.7547, "localIpDuration": {"10.0.1.247": 160.7547}}, "Zombie High School": {"localIpCount": 5, "localIpFrequency": {"10.0.4.46": 3, "10.0.1.187": 2, "10.0.4.241": 7, "10.0.0.127": 1, "10.0.3.177": 1}, "localIpTotalDuration": 11423.987200000001, "localIpDuration": {"10.0.4.46": 2275.4907, "10.0.1.187": 903.1056, "10.0.4.241": 5046.151999999999, "10.0.0.127": 1701.1343, "10.0.3.177": 1498.1046}}, "HATSUNE MIKU: COLORFUL STAGE!": {"localIpCount": 4, "localIpFrequency": {"10.0.0.52": 2, "10.0.1.221": 1, "10.0.4.66": 2, "10.0.1.252": 2}, "localIpTotalDuration": 8497.1592, "localIpDuration": {"10.0.0.52": 888.8698, "10.0.1.221": 1323.1873, "10.0.4.66": 3401.1188, "10.0.1.252": 2883.9833}}, "DRAGON BALL LEGENDS": {"localIpCount": 1, "localIpFrequency": {"10.0.1.33": 1}, "localIpTotalDuration": 273.1596, "localIpDuration": {"10.0.1.33": 273.1596}}, "Pok\u00e9mon Unite": {"localIpCount": 2, "localIpFrequency": {"10.0.0.165": 6, "10.0.1.172": 1}, "localIpTotalDuration": 9311.1881, "localIpDuration": {"10.0.0.165": 9002.7231, "10.0.1.172": 308.465}}, "Brawl Stars": {"localIpCount": 15, "localIpFrequency": {"10.0.1.185": 3, "10.0.2.244": 1, "10.0.5.12": 1, "10.0.0.165": 1, "10.0.4.149": 4, "10.0.0.188": 4, "10.0.1.192": 1, "10.0.5.14": 1, "10.0.0.193": 1, "10.0.3.25": 2, "10.0.0.185": 1, "10.0.0.163": 1, "10.0.2.45": 1, "10.0.0.31": 1, "10.0.1.233": 1}, "localIpTotalDuration": 38904.83510000001, "localIpDuration": {"10.0.1.185": 5222.7443, "10.0.2.244": 1273.659, "10.0.5.12": 1722.0086, "10.0.0.165": 1700.9729, "10.0.4.149": 6649.5776000000005, "10.0.0.188": 6509.2898, "10.0.1.192": 1791.9952, "10.0.5.14": 1771.1768, "10.0.0.193": 1735.9235, "10.0.3.25": 2583.0431, "10.0.0.185": 1743.2323, "10.0.0.163": 1791.4103, "10.0.2.45": 1448.3915, "10.0.0.31": 1751.0137, "10.0.1.233": 1210.3965}}, "WePlay - Party Game & Chat": {"localIpCount": 4, "localIpFrequency": {"10.0.2.125": 1, "10.0.1.18": 2, "10.0.4.153": 2, "10.0.0.185": 10}, "localIpTotalDuration": 20860.328400000002, "localIpDuration": {"10.0.2.125": 154.052, "10.0.1.18": 435.64, "10.0.4.153": 2478.0532000000003, "10.0.0.185": 17792.5832}}, "Mafia42: Mafia Party Game": {"localIpCount": 2, "localIpFrequency": {"10.0.5.29": 1, "10.0.3.145": 3}, "localIpTotalDuration": 1358.0595, "localIpDuration": {"10.0.5.29": 196.1297, "10.0.3.145": 1161.9298000000001}}, "Diablo Immortal": {"localIpCount": 1, "localIpFrequency": {"10.0.2.250": 1}, "localIpTotalDuration": 728.1619, "localIpDuration": {"10.0.2.250": 728.1619}}, "Roblox": {"localIpCount": 37, "localIpFrequency": {"10.0.0.7": 1, "10.0.0.98": 1, "10.0.1.221": 1, "10.0.2.25": 1, "10.0.2.173": 2, "10.0.1.245": 1, "10.0.1.59": 1, "10.0.0.41": 2, "10.0.1.17": 1, "10.0.5.5": 1, "10.0.4.184": 2, "10.0.1.73": 1, "10.0.0.167": 1, "10.0.1.192": 1, "10.0.0.209": 2, "10.0.5.11": 1, "10.0.2.45": 2, "10.0.0.68": 1, "10.0.4.62": 1, "10.0.2.191": 1, "10.0.5.19": 1, "10.0.2.33": 2, "10.0.0.55": 1, "10.0.2.129": 1, "10.0.4.160": 1, "10.0.2.169": 1, "10.0.3.215": 1, "10.0.0.177": 1, "10.0.2.121": 1, "10.0.2.125": 1, "10.0.0.251": 1, "10.0.2.163": 1, "10.0.1.223": 1, "10.0.2.239": 1, "10.0.0.255": 1, "10.0.2.231": 1, "10.0.2.5": 2}, "localIpTotalDuration": 79141.21909999996, "localIpDuration": {"10.0.0.7": 1799.9215, "10.0.0.98": 1797.3245, "10.0.1.221": 1798.6432, "10.0.2.25": 1798.6267, "10.0.2.173": 3596.3174, "10.0.1.245": 1798.6094, "10.0.1.59": 1798.6577, "10.0.0.41": 3597.6843, "10.0.1.17": 1798.6329, "10.0.5.5": 1798.6921, "10.0.4.184": 3597.3628, "10.0.1.73": 1798.6659, "10.0.0.167": 1798.6802, "10.0.1.192": 1797.4391, "10.0.0.209": 3597.6092, "10.0.5.11": 1798.7267, "10.0.2.45": 3597.4551, "10.0.0.68": 1799.7049, "10.0.4.62": 1797.0988, "10.0.2.191": 1798.7937, "10.0.5.19": 1799.198, "10.0.2.33": 3597.0434999999998, "10.0.0.55": 1798.6373, "10.0.2.129": 1797.9875, "10.0.4.160": 1798.9569, "10.0.2.169": 1798.7115, "10.0.3.215": 1799.958, "10.0.0.177": 1799.67, "10.0.2.121": 1798.8391, "10.0.2.125": 1798.4106, "10.0.0.251": 1798.6157, "10.0.2.163": 1799.4389, "10.0.1.223": 1798.3357, "10.0.2.239": 1798.5717, "10.0.0.255": 1798.734, "10.0.2.231": 1798.0505, "10.0.2.5": 3597.4141}}, "Honkai: Star Rail": {"localIpCount": 1, "localIpFrequency": {"10.0.3.180": 2}, "localIpTotalDuration": 287.3681, "localIpDuration": {"10.0.3.180": 287.3681}}, "FIFA Mobile": {"localIpCount": 10, "localIpFrequency": {"10.0.1.187": 1, "10.0.4.139": 1, "10.0.3.215": 3, "10.0.0.220": 6, "10.0.2.37": 1, "10.0.4.46": 2, "10.0.0.66": 2, "10.0.1.27": 1, "10.0.5.25": 2, "10.0.1.252": 1}, "localIpTotalDuration": 26842.6831, "localIpDuration": {"10.0.1.187": 1399.7772, "10.0.4.139": 342.9382, "10.0.3.215": 2911.9669000000004, "10.0.0.220": 10511.847600000001, "10.0.2.37": 1623.8238, "10.0.4.46": 2218.2131, "10.0.0.66": 1883.2065, "10.0.1.27": 1750.2061, "10.0.5.25": 2436.3389, "10.0.1.252": 1764.3648}}, "FIFA ONLINE 4 M": {"localIpCount": 9, "localIpFrequency": {"10.0.1.77": 5, "10.0.3.215": 2, "10.0.1.239": 1, "10.0.2.37": 1, "10.0.4.46": 1, "10.0.0.66": 1, "10.0.3.106": 1, "10.0.5.25": 1, "10.0.1.180": 1}, "localIpTotalDuration": 12554.902, "localIpDuration": {"10.0.1.77": 3640.6042, "10.0.3.215": 1966.6671000000001, "10.0.1.239": 1117.1377, "10.0.2.37": 1617.0899, "10.0.4.46": 0.0, "10.0.0.66": 552.86, "10.0.3.106": 1378.9322, "10.0.5.25": 482.9405, "10.0.1.180": 1798.6704}}, "KartRider Rush+": {"localIpCount": 1, "localIpFrequency": {"10.0.0.151": 4}, "localIpTotalDuration": 2492.2741, "localIpDuration": {"10.0.0.151": 2492.2741}}, "\ud0d5\ud0d5\ud2b9\uacf5\ub300": {"localIpCount": 3, "localIpFrequency": {"10.0.0.164": 1, "10.0.0.165": 1, "10.0.4.182": 1}, "localIpTotalDuration": 1505.3662, "localIpDuration": {"10.0.0.164": 252.1406, "10.0.0.165": 1253.2255, "10.0.4.182": 0.0001}}, "Odin: Valhalla Rising": {"localIpCount": 1, "localIpFrequency": {"10.0.3.170": 1}, "localIpTotalDuration": 0.0001, "localIpDuration": {"10.0.3.170": 0.0001}}, "Modern Combat": {"localIpCount": 1, "localIpFrequency": {"10.0.2.108": 1}, "localIpTotalDuration": 119.7531, "localIpDuration": {"10.0.2.108": 119.7531}}, "Cookie Run: Kingdom": {"localIpCount": 6,