{"FIFA ONLINE 4 M": {"localIpCount": 2, "localIpFrequency": {"10.0.3.254": 1, "10.0.1.211": 1}, "localIpTotalDuration": 158.5332, "localIpDuration": {"10.0.3.254": 0.0001, "10.0.1.211": 158.5331}}, "UNO": {"localIpCount": 1, "localIpFrequency": {"10.0.3.166": 1}, "localIpTotalDuration": 65.737, "localIpDuration": {"10.0.3.166": 65.737}}, "Genshin Impact": {"localIpCount": 2, "localIpFrequency": {"10.0.3.69": 19, "10.0.0.18": 5}, "localIpTotalDuration": 19956.615600000005, "localIpDuration": {"10.0.3.69": 13949.450600000002, "10.0.0.18": 6007.165000000001}}, "Minecraft": {"localIpCount": 3, "localIpFrequency": {"10.0.3.181": 3, "10.0.4.3": 1, "10.0.3.76": 1}, "localIpTotalDuration": 6121.695699999999, "localIpDuration": {"10.0.3.181": 3830.0464999999995, "10.0.4.3": 523.3138, "10.0.3.76": 1768.3354}}, "Random Dice: Defense": {"localIpCount": 1, "localIpFrequency": {"10.0.2.0": 1}, "localIpTotalDuration": 1221.5426, "localIpDuration": {"10.0.2.0": 1221.5426}}, "The Lord of the Rings: War": {"localIpCount": 1, "localIpFrequency": {"10.0.0.95": 2}, "localIpTotalDuration": 1934.9385, "localIpDuration": {"10.0.0.95": 1934.9385}}, "Merge Fantasy Island": {"localIpCount": 1, "localIpFrequency": {"10.0.1.14": 6}, "localIpTotalDuration": 1103.1779000000001, "localIpDuration": {"10.0.1.14": 1103.1779000000001}}, "KartRider: Drift": {"localIpCount": 1, "localIpFrequency": {"10.0.3.60": 3}, "localIpTotalDuration": 3163.0083999999997, "localIpDuration": {"10.0.3.60": 3163.0083999999997}}, "Pok\u00e9mon GO": {"localIpCount": 2, "localIpFrequency": {"10.0.0.8": 2, "10.0.2.191": 2}, "localIpTotalDuration": 1595.6089, "localIpDuration": {"10.0.0.8": 1190.4107, "10.0.2.191": 405.1982}}, "\ucef4\ud22c\uc2a4\ud504\ub85c\uc57c\uad6c2022": {"localIpCount": 2, "localIpFrequency": {"10.0.3.246": 1, "10.0.3.148": 1}, "localIpTotalDuration": 1905.5295999999998, "localIpDuration": {"10.0.3.246": 1541.1441, "10.0.3.148": 364.3855}}, "Roblox (Adopt Me!)": {"localIpCount": 26, "localIpFrequency": {"10.0.3.127": 4, "10.0.3.24": 2, "10.0.2.9": 1, "10.0.1.239": 1, "10.0.1.203": 1, "10.0.2.26": 1, "10.0.3.176": 1, "10.0.3.167": 1, "10.0.3.147": 1, "10.0.3.187": 1, "10.0.1.138": 1, "10.0.0.8": 1, "10.0.1.98": 2, "10.0.3.251": 1, "10.0.2.223": 1, "10.0.4.1": 1, "10.0.3.69": 3, "10.0.2.233": 1, "10.0.2.191": 1, "10.0.1.166": 1, "10.0.2.121": 1, "10.0.3.5": 1, "10.0.3.181": 1, "10.0.3.183": 1, "10.0.2.139": 1, "10.0.3.239": 1}, "localIpTotalDuration": 57263.7354, "localIpDuration": {"10.0.3.127": 6585.7183, "10.0.3.24": 3548.8785, "10.0.2.9": 1609.3129, "10.0.1.239": 1694.3103, "10.0.1.203": 1711.1874, "10.0.2.26": 1781.5107, "10.0.3.176": 1797.8849, "10.0.3.167": 1786.1887, "10.0.3.147": 1792.9127, "10.0.3.187": 1713.3142, "10.0.1.138": 1621.673, "10.0.0.8": 1515.8906, "10.0.1.98": 3588.9030000000002, "10.0.3.251": 1681.4114, "10.0.2.223": 1794.9711, "10.0.4.1": 1537.0012, "10.0.3.69": 5375.1461, "10.0.2.233": 1770.5645, "10.0.2.191": 1795.4611, "10.0.1.166": 1771.5927, "10.0.2.121": 1795.3424, "10.0.3.5": 1796.7567, "10.0.3.181": 1799.5084, "10.0.3.183": 1799.1232, "10.0.2.139": 1799.1759, "10.0.3.239": 1799.9955}}, "FIFA Mobile": {"localIpCount": 7, "localIpFrequency": {"10.0.1.237": 1, "10.0.3.19": 1, "10.0.3.216": 2, "10.0.3.176": 1, "10.0.2.219": 1, "10.0.1.211": 3, "10.0.2.207": 1}, "localIpTotalDuration": 11846.3442, "localIpDuration": {"10.0.1.237": 373.5865, "10.0.3.19": 1792.3855, "10.0.3.216": 1119.1981, "10.0.3.176": 451.6504, "10.0.2.219": 1742.7925, "10.0.1.211": 4803.6534, "10.0.2.207": 1563.0778}}, "NBA NOW 23": {"localIpCount": 1, "localIpFrequency": {"10.0.2.0": 1}, "localIpTotalDuration": 0.0001, "localIpDuration": {"10.0.2.0": 0.0001}}, "Valor Legends: Dog Rescue": {"localIpCount": 1, "localIpFrequency": {"10.0.0.204": 2}, "localIpTotalDuration": 1352.05, "localIpDuration": {"10.0.0.204": 1352.05}}, "KartRider Rush+": {"localIpCount": 1, "localIpFrequency": {"10.0.2.60": 1}, "localIpTotalDuration": 953.9513, "localIpDuration": {"10.0.2.60": 953.9513}}, "WePlay - Party Game & Chat": {"localIpCount": 1, "localIpFrequency": {"10.0.3.126": 4}, "localIpTotalDuration": 4046.5621, "localIpDuration": {"10.0.3.126": 4046.5621}}, "League of Legends: Wild Rift": {"localIpCount": 3, "localIpFrequency": {"10.0.2.110": 2, "10.0.3.3": 1, "10.0.3.62": 1}, "localIpTotalDuration": 2560.448, "localIpDuration": {"10.0.2.110": 2457.3547, "10.0.3.3": 30.8437, "10.0.3.62": 72.2496}}, "\ud0d5\ud0d5\ud2b9\uacf5\ub300": {"localIpCount": 3, "localIpFrequency": {"10.0.2.117": 4, "10.0.2.0": 1, "10.0.3.176": 1}, "localIpTotalDuration": 3983.3688, "localIpDuration": {"10.0.2.117": 2061.1508, "10.0.2.0": 1775.6669, "10.0.3.176": 146.5511}}, "Clash of Clan": {"localIpCount": 1, "localIpFrequency": {"10.0.0.8": 1}, "localIpTotalDuration": 0.7778, "localIpDuration": {"10.0.0.8": 0.7778}}, "Clash Royale": {"localIpCount": 2, "localIpFrequency": {"10.0.2.200": 5, "10.0.3.216": 1}, "localIpTotalDuration": 3828.7908, "localIpDuration": {"10.0.2.200": 2146.3979, "10.0.3.216": 1682.3929}}, "Cookie Run: Kingdom": {"localIpCount": 1, "localIpFrequency": {"10.0.1.192": 1}, "localIpTotalDuration": 1052.2185, "localIpDuration": {"10.0.1.192": 1052.2185}}, "Zombie High School": {"localIpCount": 1, "localIpFrequency": {"10.0.3.15": 2}, "localIpTotalDuration": 1244.2521000000002, "localIpDuration": {"10.0.3.15": 1244.2521000000002}}, "Brawl Stars": {"localIpCount": 6, "localIpFrequency": {"10.0.3.55": 1, "10.0.0.8": 1, "10.0.2.219": 1, "10.0.2.58": 2, "10.0.2.83": 1, "10.0.1.205": 1}, "localIpTotalDuration": 8973.0514, "localIpDuration": {"10.0.3.55": 1632.0696, "10.0.0.8": 752.1564, "10.0.2.219": 1594.5626, "10.0.2.58": 3415.5678, "10.0.2.83": 69.2294, "10.0.1.205": 1509.4656}}, "Roblox": {"localIpCount": 25, "localIpFrequency": {"10.0.2.199": 2, "10.0.3.181": 1, "10.0.3.24": 1, "10.0.3.127": 2, "10.0.2.0": 1, "10.0.1.184": 3, "10.0.2.26": 1, "10.0.2.157": 1, "10.0.1.161": 1, "10.0.2.22": 1, "10.0.2.94": 1, "10.0.1.138": 1, "10.0.1.239": 3, "10.0.3.251": 2, "10.0.2.213": 3, "10.0.4.1": 1, "10.0.1.203": 1, "10.0.1.236": 1, "10.0.3.183": 1, "10.0.3.69": 1, "10.0.2.59": 1, "10.0.1.208": 1, "10.0.2.186": 1, "10.0.2.250": 1, "10.0.3.155": 1}, "localIpTotalDuration": 61193.674699999996, "localIpDuration": {"10.0.2.199": 3599.6621, "10.0.3.181": 1799.7072, "10.0.3.24": 1800.0192, "10.0.3.127": 3599.9799000000003, "10.0.2.0": 1799.6937, "10.0.1.184": 5399.629800000001, "10.0.2.26": 1799.8708, "10.0.2.157": 1799.9816, "10.0.1.161": 1800.0378, "10.0.2.22": 1800.0032, "10.0.2.94": 1799.9615, "10.0.1.138": 1799.5632, "10.0.1.239": 5399.0141, "10.0.3.251": 3597.9692, "10.0.2.213": 5398.6146, "10.0.4.1": 1799.9557, "10.0.1.203": 1800.0063, "10.0.1.236": 1800.0492, "10.0.3.183": 1800.0454, "10.0.3.69": 1800.0217, "10.0.2.59": 1799.8914, "10.0.1.208": 1800.0197, "10.0.2.186": 1800.0361, "10.0.2.250": 1799.9084, "10.0.3.155": 1800.0329}}, "PUBG Mobile": {"localIpCount": 2, "localIpFrequency": {"10.0.0.95": 5, "10.0.1.244": 3}, "localIpTotalDuration": 8081.459500000001, "localIpDuration": {"10.0.0.95": 4676.0784, "10.0.1.244": 3405.3810999999996}}, "Goddess of Victory: Nikke": {"localIpCount": 1, "localIpFrequency": {"10.0.2.88": 1}, "localIpTotalDuration": 466.2596, "localIpDuration": {"10.0.2.88": 466.2596}}}