{"Roblox": {"localIpCount": 31, "localIpFrequency": {"10.0.0.113": 1, "10.0.0.34": 3, "10.0.0.190": 7, "10.0.0.250": 5, "10.0.1.27": 4, "10.0.0.166": 1, "10.0.0.156": 3, "10.0.0.54": 2, "10.0.4.195": 2, "10.0.0.172": 2, "10.0.0.27": 3, "10.0.1.231": 1, "10.0.0.102": 3, "10.0.1.116": 1, "10.0.3.5": 2, "10.0.3.186": 1, "10.0.2.224": 3, "10.0.3.72": 2, "10.0.0.116": 1, "10.0.2.74": 1, "10.0.2.166": 1, "10.0.0.86": 1, "10.0.0.244": 1, "10.0.0.72": 1, "10.0.3.28": 1, "10.0.1.81": 1, "10.0.3.244": 2, "10.0.3.3": 1, "10.0.2.78": 1, "10.0.3.229": 1, "10.0.0.7": 1}, "localIpTotalDuration": 107964.79380000004, "localIpDuration": {"10.0.0.113": 1799.2392, "10.0.0.34": 5398.396699999999, "10.0.0.190": 12596.6433, "10.0.0.250": 8997.5373, "10.0.1.27": 7198.249099999999, "10.0.0.166": 1799.2818, "10.0.0.156": 5397.3223, "10.0.0.54": 3598.8115, "10.0.4.195": 3598.825, "10.0.0.172": 3598.2132, "10.0.0.27": 5398.7833, "10.0.1.231": 1799.5631, "10.0.0.102": 5396.9477, "10.0.1.116": 1799.5479, "10.0.3.5": 3598.5906, "10.0.3.186": 1799.5741, "10.0.2.224": 5398.2893, "10.0.3.72": 3598.1068, "10.0.0.116": 1799.9991, "10.0.2.74": 1799.5498, "10.0.2.166": 1799.545, "10.0.0.86": 1799.0899, "10.0.0.244": 1799.9999, "10.0.0.72": 1799.2832, "10.0.3.28": 1798.0032, "10.0.1.81": 1799.9997, "10.0.3.244": 3599.6174, "10.0.3.3": 1799.3144, "10.0.2.78": 1799.6132, "10.0.3.229": 1799.6153, "10.0.0.7": 1799.2415}}, "Brawl Stars": {"localIpCount": 9, "localIpFrequency": {"10.0.4.188": 1, "10.0.1.1": 1, "10.0.3.63": 9, "10.0.0.71": 1, "10.0.0.188": 1, "10.0.0.40": 1, "10.0.4.139": 2, "10.0.0.42": 3, "10.0.0.44": 1}, "localIpTotalDuration": 27001.8323, "localIpDuration": {"10.0.4.188": 318.0012, "10.0.1.1": 1742.015, "10.0.3.63": 12445.771999999999, "10.0.0.71": 1614.0052, "10.0.0.188": 1603.9891, "10.0.0.40": 1794.0151, "10.0.4.139": 3524.0008, "10.0.0.42": 3938.0307, "10.0.0.44": 22.0032}}, "KartRider Rush+": {"localIpCount": 1, "localIpFrequency": {"10.0.4.97": 2}, "localIpTotalDuration": 250.00039999999998, "localIpDuration": {"10.0.4.97": 250.00039999999998}}, "Valor Legends: Dog Rescue": {"localIpCount": 1, "localIpFrequency": {"10.0.0.102": 8}, "localIpTotalDuration": 7602.0912, "localIpDuration": {"10.0.0.102": 7602.0912}}, "HATSUNE MIKU: COLORFUL STAGE!": {"localIpCount": 1, "localIpFrequency": {"10.0.4.164": 1}, "localIpTotalDuration": 106.0229, "localIpDuration": {"10.0.4.164": 106.0229}}, "Roblox (Game)": {"localIpCount": 31, "localIpFrequency": {"10.0.0.113": 2, "10.0.0.13": 1, "10.0.1.0": 3, "10.0.4.195": 8, "10.0.0.34": 1, "10.0.0.156": 1, "10.0.3.3": 3, "10.0.3.72": 4, "10.0.0.27": 2, "10.0.0.123": 1, "10.0.0.116": 2, "10.0.4.113": 1, "10.0.1.18": 1, "10.0.1.1": 1, "10.0.3.215": 1, "10.0.0.111": 1, "10.0.1.116": 1, "10.0.0.77": 1, "10.0.1.51": 1, "10.0.0.172": 2, "10.0.2.74": 1, "10.0.0.54": 2, "10.0.0.190": 1, "10.0.0.244": 2, "10.0.0.21": 1, "10.0.1.81": 1, "10.0.0.166": 7, "10.0.3.244": 2, "10.0.2.78": 1, "10.0.4.216": 1, "10.0.3.186": 1}, "localIpTotalDuration": 97079.64029999997, "localIpDuration": {"10.0.0.113": 3578.0193, "10.0.0.13": 1725.9964, "10.0.1.0": 5371.0697, "10.0.4.195": 12270.016199999998, "10.0.0.34": 1586.0057, "10.0.0.156": 1459.9985, "10.0.3.3": 5382.0162, "10.0.3.72": 7027.495800000001, "10.0.0.27": 3589.1643999999997, "10.0.0.123": 1792.0022, "10.0.0.116": 3581.0097, "10.0.4.113": 1772.0018, "10.0.1.18": 1795.9966, "10.0.1.1": 1799.992, "10.0.3.215": 1790.0042, "10.0.0.111": 1799.9918, "10.0.1.116": 1797.2076, "10.0.0.77": 1799.1543, "10.0.1.51": 1798.4424, "10.0.0.172": 3548.0007, "10.0.2.74": 1798.006, "10.0.0.54": 3250.0109, "10.0.0.190": 1799.9962, "10.0.0.244": 3594.0171, "10.0.0.21": 1748.0002, "10.0.1.81": 1784.004, "10.0.0.166": 10542.0152, "10.0.3.244": 3383.9975, "10.0.2.78": 792.0011, "10.0.4.216": 1766.0048, "10.0.3.186": 1358.0018}}, "Pok\u00e9mon GO": {"localIpCount": 3, "localIpFrequency": {"10.0.0.128": 12, "10.0.3.35": 1, "10.0.0.77": 7}, "localIpTotalDuration": 27221.184100000006, "localIpDuration": {"10.0.0.128": 16642.0317, "10.0.3.35": 1664.0089, "10.0.0.77": 8915.1435}}, "FIFA Mobile": {"localIpCount": 9, "localIpFrequency": {"10.0.4.188": 1, "10.0.0.190": 5, "10.0.0.113": 1, "10.0.0.188": 4, "10.0.3.177": 1, "10.0.3.63": 1, "10.0.1.31": 5, "10.0.3.55": 2, "10.0.0.58": 1}, "localIpTotalDuration": 27702.106899999995, "localIpDuration": {"10.0.4.188": 1550.0011, "10.0.0.190": 7050.0372, "10.0.0.113": 1550.0033, "10.0.0.188": 6040.0442, "10.0.3.177": 630.0002, "10.0.3.63": 323.9989, "10.0.1.31": 5338.0171, "10.0.3.55": 3528.0014, "10.0.0.58": 1692.0035}}, "DRAGON BALL LEGENDS": {"localIpCount": 2, "localIpFrequency": {"10.0.0.166": 4, "10.0.0.39": 1}, "localIpTotalDuration": 5176.0108, "localIpDuration": {"10.0.0.166": 3989.9994, "10.0.0.39": 1186.0114}}, "Zombie High School": {"localIpCount": 2, "localIpFrequency": {"10.0.1.81": 1, "10.0.0.239": 1}, "localIpTotalDuration": 412.18899999999996, "localIpDuration": {"10.0.1.81": 313.9973, "10.0.0.239": 98.1917}}, "Ninja Must Die": {"localIpCount": 1, "localIpFrequency": {"10.0.0.215": 14}, "localIpTotalDuration": 14476.014099999999, "localIpDuration": {"10.0.0.215": 14476.014099999999}}, "\ud0d5\ud0d5\ud2b9\uacf5\ub300": {"localIpCount": 1, "localIpFrequency": {"10.0.4.201": 1}, "localIpTotalDuration": 376.0003, "localIpDuration": {"10.0.4.201": 376.0003}}, "Clash Royale": {"localIpCount": 8, "localIpFrequency": {"10.0.4.188": 7, "10.0.1.116": 1, "10.0.0.113": 1, "10.0.0.19": 1, "10.0.1.31": 1, "10.0.1.89": 1, "10.0.4.227": 1, "10.0.1.81": 1}, "localIpTotalDuration": 14249.682500000003, "localIpDuration": {"10.0.4.188": 10485.622599999999, "10.0.1.116": 450.0041, "10.0.0.113": 2.0095, "10.0.0.19": 16.0295, "10.0.1.31": 940.0112, "10.0.1.89": 0.0, "10.0.4.227": 994.0004, "10.0.1.81": 1362.0052}}, "Genshin Impact": {"localIpCount": 2, "localIpFrequency": {"10.0.2.26": 3, "10.0.1.207": 3}, "localIpTotalDuration": 7364.0106000000005, "localIpDuration": {"10.0.2.26": 3392.003, "10.0.1.207": 3972.0076}}, "WePlay - Party Game & Chat": {"localIpCount": 3, "localIpFrequency": {"10.0.3.55": 1, "10.0.4.178": 1, "10.0.1.67": 1}, "localIpTotalDuration": 512.0062, "localIpDuration": {"10.0.3.55": 199.9972, "10.0.4.178": 152.0033, "10.0.1.67": 160.0057}}, "Diablo Immortal": {"localIpCount": 1, "localIpFrequency": {"10.0.4.209": 2}, "localIpTotalDuration": 2716.0034, "localIpDuration": {"10.0.4.209": 2716.0034}}, "Clash of Clan": {"localIpCount": 6, "localIpFrequency": {"10.0.4.109": 13, "10.0.4.116": 2, "10.0.4.188": 1, "10.0.2.209": 2, "10.0.1.213": 1, "10.0.4.123": 1}, "localIpTotalDuration": 16516.6715, "localIpDuration": {"10.0.4.109": 11009.611800000002, "10.0.4.116": 3428.0051000000003, "10.0.4.188": 480.0022, "10.0.2.209": 1.0524, "10.0.1.213": 1598.0, "10.0.4.123": 0.0}}, "Odin: Valhalla Rising": {"localIpCount": 1, "localIpFrequency": {"10.0.0.190": 1}, "localIpTotalDuration": 0.0, "localIpDuration": {"10.0.0.190": 0.0}}, "FIFA ONLINE 4 M": {"localIpCount": 4, "localIpFrequency": {"10.0.4.123": 2, "10.0.1.31": 1, "10.0.1.89": 1, "10.0.1.82": 1}, "localIpTotalDuration": 4084.0073, "localIpDuration": {"10.0.4.123": 1872.0095999999999, "10.0.1.31": 149.9989, "10.0.1.89": 460.0014, "10.0.1.82": 1601.9974}}, "League of Legends: Wild Rift": {"localIpCount": 11, "localIpFrequency": {"10.0.0.106": 1, "10.0.4.174": 3, "10.0.2.57": 4, "10.0.4.199": 18, "10.0.2.169": 7, "10.0.1.50": 1, "10.0.3.129": 1, "10.0.2.167": 2, "10.0.3.135": 1, "10.0.1.79": 1, "10.0.4.129": 1}, "localIpTotalDuration": 58619.5902, "localIpDuration": {"10.0.0.106": 0.0, "10.0.4.174": 4379.5987000000005, "10.0.2.57": 6951.9985, "10.0.4.199": 28681.9813, "10.0.2.169": 9749.9967, "10.0.1.50": 1482.001, "10.0.3.129": 1718.0088, "10.0.2.167": 1574.007, "10.0.3.135": 907.9999, "10.0.1.79": 1509.9978, "10.0.4.129": 1664.0005}}, "The Lord of the Rings: War": {"localIpCount": 2, "localIpFrequency": {"10.0.2.57": 1, "10.0.4.209": 2}, "localIpTotalDuration": 1774.0108, "localIpDuration": {"10.0.2.57": 238.0001,