{"PUBG Mobile": {"localIpCount": 4, "localIpFrequency": {"10.0.0.167": 5, "10.0.0.31": 8, "10.0.0.103": 2, "10.0.1.28": 3}, "localIpTotalDuration": 24247.552499999994, "localIpDuration": {"10.0.0.167": 5423.9923, "10.0.0.31": 13447.918800000001, "10.0.0.103": 2634.062, "10.0.1.28": 2741.5794}}, "Cookie Run: Kingdom": {"localIpCount": 2, "localIpFrequency": {"10.0.0.200": 1, "10.0.0.19": 5}, "localIpTotalDuration": 7197.973099999999, "localIpDuration": {"10.0.0.200": 1788.0034, "10.0.0.19": 5409.9697}}, "Roblox": {"localIpCount": 40, "localIpFrequency": {"10.0.0.49": 1, "10.0.0.91": 1, "10.0.0.89": 1, "10.0.0.158": 1, "10.0.0.126": 2, "10.0.0.99": 3, "10.0.0.161": 1, "10.0.0.25": 2, "10.0.0.61": 1, "10.0.0.134": 1, "10.0.0.54": 1, "10.0.0.175": 1, "10.0.0.137": 1, "10.0.0.52": 1, "10.0.0.186": 2, "10.0.0.38": 1, "10.0.0.135": 1, "10.0.0.123": 1, "10.0.0.166": 1, "10.0.0.116": 1, "10.0.0.6": 1, "10.0.0.58": 1, "10.0.0.87": 1, "10.0.0.118": 1, "10.0.0.85": 1, "10.0.0.155": 4, "10.0.0.229": 1, "10.0.0.224": 2, "10.0.0.211": 1, "10.0.0.39": 1, "10.0.0.74": 2, "10.0.1.7": 1, "10.0.0.21": 1, "10.0.1.30": 1, "10.0.0.180": 1, "10.0.0.23": 1, "10.0.0.48": 1, "10.0.0.7": 2, "10.0.1.35": 1, "10.0.0.165": 1}, "localIpTotalDuration": 91773.83120000003, "localIpDuration": {"10.0.0.49": 1799.5792, "10.0.0.91": 1799.6063, "10.0.0.89": 1799.6214, "10.0.0.158": 1799.643, "10.0.0.126": 3598.8923999999997, "10.0.0.99": 5396.5599, "10.0.0.161": 1799.6034, "10.0.0.25": 3599.2601, "10.0.0.61": 1799.9621, "10.0.0.134": 1798.9387, "10.0.0.54": 1799.6513, "10.0.0.175": 1799.6409, "10.0.0.137": 1799.5983, "10.0.0.52": 1799.9981, "10.0.0.186": 3599.1540999999997, "10.0.0.38": 1799.3273, "10.0.0.135": 1799.294, "10.0.0.123": 1799.5878, "10.0.0.166": 1799.6349, "10.0.0.116": 1799.5796, "10.0.0.6": 1799.5734, "10.0.0.58": 1799.3649, "10.0.0.87": 1799.9999, "10.0.0.118": 1799.2407, "10.0.0.85": 1799.5035, "10.0.0.155": 7198.3315, "10.0.0.229": 1799.2438, "10.0.0.224": 3599.0294999999996, "10.0.0.211": 1799.4564, "10.0.0.39": 1798.9343, "10.0.0.74": 3598.8124, "10.0.1.7": 1799.9994, "10.0.0.21": 1798.9761, "10.0.1.30": 1799.4835, "10.0.0.180": 1799.6438, "10.0.0.23": 1799.5451, "10.0.0.48": 1799.2333, "10.0.0.7": 3599.2167, "10.0.1.35": 1799.5065, "10.0.0.165": 1799.6037}}, "ZEPETO": {"localIpCount": 2, "localIpFrequency": {"10.0.0.54": 1, "10.0.1.17": 4}, "localIpTotalDuration": 4050.047, "localIpDuration": {"10.0.0.54": 733.9875, "10.0.1.17": 3316.0595}}, "Odin: Valhalla Rising": {"localIpCount": 1, "localIpFrequency": {"10.0.0.66": 1}, "localIpTotalDuration": 0.0, "localIpDuration": {"10.0.0.66": 0.0}}, "Clash Royale": {"localIpCount": 1, "localIpFrequency": {"10.0.0.184": 1}, "localIpTotalDuration": 738.0143, "localIpDuration": {"10.0.0.184": 738.0143}}, "Minecraft": {"localIpCount": 2, "localIpFrequency": {"10.0.0.141": 1, "10.0.1.37": 7}, "localIpTotalDuration": 10679.9806, "localIpDuration": {"10.0.0.141": 45.9896, "10.0.1.37": 10633.991}}, "League of Legends: Wild Rift": {"localIpCount": 5, "localIpFrequency": {"10.0.0.73": 10, "10.0.0.160": 1, "10.0.0.106": 1, "10.0.0.238": 1, "10.0.1.3": 3}, "localIpTotalDuration": 18612.6686, "localIpDuration": {"10.0.0.73": 12789.058100000002, "10.0.0.160": 1185.9977, "10.0.0.106": 0.0001, "10.0.0.238": 30.0164, "10.0.1.3": 4607.5963}}, "FIFA ONLINE 4 M": {"localIpCount": 1, "localIpFrequency": {"10.0.1.8": 1}, "localIpTotalDuration": 0.0136, "localIpDuration": {"10.0.1.8": 0.0136}}, "Zombie High School": {"localIpCount": 1, "localIpFrequency": {"10.0.0.66": 2}, "localIpTotalDuration": 943.9417, "localIpDuration": {"10.0.0.66": 943.9417}}, "Pok\u00e9mon Unite": {"localIpCount": 1, "localIpFrequency": {"10.0.0.94": 3}, "localIpTotalDuration": 3258.0436, "localIpDuration": {"10.0.0.94": 3258.0436}}, "\ud0d5\ud0d5\ud2b9\uacf5\ub300": {"localIpCount": 5, "localIpFrequency": {"10.0.0.77": 4, "10.0.0.65": 2, "10.0.0.176": 2, "10.0.0.242": 1, "10.0.0.12": 1}, "localIpTotalDuration": 7544.041100000001, "localIpDuration": {"10.0.0.77": 3479.9975, "10.0.0.65": 1959.9675, "10.0.0.176": 1850.0737, "10.0.0.242": 253.9773, "10.0.0.12": 0.0251}}, "Roblox (Game)": {"localIpCount": 39, "localIpFrequency": {"10.0.0.119": 1, "10.0.0.155": 2, "10.0.0.75": 1, "10.0.0.146": 1, "10.0.0.165": 2, "10.0.0.99": 8, "10.0.0.158": 1, "10.0.0.171": 1, "10.0.0.27": 1, "10.0.0.177": 1, "10.0.0.52": 1, "10.0.0.91": 1, "10.0.0.97": 1, "10.0.0.101": 1, "10.0.0.32": 1, "10.0.0.219": 1, "10.0.0.116": 1, "10.0.0.227": 1, "10.0.0.203": 1, "10.0.0.179": 1, "10.0.0.242": 1, "10.0.0.213": 1, "10.0.0.236": 1, "10.0.0.153": 1, "10.0.0.211": 1, "10.0.0.109": 1, "10.0.0.184": 1, "10.0.0.74": 1, "10.0.0.21": 1, "10.0.1.23": 1, "10.0.0.191": 1, "10.0.1.38": 1, "10.0.0.70": 1, "10.0.0.113": 1, "10.0.0.118": 1, "10.0.0.149": 1, "10.0.0.7": 2, "10.0.0.89": 1, "10.0.0.85": 1}, "localIpTotalDuration": 84948.01299999998, "localIpDuration": {"10.0.0.119": 1794.0215, "10.0.0.155": 3546.0024, "10.0.0.75": 1725.9985, "10.0.0.146": 1792.0043, "10.0.0.165": 3587.9999, "10.0.0.99": 12237.6627, "10.0.0.158": 1633.9967, "10.0.0.171": 1799.9969, "10.0.0.27": 1790.0001, "10.0.0.177": 1688.0074, "10.0.0.52": 1798.0079, "10.0.0.91": 1797.9998, "10.0.0.97": 1769.5142, "10.0.0.101": 1798.0097, "10.0.0.32": 1797.4836, "10.0.0.219": 1792.0086, "10.0.0.116": 1799.593, "10.0.0.227": 1798.0257, "10.0.0.203": 1790.65, "10.0.0.179": 1799.0574, "10.0.0.242": 1796.0294, "10.0.0.213": 1799.2435, "10.0.0.236": 1795.5167, "10.0.0.153": 1792.0073, "10.0.0.211": 1784.1406, "10.0.0.109": 1790.0161, "10.0.0.184": 1797.985, "10.0.0.74": 1793.9997, "10.0.0.21": 1798.0378, "10.0.1.23": 1795.9951, "10.0.0.191": 1796.0149, "10.0.1.38": 1797.9986, "10.0.0.70": 1789.4624, "10.0.0.113": 1693.528, "10.0.0.118": 1794.0048, "10.0.0.149": 1793.9892, "10.0.0.7": 3488.0016, "10.0.0.89": 1799.9975, "10.0.0.85": 1516.0045}}, "HATSUNE MIKU: COLORFUL STAGE!": {"localIpCount": 1, "localIpFrequency": {"10.0.0.79": 1}, "localIpTotalDuration": 122.0174, "localIpDuration": {"10.0.0.79": 122.0174}}, "\ucef4\ud22c\uc2a4\ud504\ub85c\uc57c\uad6c2022": {"localIpCount": 1, "localIpFrequency": {"10.0.0.202": 3}, "localIpTotalDuration": 3054.0124, "localIpDuration": {"10.0.0.202": 3054.0124}}, "Brawl Stars": {"localIpCount": 11, "localIpFrequency": {"10.0.0.125": 3, "10.0.0.66": 1, "10.0.0.40": 4, "10.0.0.120": 3, "10.0.0.42": 2, "10.0.0.184": 1, "10.0.0.39": 1, "10.0.0.223": 1, "10.0.1.38": 1, "10.0.0.119": 1, "10.0.0.138": 1}, "localIpTotalDuration": 26151.952099999995, "localIpDuration": {"10.0.0.125": 3888.0103, "10.0.0.66": 1164.0003, "10.0.0.40": 4920.0713, "10.0.0.120": 3766.0501000000004, "10.0.0.42": 3538.1047, "10.0.0.184": 1751.6007, "10.0.0.39": 1544.0272, "10.0.0.223": 1404.0225, "10.0.1.38": 1612.0226, "10.0.0.119": 1648.028, "10.0.0.138": 916.0144}}, "KartRider: Drift": {"localIpCount": 1, "localIpFrequency": {"10.0.0.63": 2}, "localIpTotalDuration": 2141.9728, "localIpDuration": {"10.0.0.63": 2141.9728}}, "Pok\u00e9mon GO": {"localIpCount": 5, "localIpFrequency": {"10.0.0.128": 10, "10.0.0.77": 7, "10.0.0.142": 6, "10.0.0.230": 1, "10.0.0.242": 1}, "localIpTotalDuration": 33475.85309999999, "localIpDuration": {"10.0.0.128": 13966.0682, "10.0.0.77": 9605.272799999999, "10.0.0.142": 7014.5076, "10.0.0.230": 1760.0079, "10.0.0.242": 1129.9966}}, "FIFA Mobile": {"localIpCount": 8, "localIpFrequency": {"10.0.0.74": 5, "10.0.0.90": 1, "10.0.0.188": 5, "10.0.0.113": 1, "10.0.0.58": 2, "10.0.0.241": 2, "10.0.1.16": 1, "10.0.1.37": 1}, "localIpTotalDuration": 24856.057900000007, "localIpDuration": {"10.0.0.74": 8148.011, "10.0.0.90": 412.0032, "10.0.0.188": 6910.058800000001, "10.0.0.113": 1668.0169, "10.0.0.58": 3439.9655000000002, "10.0.0.241": 2354.0091, "10.0.1.16": 199.9946, "10.0.1.37": 1723.9988}}, "Genshin Impact": {"localIpCount": 3, "localIpFrequency": {"10.0.0.49": 5, "10.0.1.3": 7, "10.0.1.34": 3}, "localIpTotalDuration": 3424.6199, "localIpDuration": {"10.0.0.49": 1694.0136, "10.0.1.3": 1130.5564, "10.0.1.34": 600.0499}},