{"Brawl Stars": {"localIpCount": 2, "localIpFrequency": {"10.0.0.78": 13, "10.0.0.132": 65}, "localIpTotalDuration": 95321.75769999996, "localIpDuration": {"10.0.0.78": 4523.903799999999, "10.0.0.132": 90797.85389999999}}, "League of Legends: Wild Rift": {"localIpCount": 3, "localIpFrequency": {"10.0.0.9": 55, "10.0.3.28": 81, "10.0.2.142": 13}, "localIpTotalDuration": 308550.33769999945, "localIpDuration": {"10.0.0.9": 103006.04809999997, "10.0.3.28": 182118.3559000001, "10.0.2.142": 23425.933700000005}}, "Blue Archive": {"localIpCount": 1, "localIpFrequency": {"10.0.2.185": 16}, "localIpTotalDuration": 2901.3504000000007, "localIpDuration": {"10.0.2.185": 2901.3504000000007}}, "PUBG Mobile": {"localIpCount": 1, "localIpFrequency": {"10.0.0.39": 143}, "localIpTotalDuration": 149415.6391, "localIpDuration": {"10.0.0.39": 149415.6391}}, "F1 Clash - Car Racing Manager": {"localIpCount": 1, "localIpFrequency": {"10.0.0.9": 13}, "localIpTotalDuration": 28143.657100000004, "localIpDuration": {"10.0.0.9": 28143.657100000004}}, "Genshin Impact": {"localIpCount": 3, "localIpFrequency": {"10.0.3.47": 13, "10.0.2.185": 127, "10.0.2.32": 193}, "localIpTotalDuration": 544742.7736000004, "localIpDuration": {"10.0.3.47": 16079.7429, "10.0.2.185": 170276.9955000004, "10.0.2.32": 358386.0351999996}}, "Modern Warships": {"localIpCount": 1, "localIpFrequency": {"10.0.0.132": 13}, "localIpTotalDuration": 287.3455, "localIpDuration": {"10.0.0.132": 287.3455}}, "Pok\u00e9mon GO": {"localIpCount": 1, "localIpFrequency": {"10.0.0.132": 13}, "localIpTotalDuration": 18630.285700000004, "localIpDuration": {"10.0.0.132": 18630.285700000004}}, "Roblox (Adopt Me!)": {"localIpCount": 1, "localIpFrequency": {"10.0.2.232": 13}, "localIpTotalDuration": 3068.6409000000003, "localIpDuration": {"10.0.2.232": 3068.6409000000003}}}