{"Minecraft": {"localIpCount": 12, "localIpFrequency": {"10.0.2.163": 2, "10.0.8.172": 3, "10.0.2.138": 2, "10.0.0.89": 3, "10.0.7.225": 1, "10.0.2.237": 1, "10.0.0.10": 3, "10.0.2.184": 2, "10.0.2.62": 4, "10.0.0.130": 2, "10.0.0.235": 2, "10.0.1.192": 1}, "localIpTotalDuration": 29207.683100000002, "localIpDuration": {"10.0.2.163": 2112.1138, "10.0.8.172": 1752.5177, "10.0.2.138": 611.7369000000001, "10.0.0.89": 4970.0328, "10.0.7.225": 335.9191, "10.0.2.237": 1704.1612, "10.0.0.10": 4800.1943, "10.0.2.184": 1476.1796, "10.0.2.62": 5842.7291000000005, "10.0.0.130": 1833.993, "10.0.0.235": 2148.0046, "10.0.1.192": 1620.101}}, "KartRider Rush+": {"localIpCount": 4, "localIpFrequency": {"10.0.2.182": 2, "10.0.0.151": 2, "10.0.5.115": 1, "10.0.0.192": 1}, "localIpTotalDuration": 3527.6816, "localIpDuration": {"10.0.2.182": 1680.1100999999999, "10.0.0.151": 1847.5714, "10.0.5.115": 0.0001, "10.0.0.192": 0.0}}, "Brawl Stars": {"localIpCount": 28, "localIpFrequency": {"10.0.1.237": 5, "10.0.10.147": 1, "10.0.0.193": 3, "10.0.0.209": 1, "10.0.1.185": 3, "10.0.0.147": 6, "10.0.1.23": 1, "10.0.1.192": 1, "10.0.0.66": 4, "10.0.0.185": 1, "10.0.0.198": 6, "10.0.9.218": 1, "10.0.8.172": 3, "10.0.10.181": 1, "10.0.10.253": 2, "10.0.4.154": 1, "10.0.0.80": 2, "10.0.2.126": 1, "10.0.2.58": 1, "10.0.10.168": 2, "10.0.0.65": 2, "10.0.3.73": 1, "10.0.0.163": 1, "10.0.0.97": 1, "10.0.2.48": 1, "10.0.0.172": 1, "10.0.8.64": 1, "10.0.11.15": 1}, "localIpTotalDuration": 72105.86449999998, "localIpDuration": {"10.0.1.237": 8723.9396, "10.0.10.147": 0.0001, "10.0.0.193": 3841.0967, "10.0.0.209": 1199.9652, "10.0.1.185": 5016.0071, "10.0.0.147": 6565.3150000000005, "10.0.1.23": 343.0015, "10.0.1.192": 1788.3358, "10.0.0.66": 5806.885, "10.0.0.185": 1798.2244, "10.0.0.198": 6005.9998000000005, "10.0.9.218": 1678.9525, "10.0.8.172": 5280.7478, "10.0.10.181": 1788.4191, "10.0.10.253": 3588.0357000000004, "10.0.4.154": 1775.9252, "10.0.0.80": 2290.0321000000004, "10.0.2.126": 1798.8502, "10.0.2.58": 1763.8884, "10.0.10.168": 1920.3042, "10.0.0.65": 3515.8761999999997, "10.0.3.73": 1668.0165, "10.0.0.163": 204.044, "10.0.0.97": 24.0637, "10.0.2.48": 336.1546, "10.0.0.172": 11.9455, "10.0.8.64": 1667.8817, "10.0.11.15": 1703.9569}}, "Diablo Immortal": {"localIpCount": 1, "localIpFrequency": {"10.0.2.250": 3}, "localIpTotalDuration": 4860.8873, "localIpDuration": {"10.0.2.250": 4860.8873}}, "Call of Duty: Mobile": {"localIpCount": 2, "localIpFrequency": {"10.0.0.206": 16, "10.0.10.94": 1}, "localIpTotalDuration": 17292.4661, "localIpDuration": {"10.0.0.206": 15768.410100000001, "10.0.10.94": 1524.056}}, "Blue Archive": {"localIpCount": 1, "localIpFrequency": {"10.0.5.124": 1}, "localIpTotalDuration": 743.9572, "localIpDuration": {"10.0.5.124": 743.9572}}, "Among us": {"localIpCount": 2, "localIpFrequency": {"10.0.0.193": 1, "10.0.5.115": 4}, "localIpTotalDuration": 3444.2470000000003, "localIpDuration": {"10.0.0.193": 1296.1728, "10.0.5.115": 2148.0742}}, "FIFA Mobile": {"localIpCount": 12, "localIpFrequency": {"10.0.3.212": 14, "10.0.2.37": 1, "10.0.2.182": 1, "10.0.10.174": 1, "10.0.3.21": 1, "10.0.1.252": 1, "10.0.2.85": 1, "10.0.1.29": 1, "10.0.2.121": 4, "10.0.0.161": 1, "10.0.2.176": 1, "10.0.6.178": 1}, "localIpTotalDuration": 38827.8324, "localIpDuration": {"10.0.3.212": 20869.8725, "10.0.2.37": 1464.2361, "10.0.2.182": 792.122, "10.0.10.174": 108.1069, "10.0.3.21": 1751.7294, "10.0.1.252": 1799.5726, "10.0.2.85": 1799.7893, "10.0.1.29": 272.9807, "10.0.2.121": 6839.2448, "10.0.0.161": 0.0003, "10.0.2.176": 1500.1056, "10.0.6.178": 1630.0722}}, "Modern Warships": {"localIpCount": 1, "localIpFrequency": {"10.0.0.208": 1}, "localIpTotalDuration": 6.9953, "localIpDuration": {"10.0.0.208": 6.9953}}, "Honkai: Star Rail": {"localIpCount": 2, "localIpFrequency": {"10.0.1.0": 1, "10.0.3.201": 1}, "localIpTotalDuration": 285.9755, "localIpDuration": {"10.0.1.0": 153.9952, "10.0.3.201": 131.9803}}, "League of Legends: Wild Rift": {"localIpCount": 2, "localIpFrequency": {"10.0.8.184": 1, "10.0.9.32": 4}, "localIpTotalDuration": 6241.378, "localIpDuration": {"10.0.8.184": 697.0686, "10.0.9.32": 5544.309399999999}}, "Random Dice: Defense": {"localIpCount": 3, "localIpFrequency": {"10.0.4.127": 1, "10.0.0.224": 1, "10.0.8.214": 2}, "localIpTotalDuration": 1465.3822, "localIpDuration": {"10.0.4.127": 420.0121, "10.0.0.224": 913.0272, "10.0.8.214": 132.3429}}, "Pok\u00e9mon GO": {"localIpCount": 5, "localIpFrequency": {"10.0.2.50": 3, "10.0.9.32": 10, "10.0.2.182": 1, "10.0.9.172": 2, "10.0.7.232": 1}, "localIpTotalDuration": 20816.3042, "localIpDuration": {"10.0.2.50": 0.0063, "10.0.9.32": 14926.0596, "10.0.2.182": 1787.4366, "10.0.9.172": 3502.5482, "10.0.7.232": 600.2535}}, "\ud0d5\ud0d5\ud2b9\uacf5\ub300": {"localIpCount": 1, "localIpFrequency": {"10.0.0.224": 1}, "localIpTotalDuration": 1032.1857, "localIpDuration": {"10.0.0.224": 1032.1857}}, "WePlay - Party Game & Chat": {"localIpCount": 3, "localIpFrequency": {"10.0.0.101": 1, "10.0.1.231": 1, "10.0.1.18": 1}, "localIpTotalDuration": 1127.8125, "localIpDuration": {"10.0.0.101": 143.9881, "10.0.1.231": 263.8921, "10.0.1.18": 719.9323}}, "FIFA ONLINE 4 M": {"localIpCount": 6, "localIpFrequency": {"10.0.0.66": 1, "10.0.10.174": 2, "10.0.0.19": 2, "10.0.8.64": 1, "10.0.2.121": 1, "10.0.2.176": 1}, "localIpTotalDuration": 5929.5702, "localIpDuration": {"10.0.0.66": 0.0, "10.0.10.174": 2724.0288, "10.0.0.19": 1380.1960000000001, "10.0.8.64": 1644.1145, "10.0.2.121": 144.0392, "10.0.2.176": 37.1917}}, "\ucef4\ud22c\uc2a4\ud504\ub85c\uc57c\uad6c2022": {"localIpCount": 1, "localIpFrequency": {"10.0.0.161": 2}, "localIpTotalDuration": 1408.1149, "localIpDuration": {"10.0.0.161": 1408.1149}}, "ZEPETO": {"localIpCount": 5, "localIpFrequency": {"10.0.3.83": 7, "10.0.0.243": 5, "10.0.5.201": 1, "10.0.3.117": 1, "10.0.0.101": 1}, "localIpTotalDuration": 13932.762100000002, "localIpDuration": {"10.0.3.83": 9025.3051, "10.0.0.243": 4247.4234, "10.0.5.201": 660.0331, "10.0.3.117": 0.0, "10.0.0.101": 0.0005}}, "Roblox": {"localIpCount": 70, "localIpFrequency": {"10.0.7.248": 5, "10.0.0.47": 3, "10.0.1.27": 1, "10.0.10.205": 1, "10.0.0.250": 16, "10.0.1.12": 2, "10.0.2.43": 1, "10.0.1.14": 2, "10.0.4.217": 1, "10.0.10.2": 2, "10.0.1.252": 1, "10.0.8.68": 1, "10.0.0.183": 2, "10.0.2.184": 2, "10.0.1.5": 2, "10.0.1.183": 2, "10.0.3.83": 1, "10.0.7.101": 1, "10.0.0.84": 3, "10.0.3.10": 1, "10.0.0.107": 2, "10.0.4.214": 1, "10.0.9.172": 1, "10.0.0.130": 2, "10.0.3.163": 1, "10.0.0.214": 1, "10.0.2.169": 1, "10.0.0.108": 12, "10.0.2.45": 2, "10.0.0.124": 1, "10.0.0.198": 2, "10.0.10.234": 1, "10.0.2.237": 1, "10.0.0.255": 1, "10.0.3.219": 1, "10.0.0.94": 2, "10.0.1.23": 2, "10.0.1.223": 2, "10.0.0.147": 1, "10.0.10.251": 1, "10.0.0.144": 3, "10.0.1.192": 1, "10.0.0.61": 2, "10.0.2.17": 2, "10.0.8.108": 1, "10.0.2.9": 1, "10.0.4.60": 1, "10.0.8.19": 1, "10.0.0.41": 1, "10.0.0.180": 1, "10.0.0.172": 1, "10.0.6.200": 1, "10.0.0.217": 7, "10.0.9.218": 1, "10.0.3.247": 1, "10.0.10.164": 1, "10.0.5.5": 1, "10.0.0.7": 3, "10.0.4.132": 2, "10.0.8.214": 3, "10.0.0.243": 1, "10.0.2.25": 1, "10.0.0.139": 3, "10.0.2.58": 1, "10.0.10.224": 1, "10.0.0.71": 1, "10.0.1.9": 1, "10.0.0.26": 1, "10.0.3.187": 1, "10.0.10.255": 1}, "localIpTotalDuration": 242715.99339999992, "localIpDuration": {"10.0.7.248": 8962.9078, "10.0.0.47": 5395.9126, "10.0.1.27": 1799.5945, "10.0.10.205": 1799.6064, "10.0.0.250": 28723.0264, "10.0.1.12": 3597.2877, "10.0.2.43": 1799.7285, "10.0.1.14": 3583.2711, "10.0.4.217": 1799.6864, "10.0.10.2": 3599.2622, "10.0.1.252": 1799.6321, "10.0.8.68": 1799.5887, "10.0.0.183": 3598.6365, "10.0.2.184": 3599.3157, "10.0.1.5": 3596.3928, "10.0.1.183": 3599.2158, "10.0.3.83": 1799.6377, "10.0.7.101": 1799.7372, "10.0.0.84": 5396.25, "10.0.3.10": 1799.5456, "10.0.0.107": 3598.1144999999997, "10.0.4.214": 1799.9943, "10.0.9.172": 1799.2963, "10.0.0.130": 3597.2648, "10.0.3.163": 1799.5425, "10.0.0.214": 1798.6351, "10.0.2.169": 1799.8164,