{"Pok\u00e9mon GO": {"localIpCount": 2, "localIpFrequency": {"10.0.1.5": 1, "10.0.0.27": 8}, "localIpTotalDuration": 24850.3726, "localIpDuration": {"10.0.1.5": 0.0001, "10.0.0.27": 24850.372499999998}}, "Roblox (Adopt Me!)": {"localIpCount": 1, "localIpFrequency": {"10.0.1.141": 1}, "localIpTotalDuration": 390.5102, "localIpDuration": {"10.0.1.141": 390.5102}}, "Brawl Stars": {"localIpCount": 3, "localIpFrequency": {"10.0.0.132": 1, "10.0.1.1": 1, "10.0.0.78": 24}, "localIpTotalDuration": 94021.5584, "localIpDuration": {"10.0.0.132": 2408.1508, "10.0.1.1": 7018.347, "10.0.0.78": 84595.0606}}, "The Lord of the Rings: War": {"localIpCount": 1, "localIpFrequency": {"10.0.0.49": 1}, "localIpTotalDuration": 58.6476, "localIpDuration": {"10.0.0.49": 58.6476}}, "Clash of Clan": {"localIpCount": 1, "localIpFrequency": {"10.0.0.132": 1}, "localIpTotalDuration": 30.1564, "localIpDuration": {"10.0.0.132": 30.1564}}, "Roblox": {"localIpCount": 1, "localIpFrequency": {"10.0.1.141": 1}, "localIpTotalDuration": 713.0467, "localIpDuration": {"10.0.1.141": 713.0467}}, "League of Legends: Wild Rift": {"localIpCount": 6, "localIpFrequency": {"10.0.0.9": 57, "10.0.1.106": 1, "10.0.0.29": 3, "10.0.1.81": 4, "10.0.0.49": 1, "10.0.0.57": 1}, "localIpTotalDuration": 117676.62109999996, "localIpDuration": {"10.0.0.9": 104037.87849999998, "10.0.1.106": 85.9273, "10.0.0.29": 5657.0142000000005, "10.0.1.81": 5718.6669999999995, "10.0.0.49": 632.9123, "10.0.0.57": 1544.2218}}, "Diablo Immortal": {"localIpCount": 1, "localIpFrequency": {"10.0.0.49": 1}, "localIpTotalDuration": 1667.0002, "localIpDuration": {"10.0.0.49": 1667.0002}}, "Genshin Impact": {"localIpCount": 1, "localIpFrequency": {"10.0.0.57": 61}, "localIpTotalDuration": 110639.12049999999, "localIpDuration": {"10.0.0.57": 110639.12049999999}}, "PUBG Mobile": {"localIpCount": 2, "localIpFrequency": {"10.0.0.39": 7, "10.0.1.196": 1}, "localIpTotalDuration": 10301.8837, "localIpDuration": {"10.0.0.39": 9804.9409, "10.0.1.196": 496.9428}}, "FIFA Mobile": {"localIpCount": 1, "localIpFrequency": {"10.0.1.198": 1}, "localIpTotalDuration": 2244.9506, "localIpDuration": {"10.0.1.198": 2244.9506}}}