{"Pok\u00e9mon GO": {"localIpCount": 6, "localIpFrequency": {"10.0.0.167": 3, "10.0.0.9": 4, "10.0.0.113": 1, "10.0.0.55": 1, "10.0.0.249": 1, "10.0.0.43": 2}, "localIpTotalDuration": 16127.7556, "localIpDuration": {"10.0.0.167": 4333.0548, "10.0.0.9": 5186.0003, "10.0.0.113": 1793.5475, "10.0.0.55": 1798.2618, "10.0.0.249": 1140.9557, "10.0.0.43": 1875.9355}}, "KartRider Rush+": {"localIpCount": 3, "localIpFrequency": {"10.0.0.201": 3, "10.0.0.19": 2, "10.0.0.30": 1}, "localIpTotalDuration": 2764.9719, "localIpDuration": {"10.0.0.201": 2008.9582, "10.0.0.19": 545.9434, "10.0.0.30": 210.0703}}, "Roblox (Game)": {"localIpCount": 33, "localIpFrequency": {"10.0.0.172": 3, "10.0.0.44": 1, "10.0.0.126": 2, "10.0.0.176": 2, "10.0.0.88": 6, "10.0.0.145": 1, "10.0.0.90": 2, "10.0.0.21": 1, "10.0.0.8": 1, "10.0.0.2": 1, "10.0.0.190": 1, "10.0.0.114": 2, "10.0.0.209": 2, "10.0.0.217": 1, "10.0.0.144": 1, "10.0.0.236": 2, "10.0.0.219": 1, "10.0.0.110": 1, "10.0.0.252": 1, "10.0.0.72": 1, "10.0.0.248": 1, "10.0.0.95": 1, "10.0.0.101": 1, "10.0.0.89": 1, "10.0.0.30": 1, "10.0.0.113": 1, "10.0.1.6": 1, "10.0.0.204": 1, "10.0.0.46": 1, "10.0.0.65": 1, "10.0.1.38": 1, "10.0.1.2": 2, "10.0.1.55": 1}, "localIpTotalDuration": 82913.82410000001, "localIpDuration": {"10.0.0.172": 5376.0284, "10.0.0.44": 1791.5694, "10.0.0.126": 3262.0026, "10.0.0.176": 3143.0036, "10.0.0.88": 10680.7469, "10.0.0.145": 1596.0241, "10.0.0.90": 3170.5903, "10.0.0.21": 1799.0021, "10.0.0.8": 1791.6252, "10.0.0.2": 1799.0101, "10.0.0.190": 1799.026, "10.0.0.114": 3596.8557, "10.0.0.209": 3577.1494000000002, "10.0.0.217": 1799.2091, "10.0.0.144": 1799.02, "10.0.0.236": 3598.4951, "10.0.0.219": 1799.3245, "10.0.0.110": 1799.1724, "10.0.0.252": 1799.0258, "10.0.0.72": 1798.5639, "10.0.0.248": 1798.1774, "10.0.0.95": 1798.5448, "10.0.0.101": 1798.245, "10.0.0.89": 1797.9667, "10.0.0.30": 1799.0033, "10.0.0.113": 1791.5551, "10.0.1.6": 1798.4749, "10.0.0.204": 1798.4729, "10.0.0.46": 1798.4707, "10.0.0.65": 1798.3243, "10.0.1.38": 1798.6379, "10.0.1.2": 3570.5045, "10.0.1.55": 1792.002}}, "Valor Legends: Dog Rescue": {"localIpCount": 2, "localIpFrequency": {"10.0.0.46": 11, "10.0.0.66": 2}, "localIpTotalDuration": 10381.221699999998, "localIpDuration": {"10.0.0.46": 9156.2402, "10.0.0.66": 1224.9815}}, "FIFA ONLINE 4 M": {"localIpCount": 3, "localIpFrequency": {"10.0.0.123": 1, "10.0.0.215": 2, "10.0.0.252": 1}, "localIpTotalDuration": 2449.9856999999997, "localIpDuration": {"10.0.0.123": 1126.983, "10.0.0.215": 1259.9926, "10.0.0.252": 63.0101}}, "Diablo Immortal": {"localIpCount": 1, "localIpFrequency": {"10.0.0.108": 4}, "localIpTotalDuration": 3822.0374, "localIpDuration": {"10.0.0.108": 3822.0374}}, "Clash Royale": {"localIpCount": 2, "localIpFrequency": {"10.0.0.72": 1, "10.0.1.23": 1}, "localIpTotalDuration": 13.9532, "localIpDuration": {"10.0.0.72": 0.0, "10.0.1.23": 13.9532}}, "\ud0d5\ud0d5\ud2b9\uacf5\ub300": {"localIpCount": 2, "localIpFrequency": {"10.0.0.89": 3, "10.0.0.49": 1}, "localIpTotalDuration": 2849.1565, "localIpDuration": {"10.0.0.89": 1904.0647999999999, "10.0.0.49": 945.0917}}, "League of Legends: Wild Rift": {"localIpCount": 9, "localIpFrequency": {"10.0.0.177": 3, "10.0.0.181": 4, "10.0.0.182": 3, "10.0.0.232": 2, "10.0.1.7": 4, "10.0.0.13": 1, "10.0.0.247": 6, "10.0.1.57": 2, "10.0.1.49": 1}, "localIpTotalDuration": 34902.4116, "localIpDuration": {"10.0.0.177": 3478.9752000000003, "10.0.0.181": 6433.001700000001, "10.0.0.182": 3990.9651000000003, "10.0.0.232": 1329.9859, "10.0.1.7": 7006.9464, "10.0.0.13": 1771.0683, "10.0.0.247": 6753.875099999999, "10.0.1.57": 2450.5329, "10.0.1.49": 1687.061}}, "Roblox": {"localIpCount": 30, "localIpFrequency": {"10.0.0.124": 5, "10.0.0.172": 2, "10.0.0.91": 2, "10.0.0.126": 1, "10.0.0.176": 1, "10.0.0.88": 7, "10.0.0.90": 1, "10.0.0.186": 1, "10.0.0.191": 1, "10.0.0.46": 1, "10.0.0.202": 1, "10.0.0.219": 2, "10.0.0.81": 1, "10.0.0.190": 1, "10.0.0.58": 2, "10.0.0.199": 1, "10.0.0.252": 1, "10.0.0.72": 1, "10.0.0.248": 1, "10.0.0.19": 2, "10.0.0.195": 3, "10.0.0.238": 1, "10.0.1.32": 1, "10.0.1.35": 1, "10.0.1.40": 1, "10.0.0.123": 1, "10.0.0.218": 2, "10.0.0.221": 1, "10.0.0.164": 1, "10.0.1.2": 1}, "localIpTotalDuration": 86331.21070000001, "localIpDuration": {"10.0.0.124": 8992.8521, "10.0.0.172": 3597.2459, "10.0.0.91": 3596.8653, "10.0.0.126": 1798.6038, "10.0.0.176": 1798.6365, "10.0.0.88": 12589.497299999999, "10.0.0.90": 1798.6322, "10.0.0.186": 1798.6121, "10.0.0.191": 1798.5969, "10.0.0.46": 1799.6872, "10.0.0.202": 1799.0256, "10.0.0.219": 3596.8879, "10.0.0.81": 1799.5693, "10.0.0.190": 1798.5937, "10.0.0.58": 3597.7075, "10.0.0.199": 1798.3409, "10.0.0.252": 1799.0506, "10.0.0.72": 1799.9485, "10.0.0.248": 1796.8634, "10.0.0.19": 3595.159, "10.0.0.195": 5395.376, "10.0.0.238": 1799.2602, "10.0.1.32": 1798.2956, "10.0.1.35": 1798.4979, "10.0.1.40": 1798.3415, "10.0.0.123": 1798.6541, "10.0.0.218": 3596.3037000000004, "10.0.0.221": 1798.5073, "10.0.0.164": 1798.5882, "10.0.1.2": 1799.0105}}, "FIFA Mobile": {"localIpCount": 8, "localIpFrequency": {"10.0.0.49": 1, "10.0.0.123": 2, "10.0.0.215": 6, "10.0.0.168": 2, "10.0.0.252": 1, "10.0.1.4": 2, "10.0.0.255": 1, "10.0.1.33": 1}, "localIpTotalDuration": 17869.220799999996, "localIpDuration": {"10.0.0.49": 307.9922, "10.0.0.123": 1931.9505, "10.0.0.215": 6488.6459, "10.0.0.168": 1994.4900000000002, "10.0.0.252": 1798.9956, "10.0.1.4": 2554.1063, "10.0.0.255": 1113.0257, "10.0.1.33": 1680.0146}}, "HATSUNE MIKU: COLORFUL STAGE!": {"localIpCount": 1, "localIpFrequency": {"10.0.0.78": 1}, "localIpTotalDuration": 125.9844, "localIpDuration": {"10.0.0.78": 125.9844}}, "Blue Archive": {"localIpCount": 1, "localIpFrequency": {"10.0.0.3": 1}, "localIpTotalDuration": 392.0007, "localIpDuration": {"10.0.0.3": 392.0007}}, "Genshin Impact": {"localIpCount": 2, "localIpFrequency": {"10.0.0.190": 1, "10.0.0.117": 3}, "localIpTotalDuration": 4744.7875, "localIpDuration": {"10.0.0.190": 784.0385, "10.0.0.117": 3960.749}}, "New State Mobile": {"localIpCount": 1, "localIpFrequency": {"10.0.0.138": 5}, "localIpTotalDuration": 4110.1842, "localIpDuration": {"10.0.0.138": 4110.1842}}, "DRAGON BALL LEGENDS": {"localIpCount": 5, "localIpFrequency": {"10.0.0.124": 2, "10.0.0.208": 1, "10.0.0.252": 1, "10.0.0.114": 1, "10.0.1.60": 1}, "localIpTotalDuration": 7952.9783, "localIpDuration": {"10.0.0.124": 3136.1148000000003, "10.0.0.208": 1554.0559, "10.0.0.252": 1792.7311, "10.0.0.114": 1309.0655, "10.0.1.60": 161.011}}, "Pok\u00e9mon Unite": {"localIpCount": 2, "localIpFrequency": {"10.0.0.19": 1, "10.0.0.115": 3}, "localIpTotalDuration": 3332.1695, "localIpDuration": {"10.0.0.19": 889.0195, "10.0.0.115": 2443.15}}, "Random Dice: Defense": {"localIpCount": 2, "localIpFrequency": {"10.0.0.90": 1, "10.0.0.129": 2}, "localIpTotalDuration": 1414.0222999999999, "localIpDuration": {"10.0.0.90": 455.0016, "10.0.0.129": 959.0206999999999}}, "Seven Knights: Revolution": {"localIpCount": 1, "localIpFrequency": {"10.0.1.43": 1}, "localIpTotalDuration": 706.9207, "localIpDuration": {"10.0.1.43": 706.9207}}, "Among us": {"localIpCount": 1, "localIpFrequency": {"10.0.0.213": 3}, "localIpTotalDuration": 2189.6707, "localIpDuration": {"10.0.0.213": 2189.6707}}, "GUNS UP! Mobile": {"localIpCount": 1, "localIpFrequency": {"10.0.0.61": 1}, "localIpTotalDuration": 0.0, "localIpDuration": {"10.0.0.61": 0.0}}, "Minecraft": {"localIpCount": 8, "localIpFrequency": {"10.0.0.167": 1, "10.0.0.91": 2, "10.0.0.213": 2, "10.0.0.172": 1, "10.0.0.34": 2, "10.0.0.15": 1, "10.0.0.130": 1, "10.0.0.119": 2}, "localIpTotalDuration": 11697.105, "localIpDuration": {"10.0.0.167": 686.0013, "10.0.0.91": 3380.9781000000003, "10.0.0.213": 3199.0141000000003, "10.0.0.172": 0.0, "10.0.0.34": 1945.9696, "10.0.0.15": 609.0647, "10.0.0.130": 525.0312, "10.0.0.119": 1351.0459999999998}}, "Brawl Stars": {"localIpCount": 16, "localIpFrequency": {"10.0.0.69": 2, "10.0.0.34": 1, "10.0.0.97": 2, "10.0.0.213": 1, "10.0.0.208": 3, "10.0.0.130": 2,