{"FIFA Mobile": {"localIpCount": 17, "localIpFrequency": {"10.0.2.108": 2, "10.0.2.95": 3, "10.0.0.87": 3, "10.0.2.82": 5, "10.0.0.190": 1, "10.0.0.188": 8, "10.0.2.86": 2, "10.0.0.226": 9, "10.0.1.226": 1, "10.0.2.134": 1, "10.0.0.143": 2, "10.0.0.241": 1, "10.0.2.146": 4, "10.0.0.113": 1, "10.0.2.170": 3, "10.0.2.30": 1, "10.0.2.186": 1}, "localIpTotalDuration": 67110.64189999999, "localIpDuration": {"10.0.2.108": 1577.9823000000001, "10.0.2.95": 4114.0297, "10.0.0.87": 3791.9771, "10.0.2.82": 8161.9712, "10.0.0.190": 1792.0696, "10.0.0.188": 11113.0954, "10.0.2.86": 3191.9887, "10.0.0.226": 12528.0728, "10.0.1.226": 1338.0252, "10.0.2.134": 1664.0003, "10.0.0.143": 3503.9654, "10.0.0.241": 1254.0389, "10.0.2.146": 6385.4675, "10.0.0.113": 1708.027, "10.0.2.170": 3735.9365, "10.0.2.30": 620.0064, "10.0.2.186": 629.9879}}, "Star Wars: Galaxy of Heroes": {"localIpCount": 1, "localIpFrequency": {"10.0.0.166": 1}, "localIpTotalDuration": 520.0015, "localIpDuration": {"10.0.0.166": 520.0015}}, "Pok\u00e9mon Unite": {"localIpCount": 4, "localIpFrequency": {"10.0.2.71": 2, "10.0.0.94": 7, "10.0.0.95": 1, "10.0.0.39": 1}, "localIpTotalDuration": 12403.651800000001, "localIpDuration": {"10.0.2.71": 1060.0054, "10.0.0.94": 9836.0702, "10.0.0.95": 2.0045, "10.0.0.39": 1505.5717}}, "\ud0d5\ud0d5\ud2b9\uacf5\ub300": {"localIpCount": 5, "localIpFrequency": {"10.0.0.113": 1, "10.0.0.12": 2, "10.0.1.27": 1, "10.0.1.230": 2, "10.0.0.61": 1}, "localIpTotalDuration": 4229.9257, "localIpDuration": {"10.0.0.113": 844.0109, "10.0.0.12": 882.0299, "10.0.1.27": 0.0294, "10.0.1.230": 2269.8803, "10.0.0.61": 233.9752}}, "Among us": {"localIpCount": 1, "localIpFrequency": {"10.0.0.87": 1}, "localIpTotalDuration": 378.024, "localIpDuration": {"10.0.0.87": 378.024}}, "NBA NOW 23": {"localIpCount": 1, "localIpFrequency": {"10.0.1.192": 1}, "localIpTotalDuration": 0.0001, "localIpDuration": {"10.0.1.192": 0.0001}}, "Mech Arena": {"localIpCount": 1, "localIpFrequency": {"10.0.0.97": 1}, "localIpTotalDuration": 16.0496, "localIpDuration": {"10.0.0.97": 16.0496}}, "Pok\u00e9mon GO": {"localIpCount": 8, "localIpFrequency": {"10.0.0.128": 19, "10.0.0.71": 8, "10.0.0.142": 3, "10.0.0.23": 1, "10.0.0.249": 1, "10.0.0.153": 1, "10.0.0.56": 2, "10.0.2.145": 1}, "localIpTotalDuration": 42056.71399999999, "localIpDuration": {"10.0.0.128": 23412.629800000002, "10.0.0.71": 8770.0204, "10.0.0.142": 2340.001, "10.0.0.23": 132.0348, "10.0.0.249": 1596.0135, "10.0.0.153": 1649.9786, "10.0.0.56": 3004.027, "10.0.2.145": 1152.0089}}, "Brawl Stars": {"localIpCount": 18, "localIpFrequency": {"10.0.1.134": 5, "10.0.2.68": 4, "10.0.1.231": 6, "10.0.0.125": 1, "10.0.1.109": 2, "10.0.1.226": 1, "10.0.0.56": 1, "10.0.2.4": 1, "10.0.2.30": 3, "10.0.2.135": 1, "10.0.2.6": 1, "10.0.1.88": 1, "10.0.0.39": 1, "10.0.0.219": 2, "10.0.2.84": 1, "10.0.0.71": 4, "10.0.1.147": 1, "10.0.2.145": 1}, "localIpTotalDuration": 51138.4999, "localIpDuration": {"10.0.1.134": 6196.1492, "10.0.2.68": 4654.057900000001, "10.0.1.231": 8522.1286, "10.0.0.125": 835.985, "10.0.1.109": 2232.0317, "10.0.1.226": 1728.0064, "10.0.0.56": 1796.0071, "10.0.2.4": 1668.0243, "10.0.2.30": 4514.0333, "10.0.2.135": 1798.035, "10.0.2.6": 30.0006, "10.0.1.88": 1315.9702, "10.0.0.39": 1584.0119, "10.0.0.219": 3119.9795000000004, "10.0.2.84": 1535.9936, "10.0.0.71": 6152.082, "10.0.1.147": 1685.9984, "10.0.2.145": 1770.0052}}, "Clash Royale": {"localIpCount": 5, "localIpFrequency": {"10.0.2.93": 1, "10.0.0.34": 1, "10.0.1.1": 1, "10.0.0.217": 1, "10.0.0.19": 1}, "localIpTotalDuration": 4295.69, "localIpDuration": {"10.0.2.93": 1258.0119, "10.0.0.34": 210.0022, "10.0.1.1": 1429.6356, "10.0.0.217": 0.0, "10.0.0.19": 1398.0403}}, "Clash of Clan": {"localIpCount": 3, "localIpFrequency": {"10.0.1.88": 3, "10.0.0.72": 1, "10.0.1.147": 3}, "localIpTotalDuration": 2520.2207999999996, "localIpDuration": {"10.0.1.88": 388.0408, "10.0.0.72": 0.1192, "10.0.1.147": 2132.0607999999997}}, "PUBG Mobile": {"localIpCount": 7, "localIpFrequency": {"10.0.0.103": 3, "10.0.1.178": 2, "10.0.0.167": 3, "10.0.2.125": 1, "10.0.0.31": 21, "10.0.0.72": 1, "10.0.1.200": 4}, "localIpTotalDuration": 38903.301199999994, "localIpDuration": {"10.0.0.103": 1280.0585999999998, "10.0.1.178": 2132.3825, "10.0.0.167": 668.0171, "10.0.2.125": 0.0, "10.0.0.31": 31836.871699999992, "10.0.0.72": 0.0001, "10.0.1.200": 2985.9712}}, "WePlay - Party Game & Chat": {"localIpCount": 7, "localIpFrequency": {"10.0.2.68": 4, "10.0.2.93": 6, "10.0.1.231": 2, "10.0.0.236": 1, "10.0.2.90": 6, "10.0.0.62": 1, "10.0.0.215": 3}, "localIpTotalDuration": 27213.372099999997, "localIpDuration": {"10.0.2.68": 2154.0170999999996, "10.0.2.93": 10072.1358, "10.0.1.231": 2229.4426, "10.0.0.236": 1761.8984, "10.0.2.90": 6465.805799999999, "10.0.0.62": 1432.0045, "10.0.0.215": 3098.0679}}, "ZEPETO": {"localIpCount": 3, "localIpFrequency": {"10.0.1.17": 9, "10.0.2.124": 2, "10.0.2.148": 18}, "localIpTotalDuration": 39455.010200000004, "localIpDuration": {"10.0.1.17": 13793.4761, "10.0.2.124": 3451.4052, "10.0.2.148": 22210.128899999996}}, "Roblox (Game)": {"localIpCount": 52, "localIpFrequency": {"10.0.2.11": 2, "10.0.0.34": 2, "10.0.1.34": 2, "10.0.0.12": 2, "10.0.0.156": 1, "10.0.0.158": 1, "10.0.0.172": 3, "10.0.0.177": 1, "10.0.0.217": 2, "10.0.2.106": 2, "10.0.2.82": 1, "10.0.2.114": 1, "10.0.0.190": 1, "10.0.0.60": 1, "10.0.0.149": 3, "10.0.0.191": 2, "10.0.2.67": 1, "10.0.0.234": 1, "10.0.0.150": 1, "10.0.2.123": 2, "10.0.1.239": 1, "10.0.0.17": 1, "10.0.1.20": 2, "10.0.0.58": 1, "10.0.1.191": 2, "10.0.0.71": 2, "10.0.0.61": 2, "10.0.0.48": 1, "10.0.0.21": 1, "10.0.0.63": 1, "10.0.0.70": 1, "10.0.0.85": 1, "10.0.0.52": 3, "10.0.0.25": 1, "10.0.0.13": 1, "10.0.0.96": 1, "10.0.2.16": 6, "10.0.2.62": 1, "10.0.1.187": 1, "10.0.2.80": 1, "10.0.0.111": 2, "10.0.1.81": 1, "10.0.2.162": 1, "10.0.1.113": 1, "10.0.0.6": 1, "10.0.1.17": 2, "10.0.0.47": 1, "10.0.2.172": 1, "10.0.0.59": 1, "10.0.1.106": 1, "10.0.0.23": 1, "10.0.2.176": 1}, "localIpTotalDuration": 132855.0837, "localIpDuration": {"10.0.2.11": 3555.5982, "10.0.0.34": 3587.0835, "10.0.1.34": 3359.9985, "10.0.0.12": 1842.0066, "10.0.0.156": 1156.0005, "10.0.0.158": 1538.0011, "10.0.0.172": 4240.0066, "10.0.0.177": 1796.003, "10.0.0.217": 3594.0087, "10.0.2.106": 3589.2549, "10.0.2.82": 1799.981, "10.0.2.114": 1794.0292, "10.0.0.190": 1797.517, "10.0.0.60": 1799.5223, "10.0.0.149": 5393.3816, "10.0.0.191": 3582.0996999999998, "10.0.2.67": 1798.0555, "10.0.0.234": 1799.2347, "10.0.0.150": 1793.4782, "10.0.2.123": 3595.5006000000003, "10.0.1.239": 1799.9967, "10.0.0.17": 1796.0267, "10.0.1.20": 3489.9803, "10.0.0.58": 1796.6699, "10.0.1.191": 3597.9718999999996, "10.0.0.71": 3586.0355, "10.0.0.61": 3595.9981, "10.0.0.48": 1792.0055, "10.0.0.21": 1798.0248, "10.0.0.63": 1791.8076, "10.0.0.70": 1795.9708, "10.0.0.85": 1793.4653, "10.0.0.52": 5293.5504, "10.0.0.25": 1711.6465, "10.0.0.13": 1651.9922, "10.0.0.96": 1791.9962, "10.0.2.16": 9811.9755, "10.0.2.62": 1782.0005, "10.0.1.187": 1793.9974, "10.0.2.80": 1789.5344, "10.0.0.111": 3595.2798, "10.0.1.81": 1799.1527, "10.0.2.162": 1799.554, "10.0.1.113": 1798.0232, "10.0.0.6": 1799.9914, "10.0.1.17": 3597.4836999999998, "10.0.0.47": 1799.9966, "10.0.2.172": 1799.99, "10.0.0.59": 1797.9939, "10.0.1.106": 1797.2046, "10.0.0.23": 1799.4477, "10.0.2.176": 1799.5585}}, "FIFA ONLINE 4 M": {"localIpCount": 8, "localIpFrequency": {"10.0.2.108": 1, "10.0.0.87": 1, "10.0.0.190": 1, "10.0.1.226": 1, "10.0.0.226": 2, "10.0.2.146": 1, "10.0.2.30": 1, "10.0.0.188": 1}, "localIpTotalDuration": 584.0339, "localIpDuration": {"10.0.2.108": 134.0037, "10.0.0.87": 0.0041, "10.0.0.190": 16.0083, "10.0.1.226": 0.0147, "10.0.0.226": 284.0065, "10.0.2.146": 149.9745, "10.0.2.30": 0.0077, "10.0.0.188": 0.0144}}, "Minecraft": {"localIpCount": 12, "localIpFrequency": {"10.0.0.128": 2, "10.0.1.192": 1, "10.0.2.69": 2, "10.0.1.22": 1, "10.0.0.172": 2, "10.0.0.191": 1, "10.0.0.13": 1, "10.0.0.187": 1, "10.0.2.80": 14, "10.0.1.168": 2,