{"Genshin Impact": {"localIpCount": 3, "localIpFrequency": {"10.0.0.55": 1, "10.0.0.16": 7, "10.0.0.2": 1}, "localIpTotalDuration": 6109.0384, "localIpDuration": {"10.0.0.55": 0.0001, "10.0.0.16": 6109.0382, "10.0.0.2": 0.0001}}, "League of Legends: Wild Rift": {"localIpCount": 3, "localIpFrequency": {"10.0.0.13": 2, "10.0.0.152": 3, "10.0.0.172": 1}, "localIpTotalDuration": 4338.0582, "localIpDuration": {"10.0.0.13": 2795.9109, "10.0.0.152": 1394.0825, "10.0.0.172": 148.0648}}, "Cookie Run: Kingdom": {"localIpCount": 2, "localIpFrequency": {"10.0.0.7": 2, "10.0.0.32": 1}, "localIpTotalDuration": 2470.5999, "localIpDuration": {"10.0.0.7": 1600.157, "10.0.0.32": 870.4429}}, "ZEPETO": {"localIpCount": 1, "localIpFrequency": {"10.0.0.137": 1}, "localIpTotalDuration": 0.0011, "localIpDuration": {"10.0.0.137": 0.0011}}, "FIFA Mobile": {"localIpCount": 10, "localIpFrequency": {"10.0.0.94": 4, "10.0.0.135": 8, "10.0.0.134": 1, "10.0.0.46": 1, "10.0.0.122": 2, "10.0.0.136": 1, "10.0.0.168": 2, "10.0.0.176": 1, "10.0.0.182": 3, "10.0.0.10": 2}, "localIpTotalDuration": 34767.3777, "localIpDuration": {"10.0.0.94": 6324.269200000001, "10.0.0.135": 13274.2223, "10.0.0.134": 1785.7418, "10.0.0.46": 1052.084, "10.0.0.122": 3440.9289, "10.0.0.136": 1138.1176, "10.0.0.168": 2564.2365, "10.0.0.176": 1629.864, "10.0.0.182": 2227.9765, "10.0.0.10": 1329.9369000000002}}, "Roblox": {"localIpCount": 29, "localIpFrequency": {"10.0.0.139": 1, "10.0.0.10": 1, "10.0.0.75": 1, "10.0.0.143": 1, "10.0.0.148": 2, "10.0.0.87": 1, "10.0.0.125": 1, "10.0.0.2": 1, "10.0.0.59": 1, "10.0.0.169": 1, "10.0.0.7": 2, "10.0.0.202": 1, "10.0.0.33": 1, "10.0.0.25": 1, "10.0.0.150": 1, "10.0.0.117": 1, "10.0.0.206": 1, "10.0.0.89": 1, "10.0.0.210": 1, "10.0.0.144": 1, "10.0.0.236": 2, "10.0.0.218": 1, "10.0.0.216": 1, "10.0.0.82": 1, "10.0.0.240": 1, "10.0.0.8": 1, "10.0.0.220": 1, "10.0.0.130": 1, "10.0.0.15": 1}, "localIpTotalDuration": 56429.293000000005, "localIpDuration": {"10.0.0.139": 1799.9591, "10.0.0.10": 1800.0455, "10.0.0.75": 1800.0295, "10.0.0.143": 1800.0421, "10.0.0.148": 3599.9649, "10.0.0.87": 1800.0451, "10.0.0.125": 1800.0066, "10.0.0.2": 1800.0262, "10.0.0.59": 1800.0103, "10.0.0.169": 1800.0454, "10.0.0.7": 3600.0982, "10.0.0.202": 1799.9814, "10.0.0.33": 1800.0113, "10.0.0.25": 1799.9552, "10.0.0.150": 1800.0032, "10.0.0.117": 1800.0345, "10.0.0.206": 1800.0106, "10.0.0.89": 1799.8871, "10.0.0.210": 1799.9841, "10.0.0.144": 1799.8938, "10.0.0.236": 3599.9390000000003, "10.0.0.218": 1799.9169, "10.0.0.216": 1800.0426, "10.0.0.82": 1800.0316, "10.0.0.240": 1799.959, "10.0.0.8": 1800.0187, "10.0.0.220": 1800.0307, "10.0.0.130": 1800.013, "10.0.0.15": 629.3074}}, "Among us": {"localIpCount": 1, "localIpFrequency": {"10.0.0.102": 1}, "localIpTotalDuration": 1475.0958, "localIpDuration": {"10.0.0.102": 1475.0958}}, "Minecraft": {"localIpCount": 4, "localIpFrequency": {"10.0.0.30": 3, "10.0.0.185": 1, "10.0.0.131": 13, "10.0.0.4": 1}, "localIpTotalDuration": 26720.785399999997, "localIpDuration": {"10.0.0.30": 4393.0856, "10.0.0.185": 2.606, "10.0.0.131": 20961.6419, "10.0.0.4": 1363.4519}}, "WePlay - Party Game & Chat": {"localIpCount": 1, "localIpFrequency": {"10.0.0.53": 1}, "localIpTotalDuration": 878.1898, "localIpDuration": {"10.0.0.53": 878.1898}}, "Random Dice: Defense": {"localIpCount": 1, "localIpFrequency": {"10.0.0.230": 2}, "localIpTotalDuration": 497.7035, "localIpDuration": {"10.0.0.230": 497.7035}}, "KartRider Rush+": {"localIpCount": 2, "localIpFrequency": {"10.0.0.53": 2, "10.0.0.212": 1}, "localIpTotalDuration": 1838.4872, "localIpDuration": {"10.0.0.53": 1838.487, "10.0.0.212": 0.0002}}, "FIFA ONLINE 4 M": {"localIpCount": 2, "localIpFrequency": {"10.0.0.46": 1, "10.0.0.252": 1}, "localIpTotalDuration": 1270.1381999999999, "localIpDuration": {"10.0.0.46": 0.0001, "10.0.0.252": 1270.1381}}, "Roblox (Adopt Me!)": {"localIpCount": 29, "localIpFrequency": {"10.0.0.125": 1, "10.0.0.22": 1, "10.0.0.86": 1, "10.0.0.54": 2, "10.0.0.33": 1, "10.0.0.130": 1, "10.0.0.71": 1, "10.0.0.177": 1, "10.0.0.98": 1, "10.0.0.121": 1, "10.0.0.144": 1, "10.0.0.94": 1, "10.0.0.89": 1, "10.0.0.170": 1, "10.0.0.191": 1, "10.0.0.217": 1, "10.0.0.224": 1, "10.0.0.219": 1, "10.0.0.180": 1, "10.0.0.210": 2, "10.0.0.166": 1, "10.0.0.43": 1, "10.0.0.135": 1, "10.0.0.238": 1, "10.0.0.237": 1, "10.0.0.138": 1, "10.0.0.163": 1, "10.0.1.4": 2, "10.0.0.29": 1}, "localIpTotalDuration": 55849.0717, "localIpDuration": {"10.0.0.125": 1794.7826, "10.0.0.22": 1799.6442, "10.0.0.86": 1799.5276, "10.0.0.54": 3591.5212, "10.0.0.33": 1790.9701, "10.0.0.130": 1799.0565, "10.0.0.71": 1799.0343, "10.0.0.177": 1793.0949, "10.0.0.98": 1794.2245, "10.0.0.121": 1795.0137, "10.0.0.144": 1799.7313, "10.0.0.94": 1798.9711, "10.0.0.89": 1793.6855, "10.0.0.170": 1781.544, "10.0.0.191": 1799.5573, "10.0.0.217": 1789.3937, "10.0.0.224": 1797.6731, "10.0.0.219": 1793.2188, "10.0.0.180": 1799.6338, "10.0.0.210": 3586.7016, "10.0.0.166": 1799.834, "10.0.0.43": 1791.4264, "10.0.0.135": 1799.8355, "10.0.0.238": 1799.8264, "10.0.0.237": 1797.6089, "10.0.0.138": 1793.8941, "10.0.0.163": 1795.5985, "10.0.1.4": 3592.9051, "10.0.0.29": 181.163}}, "\ud0d5\ud0d5\ud2b9\uacf5\ub300": {"localIpCount": 8, "localIpFrequency": {"10.0.0.40": 1, "10.0.0.70": 1, "10.0.0.105": 1, "10.0.0.147": 1, "10.0.0.83": 1, "10.0.0.184": 1, "10.0.0.237": 2, "10.0.0.230": 1}, "localIpTotalDuration": 4763.4800000000005, "localIpDuration": {"10.0.0.40": 1093.138, "10.0.0.70": 0.0001, "10.0.0.105": 355.82, "10.0.0.147": 545.8208, "10.0.0.83": 1521.4558, "10.0.0.184": 0.0001, "10.0.0.237": 183.52700000000002, "10.0.0.230": 1063.7182}}, "Brawl Stars": {"localIpCount": 7, "localIpFrequency": {"10.0.0.46": 1, "10.0.0.36": 1, "10.0.0.66": 7, "10.0.0.187": 5, "10.0.0.181": 1, "10.0.0.180": 1, "10.0.0.255": 1}, "localIpTotalDuration": 20420.530899999998, "localIpDuration": {"10.0.0.46": 865.8868, "10.0.0.36": 0.0001, "10.0.0.66": 7625.0948, "10.0.0.187": 8034.419099999999, "10.0.0.181": 1795.9325, "10.0.0.180": 1692.0865, "10.0.0.255": 407.1111}}, "Guitar Girl": {"localIpCount": 1, "localIpFrequency": {"10.0.0.203": 3}, "localIpTotalDuration": 4648.1159, "localIpDuration": {"10.0.0.203": 4648.1159}}, "DRAGON BALL LEGENDS": {"localIpCount": 1, "localIpFrequency": {"10.0.0.42": 4}, "localIpTotalDuration": 2576.0583, "localIpDuration": {"10.0.0.42": 2576.0583}}, "Clash of Clan": {"localIpCount": 1, "localIpFrequency": {"10.0.0.38": 2}, "localIpTotalDuration": 229.5919, "localIpDuration": {"10.0.0.38": 229.5919}}, "Clash Royale": {"localIpCount": 4, "localIpFrequency": {"10.0.0.179": 2, "10.0.0.104": 1, "10.0.0.89": 2, "10.0.0.242": 1}, "localIpTotalDuration": 3966.8909, "localIpDuration": {"10.0.0.179": 315.7824, "10.0.0.104": 2.4203, "10.0.0.89": 2198.2374, "10.0.0.242": 1450.4508}}, "Pok\u00e9mon GO": {"localIpCount": 3, "localIpFrequency": {"10.0.0.160": 1, "10.0.0.223": 3, "10.0.0.180": 1}, "localIpTotalDuration": 4571.7453, "localIpDuration": {"10.0.0.160": 1303.7102, "10.0.0.223": 3268.035, "10.0.0.180": 0.0001}}}