{"ZEPETO": {"localIpCount": 1, "localIpFrequency": {"10.0.2.124": 4}, "localIpTotalDuration": 2366.2742, "localIpDuration": {"10.0.2.124": 2366.2742}}, "Free Fire": {"localIpCount": 2, "localIpFrequency": {"10.0.0.151": 7, "10.0.2.121": 2}, "localIpTotalDuration": 13183.9898, "localIpDuration": {"10.0.0.151": 10145.9712, "10.0.2.121": 3038.0186000000003}}, "Genshin Impact": {"localIpCount": 1, "localIpFrequency": {"10.0.2.210": 5}, "localIpTotalDuration": 4283.083, "localIpDuration": {"10.0.2.210": 4283.083}}, "Merge Fantasy Island": {"localIpCount": 1, "localIpFrequency": {"10.0.1.180": 4}, "localIpTotalDuration": 619.7997, "localIpDuration": {"10.0.1.180": 619.7997}}, "DRAGON BALL LEGENDS": {"localIpCount": 1, "localIpFrequency": {"10.0.0.238": 2}, "localIpTotalDuration": 1701.0844, "localIpDuration": {"10.0.0.238": 1701.0844}}, "Cookie Run: Kingdom": {"localIpCount": 7, "localIpFrequency": {"10.0.0.220": 1, "10.0.0.135": 3, "10.0.1.115": 3, "10.0.1.94": 2, "10.0.2.190": 1, "10.0.0.206": 3, "10.0.2.178": 1}, "localIpTotalDuration": 17608.051799999997, "localIpDuration": {"10.0.0.220": 0.0, "10.0.0.135": 4249.0181, "10.0.1.115": 2966.9456, "10.0.1.94": 3381.9515, "10.0.2.190": 793.994, "10.0.0.206": 4939.9649, "10.0.2.178": 1276.1777}}, "\ucef4\ud22c\uc2a4\ud504\ub85c\uc57c\uad6cV22": {"localIpCount": 1, "localIpFrequency": {"10.0.2.101": 1}, "localIpTotalDuration": 929.0565, "localIpDuration": {"10.0.2.101": 929.0565}}, "Zombie High School": {"localIpCount": 3, "localIpFrequency": {"10.0.0.206": 1, "10.0.0.116": 1, "10.0.2.197": 1}, "localIpTotalDuration": 3273.6111, "localIpDuration": {"10.0.0.206": 1699.0661, "10.0.0.116": 995.5367, "10.0.2.197": 579.0083}}, "Clash Royale": {"localIpCount": 1, "localIpFrequency": {"10.0.0.89": 5}, "localIpTotalDuration": 4654.036899999999, "localIpDuration": {"10.0.0.89": 4654.036899999999}}, "Roblox (Game)": {"localIpCount": 31, "localIpFrequency": {"10.0.0.92": 1, "10.0.0.15": 1, "10.0.1.212": 2, "10.0.2.18": 2, "10.0.2.189": 1, "10.0.0.175": 1, "10.0.2.209": 2, "10.0.0.5": 1, "10.0.2.198": 2, "10.0.2.130": 1, "10.0.0.43": 1, "10.0.2.214": 1, "10.0.0.18": 1, "10.0.1.55": 1, "10.0.0.210": 1, "10.0.1.36": 1, "10.0.2.136": 1, "10.0.0.50": 1, "10.0.1.34": 1, "10.0.0.14": 1, "10.0.0.12": 1, "10.0.0.83": 1, "10.0.0.236": 1, "10.0.1.161": 1, "10.0.0.219": 1, "10.0.1.217": 1, "10.0.1.146": 1, "10.0.3.4": 1, "10.0.1.233": 1, "10.0.0.48": 1, "10.0.2.179": 2}, "localIpTotalDuration": 63558.89200000001, "localIpDuration": {"10.0.0.92": 1797.9965, "10.0.0.15": 1783.9858, "10.0.1.212": 3565.0217000000002, "10.0.2.18": 3180.934, "10.0.2.189": 1777.9943, "10.0.0.175": 1754.0192, "10.0.2.209": 3212.0545, "10.0.0.5": 1681.9953, "10.0.2.198": 3593.971, "10.0.2.130": 1789.0168, "10.0.0.43": 1796.0217, "10.0.2.214": 1799.0059, "10.0.0.18": 1797.0207, "10.0.1.55": 1799.1122, "10.0.0.210": 1798.3127, "10.0.1.36": 1799.8193, "10.0.2.136": 1799.9225, "10.0.0.50": 1799.2202, "10.0.1.34": 1796.0819, "10.0.0.14": 1799.0961, "10.0.0.12": 1798.1216, "10.0.0.83": 1799.9597, "10.0.0.236": 1799.072, "10.0.1.161": 1799.1058, "10.0.0.219": 1798.2592, "10.0.1.217": 1796.9872, "10.0.1.146": 1799.0321, "10.0.3.4": 1799.5715, "10.0.1.233": 1795.1806, "10.0.0.48": 1793.9993, "10.0.2.179": 3459.0006999999996}}, "Brawl Stars": {"localIpCount": 10, "localIpFrequency": {"10.0.2.74": 5, "10.0.2.180": 6, "10.0.2.61": 2, "10.0.0.43": 1, "10.0.0.41": 1, "10.0.2.36": 2, "10.0.0.217": 1, "10.0.0.242": 1, "10.0.2.235": 1, "10.0.1.249": 1}, "localIpTotalDuration": 31960.068699999996, "localIpDuration": {"10.0.2.74": 7385.008099999999, "10.0.2.180": 9747.2327, "10.0.2.61": 3577.1636, "10.0.0.43": 1716.9707, "10.0.0.41": 1291.0172, "10.0.2.36": 2546.5523000000003, "10.0.0.217": 1776.1138, "10.0.0.242": 1764.0788, "10.0.2.235": 1772.9075, "10.0.1.249": 383.024}}, "League of Legends: Wild Rift": {"localIpCount": 4, "localIpFrequency": {"10.0.2.198": 2, "10.0.2.217": 1, "10.0.0.242": 4, "10.0.0.172": 2}, "localIpTotalDuration": 8945.131500000001, "localIpDuration": {"10.0.2.198": 1265.0113, "10.0.2.217": 1778.9964, "10.0.0.242": 5564.0482, "10.0.0.172": 337.07559999999995}}, "Clash of Clan": {"localIpCount": 1, "localIpFrequency": {"10.0.2.201": 1}, "localIpTotalDuration": 36.0879, "localIpDuration": {"10.0.2.201": 36.0879}}, "Ensemble Stars": {"localIpCount": 1, "localIpFrequency": {"10.0.0.178": 1}, "localIpTotalDuration": 1256.0101, "localIpDuration": {"10.0.0.178": 1256.0101}}, "Roblox": {"localIpCount": 28, "localIpFrequency": {"10.0.0.135": 2, "10.0.1.166": 1, "10.0.2.201": 2, "10.0.2.209": 1, "10.0.2.203": 2, "10.0.0.188": 2, "10.0.1.103": 2, "10.0.0.56": 1, "10.0.0.5": 1, "10.0.2.199": 3, "10.0.2.198": 1, "10.0.0.250": 2, "10.0.0.18": 2, "10.0.0.144": 1, "10.0.2.125": 1, "10.0.1.191": 1, "10.0.0.214": 1, "10.0.0.191": 1, "10.0.1.26": 1, "10.0.0.146": 1, "10.0.1.90": 1, "10.0.2.127": 1, "10.0.1.64": 1, "10.0.0.71": 1, "10.0.3.12": 1, "10.0.1.45": 1, "10.0.0.82": 1, "10.0.2.36": 1}, "localIpTotalDuration": 66585.2607, "localIpDuration": {"10.0.0.135": 3599.0519999999997, "10.0.1.166": 1799.5711, "10.0.2.201": 3599.5447000000004, "10.0.2.209": 1799.5593, "10.0.2.203": 3598.8738, "10.0.0.188": 3599.0913, "10.0.1.103": 3599.2934999999998, "10.0.0.56": 1799.308, "10.0.0.5": 1799.0319, "10.0.2.199": 5399.0656, "10.0.2.198": 1799.4596, "10.0.0.250": 3598.5911, "10.0.0.18": 3599.9842, "10.0.0.144": 1799.4228, "10.0.2.125": 1799.9581, "10.0.1.191": 1799.823, "10.0.0.214": 1799.4574, "10.0.0.191": 1799.4744, "10.0.1.26": 1799.1432, "10.0.0.146": 1799.9919, "10.0.1.90": 1799.4217, "10.0.2.127": 1799.9995, "10.0.1.64": 1800.0005, "10.0.0.71": 1799.9986, "10.0.3.12": 1799.4198, "10.0.1.45": 1799.1496, "10.0.0.82": 1799.574, "10.0.2.36": 1800.0001}}, "GUNS UP! Mobile": {"localIpCount": 2, "localIpFrequency": {"10.0.2.78": 1, "10.0.2.151": 1}, "localIpTotalDuration": 202.98250000000002, "localIpDuration": {"10.0.2.78": 0.0001, "10.0.2.151": 202.9824}}, "Odin: Valhalla Rising": {"localIpCount": 1, "localIpFrequency": {"10.0.0.41": 1}, "localIpTotalDuration": 0.0001, "localIpDuration": {"10.0.0.41": 0.0001}}, "KartRider: Drift": {"localIpCount": 1, "localIpFrequency": {"10.0.0.98": 5}, "localIpTotalDuration": 4487.7681999999995, "localIpDuration": {"10.0.0.98": 4487.7681999999995}}, "FIFA ONLINE 4 M": {"localIpCount": 5, "localIpFrequency": {"10.0.1.25": 1, "10.0.2.11": 1, "10.0.1.94": 1, "10.0.1.44": 1, "10.0.1.249": 1}, "localIpTotalDuration": 1928.9125000000001, "localIpDuration": {"10.0.1.25": 0.0, "10.0.2.11": 809.0529, "10.0.1.94": 518.973, "10.0.1.44": 600.8866, "10.0.1.249": 0.0}}, "FIFA Mobile": {"localIpCount": 13, "localIpFrequency": {"10.0.0.10": 2, "10.0.0.236": 1, "10.0.1.25": 2, "10.0.0.117": 2, "10.0.0.89": 1, "10.0.1.217": 2, "10.0.2.17": 4, "10.0.0.108": 1, "10.0.2.15": 1, "10.0.0.82": 1, "10.0.1.94": 1, "10.0.2.74": 1, "10.0.0.216": 1}, "localIpTotalDuration": 29239.7211, "localIpDuration": {"10.0.0.10": 2451.978, "10.0.0.236": 637.9842, "10.0.1.25": 3396.0805, "10.0.0.117": 3017.9710999999998, "10.0.0.89": 495.9999, "10.0.1.217": 3571.0905000000002, "10.0.2.17": 6297.4751, "10.0.0.108": 1761.0205, "10.0.2.15": 1785.1557, "10.0.0.82": 1533.8803, "10.0.1.94": 932.1272, "10.0.2.74": 1798.9466, "10.0.0.216": 1560.0115}}, "Valor Legends: Dog Rescue": {"localIpCount": 1, "localIpFrequency": {"10.0.1.82": 12}, "localIpTotalDuration": 13943.7347, "localIpDuration": {"10.0.1.82": 13943.7347}}, "HATSUNE MIKU: COLORFUL STAGE!": {"localIpCount": 2, "localIpFrequency": {"10.0.1.161": 1, "10.0.0.205": 1}, "localIpTotalDuration": 2492.1675, "localIpDuration": {"10.0.1.161": 1175.2017, "10.0.0.205": 1316.9658}}, "\ud0d5\ud0d5\ud2b9\uacf5\ub300": {"localIpCount": 5, "localIpFrequency": {"10.0.0.237": 1, "10.0.0.93": 1, "10.0.0.29": 1, "10.0.2.151": 1, "10.0.0.121": 1}, "localIpTotalDuration": 6585.9351, "localIpDuration": {"10.0.0.237": 1790.9768, "10.0.0.93": 1369.0331, "10.0.0.29": 87.0015, "10.0.2.151": 1784.9164, "10.0.0.121": 1554.0073}},