{"Genshin Impact": {"localIpCount": 3, "localIpFrequency": {"10.0.0.18": 70, "10.0.0.22": 8, "10.0.0.28": 2}, "localIpTotalDuration": 179950.00919999994, "localIpDuration": {"10.0.0.18": 165276.92769999997, "10.0.0.22": 13321.137, "10.0.0.28": 1351.9445}}, "Modern Combat": {"localIpCount": 1, "localIpFrequency": {"10.0.0.5": 2}, "localIpTotalDuration": 0.0002, "localIpDuration": {"10.0.0.5": 0.0002}}, "Modern Warships": {"localIpCount": 2, "localIpFrequency": {"10.0.0.8": 1, "10.0.0.161": 1}, "localIpTotalDuration": 1960.0628000000002, "localIpDuration": {"10.0.0.8": 1240.0494, "10.0.0.161": 720.0134}}, "League of Legends: Wild Rift": {"localIpCount": 6, "localIpFrequency": {"10.0.0.40": 7, "10.0.0.13": 51, "10.0.0.15": 3, "10.0.0.94": 10, "10.0.0.28": 6, "10.0.0.198": 1}, "localIpTotalDuration": 173380.20430000004, "localIpDuration": {"10.0.0.40": 9235.0993, "10.0.0.13": 108666.2455, "10.0.0.15": 38048.63, "10.0.0.94": 11387.116399999999, "10.0.0.28": 5497.102700000001, "10.0.0.198": 546.0104}}, "Clash of Clan": {"localIpCount": 1, "localIpFrequency": {"10.0.0.8": 10}, "localIpTotalDuration": 156.46540000000002, "localIpDuration": {"10.0.0.8": 156.46540000000002}}, "Brawl Stars": {"localIpCount": 3, "localIpFrequency": {"10.0.0.8": 4, "10.0.0.152": 1, "10.0.0.23": 4}, "localIpTotalDuration": 4627.6802, "localIpDuration": {"10.0.0.8": 860.4286999999999, "10.0.0.152": 0.2584, "10.0.0.23": 3766.9931000000006}}, "Ninja Must Die": {"localIpCount": 1, "localIpFrequency": {"10.0.0.40": 2}, "localIpTotalDuration": 572.0027, "localIpDuration": {"10.0.0.40": 572.0027}}, "Asphalt 9: Legends": {"localIpCount": 1, "localIpFrequency": {"10.0.0.5": 2}, "localIpTotalDuration": 343.03200000000004, "localIpDuration": {"10.0.0.5": 343.03200000000004}}, "Pok\u00e9mon Unite": {"localIpCount": 1, "localIpFrequency": {"10.0.0.152": 2}, "localIpTotalDuration": 1156.1103, "localIpDuration": {"10.0.0.152": 1156.1103}}, "Pok\u00e9mon GO": {"localIpCount": 1, "localIpFrequency": {"10.0.0.5": 4}, "localIpTotalDuration": 1324.8106, "localIpDuration": {"10.0.0.5": 1324.8106}}, "PUBG Mobile": {"localIpCount": 5, "localIpFrequency": {"10.0.0.30": 37, "10.0.0.95": 6, "10.0.0.132": 2, "10.0.0.51": 1, "10.0.0.163": 1}, "localIpTotalDuration": 41310.6564, "localIpDuration": {"10.0.0.30": 38007.889899999995, "10.0.0.95": 2126.7271, "10.0.0.132": 0.0002, "10.0.0.51": 301.0462, "10.0.0.163": 874.993}}, "Roblox": {"localIpCount": 4, "localIpFrequency": {"10.0.0.68": 13, "10.0.0.124": 5, "10.0.0.77": 1, "10.0.0.191": 6}, "localIpTotalDuration": 33808.438799999996, "localIpDuration": {"10.0.0.68": 23081.696099999997, "10.0.0.124": 2708.9063, "10.0.0.77": 1.2075, "10.0.0.191": 8016.628899999999}}, "Roblox (Adopt Me!)": {"localIpCount": 3, "localIpFrequency": {"10.0.0.68": 13, "10.0.0.124": 5, "10.0.0.191": 6}, "localIpTotalDuration": 9301.891199999998, "localIpDuration": {"10.0.0.68": 4277.6559, "10.0.0.124": 873.465, "10.0.0.191": 4150.7703}}}