{"Among us": {"localIpCount": 4, "localIpFrequency": {"10.0.3.15": 1, "10.0.4.117": 3, "10.0.0.44": 1, "10.0.5.63": 2}, "localIpTotalDuration": 10967.2667, "localIpDuration": {"10.0.3.15": 1731.1408, "10.0.4.117": 4016.17, "10.0.0.44": 1799.9692, "10.0.5.63": 3419.9867000000004}}, "FIFA Mobile": {"localIpCount": 14, "localIpFrequency": {"10.0.4.57": 1, "10.0.0.136": 2, "10.0.2.194": 3, "10.0.1.44": 1, "10.0.0.216": 1, "10.0.0.214": 1, "10.0.0.108": 1, "10.0.0.42": 1, "10.0.5.72": 1, "10.0.2.15": 1, "10.0.3.246": 1, "10.0.0.168": 1, "10.0.1.27": 1, "10.0.0.186": 1}, "localIpTotalDuration": 23262.848099999996, "localIpDuration": {"10.0.4.57": 1798.0198, "10.0.0.136": 3557.0013, "10.0.2.194": 2523.0824000000002, "10.0.1.44": 1348.016, "10.0.0.216": 1790.9646, "10.0.0.214": 1781.0752, "10.0.0.108": 1745.032, "10.0.0.42": 1797.0588, "10.0.5.72": 184.0439, "10.0.2.15": 1567.981, "10.0.3.246": 1381.9148, "10.0.0.168": 1785.9849, "10.0.1.27": 1701.1117, "10.0.0.186": 301.5617}}, "Mech Arena": {"localIpCount": 1, "localIpFrequency": {"10.0.0.118": 4}, "localIpTotalDuration": 4628.8849, "localIpDuration": {"10.0.0.118": 4628.8849}}, "FreezeTag Online": {"localIpCount": 3, "localIpFrequency": {"10.0.0.32": 1, "10.0.2.197": 1, "10.0.2.124": 2}, "localIpTotalDuration": 5347.1601, "localIpDuration": {"10.0.0.32": 473.0552, "10.0.2.197": 1796.0256, "10.0.2.124": 3078.0793000000003}}, "ZEPETO": {"localIpCount": 3, "localIpFrequency": {"10.0.3.223": 8, "10.0.3.46": 3, "10.0.2.124": 1}, "localIpTotalDuration": 8895.0275, "localIpDuration": {"10.0.3.223": 3530.9617000000003, "10.0.3.46": 3811.0316, "10.0.2.124": 1553.0342}}, "Brawl Stars": {"localIpCount": 11, "localIpFrequency": {"10.0.3.163": 6, "10.0.0.43": 1, "10.0.1.40": 5, "10.0.2.231": 1, "10.0.0.98": 2, "10.0.1.209": 1, "10.0.0.184": 1, "10.0.1.167": 1, "10.0.0.162": 1, "10.0.4.75": 2, "10.0.2.61": 1}, "localIpTotalDuration": 30378.881, "localIpDuration": {"10.0.3.163": 7335.362000000001, "10.0.0.43": 1761.0615, "10.0.1.40": 8153.2291000000005, "10.0.2.231": 240.9417, "10.0.0.98": 3445.1428, "10.0.1.209": 681.0275, "10.0.0.184": 1751.0663, "10.0.1.167": 1535.9271, "10.0.0.162": 1755.0471, "10.0.4.75": 2029.0471, "10.0.2.61": 1691.0288}}, "Pok\u00e9mon GO": {"localIpCount": 5, "localIpFrequency": {"10.0.2.156": 4, "10.0.5.4": 8, "10.0.3.111": 1, "10.0.0.40": 1, "10.0.5.59": 1}, "localIpTotalDuration": 21297.753799999995, "localIpDuration": {"10.0.2.156": 7002.992200000001, "10.0.5.4": 12011.689199999999, "10.0.3.111": 1799.9992, "10.0.0.40": 483.0732, "10.0.5.59": 0.0}}, "KartRider Rush+": {"localIpCount": 7, "localIpFrequency": {"10.0.2.97": 4, "10.0.2.194": 1, "10.0.1.147": 2, "10.0.1.132": 3, "10.0.0.53": 1, "10.0.3.95": 1, "10.0.0.186": 1}, "localIpTotalDuration": 10026.055599999998, "localIpDuration": {"10.0.2.97": 4770.0193, "10.0.2.194": 0.0, "10.0.1.147": 981.9791, "10.0.1.132": 3523.0447000000004, "10.0.0.53": 289.0016, "10.0.3.95": 34.0235, "10.0.0.186": 427.9874}}, "Clash of Clan": {"localIpCount": 2, "localIpFrequency": {"10.0.5.42": 2, "10.0.0.89": 1}, "localIpTotalDuration": 1532.0316, "localIpDuration": {"10.0.5.42": 1143.0185999999999, "10.0.0.89": 389.013}}, "Asphalt 9: Legends": {"localIpCount": 1, "localIpFrequency": {"10.0.0.142": 2}, "localIpTotalDuration": 2391.0452, "localIpDuration": {"10.0.0.142": 2391.0452}}, "Roblox (Game)": {"localIpCount": 28, "localIpFrequency": {"10.0.1.107": 1, "10.0.0.14": 1, "10.0.0.222": 1, "10.0.4.69": 1, "10.0.1.90": 1, "10.0.4.6": 1, "10.0.4.117": 1, "10.0.2.108": 1, "10.0.4.252": 1, "10.0.1.172": 1, "10.0.4.147": 1, "10.0.0.43": 1, "10.0.3.100": 2, "10.0.1.120": 1, "10.0.0.130": 2, "10.0.0.189": 1, "10.0.0.89": 1, "10.0.5.36": 1, "10.0.0.92": 2, "10.0.2.162": 1, "10.0.0.42": 1, "10.0.0.175": 2, "10.0.2.135": 1, "10.0.5.60": 1, "10.0.0.155": 1, "10.0.0.69": 1, "10.0.4.193": 1, "10.0.0.68": 1}, "localIpTotalDuration": 57377.01090000001, "localIpDuration": {"10.0.1.107": 1799.0286, "10.0.0.14": 1798.9976, "10.0.0.222": 1799.9939, "10.0.4.69": 1796.935, "10.0.1.90": 1799.997, "10.0.4.6": 1790.0049, "10.0.4.117": 1798.1474, "10.0.2.108": 1791.379, "10.0.4.252": 1799.9876, "10.0.1.172": 1799.2472, "10.0.4.147": 1799.8478, "10.0.0.43": 1798.0109, "10.0.3.100": 3597.5263, "10.0.1.120": 1799.0598, "10.0.0.130": 3596.7475999999997, "10.0.0.189": 1798.0141, "10.0.0.89": 1798.0484, "10.0.5.36": 1797.4405, "10.0.0.92": 3591.9427, "10.0.2.162": 1798.0431, "10.0.0.42": 1798.9674, "10.0.0.175": 3579.5969, "10.0.2.135": 1798.0056, "10.0.5.60": 1794.0843, "10.0.0.155": 1798.9904, "10.0.0.69": 1798.9809, "10.0.4.193": 1711.9901, "10.0.0.68": 1747.9959}}, "KartRider: Drift": {"localIpCount": 1, "localIpFrequency": {"10.0.0.98": 2}, "localIpTotalDuration": 1344.9514, "localIpDuration": {"10.0.0.98": 1344.9514}}, "League of Legends: Wild Rift": {"localIpCount": 6, "localIpFrequency": {"10.0.3.109": 3, "10.0.0.242": 1, "10.0.0.13": 10, "10.0.3.224": 1, "10.0.4.1": 2, "10.0.0.186": 1}, "localIpTotalDuration": 24309.479799999997, "localIpDuration": {"10.0.3.109": 5225.9367, "10.0.0.242": 283.3039, "10.0.0.13": 12669.1625, "10.0.3.224": 1463.0606, "10.0.4.1": 3448.9704, "10.0.0.186": 1219.0457}}, "\ud0d5\ud0d5\ud2b9\uacf5\ub300": {"localIpCount": 2, "localIpFrequency": {"10.0.2.231": 5, "10.0.5.22": 1}, "localIpTotalDuration": 5337.9739, "localIpDuration": {"10.0.2.231": 5298.9586, "10.0.5.22": 39.0153}}, "Modern Combat": {"localIpCount": 2, "localIpFrequency": {"10.0.3.163": 3, "10.0.0.142": 2}, "localIpTotalDuration": 3066.0739, "localIpDuration": {"10.0.3.163": 1837.0461999999998, "10.0.0.142": 1229.0277}}, "Pok\u00e9mon Unite": {"localIpCount": 3, "localIpFrequency": {"10.0.5.64": 2, "10.0.4.0": 3, "10.0.3.175": 2}, "localIpTotalDuration": 6208.0414, "localIpDuration": {"10.0.5.64": 3000.0134, "10.0.4.0": 1581.9332, "10.0.3.175": 1626.0948}}, "Cookie Run: Kingdom": {"localIpCount": 1, "localIpFrequency": {"10.0.3.163": 4}, "localIpTotalDuration": 5756.0465, "localIpDuration": {"10.0.3.163": 5756.0465}}, "Zombie High School": {"localIpCount": 2, "localIpFrequency": {"10.0.0.40": 2, "10.0.5.65": 1}, "localIpTotalDuration": 1513.2008, "localIpDuration": {"10.0.0.40": 1412.1099000000002, "10.0.5.65": 101.0909}}, "Roblox": {"localIpCount": 31, "localIpFrequency": {"10.0.0.108": 1, "10.0.1.26": 1, "10.0.5.41": 1, "10.0.4.69": 1, "10.0.0.100": 1, "10.0.0.92": 1, "10.0.5.65": 1, "10.0.1.44": 1, "10.0.0.159": 2, "10.0.2.194": 1, "10.0.0.73": 1, "10.0.0.149": 1, "10.0.0.214": 1, "10.0.0.81": 1, "10.0.3.3": 1, "10.0.1.173": 2, "10.0.0.189": 1, "10.0.0.89": 1, "10.0.1.113": 1, "10.0.1.64": 1, "10.0.1.207": 1, "10.0.3.56": 1, "10.0.5.71": 1, "10.0.0.144": 1, "10.0.2.125": 1, "10.0.0.3": 1, "10.0.4.193": 1, "10.0.3.95": 1, "10.0.0.175": 1, "10.0.4.212": 1, "10.0.0.69": 1}, "localIpTotalDuration": 59384.07249999999, "localIpDuration": {"10.0.0.108": 1799.049, "10.0.1.26": 1799.4568, "10.0.5.41": 1799.4585, "10.0.4.69": 1799.5385, "10.0.0.100": 1799.9996, "10.0.0.92": 1799.5227, "10.0.5.65": 1799.5961, "10.0.1.44": 1799.2061, "10.0.0.159": 3598.8770999999997, "10.0.2.194": 1799.1395, "10.0.0.73": 1799.1763, "10.0.0.149": 1799.1855, "10.0.0.214": 1799.5008, "10.0.0.81": 1799.1254, "10.0.3.3": 1799.4148, "10.0.1.173": 3599.1713, "10.0.0.189": 1799.9993, "10.0.0.89": 1799.9929, "10.0.1.113": 1799.7734, "10.0.1.64": 1799.3927, "10.0.1.207": 1799.4899, "10.0.3.56": 1799.7219, "10.0.5.71": 1799.9947, "10.0.0.144": 1799.4324, "10.0.2.125": 1799.5087, "10.0.0.3": 1799.4306, "10.0.4.193": 1799.5033, "10.0.3.95": 1799.6045, "10.0.0.175": 1799.6478, "10.0.4.212": 1799.601, "10.0.0.69": 1799.5614}}, "Minecraft": {"localIpCount": 11, "localIpFrequency": {"10.0.1.114": 3, "10.0.0.14": 1, "10.0.2.7": 2, "10.0.0.150": 3, "10.0.1.219": 2, "10.0.0.208": 1, "10.0.5.59": 1, "10.0.0.164": 1, "10.0.0.229": 1, "10.0.1.166": 1, "10.0.0.186": 1}, "localIpTotalDuration": 18449.144900000003, "localIpDuration": {"10.0.1.114": 3528.9824, "10.0.0.14": 299.0459, "10.0.2.7": 1897.0399, "10.0.0.150": 3280.0353999999998,