{"KartRider Rush+": {"localIpCount": 2, "localIpFrequency": {"10.0.0.151": 1, "10.0.2.75": 3}, "localIpTotalDuration": 3696.1895999999997, "localIpDuration": {"10.0.0.151": 149.8603, "10.0.2.75": 3546.3293000000003}}, "PUBG Mobile": {"localIpCount": 5, "localIpFrequency": {"10.0.7.75": 1, "10.0.4.65": 2, "10.0.5.237": 6, "10.0.0.181": 1, "10.0.8.7": 1}, "localIpTotalDuration": 13820.253099999998, "localIpDuration": {"10.0.7.75": 1529.9384, "10.0.4.65": 1361.9355, "10.0.5.237": 8359.3311, "10.0.0.181": 888.9988, "10.0.8.7": 1680.0493}}, "Brawl Stars": {"localIpCount": 10, "localIpFrequency": {"10.0.2.45": 1, "10.0.3.211": 1, "10.0.0.172": 1, "10.0.1.185": 3, "10.0.4.143": 1, "10.0.0.177": 1, "10.0.7.65": 1, "10.0.0.234": 1, "10.0.0.66": 1, "10.0.8.7": 1}, "localIpTotalDuration": 16091.7442, "localIpDuration": {"10.0.2.45": 1560.1472, "10.0.3.211": 0.0001, "10.0.0.172": 1728.9824, "10.0.1.185": 5150.2207, "10.0.4.143": 1711.1978, "10.0.0.177": 1500.0471, "10.0.7.65": 1309.9722, "10.0.0.234": 455.0126, "10.0.0.66": 1008.1784, "10.0.8.7": 1667.9857}}, "FIFA ONLINE 4 M": {"localIpCount": 6, "localIpFrequency": {"10.0.0.84": 1, "10.0.6.239": 1, "10.0.0.220": 1, "10.0.7.223": 1, "10.0.1.27": 1, "10.0.1.77": 1}, "localIpTotalDuration": 5934.041899999999, "localIpDuration": {"10.0.0.84": 149.8824, "10.0.6.239": 789.9857, "10.0.0.220": 1710.0388, "10.0.7.223": 1350.0438, "10.0.1.27": 470.1178, "10.0.1.77": 1463.9734}}, "MapleStory M": {"localIpCount": 1, "localIpFrequency": {"10.0.2.73": 2}, "localIpTotalDuration": 2320.3728, "localIpDuration": {"10.0.2.73": 2320.3728}}, "Pok\u00e9mon GO": {"localIpCount": 5, "localIpFrequency": {"10.0.4.175": 3, "10.0.2.95": 1, "10.0.2.130": 1, "10.0.2.181": 1, "10.0.0.177": 2}, "localIpTotalDuration": 8949.6881, "localIpDuration": {"10.0.4.175": 2390.0463999999997, "10.0.2.95": 1630.0193, "10.0.2.130": 1630.2808, "10.0.2.181": 0.0, "10.0.0.177": 3299.3415999999997}}, "HATSUNE MIKU: COLORFUL STAGE!": {"localIpCount": 1, "localIpFrequency": {"10.0.2.5": 14}, "localIpTotalDuration": 22896.5102, "localIpDuration": {"10.0.2.5": 22896.5102}}, "Ninja Must Die": {"localIpCount": 1, "localIpFrequency": {"10.0.2.21": 1}, "localIpTotalDuration": 0.2063, "localIpDuration": {"10.0.2.21": 0.2063}}, "Genshin Impact": {"localIpCount": 2, "localIpFrequency": {"10.0.2.33": 1, "10.0.0.235": 1}, "localIpTotalDuration": 1250.1404, "localIpDuration": {"10.0.2.33": 1100.0652, "10.0.0.235": 150.0752}}, "WePlay - Party Game & Chat": {"localIpCount": 1, "localIpFrequency": {"10.0.3.83": 1}, "localIpTotalDuration": 191.6485, "localIpDuration": {"10.0.3.83": 191.6485}}, "TFT: Teamfight Tactics": {"localIpCount": 3, "localIpFrequency": {"10.0.1.106": 1, "10.0.3.23": 1, "10.0.0.152": 1}, "localIpTotalDuration": 2381.9853000000003, "localIpDuration": {"10.0.1.106": 330.0626, "10.0.3.23": 492.1132, "10.0.0.152": 1559.8095}}, "Cookie Run: Kingdom": {"localIpCount": 1, "localIpFrequency": {"10.0.3.73": 1}, "localIpTotalDuration": 1761.1503, "localIpDuration": {"10.0.3.73": 1761.1503}}, "\ud0d5\ud0d5\ud2b9\uacf5\ub300": {"localIpCount": 2, "localIpFrequency": {"10.0.0.165": 1, "10.0.0.133": 1}, "localIpTotalDuration": 2310.3383000000003, "localIpDuration": {"10.0.0.165": 1160.1319, "10.0.0.133": 1150.2064}}, "League of Legends: Wild Rift": {"localIpCount": 4, "localIpFrequency": {"10.0.1.106": 1, "10.0.1.1": 2, "10.0.8.10": 1, "10.0.3.74": 1}, "localIpTotalDuration": 6726.446400000001, "localIpDuration": {"10.0.1.106": 20.1096, "10.0.1.1": 3430.001, "10.0.8.10": 1765.1468, "10.0.3.74": 1511.189}}, "Clash of Clan": {"localIpCount": 1, "localIpFrequency": {"10.0.0.133": 3}, "localIpTotalDuration": 12.2037, "localIpDuration": {"10.0.0.133": 12.2037}}, "ZEPETO": {"localIpCount": 3, "localIpFrequency": {"10.0.3.121": 2, "10.0.3.83": 1, "10.0.0.100": 1}, "localIpTotalDuration": 1804.0823, "localIpDuration": {"10.0.3.121": 160.1368, "10.0.3.83": 1643.9454, "10.0.0.100": 0.0001}}, "Uma Musume Pretty Derby": {"localIpCount": 1, "localIpFrequency": {"10.0.0.9": 1}, "localIpTotalDuration": 175.0064, "localIpDuration": {"10.0.0.9": 175.0064}}, "Diablo Immortal": {"localIpCount": 2, "localIpFrequency": {"10.0.7.153": 2, "10.0.2.33": 1}, "localIpTotalDuration": 20.155, "localIpDuration": {"10.0.7.153": 0.0, "10.0.2.33": 20.155}}, "World of Tanks": {"localIpCount": 1, "localIpFrequency": {"10.0.1.99": 1}, "localIpTotalDuration": 29.9521, "localIpDuration": {"10.0.1.99": 29.9521}}, "Zombie High School": {"localIpCount": 2, "localIpFrequency": {"10.0.2.189": 1, "10.0.6.194": 1}, "localIpTotalDuration": 350.3642, "localIpDuration": {"10.0.2.189": 100.1203, "10.0.6.194": 250.2439}}, "Roblox": {"localIpCount": 28, "localIpFrequency": {"10.0.0.181": 1, "10.0.1.1": 4, "10.0.0.177": 2, "10.0.1.253": 2, "10.0.1.252": 1, "10.0.2.5": 2, "10.0.1.48": 1, "10.0.3.12": 1, "10.0.0.206": 2, "10.0.5.32": 1, "10.0.0.133": 2, "10.0.5.53": 1, "10.0.0.165": 2, "10.0.7.101": 1, "10.0.2.163": 1, "10.0.0.55": 1, "10.0.2.9": 1, "10.0.4.208": 1, "10.0.0.88": 1, "10.0.0.243": 1, "10.0.0.116": 11, "10.0.5.14": 1, "10.0.6.25": 1, "10.0.0.134": 3, "10.0.0.234": 4, "10.0.3.49": 1, "10.0.1.243": 1, "10.0.0.3": 1}, "localIpTotalDuration": 92058.9484, "localIpDuration": {"10.0.0.181": 1800.0002, "10.0.1.1": 6985.252699999999, "10.0.0.177": 3598.7066999999997, "10.0.1.253": 3599.2732, "10.0.1.252": 1799.6937, "10.0.2.5": 3599.3003, "10.0.1.48": 1799.6501, "10.0.3.12": 1799.5844, "10.0.0.206": 3599.2934999999998, "10.0.5.32": 1799.5864, "10.0.0.133": 3599.5901, "10.0.5.53": 1799.2498, "10.0.0.165": 3598.9052, "10.0.7.101": 1799.8537, "10.0.2.163": 1799.8676, "10.0.0.55": 1799.4265, "10.0.2.9": 1799.5497, "10.0.4.208": 1799.9998, "10.0.0.88": 1798.9955, "10.0.0.243": 1799.7453, "10.0.0.116": 19687.207599999998, "10.0.5.14": 1790.3363, "10.0.6.25": 1799.7123, "10.0.0.134": 5382.213, "10.0.0.234": 7187.8818, "10.0.3.49": 1799.997, "10.0.1.243": 1799.0786, "10.0.0.3": 636.9974}}, "Pok\u00e9mon Unite": {"localIpCount": 1, "localIpFrequency": {"10.0.2.189": 1}, "localIpTotalDuration": 684.0153, "localIpDuration": {"10.0.2.189": 684.0153}}, "Random Dice: Defense": {"localIpCount": 1, "localIpFrequency": {"10.0.1.185": 1}, "localIpTotalDuration": 1080.2428, "localIpDuration": {"10.0.1.185": 1080.2428}}, "FIFA Mobile": {"localIpCount": 5, "localIpFrequency": {"10.0.0.84": 3, "10.0.0.220": 3, "10.0.7.148": 4, "10.0.1.252": 1, "10.0.0.66": 1}, "localIpTotalDuration": 15547.814399999997, "localIpDuration": {"10.0.0.84": 4349.9977, "10.0.0.220": 3830.6035, "10.0.7.148": 6750.2207, "10.0.1.252": 99.9798, "10.0.0.66": 517.0127}}, "Minecraft": {"localIpCount": 3, "localIpFrequency": {"10.0.7.184": 17, "10.0.1.192": 1, "10.0.6.185": 1}, "localIpTotalDuration": 28585.737899999996, "localIpDuration": {"10.0.7.184": 27189.92, "10.0.1.192": 159.8471, "10.0.6.185": 1235.9708}}}