{"Zombie High School": {"localIpCount": 1, "localIpFrequency": {"10.0.4.37": 2}, "localIpTotalDuration": 943.9961000000001, "localIpDuration": {"10.0.4.37": 943.9961000000001}}, "FIFA ONLINE 4 M": {"localIpCount": 8, "localIpFrequency": {"10.0.1.31": 1, "10.0.0.190": 1, "10.0.6.39": 9, "10.0.5.102": 1, "10.0.0.92": 2, "10.0.0.58": 1, "10.0.0.215": 1, "10.0.1.74": 2}, "localIpTotalDuration": 12411.591, "localIpDuration": {"10.0.1.31": 0.0, "10.0.0.190": 0.0048, "10.0.6.39": 5145.586, "10.0.5.102": 1799.9953, "10.0.0.92": 1772.0033, "10.0.0.58": 163.9963, "10.0.0.215": 150.0076, "10.0.1.74": 3379.9977}}, "Among us": {"localIpCount": 1, "localIpFrequency": {"10.0.0.184": 2}, "localIpTotalDuration": 2822.0032, "localIpDuration": {"10.0.0.184": 2822.0032}}, "Genshin Impact": {"localIpCount": 1, "localIpFrequency": {"10.0.5.103": 12}, "localIpTotalDuration": 15159.544399999999, "localIpDuration": {"10.0.5.103": 15159.544399999999}}, "\ucef4\ud22c\uc2a4\ud504\ub85c\uc57c\uad6c2022": {"localIpCount": 1, "localIpFrequency": {"10.0.5.13": 1}, "localIpTotalDuration": 1159.9779, "localIpDuration": {"10.0.5.13": 1159.9779}}, "Brawl Stars": {"localIpCount": 5, "localIpFrequency": {"10.0.2.242": 1, "10.0.4.55": 4, "10.0.0.184": 2, "10.0.0.39": 1, "10.0.0.42": 1}, "localIpTotalDuration": 10431.871900000002, "localIpDuration": {"10.0.2.242": 1592.0033, "10.0.4.55": 6250.007800000001, "10.0.0.184": 940.0062, "10.0.0.39": 1378.0543, "10.0.0.42": 271.8003}}, "Roblox (Game)": {"localIpCount": 29, "localIpFrequency": {"10.0.1.31": 1, "10.0.6.5": 1, "10.0.4.194": 2, "10.0.0.156": 1, "10.0.0.7": 1, "10.0.2.16": 10, "10.0.5.37": 1, "10.0.0.215": 2, "10.0.5.229": 1, "10.0.0.113": 3, "10.0.6.18": 1, "10.0.0.12": 3, "10.0.3.27": 1, "10.0.6.22": 1, "10.0.0.39": 1, "10.0.0.108": 1, "10.0.1.57": 2, "10.0.2.78": 1, "10.0.5.13": 1, "10.0.0.250": 2, "10.0.0.42": 1, "10.0.0.40": 1, "10.0.0.21": 1, "10.0.0.17": 1, "10.0.3.216": 1, "10.0.0.91": 1, "10.0.0.128": 1, "10.0.4.52": 2, "10.0.3.50": 1}, "localIpTotalDuration": 82809.2423, "localIpDuration": {"10.0.1.31": 1765.996, "10.0.6.5": 1785.5539, "10.0.4.194": 3597.4999, "10.0.0.156": 1798.0034, "10.0.0.7": 1768.0036, "10.0.2.16": 17212.0298, "10.0.5.37": 1739.9995, "10.0.0.215": 3454.0097, "10.0.5.229": 1799.9987, "10.0.0.113": 5300.0061, "10.0.6.18": 1783.9993, "10.0.0.12": 5397.5006, "10.0.3.27": 1794.0013, "10.0.6.22": 1790.0102, "10.0.0.39": 1799.9984, "10.0.0.108": 1777.9953, "10.0.1.57": 3575.521, "10.0.2.78": 1786.002, "10.0.5.13": 1794.0149, "10.0.0.250": 3589.4251000000004, "10.0.0.42": 1782.0006, "10.0.0.40": 1786.0046, "10.0.0.21": 1776.0074, "10.0.0.17": 1791.995, "10.0.3.216": 1799.4601, "10.0.0.91": 1795.576, "10.0.0.128": 1799.5029, "10.0.4.52": 3449.5341, "10.0.3.50": 1519.5929}}, "Pok\u00e9mon GO": {"localIpCount": 3, "localIpFrequency": {"10.0.0.128": 12, "10.0.1.160": 2, "10.0.4.55": 1}, "localIpTotalDuration": 16539.582899999998, "localIpDuration": {"10.0.0.128": 14293.574300000002, "10.0.1.160": 2058.0046, "10.0.4.55": 188.004}}, "MapleStory M": {"localIpCount": 1, "localIpFrequency": {"10.0.1.135": 2}, "localIpTotalDuration": 574.0044, "localIpDuration": {"10.0.1.135": 574.0044}}, "DRAGON BALL LEGENDS": {"localIpCount": 2, "localIpFrequency": {"10.0.3.134": 3, "10.0.0.39": 3}, "localIpTotalDuration": 6026.0046999999995, "localIpDuration": {"10.0.3.134": 1944.0060999999998, "10.0.0.39": 4081.9986}}, "FIFA Mobile": {"localIpCount": 9, "localIpFrequency": {"10.0.1.31": 1, "10.0.6.39": 6, "10.0.0.190": 1, "10.0.0.215": 3, "10.0.5.102": 3, "10.0.0.92": 2, "10.0.0.125": 2, "10.0.0.91": 1, "10.0.0.58": 2}, "localIpTotalDuration": 25561.987299999997, "localIpDuration": {"10.0.1.31": 680.002, "10.0.6.39": 8261.9459, "10.0.0.190": 804.0031, "10.0.0.215": 4228.0036, "10.0.5.102": 4950.017, "10.0.0.92": 2439.9927, "10.0.0.125": 1800.0053, "10.0.0.91": 164.0116, "10.0.0.58": 2234.0061}}, "Cookie Run: Kingdom": {"localIpCount": 1, "localIpFrequency": {"10.0.0.190": 1}, "localIpTotalDuration": 138.0004, "localIpDuration": {"10.0.0.190": 138.0004}}, "Clash Royale": {"localIpCount": 1, "localIpFrequency": {"10.0.3.178": 1}, "localIpTotalDuration": 0.0, "localIpDuration": {"10.0.3.178": 0.0}}, "League of Legends: Wild Rift": {"localIpCount": 8, "localIpFrequency": {"10.0.2.57": 1, "10.0.5.253": 6, "10.0.2.169": 9, "10.0.0.58": 2, "10.0.5.176": 1, "10.0.3.135": 1, "10.0.0.73": 1, "10.0.0.106": 1}, "localIpTotalDuration": 32509.5382, "localIpDuration": {"10.0.2.57": 1459.9942, "10.0.5.253": 7893.9997, "10.0.2.169": 13739.559299999999, "10.0.0.58": 3108.0083999999997, "10.0.5.176": 1383.9971, "10.0.3.135": 1417.9907, "10.0.0.73": 1733.9938, "10.0.0.106": 1771.995}}, "Roblox": {"localIpCount": 30, "localIpFrequency": {"10.0.4.194": 2, "10.0.6.5": 2, "10.0.0.156": 2, "10.0.0.12": 3, "10.0.0.27": 2, "10.0.0.7": 2, "10.0.2.16": 4, "10.0.3.27": 1, "10.0.0.91": 1, "10.0.0.215": 1, "10.0.5.37": 1, "10.0.2.166": 1, "10.0.3.3": 1, "10.0.0.113": 1, "10.0.0.42": 2, "10.0.1.150": 2, "10.0.6.24": 1, "10.0.0.116": 2, "10.0.0.250": 3, "10.0.0.211": 1, "10.0.0.222": 1, "10.0.0.176": 1, "10.0.0.40": 1, "10.0.2.174": 2, "10.0.1.18": 1, "10.0.3.134": 1, "10.0.2.74": 1, "10.0.0.140": 1, "10.0.0.246": 1, "10.0.4.52": 2}, "localIpTotalDuration": 84576.2094, "localIpDuration": {"10.0.4.194": 3599.0971, "10.0.6.5": 3599.1103000000003, "10.0.0.156": 3599.1864, "10.0.0.12": 5398.4855, "10.0.0.27": 3599.1198999999997, "10.0.0.7": 3599.1551, "10.0.2.16": 7194.8060000000005, "10.0.3.27": 1799.9952, "10.0.0.91": 1799.5667, "10.0.0.215": 1799.5675, "10.0.5.37": 1799.5833, "10.0.2.166": 1799.3956, "10.0.3.3": 1799.5987, "10.0.0.113": 1799.459, "10.0.0.42": 3599.0913, "10.0.1.150": 3599.0368, "10.0.6.24": 1799.5298, "10.0.0.116": 3599.0172000000002, "10.0.0.250": 5398.5484, "10.0.0.211": 1800.0001, "10.0.0.222": 1799.5351, "10.0.0.176": 1799.9989, "10.0.0.40": 1799.4969, "10.0.2.174": 3599.0467, "10.0.1.18": 1799.5445, "10.0.3.134": 1799.5537, "10.0.2.74": 1799.5189, "10.0.0.140": 1799.5379, "10.0.0.246": 1799.5147, "10.0.4.52": 3599.1122}}, "Guardian Tales": {"localIpCount": 1, "localIpFrequency": {"10.0.3.130": 1}, "localIpTotalDuration": 171.9986, "localIpDuration": {"10.0.3.130": 171.9986}}, "WePlay - Party Game & Chat": {"localIpCount": 3, "localIpFrequency": {"10.0.0.39": 2, "10.0.0.125": 2, "10.0.6.56": 1}, "localIpTotalDuration": 1546.0163000000002, "localIpDuration": {"10.0.0.39": 1320.0175000000002, "10.0.0.125": 73.9998, "10.0.6.56": 151.999}}, "ZEPETO": {"localIpCount": 1, "localIpFrequency": {"10.0.6.0": 1}, "localIpTotalDuration": 0.0, "localIpDuration": {"10.0.6.0": 0.0}}, "Clash of Clan": {"localIpCount": 2, "localIpFrequency": {"10.0.4.109": 7, "10.0.1.88": 1}, "localIpTotalDuration": 6839.8482, "localIpDuration": {"10.0.4.109": 5635.8449, "10.0.1.88": 1204.0033}}, "FreezeTag Online": {"localIpCount": 1, "localIpFrequency": {"10.0.0.236": 1}, "localIpTotalDuration": 104.0163, "localIpDuration": {"10.0.0.236": 104.0163}}, "KartRider Rush+": {"localIpCount": 1, "localIpFrequency": {"10.0.4.37": 1}, "localIpTotalDuration": 308.0027, "localIpDuration": {"10.0.4.37": 308.0027}}, "Ninja Must Die": {"localIpCount": 1, "localIpFrequency": {"10.0.0.215": 4}, "localIpTotalDuration": 14.0021, "localIpDuration": {"10.0.0.215": 14.0021}}, "Minecraft": {"localIpCount": 4, "localIpFrequency": {"10.0.0.46": 1, "10.0.2.78": 2, "10.0.0.128": 1, "10.0.1.74": 1}, "localIpTotalDuration": 4068.006, "localIpDuration": {"10.0.0.46": 266.0005, "10.0.2.78": 1771.9912, "10.0.0.128": 1786.0019, "10.0.1.74": 244.0124}}}