{"Brawl Stars": {"localIpCount": 1, "localIpFrequency": {"10.0.3.46": 1}, "localIpTotalDuration": 1385.9984, "localIpDuration": {"10.0.3.46": 1385.9984}}, "New State Mobile": {"localIpCount": 1, "localIpFrequency": {"10.0.0.78": 1}, "localIpTotalDuration": 539.257, "localIpDuration": {"10.0.0.78": 539.257}}, "League of Legends: Wild Rift": {"localIpCount": 2, "localIpFrequency": {"10.0.2.142": 11, "10.0.0.9": 25}, "localIpTotalDuration": 66513.25230000001, "localIpDuration": {"10.0.2.142": 21522.107799999998, "10.0.0.9": 44991.144499999995}}, "Blue Archive": {"localIpCount": 1, "localIpFrequency": {"10.0.0.27": 1}, "localIpTotalDuration": 591.9996, "localIpDuration": {"10.0.0.27": 591.9996}}, "PUBG Mobile": {"localIpCount": 1, "localIpFrequency": {"10.0.0.39": 23}, "localIpTotalDuration": 42528.96380000001, "localIpDuration": {"10.0.0.39": 42528.96380000001}}, "Genshin Impact": {"localIpCount": 3, "localIpFrequency": {"10.0.2.244": 53, "10.0.2.32": 41, "10.0.2.185": 12}, "localIpTotalDuration": 321125.3785999999, "localIpDuration": {"10.0.2.244": 215644.03669999994, "10.0.2.32": 84200.47370000002, "10.0.2.185": 21280.8682}}, "FIFA Mobile": {"localIpCount": 1, "localIpFrequency": {"10.0.3.36": 1}, "localIpTotalDuration": 68.5632, "localIpDuration": {"10.0.3.36": 68.5632}}, "Modern Warships": {"localIpCount": 1, "localIpFrequency": {"10.0.0.132": 5}, "localIpTotalDuration": 7601.315200000001, "localIpDuration": {"10.0.0.132": 7601.315200000001}}, "Roblox (Adopt Me!)": {"localIpCount": 1, "localIpFrequency": {"10.0.2.232": 1}, "localIpTotalDuration": 251.9982, "localIpDuration": {"10.0.2.232": 251.9982}}}