{"Roblox": {"localIpCount": 28, "localIpFrequency": {"10.0.4.211": 2, "10.0.0.154": 1, "10.0.1.64": 3, "10.0.5.55": 1, "10.0.0.169": 1, "10.0.4.161": 1, "10.0.1.253": 1, "10.0.3.49": 1, "10.0.1.226": 1, "10.0.0.145": 1, "10.0.0.17": 2, "10.0.0.90": 2, "10.0.0.212": 1, "10.0.0.21": 1, "10.0.5.43": 1, "10.0.2.237": 1, "10.0.1.38": 1, "10.0.1.67": 2, "10.0.2.107": 3, "10.0.2.174": 2, "10.0.4.121": 1, "10.0.1.214": 1, "10.0.0.89": 1, "10.0.3.100": 1, "10.0.2.37": 1, "10.0.5.122": 1, "10.0.2.175": 1, "10.0.0.30": 1}, "localIpTotalDuration": 66562.2169, "localIpDuration": {"10.0.4.211": 3595.8046999999997, "10.0.0.154": 1799.0308, "10.0.1.64": 5396.6247, "10.0.5.55": 1798.5429, "10.0.0.169": 1798.5711, "10.0.4.161": 1798.2829, "10.0.1.253": 1798.6032, "10.0.3.49": 1798.6005, "10.0.1.226": 1798.6182, "10.0.0.145": 1798.6023, "10.0.0.17": 3596.8769, "10.0.0.90": 3597.6400999999996, "10.0.0.212": 1798.8155, "10.0.0.21": 1798.2904, "10.0.5.43": 1799.0439, "10.0.2.237": 1799.0759, "10.0.1.38": 1799.9997, "10.0.1.67": 3597.9885999999997, "10.0.2.107": 5398.7918, "10.0.2.174": 3599.1116, "10.0.4.121": 1799.2993, "10.0.1.214": 1798.9945, "10.0.0.89": 1799.6275, "10.0.3.100": 1799.5905, "10.0.2.37": 1799.5954, "10.0.5.122": 1798.9824, "10.0.2.175": 1799.5998, "10.0.0.30": 1799.6118}}, "Brawl Stars": {"localIpCount": 8, "localIpFrequency": {"10.0.5.121": 1, "10.0.3.59": 3, "10.0.0.208": 1, "10.0.0.97": 1, "10.0.2.20": 1, "10.0.1.44": 2, "10.0.3.216": 1, "10.0.4.139": 1}, "localIpTotalDuration": 15401.106600000001, "localIpDuration": {"10.0.5.121": 1784.9918, "10.0.3.59": 3654.0272999999997, "10.0.0.208": 1799.0139, "10.0.0.97": 1791.4255, "10.0.2.20": 1746.0119, "10.0.1.44": 1889.5892999999999, "10.0.3.216": 1782.016, "10.0.4.139": 954.0309}}, "Diablo Immortal": {"localIpCount": 1, "localIpFrequency": {"10.0.0.40": 4}, "localIpTotalDuration": 5054.0112, "localIpDuration": {"10.0.0.40": 5054.0112}}, "FIFA Mobile": {"localIpCount": 2, "localIpFrequency": {"10.0.3.148": 2, "10.0.2.20": 1}, "localIpTotalDuration": 3621.1705, "localIpDuration": {"10.0.3.148": 3171.1642, "10.0.2.20": 450.0063}}, "ZEPETO": {"localIpCount": 3, "localIpFrequency": {"10.0.2.250": 1, "10.0.2.252": 8, "10.0.0.15": 1}, "localIpTotalDuration": 2737.0624, "localIpDuration": {"10.0.2.250": 0.0, "10.0.2.252": 1512.0224, "10.0.0.15": 1225.04}}, "TFT: Teamfight Tactics": {"localIpCount": 1, "localIpFrequency": {"10.0.5.134": 1}, "localIpTotalDuration": 0.0038, "localIpDuration": {"10.0.5.134": 0.0038}}, "Pok\u00e9mon GO": {"localIpCount": 3, "localIpFrequency": {"10.0.3.59": 1, "10.0.0.43": 1, "10.0.4.193": 1}, "localIpTotalDuration": 3306.8053, "localIpDuration": {"10.0.3.59": 1504.9996, "10.0.0.43": 1745.9809, "10.0.4.193": 55.8248}}, "League of Legends: Wild Rift": {"localIpCount": 4, "localIpFrequency": {"10.0.0.181": 4, "10.0.2.191": 3, "10.0.3.172": 2, "10.0.5.143": 2}, "localIpTotalDuration": 16595.3209, "localIpDuration": {"10.0.0.181": 5858.1672, "10.0.2.191": 3996.5773, "10.0.3.172": 3143.0077, "10.0.5.143": 3597.5687}}, "PUBG Mobile": {"localIpCount": 4, "localIpFrequency": {"10.0.4.113": 1, "10.0.0.125": 1, "10.0.2.20": 1, "10.0.0.166": 1}, "localIpTotalDuration": 1019.0051000000001, "localIpDuration": {"10.0.4.113": 0.0026, "10.0.0.125": 623.0026, "10.0.2.20": 144.001, "10.0.0.166": 251.9989}}, "MapleStory M": {"localIpCount": 1, "localIpFrequency": {"10.0.5.53": 17}, "localIpTotalDuration": 19004.2349, "localIpDuration": {"10.0.5.53": 19004.2349}}, "Roblox (Game)": {"localIpCount": 22, "localIpFrequency": {"10.0.0.154": 1, "10.0.2.90": 2, "10.0.2.26": 3, "10.0.0.145": 1, "10.0.4.161": 1, "10.0.4.6": 1, "10.0.0.169": 1, "10.0.1.64": 1, "10.0.1.238": 1, "10.0.0.44": 3, "10.0.0.250": 1, "10.0.0.190": 2, "10.0.0.209": 1, "10.0.0.21": 1, "10.0.5.8": 1, "10.0.5.43": 1, "10.0.0.217": 1, "10.0.2.107": 2, "10.0.1.67": 1, "10.0.3.100": 7, "10.0.0.246": 1, "10.0.1.226": 2}, "localIpTotalDuration": 62336.503000000004, "localIpDuration": {"10.0.0.154": 1796.7934, "10.0.2.90": 3596.5353, "10.0.2.26": 5313.5755, "10.0.0.145": 1798.5664, "10.0.4.161": 1778.0082, "10.0.4.6": 1575.0034, "10.0.0.169": 1666.0004, "10.0.1.64": 1764.0033, "10.0.1.238": 1602.9954, "10.0.0.44": 5375.5972, "10.0.0.250": 1757.001, "10.0.0.190": 3577.5914000000002, "10.0.0.209": 1799.0066, "10.0.0.21": 1798.6215, "10.0.5.8": 1798.5609, "10.0.5.43": 1799.0118, "10.0.0.217": 1798.9963, "10.0.2.107": 3591.0013, "10.0.1.67": 1206.0086, "10.0.3.100": 11779.657299999997, "10.0.0.246": 1655.0002, "10.0.1.226": 3508.9676}}, "Zombie High School": {"localIpCount": 2, "localIpFrequency": {"10.0.0.169": 1, "10.0.3.44": 1}, "localIpTotalDuration": 448.01689999999996, "localIpDuration": {"10.0.0.169": 7.0014, "10.0.3.44": 441.0155}}, "Call of Duty: Mobile": {"localIpCount": 1, "localIpFrequency": {"10.0.3.228": 2}, "localIpTotalDuration": 1817.9968999999999, "localIpDuration": {"10.0.3.228": 1817.9968999999999}}, "Minecraft": {"localIpCount": 1, "localIpFrequency": {"10.0.2.174": 1}, "localIpTotalDuration": 13.9992, "localIpDuration": {"10.0.2.174": 13.9992}}, "\ud0d5\ud0d5\ud2b9\uacf5\ub300": {"localIpCount": 1, "localIpFrequency": {"10.0.0.90": 1}, "localIpTotalDuration": 1530.0007, "localIpDuration": {"10.0.0.90": 1530.0007}}, "Cookie Run: OvenBreak": {"localIpCount": 1, "localIpFrequency": {"10.0.0.65": 1}, "localIpTotalDuration": 210.0102, "localIpDuration": {"10.0.0.65": 210.0102}}, "FIFA ONLINE 4 M": {"localIpCount": 1, "localIpFrequency": {"10.0.0.139": 2}, "localIpTotalDuration": 26.9885, "localIpDuration": {"10.0.0.139": 26.9885}}, "HATSUNE MIKU: COLORFUL STAGE!": {"localIpCount": 1, "localIpFrequency": {"10.0.1.201": 1}, "localIpTotalDuration": 1029.0053, "localIpDuration": {"10.0.1.201": 1029.0053}}, "Valor Legends: Dog Rescue": {"localIpCount": 1, "localIpFrequency": {"10.0.0.46": 5}, "localIpTotalDuration": 6335.5103, "localIpDuration": {"10.0.0.46": 6335.5103}}, "Clash of Clan": {"localIpCount": 2, "localIpFrequency": {"10.0.0.166": 3, "10.0.0.125": 3}, "localIpTotalDuration": 3491.9989, "localIpDuration": {"10.0.0.166": 1457.9517, "10.0.0.125": 2034.0472}}, "Blue Archive": {"localIpCount": 1, "localIpFrequency": {"10.0.0.108": 1}, "localIpTotalDuration": 1203.9857, "localIpDuration": {"10.0.0.108": 1203.9857}}}