{"PUBG Mobile": {"localIpCount": 4, "localIpFrequency": {"10.0.0.30": 24, "10.0.1.2": 6, "10.0.0.95": 28, "10.0.1.15": 5}, "localIpTotalDuration": 62255.81660000001, "localIpDuration": {"10.0.0.30": 19509.578999999998, "10.0.1.2": 5830.3628, "10.0.0.95": 31096.26769999999, "10.0.1.15": 5819.607099999999}}, "Genshin Impact": {"localIpCount": 5, "localIpFrequency": {"10.0.0.22": 4, "10.0.1.2": 5, "10.0.0.18": 45, "10.0.0.110": 1, "10.0.1.38": 5}, "localIpTotalDuration": 83258.54980000002, "localIpDuration": {"10.0.0.22": 6422.546600000001, "10.0.1.2": 4813.0445, "10.0.0.18": 63966.017100000005, "10.0.0.110": 0.0001, "10.0.1.38": 8056.941500000001}}, "Zombie High School": {"localIpCount": 1, "localIpFrequency": {"10.0.0.94": 1}, "localIpTotalDuration": 28.0536, "localIpDuration": {"10.0.0.94": 28.0536}}, "Brawl Stars": {"localIpCount": 2, "localIpFrequency": {"10.0.0.23": 23, "10.0.0.8": 6}, "localIpTotalDuration": 18683.479300000003, "localIpDuration": {"10.0.0.23": 14603.154199999999, "10.0.0.8": 4080.3251}}, "FIFA ONLINE 4 M": {"localIpCount": 1, "localIpFrequency": {"10.0.0.237": 1}, "localIpTotalDuration": 166.0504, "localIpDuration": {"10.0.0.237": 166.0504}}, "Diablo Immortal": {"localIpCount": 1, "localIpFrequency": {"10.0.0.95": 1}, "localIpTotalDuration": 0.0001, "localIpDuration": {"10.0.0.95": 0.0001}}, "Roblox": {"localIpCount": 2, "localIpFrequency": {"10.0.0.220": 1, "10.0.1.51": 5}, "localIpTotalDuration": 9180.955199999999, "localIpDuration": {"10.0.0.220": 1210.1985, "10.0.1.51": 7970.7567}}, "League of Legends: Wild Rift": {"localIpCount": 11, "localIpFrequency": {"10.0.0.94": 7, "10.0.0.84": 2, "10.0.0.218": 2, "10.0.1.7": 1, "10.0.1.14": 5, "10.0.0.166": 1, "10.0.0.210": 1, "10.0.0.69": 15, "10.0.1.24": 1, "10.0.0.15": 1, "10.0.1.52": 1}, "localIpTotalDuration": 39266.432899999985, "localIpDuration": {"10.0.0.94": 7294.8844, "10.0.0.84": 1144.6446, "10.0.0.218": 2092.5771, "10.0.1.7": 11.0008, "10.0.1.14": 6916.2789, "10.0.0.166": 610.2593, "10.0.0.210": 1504.0009, "10.0.0.69": 18926.160099999997, "10.0.1.24": 384.9041, "10.0.0.15": 60.4631, "10.0.1.52": 321.2596}}, "Roblox (Adopt Me!)": {"localIpCount": 2, "localIpFrequency": {"10.0.0.220": 1, "10.0.1.51": 5}, "localIpTotalDuration": 6892.809, "localIpDuration": {"10.0.0.220": 49.8023, "10.0.1.51": 6843.006700000001}}, "The Lord of the Rings: War": {"localIpCount": 1, "localIpFrequency": {"10.0.0.95": 5}, "localIpTotalDuration": 5137.828399999999, "localIpDuration": {"10.0.0.95": 5137.828399999999}}, "FIFA Mobile": {"localIpCount": 2, "localIpFrequency": {"10.0.0.237": 3, "10.0.1.21": 1}, "localIpTotalDuration": 3478.9156, "localIpDuration": {"10.0.0.237": 3149.9664, "10.0.1.21": 328.9492}}, "Clash of Clan": {"localIpCount": 1, "localIpFrequency": {"10.0.0.8": 19}, "localIpTotalDuration": 2883.5975000000003, "localIpDuration": {"10.0.0.8": 2883.5975000000003}}}