{"Diablo Immortal": {"localIpCount": 1, "localIpFrequency": {"10.0.2.57": 9}, "localIpTotalDuration": 13878.043199999998, "localIpDuration": {"10.0.2.57": 13878.043199999998}}, "Random Dice: Defense": {"localIpCount": 1, "localIpFrequency": {"10.0.2.78": 1}, "localIpTotalDuration": 261.967, "localIpDuration": {"10.0.2.78": 261.967}}, "Roblox": {"localIpCount": 45, "localIpFrequency": {"10.0.0.89": 2, "10.0.0.180": 1, "10.0.0.27": 2, "10.0.0.25": 2, "10.0.1.48": 2, "10.0.0.153": 2, "10.0.0.166": 2, "10.0.0.48": 4, "10.0.2.224": 4, "10.0.0.71": 1, "10.0.1.11": 1, "10.0.0.155": 1, "10.0.0.149": 2, "10.0.2.11": 1, "10.0.2.202": 2, "10.0.0.181": 1, "10.0.0.34": 3, "10.0.3.3": 1, "10.0.1.113": 1, "10.0.0.23": 1, "10.0.0.63": 1, "10.0.0.102": 2, "10.0.3.33": 1, "10.0.0.4": 1, "10.0.0.13": 1, "10.0.2.78": 1, "10.0.0.171": 1, "10.0.0.225": 2, "10.0.1.192": 1, "10.0.3.79": 1, "10.0.2.100": 1, "10.0.0.194": 1, "10.0.1.81": 1, "10.0.0.96": 2, "10.0.1.193": 1, "10.0.0.150": 2, "10.0.0.234": 1, "10.0.3.90": 1, "10.0.0.134": 1, "10.0.0.198": 1, "10.0.0.35": 1, "10.0.0.172": 1, "10.0.2.109": 1, "10.0.0.113": 1, "10.0.3.116": 1}, "localIpTotalDuration": 116951.1643, "localIpDuration": {"10.0.0.89": 3599.5959000000003, "10.0.0.180": 1799.5369, "10.0.0.27": 3597.5723, "10.0.0.25": 3599.1227, "10.0.1.48": 3599.1216999999997, "10.0.0.153": 3595.2327999999998, "10.0.0.166": 3598.5427, "10.0.0.48": 7192.349499999999, "10.0.2.224": 7194.1551, "10.0.0.71": 1799.6125, "10.0.1.11": 1799.5739, "10.0.0.155": 1799.5032, "10.0.0.149": 3598.7414, "10.0.2.11": 1799.2381, "10.0.2.202": 3599.0355, "10.0.0.181": 1799.4341, "10.0.0.34": 5397.7356, "10.0.3.3": 1799.9981, "10.0.1.113": 1799.9974, "10.0.0.23": 1798.9276, "10.0.0.63": 1799.4189, "10.0.0.102": 3598.9078, "10.0.3.33": 1799.4609, "10.0.0.4": 1799.535, "10.0.0.13": 1798.7098, "10.0.2.78": 1799.5628, "10.0.0.171": 1799.3169, "10.0.0.225": 3599.6012, "10.0.1.192": 1798.353, "10.0.3.79": 1799.5644, "10.0.2.100": 1799.5639, "10.0.0.194": 1799.5751, "10.0.1.81": 1799.4923, "10.0.0.96": 3599.1632, "10.0.1.193": 1799.2589, "10.0.0.150": 3598.942, "10.0.0.234": 1799.5953, "10.0.3.90": 1799.595, "10.0.0.134": 1799.6171, "10.0.0.198": 1799.5918, "10.0.0.35": 1799.5901, "10.0.0.172": 1799.6132, "10.0.2.109": 1799.6003, "10.0.0.113": 1798.9267, "10.0.3.116": 1799.5817}}, "\ud0d5\ud0d5\ud2b9\uacf5\ub300": {"localIpCount": 1, "localIpFrequency": {"10.0.0.54": 3}, "localIpTotalDuration": 4727.9725, "localIpDuration": {"10.0.0.54": 4727.9725}}, "KartRider Rush+": {"localIpCount": 5, "localIpFrequency": {"10.0.1.27": 1, "10.0.3.63": 1, "10.0.0.150": 1, "10.0.3.148": 1, "10.0.1.177": 1}, "localIpTotalDuration": 1699.9618, "localIpDuration": {"10.0.1.27": 131.9937, "10.0.3.63": 0.0, "10.0.0.150": 1101.9617, "10.0.3.148": 261.9971, "10.0.1.177": 204.0093}}, "Among us": {"localIpCount": 3, "localIpFrequency": {"10.0.1.231": 6, "10.0.2.119": 2, "10.0.0.143": 2}, "localIpTotalDuration": 15000.965399999997, "localIpDuration": {"10.0.1.231": 10008.113399999998, "10.0.2.119": 3030.8759, "10.0.0.143": 1961.9760999999999}}, "FreezeTag Online": {"localIpCount": 1, "localIpFrequency": {"10.0.0.108": 2}, "localIpTotalDuration": 967.9782, "localIpDuration": {"10.0.0.108": 967.9782}}, "Zombie High School": {"localIpCount": 2, "localIpFrequency": {"10.0.3.109": 6, "10.0.0.66": 2}, "localIpTotalDuration": 7278.000400000001, "localIpDuration": {"10.0.3.109": 7145.926400000001, "10.0.0.66": 132.074}}, "FIFA Mobile": {"localIpCount": 15, "localIpFrequency": {"10.0.0.74": 3, "10.0.1.177": 5, "10.0.0.188": 6, "10.0.2.254": 1, "10.0.0.62": 1, "10.0.2.146": 2, "10.0.2.82": 3, "10.0.0.143": 2, "10.0.0.125": 2, "10.0.3.124": 1, "10.0.3.87": 5, "10.0.3.63": 1, "10.0.1.172": 4, "10.0.0.92": 1, "10.0.0.58": 1}, "localIpTotalDuration": 53002.97250000001, "localIpDuration": {"10.0.0.74": 4094.0481, "10.0.1.177": 5541.983399999999, "10.0.0.188": 8853.080600000001, "10.0.2.254": 380.0189, "10.0.0.62": 176.0118, "10.0.2.146": 1599.9940000000001, "10.0.2.82": 5271.5094, "10.0.0.143": 3436.0006000000003, "10.0.0.125": 3542.0454, "10.0.3.124": 1799.985, "10.0.3.87": 8576.0751, "10.0.3.63": 1587.9804, "10.0.1.172": 5358.244900000001, "10.0.0.92": 1749.9908, "10.0.0.58": 1036.0041}}, "WePlay - Party Game & Chat": {"localIpCount": 5, "localIpFrequency": {"10.0.0.62": 6, "10.0.0.92": 2, "10.0.0.172": 2, "10.0.0.70": 6, "10.0.2.90": 1}, "localIpTotalDuration": 20916.3655, "localIpDuration": {"10.0.0.62": 4724.0228, "10.0.0.92": 3167.9982, "10.0.0.172": 2058.0065, "10.0.0.70": 9178.3487, "10.0.2.90": 1787.9893}}, "Pok\u00e9mon Unite": {"localIpCount": 1, "localIpFrequency": {"10.0.0.172": 13}, "localIpTotalDuration": 18176.8549, "localIpDuration": {"10.0.0.172": 18176.8549}}, "Modern Combat": {"localIpCount": 1, "localIpFrequency": {"10.0.3.39": 2}, "localIpTotalDuration": 2998.0119999999997, "localIpDuration": {"10.0.3.39": 2998.0119999999997}}, "Brawl Stars": {"localIpCount": 10, "localIpFrequency": {"10.0.0.40": 6, "10.0.1.47": 3, "10.0.1.231": 3, "10.0.0.205": 1, "10.0.0.74": 1, "10.0.0.42": 2, "10.0.1.109": 1, "10.0.2.146": 1, "10.0.0.108": 2, "10.0.0.225": 1}, "localIpTotalDuration": 26489.00859999999, "localIpDuration": {"10.0.0.40": 8857.6047, "10.0.1.47": 3904.0569000000005, "10.0.1.231": 4276.058499999999, "10.0.0.205": 0.0001, "10.0.0.74": 146.0073, "10.0.0.42": 3496.0198, "10.0.1.109": 18.0452, "10.0.2.146": 1764.0246, "10.0.0.108": 2581.1933, "10.0.0.225": 1445.9982}}, "Guardian Tales": {"localIpCount": 1, "localIpFrequency": {"10.0.2.46": 5}, "localIpTotalDuration": 8542.0254, "localIpDuration": {"10.0.2.46": 8542.0254}}, "Cookie Run: Kingdom": {"localIpCount": 1, "localIpFrequency": {"10.0.1.43": 3}, "localIpTotalDuration": 3487.9858000000004, "localIpDuration": {"10.0.1.43": 3487.9858000000004}}, "Roblox (Game)": {"localIpCount": 41, "localIpFrequency": {"10.0.2.11": 3, "10.0.0.153": 3, "10.0.1.244": 1, "10.0.0.198": 1, "10.0.0.166": 2, "10.0.2.224": 5, "10.0.0.71": 3, "10.0.0.72": 1, "10.0.0.116": 1, "10.0.0.149": 3, "10.0.0.250": 2, "10.0.0.172": 2, "10.0.2.74": 2, "10.0.1.0": 1, "10.0.0.66": 1, "10.0.0.176": 1, "10.0.3.33": 2, "10.0.3.123": 1, "10.0.1.34": 1, "10.0.0.190": 1, "10.0.0.181": 1, "10.0.0.4": 1, "10.0.0.74": 1, "10.0.3.144": 1, "10.0.3.139": 1, "10.0.1.25": 1, "10.0.0.90": 1, "10.0.0.13": 2, "10.0.1.47": 1, "10.0.0.89": 1, "10.0.1.193": 1, "10.0.0.133": 1, "10.0.3.156": 1, "10.0.0.25": 1, "10.0.2.14": 1, "10.0.2.109": 3, "10.0.0.12": 1, "10.0.2.62": 1, "10.0.3.115": 1, "10.0.0.113": 2, "10.0.0.217": 1}, "localIpTotalDuration": 107889.4307, "localIpDuration": {"10.0.2.11": 5362.0526, "10.0.0.153": 4695.9973, "10.0.1.244": 1723.9981, "10.0.0.198": 1787.9976, "10.0.0.166": 3583.5182999999997, "10.0.2.224": 8123.1849999999995, "10.0.0.71": 5178.0205000000005, "10.0.0.72": 1794.0021, "10.0.0.116": 1788.0054, "10.0.0.149": 5391.7726, "10.0.0.250": 3552.0338, "10.0.0.172": 3369.0131, "10.0.2.74": 3592.1674000000003, "10.0.1.0": 1795.9865, "10.0.0.66": 1798.0598, "10.0.0.176": 1799.4768, "10.0.3.33": 3596.0137999999997, "10.0.3.123": 1799.996, "10.0.1.34": 1795.1615, "10.0.0.190": 1798.0031, "10.0.0.181": 1798.2872, "10.0.0.4": 1797.2921, "10.0.0.74": 1794.8466, "10.0.3.144": 1799.1364, "10.0.3.139": 1797.5351, "10.0.1.25": 1790.0074, "10.0.0.90": 1787.9955, "10.0.0.13": 3595.4869, "10.0.1.47": 1794.8139, "10.0.0.89": 1799.9911, "10.0.1.193": 1794.0021, "10.0.0.133": 1655.9978, "10.0.3.156": 1794.0025, "10.0.0.25": 1216.0022, "10.0.2.14": 1793.9502, "10.0.2.109": 5004.002399999999, "10.0.0.12": 1638.0004, "10.0.2.62": 1728.0043, "10.0.3.115": 1798.0004, "10.0.0.113": 3594.0191999999997, "10.0.0.217": 1793.5957}}, "League of Legends: Wild Rift": {"localIpCount": 9, "localIpFrequency": {"10.0.1.50": 8, "10.0.2.169": 12, "10.0.0.73": 4, "10.0.3.125": 1, "10.0.1.229": 1, "10.0.3.131": 2, "10.0.0.19": 1, "10.0.3.96": 1, "10.0.2.209": 1}, "localIpTotalDuration": 43813.1537, "localIpDuration": {"10.0.1.50": 11320.0153, "10.0.2.169": 18894.0736,