{"PUBG Mobile": {"localIpCount": 3, "localIpFrequency": {"10.0.0.87": 3, "10.0.0.30": 20, "10.0.0.95": 13}, "localIpTotalDuration": 25689.7682, "localIpDuration": {"10.0.0.87": 1064.3015, "10.0.0.30": 14733.887999999999, "10.0.0.95": 9891.5787}}, "Genshin Impact": {"localIpCount": 2, "localIpFrequency": {"10.0.0.18": 16, "10.0.0.22": 5}, "localIpTotalDuration": 28000.953100000002, "localIpDuration": {"10.0.0.18": 19902.193199999998, "10.0.0.22": 8098.7599}}, "Roblox": {"localIpCount": 3, "localIpFrequency": {"10.0.0.207": 1, "10.0.0.220": 1, "10.0.0.255": 1}, "localIpTotalDuration": 1157.1137999999999, "localIpDuration": {"10.0.0.207": 347.0005, "10.0.0.220": 326.0551, "10.0.0.255": 484.0582}}, "KartRider Rush+": {"localIpCount": 1, "localIpFrequency": {"10.0.0.214": 2}, "localIpTotalDuration": 56.1096, "localIpDuration": {"10.0.0.214": 56.1096}}, "The Lord of the Rings: War": {"localIpCount": 1, "localIpFrequency": {"10.0.0.95": 10}, "localIpTotalDuration": 9259.126799999998, "localIpDuration": {"10.0.0.95": 9259.126799999998}}, "Clash of Clan": {"localIpCount": 1, "localIpFrequency": {"10.0.0.8": 21}, "localIpTotalDuration": 3957.8134999999993, "localIpDuration": {"10.0.0.8": 3957.8134999999993}}, "Brawl Stars": {"localIpCount": 2, "localIpFrequency": {"10.0.0.23": 12, "10.0.0.8": 8}, "localIpTotalDuration": 14885.412999999999, "localIpDuration": {"10.0.0.23": 8745.7089, "10.0.0.8": 6139.7041}}, "League of Legends: Wild Rift": {"localIpCount": 11, "localIpFrequency": {"10.0.0.13": 14, "10.0.0.28": 2, "10.0.0.40": 4, "10.0.0.94": 5, "10.0.0.218": 4, "10.0.0.15": 2, "10.0.0.244": 1, "10.0.0.84": 1, "10.0.0.166": 2, "10.0.0.210": 1, "10.0.0.252": 1}, "localIpTotalDuration": 40650.84690000001, "localIpDuration": {"10.0.0.13": 19017.240500000004, "10.0.0.28": 3267.7772, "10.0.0.40": 2552.7011, "10.0.0.94": 6679.9005, "10.0.0.218": 3971.2613000000006, "10.0.0.15": 1507.0638000000001, "10.0.0.244": 1247.8437, "10.0.0.84": 129.3563, "10.0.0.166": 1855.645, "10.0.0.210": 12.9504, "10.0.0.252": 409.1071}}, "Pok\u00e9mon GO": {"localIpCount": 1, "localIpFrequency": {"10.0.0.8": 1}, "localIpTotalDuration": 0.0001, "localIpDuration": {"10.0.0.8": 0.0001}}, "FIFA Mobile": {"localIpCount": 1, "localIpFrequency": {"10.0.0.237": 2}, "localIpTotalDuration": 1465.5235, "localIpDuration": {"10.0.0.237": 1465.5235}}, "Zombie High School": {"localIpCount": 1, "localIpFrequency": {"10.0.0.211": 1}, "localIpTotalDuration": 436.9999, "localIpDuration": {"10.0.0.211": 436.9999}}}