{"Pok\u00e9mon GO": {"localIpCount": 12, "localIpFrequency": {"10.0.203.243": 4, "10.0.204.51": 1, "10.0.203.18": 2, "10.0.204.241": 2, "10.0.85.182": 10, "10.0.205.219": 2, "10.0.205.204": 3, "10.0.206.221": 1, "10.0.86.52": 2, "10.0.86.63": 1, "10.0.207.220": 1, "10.0.207.165": 1}, "localIpTotalDuration": 28848.4198, "localIpDuration": {"10.0.203.243": 5232.012300000001, "10.0.204.51": 1704.4627, "10.0.203.18": 3575.7034000000003, "10.0.204.241": 972.9513, "10.0.85.182": 7364.041200000001, "10.0.205.219": 1706.1824, "10.0.205.204": 4499.7208, "10.0.206.221": 12.2531, "10.0.86.52": 1848.0113000000001, "10.0.86.63": 1.0312, "10.0.207.220": 192.0426, "10.0.207.165": 1740.0075}}, "FIFA Mobile": {"localIpCount": 14, "localIpFrequency": {"10.0.204.249": 13, "10.0.85.179": 2, "10.0.206.23": 1, "10.0.206.223": 1, "10.0.86.46": 6, "10.0.206.249": 1, "10.0.86.54": 1, "10.0.206.254": 2, "10.0.207.41": 1, "10.0.207.4": 3, "10.0.207.220": 1, "10.0.86.110": 1, "10.0.207.86": 2, "10.0.86.121": 1}, "localIpTotalDuration": 40072.29580000001, "localIpDuration": {"10.0.204.249": 15878.277, "10.0.85.179": 1912.0241, "10.0.206.23": 1632.0185, "10.0.206.223": 1787.0941, "10.0.86.46": 3639.8013, "10.0.206.249": 1271.9972, "10.0.86.54": 1784.9982, "10.0.206.254": 3444.0028, "10.0.207.41": 360.2624, "10.0.207.4": 4367.9727, "10.0.207.220": 1583.9783, "10.0.86.110": 476.0054, "10.0.207.86": 1078.9531, "10.0.86.121": 854.9107}}, "KartRider Rush+": {"localIpCount": 4, "localIpFrequency": {"10.0.85.177": 2, "10.0.86.103": 1, "10.0.86.109": 1, "10.0.208.19": 1}, "localIpTotalDuration": 3053.3595, "localIpDuration": {"10.0.85.177": 1231.9944, "10.0.86.103": 1420.9946, "10.0.86.109": 196.384, "10.0.208.19": 203.9865}}, "Zombie High School": {"localIpCount": 1, "localIpFrequency": {"10.0.207.21": 1}, "localIpTotalDuration": 120.0119, "localIpDuration": {"10.0.207.21": 120.0119}}, "TFT: Teamfight Tactics": {"localIpCount": 10, "localIpFrequency": {"10.0.204.87": 1, "10.0.85.199": 1, "10.0.206.53": 1, "10.0.206.255": 1, "10.0.86.48": 1, "10.0.207.50": 1, "10.0.207.169": 2, "10.0.86.93": 1, "10.0.86.119": 3, "10.0.208.8": 4}, "localIpTotalDuration": 12315.9114, "localIpDuration": {"10.0.204.87": 0.0253, "10.0.85.199": 1722.0009, "10.0.206.53": 0.0066, "10.0.206.255": 156.0065, "10.0.86.48": 133.0168, "10.0.207.50": 312.0016, "10.0.207.169": 1344.19, "10.0.86.93": 1477.0005, "10.0.86.119": 2575.9955, "10.0.208.8": 4595.6677}}, "Roblox": {"localIpCount": 66, "localIpFrequency": {"10.0.85.109": 1, "10.0.203.248": 2, "10.0.85.144": 3, "10.0.204.53": 6, "10.0.203.25": 1, "10.0.203.18": 1, "10.0.203.56": 2, "10.0.204.63": 1, "10.0.203.114": 1, "10.0.85.72": 2, "10.0.204.51": 1, "10.0.203.84": 1, "10.0.204.241": 1, "10.0.85.174": 10, "10.0.204.248": 2, "10.0.205.8": 2, "10.0.85.179": 3, "10.0.205.16": 1, "10.0.85.180": 1, "10.0.205.28": 2, "10.0.205.18": 2, "10.0.85.186": 2, "10.0.85.189": 3, "10.0.85.195": 1, "10.0.85.194": 4, "10.0.205.20": 2, "10.0.85.198": 1, "10.0.205.34": 1, "10.0.85.190": 20, "10.0.205.198": 1, "10.0.205.203": 1, "10.0.205.219": 1, "10.0.205.92": 1, "10.0.205.232": 1, "10.0.206.0": 1, "10.0.205.52": 1, "10.0.205.243": 2, "10.0.85.235": 1, "10.0.205.139": 1, "10.0.205.201": 2, "10.0.206.116": 1, "10.0.206.108": 1, "10.0.206.84": 3, "10.0.205.56": 3, "10.0.205.204": 3, "10.0.205.3": 1, "10.0.206.219": 1, "10.0.86.49": 3, "10.0.207.33": 1, "10.0.86.81": 1, "10.0.86.88": 5, "10.0.207.120": 2, "10.0.86.91": 2, "10.0.206.254": 1, "10.0.207.150": 1, "10.0.86.84": 3, "10.0.207.209": 1, "10.0.207.116": 1, "10.0.207.233": 1, "10.0.207.180": 1, "10.0.207.242": 1, "10.0.86.121": 1, "10.0.208.15": 1, "10.0.208.43": 1, "10.0.86.129": 3, "10.0.208.67": 1}, "localIpTotalDuration": 235740.83780000007, "localIpDuration": {"10.0.85.109": 1798.9985, "10.0.203.248": 3599.0794, "10.0.85.144": 2385.2351000000003, "10.0.204.53": 10797.4297, "10.0.203.25": 1799.6749, "10.0.203.18": 1799.0928, "10.0.203.56": 3587.7047000000002, "10.0.204.63": 1799.0531, "10.0.203.114": 1799.7255, "10.0.85.72": 3597.7118, "10.0.204.51": 1799.6892, "10.0.203.84": 1799.7005, "10.0.204.241": 1799.9847, "10.0.85.174": 17946.475400000003, "10.0.204.248": 3587.8052, "10.0.205.8": 3598.7776000000003, "10.0.85.179": 5380.2583, "10.0.205.16": 1798.8101, "10.0.85.180": 1763.4061, "10.0.205.28": 3599.4821, "10.0.205.18": 3597.6921, "10.0.85.186": 3576.359, "10.0.85.189": 5394.7975, "10.0.85.195": 1798.6801, "10.0.85.194": 7194.3101, "10.0.205.20": 3588.115, "10.0.85.198": 1798.6736, "10.0.205.34": 1798.8219, "10.0.85.190": 35602.71429999999, "10.0.205.198": 1799.9988, "10.0.205.203": 1799.6544, "10.0.205.219": 1798.194, "10.0.205.92": 1788.0325, "10.0.205.232": 1797.165, "10.0.206.0": 1798.0027, "10.0.205.52": 1799.9629, "10.0.205.243": 3594.1697, "10.0.85.235": 1790.4684, "10.0.205.139": 1798.7629, "10.0.205.201": 3599.4032, "10.0.206.116": 1787.0528, "10.0.206.108": 1799.6396, "10.0.206.84": 5363.6748, "10.0.205.56": 4992.305700000001, "10.0.205.204": 5266.532700000001, "10.0.205.3": 1788.0708, "10.0.206.219": 1475.071, "10.0.86.49": 2183.9927, "10.0.207.33": 815.9957, "10.0.86.81": 1400.2673, "10.0.86.88": 8924.6061, "10.0.207.120": 3586.5546, "10.0.86.91": 3177.7898, "10.0.206.254": 1798.5851, "10.0.207.150": 1797.3295, "10.0.86.84": 4268.5735, "10.0.207.209": 1798.5761, "10.0.207.116": 1799.6318, "10.0.207.233": 1787.7456, "10.0.207.180": 1799.3595, "10.0.207.242": 1799.6513, "10.0.86.121": 1798.0461, "10.0.208.15": 1799.7401, "10.0.208.43": 1799.7207, "10.0.86.129": 5380.254, "10.0.208.67": 1799.9981}}, "DRAGON BALL LEGENDS": {"localIpCount": 2, "localIpFrequency": {"10.0.205.33": 5, "10.0.207.36": 3}, "localIpTotalDuration": 4312.2031, "localIpDuration": {"10.0.205.33": 2896.2212, "10.0.207.36": 1415.9819}}, "Diablo Immortal": {"localIpCount": 1, "localIpFrequency": {"10.0.205.44": 1}, "localIpTotalDuration": 71.6923, "localIpDuration": {"10.0.205.44": 71.6923}}, "Clash of Clan": {"localIpCount": 4, "localIpFrequency": {"10.0.203.172": 1, "10.0.204.123": 1, "10.0.86.58": 2, "10.0.207.99": 2}, "localIpTotalDuration": 3611.0892000000003, "localIpDuration": {"10.0.203.172": 983.9696, "10.0.204.123": 0.0593, "10.0.86.58": 1715.0004999999999, "10.0.207.99": 912.0598}}, "Hay Day": {"localIpCount": 8, "localIpFrequency": {"10.0.203.103": 1, "10.0.203.60": 1, "10.0.205.52": 1, "10.0.205.68": 2, "10.0.205.110": 1, "10.0.205.212": 1, "10.0.207.167": 1, "10.0.207.134": 1}, "localIpTotalDuration": 9335.2937, "localIpDuration": {"10.0.203.103": 1764.068, "10.0.203.60": 96.0297, "10.0.205.52": 1788.3473, "10.0.205.68": 2387.7707, "10.0.205.110": 1798.9521, "10.0.205.212": 0.0, "10.0.207.167": 335.9956, "10.0.207.134": 1164.1303}}, "FIFA ONLINE 4 M": {"localIpCount": 9, "localIpFrequency": {"10.0.85.175": 4, "10.0.86.38": 1, "10.0.86.52": 2, "10.0.207.22": 1, "10.0.86.54": 2, "10.0.207.42": 1, "10.0.207.60": 1, "10.0.207.66": 2, "10.0.86.70": 1}, "localIpTotalDuration": 13613.6445, "localIpDuration": {"10.0.85.175": 2281.9927, "10.0.86.38": 1665.6932, "10.0.86.52": 1134.0033, "10.0.207.22": 983.9938, "10.0.86.54": 2099.9998, "10.0.207.42": 455.9969, "10.0.207.60": 1464.0003, "10.0.207.66": 1763.9727, "10.0.86.70": 1763.9918}}, "Free Fire": {"localIpCount": 15, "localIpFrequency": {"10.0.204.128": 1, "10.0.204.143": 1, "10.0.204.144": 2, "10.0.85.89": 3, "10.0.203.35": 1, "10.0.204.253": 1, "10.0.205.21": 1, "10.0.205.22": 2, "10.0.205.110": 2, "10.0.85.252": 1, "10.0.206.80": 1, "10.0.206.135": 1, "10.0.86.16": 1, "10.0.206.182": 1, "10.0.207.47": 1}, "localIpTotalDuration": 18387.5137, "localIpDuration": {"10.0.204.128": 1500.0641, "10.0.204.143": 456.0588, "10.0.204.144": 3516.082, "10.0.85.89": 3674.6850999999997, "10.0.203.35": 684.0031, "10.0.204.253": 756.0021, "10.0.205.21": 479.9907, "10.0.205.22": 924.9674, "10.0.205.110": 2495.9528, "10.0.85.252": 391.9949, "10.0.206.80": 347.9816, "10.0.206.135": 203.9787, "10.0.86.16": 552.9982, "10.0.206.182": 1536.0077, "10.0.207.47": 866.7465}}, "ZEPETO": {"localIpCount": 2,