{"Diablo Immortal": {"localIpCount": 1, "localIpFrequency": {"10.0.0.49": 1}, "localIpTotalDuration": 1667.0002, "localIpDuration": {"10.0.0.49": 1667.0002}}, "The Lord of the Rings: War": {"localIpCount": 1, "localIpFrequency": {"10.0.0.49": 1}, "localIpTotalDuration": 58.6476, "localIpDuration": {"10.0.0.49": 58.6476}}, "Roblox (Adopt Me!)": {"localIpCount": 1, "localIpFrequency": {"10.0.1.141": 4}, "localIpTotalDuration": 1562.0408, "localIpDuration": {"10.0.1.141": 1562.0408}}, "Genshin Impact": {"localIpCount": 1, "localIpFrequency": {"10.0.0.57": 117}, "localIpTotalDuration": 237938.59489999997, "localIpDuration": {"10.0.0.57": 237938.59489999997}}, "FIFA Mobile": {"localIpCount": 1, "localIpFrequency": {"10.0.1.198": 1}, "localIpTotalDuration": 2244.9506, "localIpDuration": {"10.0.1.198": 2244.9506}}, "Roblox": {"localIpCount": 1, "localIpFrequency": {"10.0.1.141": 4}, "localIpTotalDuration": 2852.1868, "localIpDuration": {"10.0.1.141": 2852.1868}}, "Clash of Clan": {"localIpCount": 1, "localIpFrequency": {"10.0.0.132": 1}, "localIpTotalDuration": 30.1564, "localIpDuration": {"10.0.0.132": 30.1564}}, "League of Legends: Wild Rift": {"localIpCount": 6, "localIpFrequency": {"10.0.0.9": 111, "10.0.1.106": 1, "10.0.0.29": 5, "10.0.1.81": 8, "10.0.0.49": 1, "10.0.0.57": 1}, "localIpTotalDuration": 248697.33, "localIpDuration": {"10.0.0.9": 225788.95949999994, "10.0.1.106": 85.9273, "10.0.0.29": 9207.9751, "10.0.1.81": 11437.334, "10.0.0.49": 632.9123, "10.0.0.57": 1544.2218}}, "PUBG Mobile": {"localIpCount": 2, "localIpFrequency": {"10.0.0.39": 7, "10.0.1.196": 1}, "localIpTotalDuration": 10301.8837, "localIpDuration": {"10.0.0.39": 9804.9409, "10.0.1.196": 496.9428}}, "Brawl Stars": {"localIpCount": 3, "localIpFrequency": {"10.0.0.132": 4, "10.0.1.1": 5, "10.0.0.78": 51}, "localIpTotalDuration": 184006.59290000008, "localIpDuration": {"10.0.0.132": 9632.6032, "10.0.1.1": 35091.735, "10.0.0.78": 139282.25470000002}}, "Pok\u00e9mon GO": {"localIpCount": 2, "localIpFrequency": {"10.0.1.5": 4, "10.0.0.27": 13}, "localIpTotalDuration": 42048.5428, "localIpDuration": {"10.0.1.5": 0.0004, "10.0.0.27": 42048.5424}}}