{"PUBG Mobile": {"localIpCount": 3, "localIpFrequency": {"10.0.0.30": 14, "10.0.0.95": 2, "10.0.0.132": 2}, "localIpTotalDuration": 21023.084600000002, "localIpDuration": {"10.0.0.30": 19861.2716, "10.0.0.95": 1161.8128000000002, "10.0.0.132": 0.0002}}, "Ninja Must Die": {"localIpCount": 1, "localIpFrequency": {"10.0.0.40": 2}, "localIpTotalDuration": 572.0027, "localIpDuration": {"10.0.0.40": 572.0027}}, "Roblox (Adopt Me!)": {"localIpCount": 2, "localIpFrequency": {"10.0.0.68": 12, "10.0.0.124": 4}, "localIpTotalDuration": 5085.284, "localIpDuration": {"10.0.0.68": 4260.6541, "10.0.0.124": 824.6299}}, "Roblox": {"localIpCount": 2, "localIpFrequency": {"10.0.0.68": 12, "10.0.0.124": 4}, "localIpTotalDuration": 24791.9875, "localIpDuration": {"10.0.0.68": 22695.335099999997, "10.0.0.124": 2096.6524}}, "Genshin Impact": {"localIpCount": 2, "localIpFrequency": {"10.0.0.18": 22, "10.0.0.22": 6}, "localIpTotalDuration": 53339.989899999986, "localIpDuration": {"10.0.0.18": 42466.746399999996, "10.0.0.22": 10873.2435}}, "Clash of Clan": {"localIpCount": 1, "localIpFrequency": {"10.0.0.8": 2}, "localIpTotalDuration": 60.5186, "localIpDuration": {"10.0.0.8": 60.5186}}, "League of Legends: Wild Rift": {"localIpCount": 5, "localIpFrequency": {"10.0.0.40": 6, "10.0.0.13": 34, "10.0.0.15": 2, "10.0.0.94": 4, "10.0.0.28": 2}, "localIpTotalDuration": 139512.666, "localIpDuration": {"10.0.0.40": 8614.2476, "10.0.0.13": 85953.8238, "10.0.0.15": 37733.374299999996, "10.0.0.94": 4359.9089, "10.0.0.28": 2851.3114}}}