{"\ud0d5\ud0d5\ud2b9\uacf5\ub300": {"localIpCount": 1, "localIpFrequency": {"10.0.1.29": 1}, "localIpTotalDuration": 1440.056, "localIpDuration": {"10.0.1.29": 1440.056}}, "WePlay - Party Game & Chat": {"localIpCount": 4, "localIpFrequency": {"10.0.0.55": 4, "10.0.1.1": 2, "10.0.1.48": 2, "10.0.0.109": 1}, "localIpTotalDuration": 8981.6304, "localIpDuration": {"10.0.0.55": 3161.2534, "10.0.1.1": 2900.1373, "10.0.1.48": 2780.2224, "10.0.0.109": 140.0173}}, "Odin: Valhalla Rising": {"localIpCount": 2, "localIpFrequency": {"10.0.1.31": 1, "10.0.7.95": 1}, "localIpTotalDuration": 0.0001, "localIpDuration": {"10.0.1.31": 0.0001, "10.0.7.95": 0.0}}, "Blue Archive": {"localIpCount": 1, "localIpFrequency": {"10.0.0.108": 5}, "localIpTotalDuration": 3504.5997000000007, "localIpDuration": {"10.0.0.108": 3504.5997000000007}}, "Sonic Forces": {"localIpCount": 1, "localIpFrequency": {"10.0.2.39": 3}, "localIpTotalDuration": 2060.1284, "localIpDuration": {"10.0.2.39": 2060.1284}}, "Roblox": {"localIpCount": 34, "localIpFrequency": {"10.0.2.90": 1, "10.0.3.70": 1, "10.0.2.104": 3, "10.0.0.248": 1, "10.0.7.95": 1, "10.0.1.23": 1, "10.0.6.154": 2, "10.0.1.253": 2, "10.0.0.109": 1, "10.0.1.238": 2, "10.0.0.17": 1, "10.0.0.105": 1, "10.0.0.97": 1, "10.0.1.18": 1, "10.0.4.121": 1, "10.0.0.246": 1, "10.0.7.86": 1, "10.0.6.112": 3, "10.0.6.63": 2, "10.0.2.237": 2, "10.0.0.190": 2, "10.0.0.234": 1, "10.0.0.127": 2, "10.0.7.107": 1, "10.0.0.205": 2, "10.0.7.102": 1, "10.0.6.76": 1, "10.0.0.53": 1, "10.0.0.209": 1, "10.0.6.66": 1, "10.0.3.148": 1, "10.0.2.251": 1, "10.0.0.48": 1, "10.0.0.207": 1}, "localIpTotalDuration": 82771.5895, "localIpDuration": {"10.0.2.90": 1798.7001, "10.0.3.70": 1799.6132, "10.0.2.104": 5398.6422, "10.0.0.248": 1799.5917, "10.0.7.95": 1799.5756, "10.0.1.23": 1799.5897, "10.0.6.154": 3598.3783000000003, "10.0.1.253": 3598.8869, "10.0.0.109": 1798.9641, "10.0.1.238": 3599.2336999999998, "10.0.0.17": 1799.9709, "10.0.0.105": 1798.8979, "10.0.0.97": 1799.6306, "10.0.1.18": 1799.6148, "10.0.4.121": 1799.5998, "10.0.0.246": 1798.9933, "10.0.7.86": 1799.5442, "10.0.6.112": 5397.1103, "10.0.6.63": 3597.4948999999997, "10.0.2.237": 3599.1657, "10.0.0.190": 3599.2065000000002, "10.0.0.234": 1799.6419, "10.0.0.127": 3598.3769, "10.0.7.107": 1798.2601, "10.0.0.205": 3598.5714, "10.0.7.102": 1799.9992, "10.0.6.76": 1798.5807, "10.0.0.53": 1799.7213, "10.0.0.209": 1799.6275, "10.0.6.66": 1798.8816, "10.0.3.148": 1799.786, "10.0.2.251": 1799.7486, "10.0.0.48": 1799.9908, "10.0.0.207": 1799.9991}}, "Cookie Run: OvenBreak": {"localIpCount": 1, "localIpFrequency": {"10.0.7.125": 1}, "localIpTotalDuration": 570.0935, "localIpDuration": {"10.0.7.125": 570.0935}}, "Cookie Run: Kingdom": {"localIpCount": 1, "localIpFrequency": {"10.0.7.107": 1}, "localIpTotalDuration": 1000.0592, "localIpDuration": {"10.0.7.107": 1000.0592}}, "Zombie High School": {"localIpCount": 3, "localIpFrequency": {"10.0.1.48": 1, "10.0.4.139": 3, "10.0.7.125": 1}, "localIpTotalDuration": 4530.7041, "localIpDuration": {"10.0.1.48": 879.9843, "10.0.4.139": 2020.6603, "10.0.7.125": 1630.0595}}, "Clash Royale": {"localIpCount": 1, "localIpFrequency": {"10.0.4.46": 1}, "localIpTotalDuration": 169.9071, "localIpDuration": {"10.0.4.46": 169.9071}}, "Pixel Hero": {"localIpCount": 2, "localIpFrequency": {"10.0.5.255": 2, "10.0.5.213": 1}, "localIpTotalDuration": 3810.1188, "localIpDuration": {"10.0.5.255": 2960.0782, "10.0.5.213": 850.0406}}, "New State Mobile": {"localIpCount": 1, "localIpFrequency": {"10.0.7.23": 2}, "localIpTotalDuration": 970.1918999999999, "localIpDuration": {"10.0.7.23": 970.1918999999999}}, "Pok\u00e9mon GO": {"localIpCount": 4, "localIpFrequency": {"10.0.0.167": 4, "10.0.0.55": 3, "10.0.0.246": 2, "10.0.0.247": 7}, "localIpTotalDuration": 22970.627800000002, "localIpDuration": {"10.0.0.167": 6581.219499999999, "10.0.0.55": 3540.0313, "10.0.0.246": 3479.9836, "10.0.0.247": 9369.393399999999}}, "Among us": {"localIpCount": 3, "localIpFrequency": {"10.0.2.39": 1, "10.0.4.111": 8, "10.0.2.40": 1}, "localIpTotalDuration": 13230.132300000001, "localIpDuration": {"10.0.2.39": 1049.9751, "10.0.4.111": 11970.046900000001, "10.0.2.40": 210.1103}}, "Pok\u00e9mon Unite": {"localIpCount": 2, "localIpFrequency": {"10.0.4.46": 2, "10.0.0.115": 2}, "localIpTotalDuration": 4799.1549, "localIpDuration": {"10.0.4.46": 2249.5956, "10.0.0.115": 2549.5593}}, "FIFA ONLINE 4 M": {"localIpCount": 6, "localIpFrequency": {"10.0.0.139": 1, "10.0.6.220": 1, "10.0.1.1": 1, "10.0.7.95": 4, "10.0.1.58": 1, "10.0.4.68": 1}, "localIpTotalDuration": 2857.2236, "localIpDuration": {"10.0.0.139": 0.0, "10.0.6.220": 29.164, "10.0.1.1": 140.0321, "10.0.7.95": 2688.0275, "10.0.1.58": 0.0, "10.0.4.68": 0.0}}, "TFT: Teamfight Tactics": {"localIpCount": 1, "localIpFrequency": {"10.0.2.112": 3}, "localIpTotalDuration": 5040.1559, "localIpDuration": {"10.0.2.112": 5040.1559}}, "League of Legends: Wild Rift": {"localIpCount": 7, "localIpFrequency": {"10.0.7.46": 1, "10.0.2.112": 1, "10.0.7.111": 1, "10.0.2.191": 1, "10.0.4.205": 3, "10.0.4.68": 1, "10.0.7.33": 4}, "localIpTotalDuration": 14198.282900000002, "localIpDuration": {"10.0.7.46": 1259.067, "10.0.2.112": 639.9051, "10.0.7.111": 0.0521, "10.0.2.191": 1780.0086, "10.0.4.205": 3940.5939, "10.0.4.68": 149.0073, "10.0.7.33": 6429.6489}}, "Diablo Immortal": {"localIpCount": 1, "localIpFrequency": {"10.0.0.108": 5}, "localIpTotalDuration": 1549.9778, "localIpDuration": {"10.0.0.108": 1549.9778}}, "Random Dice: Defense": {"localIpCount": 2, "localIpFrequency": {"10.0.7.95": 3, "10.0.1.164": 1}, "localIpTotalDuration": 2850.3044, "localIpDuration": {"10.0.7.95": 2850.3044, "10.0.1.164": 0.0}}, "Brawl Stars": {"localIpCount": 13, "localIpFrequency": {"10.0.0.217": 1, "10.0.3.80": 2, "10.0.5.213": 3, "10.0.6.112": 1, "10.0.1.6": 7, "10.0.4.139": 5, "10.0.7.80": 1, "10.0.6.134": 2, "10.0.4.68": 1, "10.0.5.231": 5, "10.0.0.127": 2, "10.0.0.84": 1, "10.0.3.216": 1}, "localIpTotalDuration": 48062.46519999999, "localIpDuration": {"10.0.0.217": 559.9544, "10.0.3.80": 2780.0247, "10.0.5.213": 3500.0238, "10.0.6.112": 799.9749, "10.0.1.6": 9450.735700000001, "10.0.4.139": 8830.194599999999, "10.0.7.80": 1750.4624, "10.0.6.134": 3350.0268, "10.0.4.68": 1670.0344, "10.0.5.231": 8228.8872, "10.0.0.127": 3562.0209, "10.0.0.84": 1790.0375, "10.0.3.216": 1790.0879}}, "ZEPETO": {"localIpCount": 2, "localIpFrequency": {"10.0.2.250": 25, "10.0.2.252": 5}, "localIpTotalDuration": 34140.1434, "localIpDuration": {"10.0.2.250": 28279.088299999996, "10.0.2.252": 5861.0551000000005}}, "FIFA Mobile": {"localIpCount": 7, "localIpFrequency": {"10.0.3.70": 4, "10.0.4.110": 1, "10.0.6.220": 4, "10.0.1.1": 2, "10.0.7.95": 11, "10.0.6.72": 1, "10.0.4.68": 2}, "localIpTotalDuration": 31341.2076, "localIpDuration": {"10.0.3.70": 2190.0837, "10.0.4.110": 570.0653, "10.0.6.220": 5350.7199, "10.0.1.1": 1909.9881, "10.0.7.95": 16670.198500000002, "10.0.6.72": 1770.0486, "10.0.4.68": 2880.1035}}, "Roblox (Game)": {"localIpCount": 36, "localIpFrequency": {"10.0.2.39": 1, "10.0.7.86": 1, "10.0.0.248": 1, "10.0.0.164": 2, "10.0.1.58": 1, "10.0.2.37": 1, "10.0.6.107": 1, "10.0.1.253": 3, "10.0.0.17": 1, "10.0.0.167": 2, "10.0.1.31": 1, "10.0.6.63": 2, "10.0.4.46": 1, "10.0.0.5": 1, "10.0.0.250": 1, "10.0.6.76": 2, "10.0.3.148": 1, "10.0.7.102": 2, "10.0.0.239": 1, "10.0.7.47": 1, "10.0.4.72": 1, "10.0.2.182": 1, "10.0.1.23": 1, "10.0.0.205": 1, "10.0.0.88": 1, "10.0.0.53": 1, "10.0.2.252": 1, "10.0.0.109": 2, "10.0.4.106": 1, "10.0.0.55": 1, "10.0.2.237": 1, "10.0.5.231": 1, "10.0.1.180": 1, "10.0.0.217": 1, "10.0.2.90": 1, "10.0.4.205": 1}, "localIpTotalDuration": 78146.0012, "localIpDuration": {"10.0.2.39": 1798.6454, "10.0.7.86": 1798.6933, "10.0.0.248": 1709.5463, "10.0.0.164": 3550.0308, "10.0.1.58": 1799.9776, "10.0.2.37": 1790.0126, "10.0.6.107": 1770.011, "10.0.1.253": 4959.8872, "10.0.0.17": 1750.0078, "10.0.0.167": 3479.0317999999997, "10.0.1.31": 1680.0076, "10.0.6.63": 3599.0866, "10.0.4.46": 1799.6149,