{
    "Modern Warships": {
        "localIpCount": 1,
        "localIpFrequency": {
            "10.0.0.8": 12
        },
        "localIpTotalDuration": 7611.464199999999,
        "localIpDuration": {
            "10.0.0.8": 7611.464199999999
        }
    },
    "Roblox (Adopt Me!)": {
        "localIpCount": 2,
        "localIpFrequency": {
            "10.0.0.49": 4,
            "10.0.0.68": 10
        },
        "localIpTotalDuration": 9460.1209,
        "localIpDuration": {
            "10.0.0.49": 3122.7747,
            "10.0.0.68": 6337.346200000002
        }
    },
    "Genshin Impact": {
        "localIpCount": 4,
        "localIpFrequency": {
            "10.0.0.18": 42,
            "10.0.0.22": 30,
            "10.0.0.24": 12,
            "10.0.0.28": 10
        },
        "localIpTotalDuration": 179819.98820000005,
        "localIpDuration": {
            "10.0.0.18": 68755.5209,
            "10.0.0.22": 65042.600000000006,
            "10.0.0.24": 25166.543100000003,
            "10.0.0.28": 20855.3242
        }
    },
    "FIFA Mobile": {
        "localIpCount": 1,
        "localIpFrequency": {
            "10.0.0.63": 2
        },
        "localIpTotalDuration": 1053.0374,
        "localIpDuration": {
            "10.0.0.63": 1053.0374
        }
    },
    "Roblox": {
        "localIpCount": 3,
        "localIpFrequency": {
            "10.0.0.49": 4,
            "10.0.0.68": 12,
            "10.0.0.89": 2
        },
        "localIpTotalDuration": 22930.7906,
        "localIpDuration": {
            "10.0.0.49": 7095.959400000001,
            "10.0.0.68": 15218.6279,
            "10.0.0.89": 616.2033
        }
    },
    "Clash of Clan": {
        "localIpCount": 1,
        "localIpFrequency": {
            "10.0.0.8": 12
        },
        "localIpTotalDuration": 2099.5654999999997,
        "localIpDuration": {
            "10.0.0.8": 2099.5654999999997
        }
    },
    "League of Legends: Wild Rift": {
        "localIpCount": 3,
        "localIpFrequency": {
            "10.0.0.13": 44,
            "10.0.0.40": 4,
            "10.0.0.84": 8
        },
        "localIpTotalDuration": 117417.54590000003,
        "localIpDuration": {
            "10.0.0.13": 85576.3693,
            "10.0.0.40": 6611.4313999999995,
            "10.0.0.84": 25229.7452
        }
    },
    "PUBG Mobile": {
        "localIpCount": 3,
        "localIpFrequency": {
            "10.0.0.30": 30,
            "10.0.0.51": 10,
            "10.0.0.87": 2
        },
        "localIpTotalDuration": 66280.5586,
        "localIpDuration": {
            "10.0.0.30": 14460.571599999997,
            "10.0.0.51": 49862.00260000001,
            "10.0.0.87": 1957.9844
        }
    },
    "Brawl Stars": {
        "localIpCount": 2,
        "localIpFrequency": {
            "10.0.0.23": 18,
            "10.0.0.8": 8
        },
        "localIpTotalDuration": 32198.579999999998,
        "localIpDuration": {
            "10.0.0.23": 27346.209199999998,
            "10.0.0.8": 4852.3708
        }
    }
}